2026-09-30 20:27:07.959 | WARNING  | dataset.smpl_utils:get_smpl:10 - Loading SMPL model: smplx
{"step": 1, "total": 24000, "loss": 0.866373285651207, "mixture_probability": 0.0, "actual_mixture": 0.0, "gradient_norm": 14.381255149841309, "pid": 1237361, "elapsed_this_session_seconds": 0.7968552177771926, "steps_this_session": 1, "phase": "training", "gpu": "6"}
{"step": 20, "total": 24000, "loss": 0.49568428099155426, "mixture_probability": 0.0, "actual_mixture": 0.0, "gradient_norm": 6.334653854370117, "pid": 1237361, "elapsed_this_session_seconds": 5.162906787358224, "steps_this_session": 20, "phase": "training", "gpu": "6"}
{"step": 40, "total": 24000, "loss": 0.36157800257205963, "mixture_probability": 0.0, "actual_mixture": 0.0, "gradient_norm": 4.54114294052124, "pid": 1237361, "elapsed_this_session_seconds": 9.648591922596097, "steps_this_session": 40, "phase": "training", "gpu": "6"}
{"step": 60, "total": 24000, "loss": 0.3611380234360695, "mixture_probability": 0.0, "actual_mixture": 0.0, "gradient_norm": 4.109440803527832, "pid": 1237361, "elapsed_this_session_seconds": 14.107773775234818, "steps_this_session": 60, "phase": "training", "gpu": "6"}
{"step": 80, "total": 24000, "loss": 0.3041413873434067, "mixture_probability": 0.0, "actual_mixture": 0.0, "gradient_norm": 4.323500156402588, "pid": 1237361, "elapsed_this_session_seconds": 18.518769492395222, "steps_this_session": 80, "phase": "training", "gpu": "6"}
{"step": 100, "total": 24000, "loss": 0.32176608964800835, "mixture_probability": 0.0, "actual_mixture": 0.0, "gradient_norm": 4.422396659851074, "pid": 1237361, "elapsed_this_session_seconds": 22.999361654743552, "steps_this_session": 100, "phase": "training", "gpu": "6"}
{"step": 120, "total": 24000, "loss": 0.2957180254161358, "mixture_probability": 0.0, "actual_mixture": 0.0, "gradient_norm": 4.071077823638916, "pid": 1237361, "elapsed_this_session_seconds": 27.460661694407463, "steps_this_session": 120, "phase": "training", "gpu": "6"}
{"step": 140, "total": 24000, "loss": 0.33602767437696457, "mixture_probability": 0.0, "actual_mixture": 0.0, "gradient_norm": 3.9722084999084473, "pid": 1237361, "elapsed_this_session_seconds": 31.9172226479277, "steps_this_session": 140, "phase": "training", "gpu": "6"}
{"step": 160, "total": 24000, "loss": 0.2426309920847416, "mixture_probability": 0.0, "actual_mixture": 0.0, "gradient_norm": 3.3649957180023193, "pid": 1237361, "elapsed_this_session_seconds": 36.364567436277866, "steps_this_session": 160, "phase": "training", "gpu": "6"}
{"step": 180, "total": 24000, "loss": 0.3022106662392616, "mixture_probability": 0.0, "actual_mixture": 0.0, "gradient_norm": 3.989865779876709, "pid": 1237361, "elapsed_this_session_seconds": 40.82047720719129, "steps_this_session": 180, "phase": "training", "gpu": "6"}
{"step": 200, "total": 24000, "loss": 0.206593107432127, "mixture_probability": 0.0, "actual_mixture": 0.0, "gradient_norm": 3.024251937866211, "pid": 1237361, "elapsed_this_session_seconds": 45.22446305770427, "steps_this_session": 200, "phase": "training", "gpu": "6"}
{"step": 220, "total": 24000, "loss": 0.16420354694128036, "mixture_probability": 0.0, "actual_mixture": 0.0, "gradient_norm": 2.515997886657715, "pid": 1237361, "elapsed_this_session_seconds": 49.669219800271094, "steps_this_session": 220, "phase": "training", "gpu": "6"}
{"step": 240, "total": 24000, "loss": 0.20943067222833633, "mixture_probability": 0.0, "actual_mixture": 0.0, "gradient_norm": 3.0282394886016846, "pid": 1237361, "elapsed_this_session_seconds": 54.18073091749102, "steps_this_session": 240, "phase": "training", "gpu": "6"}
{"step": 260, "total": 24000, "loss": 0.2611830309033394, "mixture_probability": 0.0, "actual_mixture": 0.0, "gradient_norm": 3.680694818496704, "pid": 1237361, "elapsed_this_session_seconds": 58.66419895272702, "steps_this_session": 260, "phase": "training", "gpu": "6"}
{"step": 280, "total": 24000, "loss": 0.21861444413661957, "mixture_probability": 0.0, "actual_mixture": 0.0, "gradient_norm": 3.945664882659912, "pid": 1237361, "elapsed_this_session_seconds": 63.15934983454645, "steps_this_session": 280, "phase": "training", "gpu": "6"}
{"step": 300, "total": 24000, "loss": 0.1703442484140396, "mixture_probability": 0.0, "actual_mixture": 0.0, "gradient_norm": 3.820896625518799, "pid": 1237361, "elapsed_this_session_seconds": 67.68065661005676, "steps_this_session": 300, "phase": "training", "gpu": "6"}
{"step": 320, "total": 24000, "loss": 0.21120870113372803, "mixture_probability": 0.0, "actual_mixture": 0.0, "gradient_norm": 3.890162706375122, "pid": 1237361, "elapsed_this_session_seconds": 72.13024355191737, "steps_this_session": 320, "phase": "training", "gpu": "6"}
{"step": 340, "total": 24000, "loss": 0.1858220174908638, "mixture_probability": 0.0, "actual_mixture": 0.0, "gradient_norm": 3.9291255474090576, "pid": 1237361, "elapsed_this_session_seconds": 76.57629974745214, "steps_this_session": 340, "phase": "training", "gpu": "6"}
{"step": 360, "total": 24000, "loss": 0.21120963990688324, "mixture_probability": 0.0, "actual_mixture": 0.0, "gradient_norm": 3.992037773132324, "pid": 1237361, "elapsed_this_session_seconds": 81.08949659857899, "steps_this_session": 360, "phase": "training", "gpu": "6"}
{"step": 380, "total": 24000, "loss": 0.2095980867743492, "mixture_probability": 0.0, "actual_mixture": 0.0, "gradient_norm": 5.497982025146484, "pid": 1237361, "elapsed_this_session_seconds": 85.71083905175328, "steps_this_session": 380, "phase": "training", "gpu": "6"}
{"step": 400, "total": 24000, "loss": 0.21613043546676636, "mixture_probability": 0.0, "actual_mixture": 0.0, "gradient_norm": 3.467397689819336, "pid": 1237361, "elapsed_this_session_seconds": 90.15327997226268, "steps_this_session": 400, "phase": "training", "gpu": "6"}
{"step": 420, "total": 24000, "loss": 0.16325774788856506, "mixture_probability": 0.0, "actual_mixture": 0.0, "gradient_norm": 2.966671943664551, "pid": 1237361, "elapsed_this_session_seconds": 94.59316377993673, "steps_this_session": 420, "phase": "training", "gpu": "6"}
{"step": 440, "total": 24000, "loss": 0.2088855318725109, "mixture_probability": 0.0, "actual_mixture": 0.0, "gradient_norm": 3.7705819606781006, "pid": 1237361, "elapsed_this_session_seconds": 99.04489257000387, "steps_this_session": 440, "phase": "training", "gpu": "6"}
{"step": 460, "total": 24000, "loss": 0.23947351053357124, "mixture_probability": 0.0, "actual_mixture": 0.0, "gradient_norm": 5.45568323135376, "pid": 1237361, "elapsed_this_session_seconds": 103.49229737371206, "steps_this_session": 460, "phase": "training", "gpu": "6"}
{"step": 480, "total": 24000, "loss": 0.18981270492076874, "mixture_probability": 0.0, "actual_mixture": 0.0, "gradient_norm": 3.271077871322632, "pid": 1237361, "elapsed_this_session_seconds": 107.93470180686563, "steps_this_session": 480, "phase": "training", "gpu": "6"}
{"step": 500, "total": 24000, "loss": 0.23426827415823936, "mixture_probability": 0.0, "actual_mixture": 0.0, "gradient_norm": 4.925141334533691, "pid": 1237361, "elapsed_this_session_seconds": 112.36352969240397, "steps_this_session": 500, "phase": "training", "gpu": "6"}
{"step": 520, "total": 24000, "loss": 0.25064095109701157, "mixture_probability": 0.0, "actual_mixture": 0.0, "gradient_norm": 4.210414886474609, "pid": 1237361, "elapsed_this_session_seconds": 116.83832248300314, "steps_this_session": 520, "phase": "training", "gpu": "6"}
{"step": 540, "total": 24000, "loss": 0.2069517895579338, "mixture_probability": 0.0, "actual_mixture": 0.0, "gradient_norm": 4.506972312927246, "pid": 1237361, "elapsed_this_session_seconds": 121.29198632575572, "steps_this_session": 540, "phase": "training", "gpu": "6"}
{"step": 560, "total": 24000, "loss": 0.15409062802791595, "mixture_probability": 0.0, "actual_mixture": 0.0, "gradient_norm": 3.006610155105591, "pid": 1237361, "elapsed_this_session_seconds": 125.74051365628839, "steps_this_session": 560, "phase": "training", "gpu": "6"}
{"step": 580, "total": 24000, "loss": 0.16586948931217194, "mixture_probability": 0.0, "actual_mixture": 0.0, "gradient_norm": 3.5066781044006348, "pid": 1237361, "elapsed_this_session_seconds": 130.19692789576948, "steps_this_session": 580, "phase": "training", "gpu": "6"}
{"step": 600, "total": 24000, "loss": 0.16383756883442402, "mixture_probability": 0.0, "actual_mixture": 0.0, "gradient_norm": 3.831505060195923, "pid": 1237361, "elapsed_this_session_seconds": 134.62967793736607, "steps_this_session": 600, "phase": "training", "gpu": "6"}
{"step": 620, "total": 24000, "loss": 0.2183315698057413, "mixture_probability": 0.0, "actual_mixture": 0.0, "gradient_norm": 3.6709060668945312, "pid": 1237361, "elapsed_this_session_seconds": 139.01515474449843, "steps_this_session": 620, "phase": "training", "gpu": "6"}
{"step": 640, "total": 24000, "loss": 0.15793692134320736, "mixture_probability": 0.0, "actual_mixture": 0.0, "gradient_norm": 2.817561626434326, "pid": 1237361, "elapsed_this_session_seconds": 143.40160440001637, "steps_this_session": 640, "phase": "training", "gpu": "6"}
{"step": 660, "total": 24000, "loss": 0.16654128953814507, "mixture_probability": 0.0, "actual_mixture": 0.0, "gradient_norm": 3.4699370861053467, "pid": 1237361, "elapsed_this_session_seconds": 147.81064901314676, "steps_this_session": 660, "phase": "training", "gpu": "6"}
{"step": 680, "total": 24000, "loss": 0.25521988794207573, "mixture_probability": 0.0, "actual_mixture": 0.0, "gradient_norm": 4.045660972595215, "pid": 1237361, "elapsed_this_session_seconds": 152.2805369561538, "steps_this_session": 680, "phase": "training", "gpu": "6"}
{"step": 700, "total": 24000, "loss": 0.18359745666384697, "mixture_probability": 0.0, "actual_mixture": 0.0, "gradient_norm": 2.806570291519165, "pid": 1237361, "elapsed_this_session_seconds": 156.66247787047178, "steps_this_session": 700, "phase": "training", "gpu": "6"}
{"step": 720, "total": 24000, "loss": 0.1617685854434967, "mixture_probability": 0.0, "actual_mixture": 0.0, "gradient_norm": 3.1766600608825684, "pid": 1237361, "elapsed_this_session_seconds": 161.04459048528224, "steps_this_session": 720, "phase": "training", "gpu": "6"}
{"step": 740, "total": 24000, "loss": 0.146948404610157, "mixture_probability": 0.0, "actual_mixture": 0.0, "gradient_norm": 2.924727201461792, "pid": 1237361, "elapsed_this_session_seconds": 165.4366539027542, "steps_this_session": 740, "phase": "training", "gpu": "6"}
{"step": 760, "total": 24000, "loss": 0.19765624403953552, "mixture_probability": 0.0, "actual_mixture": 0.0, "gradient_norm": 3.279292583465576, "pid": 1237361, "elapsed_this_session_seconds": 169.83848760742694, "steps_this_session": 760, "phase": "training", "gpu": "6"}
{"step": 780, "total": 24000, "loss": 0.284508790820837, "mixture_probability": 0.0, "actual_mixture": 0.0, "gradient_norm": 4.104682445526123, "pid": 1237361, "elapsed_this_session_seconds": 174.26123814377934, "steps_this_session": 780, "phase": "training", "gpu": "6"}
{"step": 800, "total": 24000, "loss": 0.20316138491034508, "mixture_probability": 0.0, "actual_mixture": 0.0, "gradient_norm": 3.725400924682617, "pid": 1237361, "elapsed_this_session_seconds": 178.65566454455256, "steps_this_session": 800, "phase": "training", "gpu": "6"}
{"step": 820, "total": 24000, "loss": 0.22401390969753265, "mixture_probability": 0.0, "actual_mixture": 0.0, "gradient_norm": 3.4297995567321777, "pid": 1237361, "elapsed_this_session_seconds": 183.10021628439426, "steps_this_session": 820, "phase": "training", "gpu": "6"}
{"step": 840, "total": 24000, "loss": 0.19843636453151703, "mixture_probability": 0.0, "actual_mixture": 0.0, "gradient_norm": 3.2366881370544434, "pid": 1237361, "elapsed_this_session_seconds": 187.50184859335423, "steps_this_session": 840, "phase": "training", "gpu": "6"}
{"step": 860, "total": 24000, "loss": 0.23903732001781464, "mixture_probability": 0.0, "actual_mixture": 0.0, "gradient_norm": 3.6486997604370117, "pid": 1237361, "elapsed_this_session_seconds": 191.895269356668, "steps_this_session": 860, "phase": "training", "gpu": "6"}
{"step": 880, "total": 24000, "loss": 0.2034199871122837, "mixture_probability": 0.0, "actual_mixture": 0.0, "gradient_norm": 3.361443042755127, "pid": 1237361, "elapsed_this_session_seconds": 196.30565188638866, "steps_this_session": 880, "phase": "training", "gpu": "6"}
{"step": 900, "total": 24000, "loss": 0.16950277984142303, "mixture_probability": 0.0, "actual_mixture": 0.0, "gradient_norm": 2.708203077316284, "pid": 1237361, "elapsed_this_session_seconds": 200.71528449188918, "steps_this_session": 900, "phase": "training", "gpu": "6"}
{"step": 920, "total": 24000, "loss": 0.18388913199305534, "mixture_probability": 0.0, "actual_mixture": 0.0, "gradient_norm": 3.4447336196899414, "pid": 1237361, "elapsed_this_session_seconds": 205.14067861065269, "steps_this_session": 920, "phase": "training", "gpu": "6"}
{"step": 940, "total": 24000, "loss": 0.26140715926885605, "mixture_probability": 0.0, "actual_mixture": 0.0, "gradient_norm": 4.864134311676025, "pid": 1237361, "elapsed_this_session_seconds": 209.55382527969778, "steps_this_session": 940, "phase": "training", "gpu": "6"}
{"step": 960, "total": 24000, "loss": 0.2244800105690956, "mixture_probability": 0.0, "actual_mixture": 0.0, "gradient_norm": 3.9488134384155273, "pid": 1237361, "elapsed_this_session_seconds": 213.99732303619385, "steps_this_session": 960, "phase": "training", "gpu": "6"}
{"step": 980, "total": 24000, "loss": 0.21271170303225517, "mixture_probability": 0.0, "actual_mixture": 0.0, "gradient_norm": 3.831754207611084, "pid": 1237361, "elapsed_this_session_seconds": 218.43941429350525, "steps_this_session": 980, "phase": "training", "gpu": "6"}
{"step": 1000, "total": 24000, "loss": 0.21175913885235786, "mixture_probability": 0.0, "actual_mixture": 0.0, "gradient_norm": 3.533519744873047, "pid": 1237361, "elapsed_this_session_seconds": 222.865841624327, "steps_this_session": 1000, "phase": "training", "gpu": "6"}
{"step": 1020, "total": 24000, "loss": 0.1478741392493248, "mixture_probability": 0.0, "actual_mixture": 0.0, "gradient_norm": 2.6656816005706787, "pid": 1237361, "elapsed_this_session_seconds": 227.26742813922465, "steps_this_session": 1020, "phase": "training", "gpu": "6"}
{"step": 1040, "total": 24000, "loss": 0.16059182584285736, "mixture_probability": 0.0, "actual_mixture": 0.0, "gradient_norm": 2.9873383045196533, "pid": 1237361, "elapsed_this_session_seconds": 231.71845869347453, "steps_this_session": 1040, "phase": "training", "gpu": "6"}
{"step": 1060, "total": 24000, "loss": 0.21153277531266212, "mixture_probability": 0.0, "actual_mixture": 0.0, "gradient_norm": 3.7375528812408447, "pid": 1237361, "elapsed_this_session_seconds": 236.14304171223193, "steps_this_session": 1060, "phase": "training", "gpu": "6"}
{"step": 1080, "total": 24000, "loss": 0.2621832825243473, "mixture_probability": 0.0, "actual_mixture": 0.0, "gradient_norm": 4.350094318389893, "pid": 1237361, "elapsed_this_session_seconds": 240.55055816099048, "steps_this_session": 1080, "phase": "training", "gpu": "6"}
{"step": 1100, "total": 24000, "loss": 0.16784540563821793, "mixture_probability": 0.0, "actual_mixture": 0.0, "gradient_norm": 3.76076078414917, "pid": 1237361, "elapsed_this_session_seconds": 244.98342494945973, "steps_this_session": 1100, "phase": "training", "gpu": "6"}
{"step": 1120, "total": 24000, "loss": 0.16848957911133766, "mixture_probability": 0.0, "actual_mixture": 0.0, "gradient_norm": 2.4940760135650635, "pid": 1237361, "elapsed_this_session_seconds": 249.40685719437897, "steps_this_session": 1120, "phase": "training", "gpu": "6"}
{"step": 1140, "total": 24000, "loss": 0.20987697690725327, "mixture_probability": 0.0, "actual_mixture": 0.0, "gradient_norm": 3.5208382606506348, "pid": 1237361, "elapsed_this_session_seconds": 253.8363177003339, "steps_this_session": 1140, "phase": "training", "gpu": "6"}
{"step": 1160, "total": 24000, "loss": 0.2530495412647724, "mixture_probability": 0.0, "actual_mixture": 0.0, "gradient_norm": 4.381679058074951, "pid": 1237361, "elapsed_this_session_seconds": 258.303122183308, "steps_this_session": 1160, "phase": "training", "gpu": "6"}
{"step": 1180, "total": 24000, "loss": 0.20732519961893559, "mixture_probability": 0.0, "actual_mixture": 0.0, "gradient_norm": 3.8102104663848877, "pid": 1237361, "elapsed_this_session_seconds": 262.79917442891747, "steps_this_session": 1180, "phase": "training", "gpu": "6"}
{"step": 1200, "total": 24000, "loss": 0.1606873907148838, "mixture_probability": 0.0, "actual_mixture": 0.0, "gradient_norm": 2.6171483993530273, "pid": 1237361, "elapsed_this_session_seconds": 267.27258385624737, "steps_this_session": 1200, "phase": "training", "gpu": "6"}
{"step": 1220, "total": 24000, "loss": 0.1663280948996544, "mixture_probability": 0.0, "actual_mixture": 0.0, "gradient_norm": 2.9125277996063232, "pid": 1237361, "elapsed_this_session_seconds": 271.7668429259211, "steps_this_session": 1220, "phase": "training", "gpu": "6"}
{"step": 1240, "total": 24000, "loss": 0.1921515241265297, "mixture_probability": 0.0, "actual_mixture": 0.0, "gradient_norm": 3.266993999481201, "pid": 1237361, "elapsed_this_session_seconds": 276.24641888495535, "steps_this_session": 1240, "phase": "training", "gpu": "6"}
{"step": 1260, "total": 24000, "loss": 0.24411460757255554, "mixture_probability": 0.0, "actual_mixture": 0.0, "gradient_norm": 4.095785140991211, "pid": 1237361, "elapsed_this_session_seconds": 280.709559077397, "steps_this_session": 1260, "phase": "training", "gpu": "6"}
{"step": 1280, "total": 24000, "loss": 0.15626076981425285, "mixture_probability": 0.0, "actual_mixture": 0.0, "gradient_norm": 2.9092156887054443, "pid": 1237361, "elapsed_this_session_seconds": 285.1539376731962, "steps_this_session": 1280, "phase": "training", "gpu": "6"}
{"step": 1300, "total": 24000, "loss": 0.18292401731014252, "mixture_probability": 0.0, "actual_mixture": 0.0, "gradient_norm": 2.6058075428009033, "pid": 1237361, "elapsed_this_session_seconds": 289.5791787179187, "steps_this_session": 1300, "phase": "training", "gpu": "6"}
{"step": 1320, "total": 24000, "loss": 0.2059854306280613, "mixture_probability": 0.0, "actual_mixture": 0.0, "gradient_norm": 3.2871036529541016, "pid": 1237361, "elapsed_this_session_seconds": 294.0550789954141, "steps_this_session": 1320, "phase": "training", "gpu": "6"}
{"step": 1340, "total": 24000, "loss": 0.18208562582731247, "mixture_probability": 0.0, "actual_mixture": 0.0, "gradient_norm": 2.8770017623901367, "pid": 1237361, "elapsed_this_session_seconds": 298.51674196869135, "steps_this_session": 1340, "phase": "training", "gpu": "6"}
{"step": 1360, "total": 24000, "loss": 0.16585562750697136, "mixture_probability": 0.0, "actual_mixture": 0.0, "gradient_norm": 2.6035773754119873, "pid": 1237361, "elapsed_this_session_seconds": 303.10141497291625, "steps_this_session": 1360, "phase": "training", "gpu": "6"}
{"step": 1380, "total": 24000, "loss": 0.17423708736896515, "mixture_probability": 0.0, "actual_mixture": 0.0, "gradient_norm": 2.870422601699829, "pid": 1237361, "elapsed_this_session_seconds": 307.5741249155253, "steps_this_session": 1380, "phase": "training", "gpu": "6"}
{"step": 1400, "total": 24000, "loss": 0.15268438309431076, "mixture_probability": 0.0, "actual_mixture": 0.0, "gradient_norm": 2.5219814777374268, "pid": 1237361, "elapsed_this_session_seconds": 312.059011454694, "steps_this_session": 1400, "phase": "training", "gpu": "6"}
{"step": 1420, "total": 24000, "loss": 0.21504906564950943, "mixture_probability": 0.0, "actual_mixture": 0.0, "gradient_norm": 3.3846654891967773, "pid": 1237361, "elapsed_this_session_seconds": 316.53487008064985, "steps_this_session": 1420, "phase": "training", "gpu": "6"}
{"step": 1440, "total": 24000, "loss": 0.2094878815114498, "mixture_probability": 0.0, "actual_mixture": 0.0, "gradient_norm": 2.9876062870025635, "pid": 1237361, "elapsed_this_session_seconds": 321.02604410704225, "steps_this_session": 1440, "phase": "training", "gpu": "6"}
{"step": 1460, "total": 24000, "loss": 0.1659097671508789, "mixture_probability": 0.0, "actual_mixture": 0.0, "gradient_norm": 3.4352662563323975, "pid": 1237361, "elapsed_this_session_seconds": 325.5000769896433, "steps_this_session": 1460, "phase": "training", "gpu": "6"}
{"step": 1480, "total": 24000, "loss": 0.22937873005867004, "mixture_probability": 0.0, "actual_mixture": 0.0, "gradient_norm": 3.151674747467041, "pid": 1237361, "elapsed_this_session_seconds": 329.9485637266189, "steps_this_session": 1480, "phase": "training", "gpu": "6"}
{"step": 1500, "total": 24000, "loss": 0.17421794310212135, "mixture_probability": 0.0, "actual_mixture": 0.0, "gradient_norm": 2.8884451389312744, "pid": 1237361, "elapsed_this_session_seconds": 334.4298821166158, "steps_this_session": 1500, "phase": "training", "gpu": "6"}
{"step": 1520, "total": 24000, "loss": 0.14902358502149582, "mixture_probability": 0.0, "actual_mixture": 0.0, "gradient_norm": 2.5662248134613037, "pid": 1237361, "elapsed_this_session_seconds": 338.94115788675845, "steps_this_session": 1520, "phase": "training", "gpu": "6"}
{"step": 1540, "total": 24000, "loss": 0.13609028235077858, "mixture_probability": 0.0, "actual_mixture": 0.0, "gradient_norm": 2.4037675857543945, "pid": 1237361, "elapsed_this_session_seconds": 343.43838590104133, "steps_this_session": 1540, "phase": "training", "gpu": "6"}
{"step": 1560, "total": 24000, "loss": 0.1660747230052948, "mixture_probability": 0.0, "actual_mixture": 0.0, "gradient_norm": 3.3421249389648438, "pid": 1237361, "elapsed_this_session_seconds": 347.9200711706653, "steps_this_session": 1560, "phase": "training", "gpu": "6"}
{"step": 1580, "total": 24000, "loss": 0.19903098605573177, "mixture_probability": 0.0, "actual_mixture": 0.0, "gradient_norm": 3.1838784217834473, "pid": 1237361, "elapsed_this_session_seconds": 352.400416768156, "steps_this_session": 1580, "phase": "training", "gpu": "6"}
{"step": 1600, "total": 24000, "loss": 0.19142159819602966, "mixture_probability": 0.0, "actual_mixture": 0.0, "gradient_norm": 2.925164222717285, "pid": 1237361, "elapsed_this_session_seconds": 356.9096605889499, "steps_this_session": 1600, "phase": "training", "gpu": "6"}
{"step": 1620, "total": 24000, "loss": 0.16064393147826195, "mixture_probability": 0.0, "actual_mixture": 0.0, "gradient_norm": 2.871640682220459, "pid": 1237361, "elapsed_this_session_seconds": 361.4462533527985, "steps_this_session": 1620, "phase": "training", "gpu": "6"}
{"step": 1640, "total": 24000, "loss": 0.20077046379446983, "mixture_probability": 0.0, "actual_mixture": 0.0, "gradient_norm": 3.061925172805786, "pid": 1237361, "elapsed_this_session_seconds": 365.9016846967861, "steps_this_session": 1640, "phase": "training", "gpu": "6"}
{"step": 1660, "total": 24000, "loss": 0.18349320068955421, "mixture_probability": 0.0, "actual_mixture": 0.0, "gradient_norm": 3.1453680992126465, "pid": 1237361, "elapsed_this_session_seconds": 370.34498166292906, "steps_this_session": 1660, "phase": "training", "gpu": "6"}
{"step": 1680, "total": 24000, "loss": 0.1559837907552719, "mixture_probability": 0.0, "actual_mixture": 0.0, "gradient_norm": 3.3749632835388184, "pid": 1237361, "elapsed_this_session_seconds": 374.79137192387134, "steps_this_session": 1680, "phase": "training", "gpu": "6"}
{"step": 1700, "total": 24000, "loss": 0.210045725107193, "mixture_probability": 0.0, "actual_mixture": 0.0, "gradient_norm": 3.3781797885894775, "pid": 1237361, "elapsed_this_session_seconds": 379.20760292280465, "steps_this_session": 1700, "phase": "training", "gpu": "6"}
{"step": 1720, "total": 24000, "loss": 0.13766593858599663, "mixture_probability": 0.0, "actual_mixture": 0.0, "gradient_norm": 2.375711441040039, "pid": 1237361, "elapsed_this_session_seconds": 383.6684923795983, "steps_this_session": 1720, "phase": "training", "gpu": "6"}
{"step": 1740, "total": 24000, "loss": 0.15012246184051037, "mixture_probability": 0.0, "actual_mixture": 0.0, "gradient_norm": 3.0969388484954834, "pid": 1237361, "elapsed_this_session_seconds": 388.1243636775762, "steps_this_session": 1740, "phase": "training", "gpu": "6"}
{"step": 1760, "total": 24000, "loss": 0.1371470969170332, "mixture_probability": 0.0, "actual_mixture": 0.0, "gradient_norm": 3.0898027420043945, "pid": 1237361, "elapsed_this_session_seconds": 392.5949628325179, "steps_this_session": 1760, "phase": "training", "gpu": "6"}
{"step": 1780, "total": 24000, "loss": 0.14193423464894295, "mixture_probability": 0.0, "actual_mixture": 0.0, "gradient_norm": 2.431793212890625, "pid": 1237361, "elapsed_this_session_seconds": 397.03728402685374, "steps_this_session": 1780, "phase": "training", "gpu": "6"}
{"step": 1800, "total": 24000, "loss": 0.15203686244785786, "mixture_probability": 0.0, "actual_mixture": 0.0, "gradient_norm": 3.0253875255584717, "pid": 1237361, "elapsed_this_session_seconds": 401.5006316816434, "steps_this_session": 1800, "phase": "training", "gpu": "6"}
{"step": 1820, "total": 24000, "loss": 0.17911456152796745, "mixture_probability": 0.0, "actual_mixture": 0.0, "gradient_norm": 2.750460386276245, "pid": 1237361, "elapsed_this_session_seconds": 405.961428870447, "steps_this_session": 1820, "phase": "training", "gpu": "6"}
{"step": 1840, "total": 24000, "loss": 0.13393301330506802, "mixture_probability": 0.0, "actual_mixture": 0.0, "gradient_norm": 2.7359001636505127, "pid": 1237361, "elapsed_this_session_seconds": 410.4170128647238, "steps_this_session": 1840, "phase": "training", "gpu": "6"}
{"step": 1860, "total": 24000, "loss": 0.16793574765324593, "mixture_probability": 0.0, "actual_mixture": 0.0, "gradient_norm": 2.964423894882202, "pid": 1237361, "elapsed_this_session_seconds": 414.8882150594145, "steps_this_session": 1860, "phase": "training", "gpu": "6"}
{"step": 1880, "total": 24000, "loss": 0.15684796310961246, "mixture_probability": 0.0, "actual_mixture": 0.0, "gradient_norm": 3.4019858837127686, "pid": 1237361, "elapsed_this_session_seconds": 419.3081056717783, "steps_this_session": 1880, "phase": "training", "gpu": "6"}
{"step": 1900, "total": 24000, "loss": 0.15167704597115517, "mixture_probability": 0.0, "actual_mixture": 0.0, "gradient_norm": 2.89170503616333, "pid": 1237361, "elapsed_this_session_seconds": 423.7704838523641, "steps_this_session": 1900, "phase": "training", "gpu": "6"}
{"step": 1920, "total": 24000, "loss": 0.1765427254140377, "mixture_probability": 0.0, "actual_mixture": 0.0, "gradient_norm": 3.1724891662597656, "pid": 1237361, "elapsed_this_session_seconds": 428.21636200416833, "steps_this_session": 1920, "phase": "training", "gpu": "6"}
{"step": 1940, "total": 24000, "loss": 0.1878555417060852, "mixture_probability": 0.0, "actual_mixture": 0.0, "gradient_norm": 3.537168264389038, "pid": 1237361, "elapsed_this_session_seconds": 432.6502666603774, "steps_this_session": 1940, "phase": "training", "gpu": "6"}
{"step": 1960, "total": 24000, "loss": 0.14830545708537102, "mixture_probability": 0.0, "actual_mixture": 0.0, "gradient_norm": 2.884014368057251, "pid": 1237361, "elapsed_this_session_seconds": 437.07806540839374, "steps_this_session": 1960, "phase": "training", "gpu": "6"}
{"step": 1980, "total": 24000, "loss": 0.13709690421819687, "mixture_probability": 0.0, "actual_mixture": 0.0, "gradient_norm": 2.5645952224731445, "pid": 1237361, "elapsed_this_session_seconds": 441.4991325736046, "steps_this_session": 1980, "phase": "training", "gpu": "6"}
{"step": 2000, "total": 24000, "loss": 0.17762009426951408, "mixture_probability": 0.0, "actual_mixture": 0.0, "gradient_norm": 3.0927181243896484, "pid": 1237361, "elapsed_this_session_seconds": 445.9193060938269, "steps_this_session": 2000, "phase": "training", "gpu": "6"}
/gaozt-test1/sxh/EgoRecover/eval/metrics.py:167: RuntimeWarning: invalid value encountered in scalar divide
  scale = np.trace(R.dot(K)) / var1
{"step": 2020, "total": 24000, "loss": 0.14257076010107994, "mixture_probability": 0.0025, "actual_mixture": 0.0, "gradient_norm": 2.582843065261841, "pid": 1237361, "elapsed_this_session_seconds": 507.5002825325355, "steps_this_session": 2020, "phase": "training", "gpu": "6"}
{"step": 2040, "total": 24000, "loss": 0.15240264870226383, "mixture_probability": 0.005, "actual_mixture": 0.0, "gradient_norm": 2.487957000732422, "pid": 1237361, "elapsed_this_session_seconds": 511.9253418901935, "steps_this_session": 2040, "phase": "training", "gpu": "6"}
{"step": 2060, "total": 24000, "loss": 0.12171905487775803, "mixture_probability": 0.0075, "actual_mixture": 0.0, "gradient_norm": 1.9337207078933716, "pid": 1237361, "elapsed_this_session_seconds": 516.4120747540146, "steps_this_session": 2060, "phase": "training", "gpu": "6"}
{"step": 2080, "total": 24000, "loss": 0.35206628032028675, "mixture_probability": 0.01, "actual_mixture": 0.03125, "gradient_norm": 3.814382314682007, "pid": 1237361, "elapsed_this_session_seconds": 520.8910328773782, "steps_this_session": 2080, "phase": "training", "gpu": "6"}
{"step": 2100, "total": 24000, "loss": 0.21202125400304794, "mixture_probability": 0.0125, "actual_mixture": 0.0, "gradient_norm": 2.497675657272339, "pid": 1237361, "elapsed_this_session_seconds": 525.3215361582115, "steps_this_session": 2100, "phase": "training", "gpu": "6"}
{"step": 2120, "total": 24000, "loss": 0.15686338767409325, "mixture_probability": 0.015, "actual_mixture": 0.0, "gradient_norm": 3.098200559616089, "pid": 1237361, "elapsed_this_session_seconds": 529.792163098231, "steps_this_session": 2120, "phase": "training", "gpu": "6"}
{"step": 2140, "total": 24000, "loss": 0.1528945453464985, "mixture_probability": 0.0175, "actual_mixture": 0.03125, "gradient_norm": 2.5499320030212402, "pid": 1237361, "elapsed_this_session_seconds": 534.2659356594086, "steps_this_session": 2140, "phase": "training", "gpu": "6"}
{"step": 2160, "total": 24000, "loss": 0.15090982988476753, "mixture_probability": 0.02, "actual_mixture": 0.015625, "gradient_norm": 2.924750328063965, "pid": 1237361, "elapsed_this_session_seconds": 538.6889622109011, "steps_this_session": 2160, "phase": "training", "gpu": "6"}
{"step": 2180, "total": 24000, "loss": 0.14879274740815163, "mixture_probability": 0.0225, "actual_mixture": 0.015625, "gradient_norm": 2.287351608276367, "pid": 1237361, "elapsed_this_session_seconds": 543.1396864186972, "steps_this_session": 2180, "phase": "training", "gpu": "6"}
{"step": 2200, "total": 24000, "loss": 0.14354342967271805, "mixture_probability": 0.025, "actual_mixture": 0.015625, "gradient_norm": 2.8091015815734863, "pid": 1237361, "elapsed_this_session_seconds": 547.5695580383763, "steps_this_session": 2200, "phase": "training", "gpu": "6"}
{"step": 2220, "total": 24000, "loss": 0.16817624494433403, "mixture_probability": 0.0275, "actual_mixture": 0.03125, "gradient_norm": 2.268813371658325, "pid": 1237361, "elapsed_this_session_seconds": 552.026432428509, "steps_this_session": 2220, "phase": "training", "gpu": "6"}
{"step": 2240, "total": 24000, "loss": 0.25418051332235336, "mixture_probability": 0.03, "actual_mixture": 0.0625, "gradient_norm": 3.544304847717285, "pid": 1237361, "elapsed_this_session_seconds": 556.6672012964264, "steps_this_session": 2240, "phase": "training", "gpu": "6"}
{"step": 2260, "total": 24000, "loss": 0.1840064339339733, "mixture_probability": 0.0325, "actual_mixture": 0.03125, "gradient_norm": 3.3148605823516846, "pid": 1237361, "elapsed_this_session_seconds": 561.2587097128853, "steps_this_session": 2260, "phase": "training", "gpu": "6"}
{"step": 2280, "total": 24000, "loss": 0.230119738727808, "mixture_probability": 0.035, "actual_mixture": 0.0625, "gradient_norm": 3.7766458988189697, "pid": 1237361, "elapsed_this_session_seconds": 565.7424414530396, "steps_this_session": 2280, "phase": "training", "gpu": "6"}
{"step": 2300, "total": 24000, "loss": 0.17664569057524204, "mixture_probability": 0.0375, "actual_mixture": 0.03125, "gradient_norm": 2.562969446182251, "pid": 1237361, "elapsed_this_session_seconds": 570.185631445609, "steps_this_session": 2300, "phase": "training", "gpu": "6"}
{"step": 2320, "total": 24000, "loss": 0.11281687952578068, "mixture_probability": 0.04, "actual_mixture": 0.0, "gradient_norm": 2.310702085494995, "pid": 1237361, "elapsed_this_session_seconds": 574.6523924022913, "steps_this_session": 2320, "phase": "training", "gpu": "6"}
{"step": 2340, "total": 24000, "loss": 0.15257276222109795, "mixture_probability": 0.0425, "actual_mixture": 0.03125, "gradient_norm": 2.978466272354126, "pid": 1237361, "elapsed_this_session_seconds": 579.1792071424425, "steps_this_session": 2340, "phase": "training", "gpu": "6"}
{"step": 2360, "total": 24000, "loss": 0.18921268917620182, "mixture_probability": 0.045, "actual_mixture": 0.078125, "gradient_norm": 3.219207525253296, "pid": 1237361, "elapsed_this_session_seconds": 583.6679723504931, "steps_this_session": 2360, "phase": "training", "gpu": "6"}
{"step": 2380, "total": 24000, "loss": 0.20833275839686394, "mixture_probability": 0.0475, "actual_mixture": 0.03125, "gradient_norm": 3.13051438331604, "pid": 1237361, "elapsed_this_session_seconds": 588.1877713892609, "steps_this_session": 2380, "phase": "training", "gpu": "6"}
{"step": 2400, "total": 24000, "loss": 0.1807578019797802, "mixture_probability": 0.05, "actual_mixture": 0.046875, "gradient_norm": 2.7509243488311768, "pid": 1237361, "elapsed_this_session_seconds": 592.6752982065082, "steps_this_session": 2400, "phase": "training", "gpu": "6"}
{"step": 2420, "total": 24000, "loss": 0.2445005066692829, "mixture_probability": 0.0525, "actual_mixture": 0.03125, "gradient_norm": 3.6353187561035156, "pid": 1237361, "elapsed_this_session_seconds": 597.1345214424655, "steps_this_session": 2420, "phase": "training", "gpu": "6"}
{"step": 2440, "total": 24000, "loss": 0.1702946536242962, "mixture_probability": 0.055, "actual_mixture": 0.0625, "gradient_norm": 3.049898386001587, "pid": 1237361, "elapsed_this_session_seconds": 601.7650239178911, "steps_this_session": 2440, "phase": "training", "gpu": "6"}
{"step": 2460, "total": 24000, "loss": 0.1792202778160572, "mixture_probability": 0.0575, "actual_mixture": 0.046875, "gradient_norm": 3.4053990840911865, "pid": 1237361, "elapsed_this_session_seconds": 606.239213638939, "steps_this_session": 2460, "phase": "training", "gpu": "6"}
{"step": 2480, "total": 24000, "loss": 0.23916837200522423, "mixture_probability": 0.06, "actual_mixture": 0.078125, "gradient_norm": 2.913137912750244, "pid": 1237361, "elapsed_this_session_seconds": 610.7280564643443, "steps_this_session": 2480, "phase": "training", "gpu": "6"}
{"step": 2500, "total": 24000, "loss": 0.17961444333195686, "mixture_probability": 0.0625, "actual_mixture": 0.078125, "gradient_norm": 3.338020086288452, "pid": 1237361, "elapsed_this_session_seconds": 615.2098570112139, "steps_this_session": 2500, "phase": "training", "gpu": "6"}
{"step": 2520, "total": 24000, "loss": 0.21574441716074944, "mixture_probability": 0.065, "actual_mixture": 0.046875, "gradient_norm": 3.466888666152954, "pid": 1237361, "elapsed_this_session_seconds": 619.6870191954076, "steps_this_session": 2520, "phase": "training", "gpu": "6"}
{"step": 2540, "total": 24000, "loss": 0.2057226598262787, "mixture_probability": 0.0675, "actual_mixture": 0.046875, "gradient_norm": 2.639803171157837, "pid": 1237361, "elapsed_this_session_seconds": 624.180284332484, "steps_this_session": 2540, "phase": "training", "gpu": "6"}
{"step": 2560, "total": 24000, "loss": 0.27597950398921967, "mixture_probability": 0.07, "actual_mixture": 0.078125, "gradient_norm": 3.1967897415161133, "pid": 1237361, "elapsed_this_session_seconds": 628.6368118422106, "steps_this_session": 2560, "phase": "training", "gpu": "6"}
{"step": 2580, "total": 24000, "loss": 0.22376226261258125, "mixture_probability": 0.0725, "actual_mixture": 0.09375, "gradient_norm": 3.1378448009490967, "pid": 1237361, "elapsed_this_session_seconds": 633.1321678580716, "steps_this_session": 2580, "phase": "training", "gpu": "6"}
{"step": 2600, "total": 24000, "loss": 0.25536153838038445, "mixture_probability": 0.075, "actual_mixture": 0.09375, "gradient_norm": 3.5647926330566406, "pid": 1237361, "elapsed_this_session_seconds": 637.617785487324, "steps_this_session": 2600, "phase": "training", "gpu": "6"}
{"step": 2620, "total": 24000, "loss": 0.2105272226035595, "mixture_probability": 0.0775, "actual_mixture": 0.03125, "gradient_norm": 3.394709587097168, "pid": 1237361, "elapsed_this_session_seconds": 642.1638898765668, "steps_this_session": 2620, "phase": "training", "gpu": "6"}
{"step": 2640, "total": 24000, "loss": 0.18337785080075264, "mixture_probability": 0.08, "actual_mixture": 0.015625, "gradient_norm": 2.8374218940734863, "pid": 1237361, "elapsed_this_session_seconds": 646.6925219176337, "steps_this_session": 2640, "phase": "training", "gpu": "6"}
{"step": 2660, "total": 24000, "loss": 0.18428770825266838, "mixture_probability": 0.0825, "actual_mixture": 0.0625, "gradient_norm": 2.6772143840789795, "pid": 1237361, "elapsed_this_session_seconds": 651.171084200032, "steps_this_session": 2660, "phase": "training", "gpu": "6"}
{"step": 2680, "total": 24000, "loss": 0.1566210761666298, "mixture_probability": 0.085, "actual_mixture": 0.078125, "gradient_norm": 2.64896297454834, "pid": 1237361, "elapsed_this_session_seconds": 655.7468254677951, "steps_this_session": 2680, "phase": "training", "gpu": "6"}
{"step": 2700, "total": 24000, "loss": 0.2957480177283287, "mixture_probability": 0.0875, "actual_mixture": 0.09375, "gradient_norm": 3.0421066284179688, "pid": 1237361, "elapsed_this_session_seconds": 660.2729917149991, "steps_this_session": 2700, "phase": "training", "gpu": "6"}
{"step": 2720, "total": 24000, "loss": 0.21575184538960457, "mixture_probability": 0.09, "actual_mixture": 0.0625, "gradient_norm": 2.728055238723755, "pid": 1237361, "elapsed_this_session_seconds": 664.7983003687114, "steps_this_session": 2720, "phase": "training", "gpu": "6"}
{"step": 2740, "total": 24000, "loss": 0.22713187709450722, "mixture_probability": 0.0925, "actual_mixture": 0.09375, "gradient_norm": 3.670020341873169, "pid": 1237361, "elapsed_this_session_seconds": 669.2965613361448, "steps_this_session": 2740, "phase": "training", "gpu": "6"}
{"step": 2760, "total": 24000, "loss": 0.27723931707441807, "mixture_probability": 0.095, "actual_mixture": 0.09375, "gradient_norm": 4.147819995880127, "pid": 1237361, "elapsed_this_session_seconds": 673.8049102136865, "steps_this_session": 2760, "phase": "training", "gpu": "6"}
{"step": 2780, "total": 24000, "loss": 0.2289276085793972, "mixture_probability": 0.0975, "actual_mixture": 0.078125, "gradient_norm": 3.299288272857666, "pid": 1237361, "elapsed_this_session_seconds": 678.3372658193111, "steps_this_session": 2780, "phase": "training", "gpu": "6"}
{"step": 2800, "total": 24000, "loss": 0.3946395367383957, "mixture_probability": 0.1, "actual_mixture": 0.15625, "gradient_norm": 3.5763821601867676, "pid": 1237361, "elapsed_this_session_seconds": 682.9339059749618, "steps_this_session": 2800, "phase": "training", "gpu": "6"}
{"step": 2820, "total": 24000, "loss": 0.2165917456150055, "mixture_probability": 0.1025, "actual_mixture": 0.0625, "gradient_norm": 3.204200267791748, "pid": 1237361, "elapsed_this_session_seconds": 687.4352638032287, "steps_this_session": 2820, "phase": "training", "gpu": "6"}
{"step": 2840, "total": 24000, "loss": 0.21956371888518333, "mixture_probability": 0.105, "actual_mixture": 0.0625, "gradient_norm": 3.123777389526367, "pid": 1237361, "elapsed_this_session_seconds": 691.9723603352904, "steps_this_session": 2840, "phase": "training", "gpu": "6"}
{"step": 2860, "total": 24000, "loss": 0.21598077565431595, "mixture_probability": 0.1075, "actual_mixture": 0.125, "gradient_norm": 3.1802990436553955, "pid": 1237361, "elapsed_this_session_seconds": 696.4961960976943, "steps_this_session": 2860, "phase": "training", "gpu": "6"}
{"step": 2880, "total": 24000, "loss": 0.2992110997438431, "mixture_probability": 0.11, "actual_mixture": 0.125, "gradient_norm": 3.7241084575653076, "pid": 1237361, "elapsed_this_session_seconds": 701.0329312365502, "steps_this_session": 2880, "phase": "training", "gpu": "6"}
{"step": 2900, "total": 24000, "loss": 0.26794572174549103, "mixture_probability": 0.1125, "actual_mixture": 0.15625, "gradient_norm": 2.985924243927002, "pid": 1237361, "elapsed_this_session_seconds": 705.5778785347939, "steps_this_session": 2900, "phase": "training", "gpu": "6"}
{"step": 2920, "total": 24000, "loss": 0.2100980170071125, "mixture_probability": 0.115, "actual_mixture": 0.0625, "gradient_norm": 2.8832924365997314, "pid": 1237361, "elapsed_this_session_seconds": 710.0696152700111, "steps_this_session": 2920, "phase": "training", "gpu": "6"}
{"step": 2940, "total": 24000, "loss": 0.2382301725447178, "mixture_probability": 0.1175, "actual_mixture": 0.078125, "gradient_norm": 3.282987117767334, "pid": 1237361, "elapsed_this_session_seconds": 714.6112024104223, "steps_this_session": 2940, "phase": "training", "gpu": "6"}
{"step": 2960, "total": 24000, "loss": 0.18210645765066147, "mixture_probability": 0.12, "actual_mixture": 0.03125, "gradient_norm": 3.4790115356445312, "pid": 1237361, "elapsed_this_session_seconds": 719.1198828881606, "steps_this_session": 2960, "phase": "training", "gpu": "6"}
{"step": 2980, "total": 24000, "loss": 0.21278168261051178, "mixture_probability": 0.1225, "actual_mixture": 0.15625, "gradient_norm": 3.050060510635376, "pid": 1237361, "elapsed_this_session_seconds": 723.6177006065845, "steps_this_session": 2980, "phase": "training", "gpu": "6"}
{"step": 3000, "total": 24000, "loss": 0.25766393914818764, "mixture_probability": 0.125, "actual_mixture": 0.203125, "gradient_norm": 2.9522786140441895, "pid": 1237361, "elapsed_this_session_seconds": 728.0879100942984, "steps_this_session": 3000, "phase": "training", "gpu": "6"}
{"step": 3020, "total": 24000, "loss": 0.2510993480682373, "mixture_probability": 0.1275, "actual_mixture": 0.109375, "gradient_norm": 3.184123992919922, "pid": 1237361, "elapsed_this_session_seconds": 732.6010542269796, "steps_this_session": 3020, "phase": "training", "gpu": "6"}
{"step": 3040, "total": 24000, "loss": 0.4533262588083744, "mixture_probability": 0.13, "actual_mixture": 0.1875, "gradient_norm": 6.309039115905762, "pid": 1237361, "elapsed_this_session_seconds": 737.1146939080209, "steps_this_session": 3040, "phase": "training", "gpu": "6"}
{"step": 3060, "total": 24000, "loss": 0.25344833359122276, "mixture_probability": 0.1325, "actual_mixture": 0.125, "gradient_norm": 2.8933069705963135, "pid": 1237361, "elapsed_this_session_seconds": 741.6365515366197, "steps_this_session": 3060, "phase": "training", "gpu": "6"}
{"step": 3080, "total": 24000, "loss": 0.23239600285887718, "mixture_probability": 0.135, "actual_mixture": 0.125, "gradient_norm": 2.6587746143341064, "pid": 1237361, "elapsed_this_session_seconds": 746.1945701939985, "steps_this_session": 3080, "phase": "training", "gpu": "6"}
{"step": 3100, "total": 24000, "loss": 0.21862511336803436, "mixture_probability": 0.1375, "actual_mixture": 0.125, "gradient_norm": 3.1683599948883057, "pid": 1237361, "elapsed_this_session_seconds": 750.6913576424122, "steps_this_session": 3100, "phase": "training", "gpu": "6"}
{"step": 3120, "total": 24000, "loss": 0.3074687607586384, "mixture_probability": 0.14, "actual_mixture": 0.140625, "gradient_norm": 3.989867925643921, "pid": 1237361, "elapsed_this_session_seconds": 755.1688126306981, "steps_this_session": 3120, "phase": "training", "gpu": "6"}
{"step": 3140, "total": 24000, "loss": 0.2270703800022602, "mixture_probability": 0.1425, "actual_mixture": 0.140625, "gradient_norm": 3.0747146606445312, "pid": 1237361, "elapsed_this_session_seconds": 759.6449881643057, "steps_this_session": 3140, "phase": "training", "gpu": "6"}
{"step": 3160, "total": 24000, "loss": 0.2851755619049072, "mixture_probability": 0.145, "actual_mixture": 0.140625, "gradient_norm": 3.5549161434173584, "pid": 1237361, "elapsed_this_session_seconds": 764.1296678669751, "steps_this_session": 3160, "phase": "training", "gpu": "6"}
{"step": 3180, "total": 24000, "loss": 0.3164491765201092, "mixture_probability": 0.1475, "actual_mixture": 0.109375, "gradient_norm": 4.450354099273682, "pid": 1237361, "elapsed_this_session_seconds": 768.6206822460517, "steps_this_session": 3180, "phase": "training", "gpu": "6"}
{"step": 3200, "total": 24000, "loss": 0.21849771216511726, "mixture_probability": 0.15, "actual_mixture": 0.109375, "gradient_norm": 3.033827304840088, "pid": 1237361, "elapsed_this_session_seconds": 773.1213139789179, "steps_this_session": 3200, "phase": "training", "gpu": "6"}
{"step": 3220, "total": 24000, "loss": 0.32768674939870834, "mixture_probability": 0.1525, "actual_mixture": 0.109375, "gradient_norm": 4.9589738845825195, "pid": 1237361, "elapsed_this_session_seconds": 777.5968693289906, "steps_this_session": 3220, "phase": "training", "gpu": "6"}
{"step": 3240, "total": 24000, "loss": 0.302323903888464, "mixture_probability": 0.155, "actual_mixture": 0.1875, "gradient_norm": 3.8728997707366943, "pid": 1237361, "elapsed_this_session_seconds": 782.0847383374348, "steps_this_session": 3240, "phase": "training", "gpu": "6"}
{"step": 3260, "total": 24000, "loss": 0.3970283754169941, "mixture_probability": 0.1575, "actual_mixture": 0.203125, "gradient_norm": 4.25136661529541, "pid": 1237361, "elapsed_this_session_seconds": 786.5646786298603, "steps_this_session": 3260, "phase": "training", "gpu": "6"}
{"step": 3280, "total": 24000, "loss": 0.20981387794017792, "mixture_probability": 0.16, "actual_mixture": 0.125, "gradient_norm": 3.982025384902954, "pid": 1237361, "elapsed_this_session_seconds": 791.0524600315839, "steps_this_session": 3280, "phase": "training", "gpu": "6"}
{"step": 3300, "total": 24000, "loss": 0.2602890022099018, "mixture_probability": 0.1625, "actual_mixture": 0.1875, "gradient_norm": 3.647630214691162, "pid": 1237361, "elapsed_this_session_seconds": 795.5527428677306, "steps_this_session": 3300, "phase": "training", "gpu": "6"}
{"step": 3320, "total": 24000, "loss": 0.2838328890502453, "mixture_probability": 0.165, "actual_mixture": 0.140625, "gradient_norm": 3.295093297958374, "pid": 1237361, "elapsed_this_session_seconds": 800.0594347687438, "steps_this_session": 3320, "phase": "training", "gpu": "6"}
{"step": 3340, "total": 24000, "loss": 0.21348700299859047, "mixture_probability": 0.1675, "actual_mixture": 0.15625, "gradient_norm": 2.7926909923553467, "pid": 1237361, "elapsed_this_session_seconds": 804.5398662639782, "steps_this_session": 3340, "phase": "training", "gpu": "6"}
{"step": 3360, "total": 24000, "loss": 0.26783934608101845, "mixture_probability": 0.17, "actual_mixture": 0.234375, "gradient_norm": 3.155425548553467, "pid": 1237361, "elapsed_this_session_seconds": 809.0079243434593, "steps_this_session": 3360, "phase": "training", "gpu": "6"}
{"step": 3380, "total": 24000, "loss": 0.3360373303294182, "mixture_probability": 0.1725, "actual_mixture": 0.1875, "gradient_norm": 4.790472030639648, "pid": 1237361, "elapsed_this_session_seconds": 813.5890150424093, "steps_this_session": 3380, "phase": "training", "gpu": "6"}
{"step": 3400, "total": 24000, "loss": 0.24452359229326248, "mixture_probability": 0.175, "actual_mixture": 0.140625, "gradient_norm": 3.481924295425415, "pid": 1237361, "elapsed_this_session_seconds": 818.0805575894192, "steps_this_session": 3400, "phase": "training", "gpu": "6"}
{"step": 3420, "total": 24000, "loss": 0.20027516409754753, "mixture_probability": 0.1775, "actual_mixture": 0.078125, "gradient_norm": 2.473857879638672, "pid": 1237361, "elapsed_this_session_seconds": 822.530153946951, "steps_this_session": 3420, "phase": "training", "gpu": "6"}
{"step": 3440, "total": 24000, "loss": 0.35133224725723267, "mixture_probability": 0.18, "actual_mixture": 0.1875, "gradient_norm": 4.390507698059082, "pid": 1237361, "elapsed_this_session_seconds": 826.9936512866989, "steps_this_session": 3440, "phase": "training", "gpu": "6"}
{"step": 3460, "total": 24000, "loss": 0.19760147482156754, "mixture_probability": 0.1825, "actual_mixture": 0.140625, "gradient_norm": 2.518409490585327, "pid": 1237361, "elapsed_this_session_seconds": 831.462439163588, "steps_this_session": 3460, "phase": "training", "gpu": "6"}
{"step": 3480, "total": 24000, "loss": 0.28545936569571495, "mixture_probability": 0.185, "actual_mixture": 0.234375, "gradient_norm": 3.2228949069976807, "pid": 1237361, "elapsed_this_session_seconds": 835.9250655900687, "steps_this_session": 3480, "phase": "training", "gpu": "6"}
{"step": 3500, "total": 24000, "loss": 0.211174376308918, "mixture_probability": 0.1875, "actual_mixture": 0.109375, "gradient_norm": 2.8188400268554688, "pid": 1237361, "elapsed_this_session_seconds": 840.3986504077911, "steps_this_session": 3500, "phase": "training", "gpu": "6"}
{"step": 3520, "total": 24000, "loss": 0.47179993242025375, "mixture_probability": 0.19, "actual_mixture": 0.203125, "gradient_norm": 5.329026699066162, "pid": 1237361, "elapsed_this_session_seconds": 844.9649020377547, "steps_this_session": 3520, "phase": "training", "gpu": "6"}
{"step": 3540, "total": 24000, "loss": 0.2530914507806301, "mixture_probability": 0.1925, "actual_mixture": 0.140625, "gradient_norm": 3.172940969467163, "pid": 1237361, "elapsed_this_session_seconds": 849.6175430417061, "steps_this_session": 3540, "phase": "training", "gpu": "6"}
{"step": 3560, "total": 24000, "loss": 0.3049771562218666, "mixture_probability": 0.195, "actual_mixture": 0.21875, "gradient_norm": 3.814772605895996, "pid": 1237361, "elapsed_this_session_seconds": 854.2192586250603, "steps_this_session": 3560, "phase": "training", "gpu": "6"}
{"step": 3580, "total": 24000, "loss": 0.22082069888710976, "mixture_probability": 0.1975, "actual_mixture": 0.140625, "gradient_norm": 2.8863651752471924, "pid": 1237361, "elapsed_this_session_seconds": 858.7612352818251, "steps_this_session": 3580, "phase": "training", "gpu": "6"}
{"step": 3600, "total": 24000, "loss": 0.2796025387942791, "mixture_probability": 0.2, "actual_mixture": 0.234375, "gradient_norm": 3.6627821922302246, "pid": 1237361, "elapsed_this_session_seconds": 863.3423743853346, "steps_this_session": 3600, "phase": "training", "gpu": "6"}
{"step": 3620, "total": 24000, "loss": 0.26757723838090897, "mixture_probability": 0.2025, "actual_mixture": 0.203125, "gradient_norm": 3.0215587615966797, "pid": 1237361, "elapsed_this_session_seconds": 867.8880292028189, "steps_this_session": 3620, "phase": "training", "gpu": "6"}
{"step": 3640, "total": 24000, "loss": 0.21322817355394363, "mixture_probability": 0.205, "actual_mixture": 0.171875, "gradient_norm": 3.260068655014038, "pid": 1237361, "elapsed_this_session_seconds": 872.5027746325359, "steps_this_session": 3640, "phase": "training", "gpu": "6"}
{"step": 3660, "total": 24000, "loss": 0.5186139494180679, "mixture_probability": 0.2075, "actual_mixture": 0.28125, "gradient_norm": 3.7615575790405273, "pid": 1237361, "elapsed_this_session_seconds": 877.1444997768849, "steps_this_session": 3660, "phase": "training", "gpu": "6"}
{"step": 3680, "total": 24000, "loss": 0.3619469627737999, "mixture_probability": 0.21, "actual_mixture": 0.21875, "gradient_norm": 3.4687225818634033, "pid": 1237361, "elapsed_this_session_seconds": 881.730586101301, "steps_this_session": 3680, "phase": "training", "gpu": "6"}
{"step": 3700, "total": 24000, "loss": 0.47176549583673477, "mixture_probability": 0.2125, "actual_mixture": 0.21875, "gradient_norm": 3.7459185123443604, "pid": 1237361, "elapsed_this_session_seconds": 886.3700204854831, "steps_this_session": 3700, "phase": "training", "gpu": "6"}
{"step": 3720, "total": 24000, "loss": 0.19762837141752243, "mixture_probability": 0.215, "actual_mixture": 0.1875, "gradient_norm": 2.652707099914551, "pid": 1237361, "elapsed_this_session_seconds": 891.0013189036399, "steps_this_session": 3720, "phase": "training", "gpu": "6"}
{"step": 3740, "total": 24000, "loss": 0.4457389861345291, "mixture_probability": 0.2175, "actual_mixture": 0.375, "gradient_norm": 3.3147103786468506, "pid": 1237361, "elapsed_this_session_seconds": 895.6619001934305, "steps_this_session": 3740, "phase": "training", "gpu": "6"}
{"step": 3760, "total": 24000, "loss": 0.3189755529165268, "mixture_probability": 0.22, "actual_mixture": 0.171875, "gradient_norm": 4.269030570983887, "pid": 1237361, "elapsed_this_session_seconds": 900.2548006912693, "steps_this_session": 3760, "phase": "training", "gpu": "6"}
{"step": 3780, "total": 24000, "loss": 0.45851773768663406, "mixture_probability": 0.2225, "actual_mixture": 0.234375, "gradient_norm": 4.029448509216309, "pid": 1237361, "elapsed_this_session_seconds": 904.8441480556503, "steps_this_session": 3780, "phase": "training", "gpu": "6"}
{"step": 3800, "total": 24000, "loss": 0.24328258633613586, "mixture_probability": 0.225, "actual_mixture": 0.171875, "gradient_norm": 2.9772682189941406, "pid": 1237361, "elapsed_this_session_seconds": 909.3119901260361, "steps_this_session": 3800, "phase": "training", "gpu": "6"}
{"step": 3820, "total": 24000, "loss": 0.24256320670247078, "mixture_probability": 0.2275, "actual_mixture": 0.21875, "gradient_norm": 3.065288543701172, "pid": 1237361, "elapsed_this_session_seconds": 913.7298380825669, "steps_this_session": 3820, "phase": "training", "gpu": "6"}
{"step": 3840, "total": 24000, "loss": 0.30926620960235596, "mixture_probability": 0.23, "actual_mixture": 0.25, "gradient_norm": 3.4187707901000977, "pid": 1237361, "elapsed_this_session_seconds": 918.17719715368, "steps_this_session": 3840, "phase": "training", "gpu": "6"}
{"step": 3860, "total": 24000, "loss": 0.17498499155044556, "mixture_probability": 0.2325, "actual_mixture": 0.1875, "gradient_norm": 2.5780029296875, "pid": 1237361, "elapsed_this_session_seconds": 922.5987535649911, "steps_this_session": 3860, "phase": "training", "gpu": "6"}
{"step": 3880, "total": 24000, "loss": 0.4223049283027649, "mixture_probability": 0.235, "actual_mixture": 0.25, "gradient_norm": 4.342590808868408, "pid": 1237361, "elapsed_this_session_seconds": 927.0422238716856, "steps_this_session": 3880, "phase": "training", "gpu": "6"}
{"step": 3900, "total": 24000, "loss": 0.24916495755314827, "mixture_probability": 0.2375, "actual_mixture": 0.25, "gradient_norm": 3.349175214767456, "pid": 1237361, "elapsed_this_session_seconds": 931.5148177854717, "steps_this_session": 3900, "phase": "training", "gpu": "6"}
{"step": 3920, "total": 24000, "loss": 0.26923081278800964, "mixture_probability": 0.24, "actual_mixture": 0.28125, "gradient_norm": 3.88682222366333, "pid": 1237361, "elapsed_this_session_seconds": 936.1048021446913, "steps_this_session": 3920, "phase": "training", "gpu": "6"}
{"step": 3940, "total": 24000, "loss": 0.2655123844742775, "mixture_probability": 0.2425, "actual_mixture": 0.234375, "gradient_norm": 3.2200264930725098, "pid": 1237361, "elapsed_this_session_seconds": 940.70490666572, "steps_this_session": 3940, "phase": "training", "gpu": "6"}
{"step": 3960, "total": 24000, "loss": 0.3820556402206421, "mixture_probability": 0.245, "actual_mixture": 0.265625, "gradient_norm": 3.482567548751831, "pid": 1237361, "elapsed_this_session_seconds": 945.3254914581776, "steps_this_session": 3960, "phase": "training", "gpu": "6"}
{"step": 3980, "total": 24000, "loss": 0.37687651440501213, "mixture_probability": 0.2475, "actual_mixture": 0.28125, "gradient_norm": 3.807976484298706, "pid": 1237361, "elapsed_this_session_seconds": 950.0048164352775, "steps_this_session": 3980, "phase": "training", "gpu": "6"}
{"step": 4000, "total": 24000, "loss": 0.518531084060669, "mixture_probability": 0.25, "actual_mixture": 0.265625, "gradient_norm": 5.0914387702941895, "pid": 1237361, "elapsed_this_session_seconds": 954.7205405635759, "steps_this_session": 4000, "phase": "training", "gpu": "6"}
{"step": 4020, "total": 24000, "loss": 0.3487355075776577, "mixture_probability": 0.2525, "actual_mixture": 0.296875, "gradient_norm": 4.020471572875977, "pid": 1237361, "elapsed_this_session_seconds": 1017.6350008854643, "steps_this_session": 4020, "phase": "training", "gpu": "6"}
{"step": 4040, "total": 24000, "loss": 0.33881397172808647, "mixture_probability": 0.255, "actual_mixture": 0.25, "gradient_norm": 3.0925252437591553, "pid": 1237361, "elapsed_this_session_seconds": 1022.4927517985925, "steps_this_session": 4040, "phase": "training", "gpu": "6"}
{"step": 4060, "total": 24000, "loss": 0.5928150974214077, "mixture_probability": 0.2575, "actual_mixture": 0.359375, "gradient_norm": 4.598069190979004, "pid": 1237361, "elapsed_this_session_seconds": 1027.260770432651, "steps_this_session": 4060, "phase": "training", "gpu": "6"}
{"step": 4080, "total": 24000, "loss": 0.3634032532572746, "mixture_probability": 0.26, "actual_mixture": 0.34375, "gradient_norm": 3.507650375366211, "pid": 1237361, "elapsed_this_session_seconds": 1032.0064356299117, "steps_this_session": 4080, "phase": "training", "gpu": "6"}
{"step": 4100, "total": 24000, "loss": 0.6190825030207634, "mixture_probability": 0.2625, "actual_mixture": 0.25, "gradient_norm": 7.834732532501221, "pid": 1237361, "elapsed_this_session_seconds": 1036.7707661474124, "steps_this_session": 4100, "phase": "training", "gpu": "6"}
{"step": 4120, "total": 24000, "loss": 0.2999549061059952, "mixture_probability": 0.265, "actual_mixture": 0.21875, "gradient_norm": 3.740739107131958, "pid": 1237361, "elapsed_this_session_seconds": 1041.5713586648926, "steps_this_session": 4120, "phase": "training", "gpu": "6"}
{"step": 4140, "total": 24000, "loss": 0.3564607836306095, "mixture_probability": 0.2675, "actual_mixture": 0.328125, "gradient_norm": 3.9610583782196045, "pid": 1237361, "elapsed_this_session_seconds": 1046.4830618407577, "steps_this_session": 4140, "phase": "training", "gpu": "6"}
{"step": 4160, "total": 24000, "loss": 0.2759716883301735, "mixture_probability": 0.27, "actual_mixture": 0.234375, "gradient_norm": 3.1646924018859863, "pid": 1237361, "elapsed_this_session_seconds": 1051.395656249486, "steps_this_session": 4160, "phase": "training", "gpu": "6"}
{"step": 4180, "total": 24000, "loss": 0.2946566194295883, "mixture_probability": 0.2725, "actual_mixture": 0.296875, "gradient_norm": 3.8570382595062256, "pid": 1237361, "elapsed_this_session_seconds": 1056.3303406089544, "steps_this_session": 4180, "phase": "training", "gpu": "6"}
{"step": 4200, "total": 24000, "loss": 0.2776547186076641, "mixture_probability": 0.275, "actual_mixture": 0.265625, "gradient_norm": 3.3453798294067383, "pid": 1237361, "elapsed_this_session_seconds": 1061.2073269272223, "steps_this_session": 4200, "phase": "training", "gpu": "6"}
{"step": 4220, "total": 24000, "loss": 0.2809405028820038, "mixture_probability": 0.2775, "actual_mixture": 0.234375, "gradient_norm": 3.152329921722412, "pid": 1237361, "elapsed_this_session_seconds": 1066.0725506460294, "steps_this_session": 4220, "phase": "training", "gpu": "6"}
{"step": 4240, "total": 24000, "loss": 0.3516528159379959, "mixture_probability": 0.28, "actual_mixture": 0.234375, "gradient_norm": 3.7606277465820312, "pid": 1237361, "elapsed_this_session_seconds": 1070.9084020564333, "steps_this_session": 4240, "phase": "training", "gpu": "6"}
{"step": 4260, "total": 24000, "loss": 0.3233102038502693, "mixture_probability": 0.2825, "actual_mixture": 0.40625, "gradient_norm": 3.319100856781006, "pid": 1237361, "elapsed_this_session_seconds": 1075.6583911692724, "steps_this_session": 4260, "phase": "training", "gpu": "6"}
{"step": 4280, "total": 24000, "loss": 0.21862800046801567, "mixture_probability": 0.285, "actual_mixture": 0.25, "gradient_norm": 3.0305380821228027, "pid": 1237361, "elapsed_this_session_seconds": 1080.358471089974, "steps_this_session": 4280, "phase": "training", "gpu": "6"}
{"step": 4300, "total": 24000, "loss": 0.3727588504552841, "mixture_probability": 0.2875, "actual_mixture": 0.28125, "gradient_norm": 3.5025670528411865, "pid": 1237361, "elapsed_this_session_seconds": 1085.1302612442523, "steps_this_session": 4300, "phase": "training", "gpu": "6"}
{"step": 4320, "total": 24000, "loss": 0.40856657177209854, "mixture_probability": 0.29, "actual_mixture": 0.25, "gradient_norm": 3.768812656402588, "pid": 1237361, "elapsed_this_session_seconds": 1089.8279375992715, "steps_this_session": 4320, "phase": "training", "gpu": "6"}
{"step": 4340, "total": 24000, "loss": 0.2662345841526985, "mixture_probability": 0.2925, "actual_mixture": 0.3125, "gradient_norm": 3.392548084259033, "pid": 1237361, "elapsed_this_session_seconds": 1094.3726544948295, "steps_this_session": 4340, "phase": "training", "gpu": "6"}
{"step": 4360, "total": 24000, "loss": 0.3342256173491478, "mixture_probability": 0.295, "actual_mixture": 0.25, "gradient_norm": 3.8592214584350586, "pid": 1237361, "elapsed_this_session_seconds": 1098.8652928303927, "steps_this_session": 4360, "phase": "training", "gpu": "6"}
{"step": 4380, "total": 24000, "loss": 0.27095428854227066, "mixture_probability": 0.2975, "actual_mixture": 0.34375, "gradient_norm": 2.900834560394287, "pid": 1237361, "elapsed_this_session_seconds": 1103.3851814568043, "steps_this_session": 4380, "phase": "training", "gpu": "6"}
{"step": 4400, "total": 24000, "loss": 0.30574556067585945, "mixture_probability": 0.3, "actual_mixture": 0.15625, "gradient_norm": 3.423227310180664, "pid": 1237361, "elapsed_this_session_seconds": 1107.9405887564644, "steps_this_session": 4400, "phase": "training", "gpu": "6"}
{"step": 4420, "total": 24000, "loss": 0.3833632320165634, "mixture_probability": 0.3025, "actual_mixture": 0.28125, "gradient_norm": 3.434662342071533, "pid": 1237361, "elapsed_this_session_seconds": 1112.4381939461455, "steps_this_session": 4420, "phase": "training", "gpu": "6"}
{"step": 4440, "total": 24000, "loss": 0.28082308173179626, "mixture_probability": 0.305, "actual_mixture": 0.28125, "gradient_norm": 2.8952627182006836, "pid": 1237361, "elapsed_this_session_seconds": 1117.013374469243, "steps_this_session": 4440, "phase": "training", "gpu": "6"}
{"step": 4460, "total": 24000, "loss": 0.24875220656394958, "mixture_probability": 0.3075, "actual_mixture": 0.25, "gradient_norm": 2.877131223678589, "pid": 1237361, "elapsed_this_session_seconds": 1121.517517508939, "steps_this_session": 4460, "phase": "training", "gpu": "6"}
{"step": 4480, "total": 24000, "loss": 0.3185363598167896, "mixture_probability": 0.31, "actual_mixture": 0.234375, "gradient_norm": 2.8846800327301025, "pid": 1237361, "elapsed_this_session_seconds": 1126.0243939207867, "steps_this_session": 4480, "phase": "training", "gpu": "6"}
{"step": 4500, "total": 24000, "loss": 0.4931051880121231, "mixture_probability": 0.3125, "actual_mixture": 0.328125, "gradient_norm": 4.123292446136475, "pid": 1237361, "elapsed_this_session_seconds": 1130.509937834926, "steps_this_session": 4500, "phase": "training", "gpu": "6"}
{"step": 4520, "total": 24000, "loss": 0.27195850014686584, "mixture_probability": 0.315, "actual_mixture": 0.296875, "gradient_norm": 3.3097705841064453, "pid": 1237361, "elapsed_this_session_seconds": 1135.040473273024, "steps_this_session": 4520, "phase": "training", "gpu": "6"}
{"step": 4540, "total": 24000, "loss": 0.44854966923594475, "mixture_probability": 0.3175, "actual_mixture": 0.3125, "gradient_norm": 4.065442085266113, "pid": 1237361, "elapsed_this_session_seconds": 1139.5666591338813, "steps_this_session": 4540, "phase": "training", "gpu": "6"}
{"step": 4560, "total": 24000, "loss": 0.29780641943216324, "mixture_probability": 0.32, "actual_mixture": 0.203125, "gradient_norm": 4.414610862731934, "pid": 1237361, "elapsed_this_session_seconds": 1144.148652849719, "steps_this_session": 4560, "phase": "training", "gpu": "6"}
{"step": 4580, "total": 24000, "loss": 0.32695408165454865, "mixture_probability": 0.3225, "actual_mixture": 0.421875, "gradient_norm": 3.6252658367156982, "pid": 1237361, "elapsed_this_session_seconds": 1148.6056074723601, "steps_this_session": 4580, "phase": "training", "gpu": "6"}
{"step": 4600, "total": 24000, "loss": 0.36365877091884613, "mixture_probability": 0.325, "actual_mixture": 0.375, "gradient_norm": 3.621960401535034, "pid": 1237361, "elapsed_this_session_seconds": 1153.0766993211582, "steps_this_session": 4600, "phase": "training", "gpu": "6"}
{"step": 4620, "total": 24000, "loss": 0.38878924027085304, "mixture_probability": 0.3275, "actual_mixture": 0.359375, "gradient_norm": 3.7536051273345947, "pid": 1237361, "elapsed_this_session_seconds": 1157.5245314128697, "steps_this_session": 4620, "phase": "training", "gpu": "6"}
{"step": 4640, "total": 24000, "loss": 0.33005186170339584, "mixture_probability": 0.33, "actual_mixture": 0.3125, "gradient_norm": 3.644092559814453, "pid": 1237361, "elapsed_this_session_seconds": 1162.0459080347791, "steps_this_session": 4640, "phase": "training", "gpu": "6"}
{"step": 4660, "total": 24000, "loss": 0.3754715248942375, "mixture_probability": 0.3325, "actual_mixture": 0.421875, "gradient_norm": 3.8059213161468506, "pid": 1237361, "elapsed_this_session_seconds": 1166.5210207486525, "steps_this_session": 4660, "phase": "training", "gpu": "6"}
{"step": 4680, "total": 24000, "loss": 0.3047010935842991, "mixture_probability": 0.335, "actual_mixture": 0.375, "gradient_norm": 2.837311267852783, "pid": 1237361, "elapsed_this_session_seconds": 1171.0321827828884, "steps_this_session": 4680, "phase": "training", "gpu": "6"}
{"step": 4700, "total": 24000, "loss": 0.2513294667005539, "mixture_probability": 0.3375, "actual_mixture": 0.34375, "gradient_norm": 3.0178096294403076, "pid": 1237361, "elapsed_this_session_seconds": 1175.507769039832, "steps_this_session": 4700, "phase": "training", "gpu": "6"}
{"step": 4720, "total": 24000, "loss": 0.3106892332434654, "mixture_probability": 0.34, "actual_mixture": 0.375, "gradient_norm": 3.509342670440674, "pid": 1237361, "elapsed_this_session_seconds": 1180.0157346129417, "steps_this_session": 4720, "phase": "training", "gpu": "6"}
{"step": 4740, "total": 24000, "loss": 0.3106868863105774, "mixture_probability": 0.3425, "actual_mixture": 0.265625, "gradient_norm": 3.6690096855163574, "pid": 1237361, "elapsed_this_session_seconds": 1184.4746484607458, "steps_this_session": 4740, "phase": "training", "gpu": "6"}
{"step": 4760, "total": 24000, "loss": 0.4083058089017868, "mixture_probability": 0.345, "actual_mixture": 0.359375, "gradient_norm": 4.37380313873291, "pid": 1237361, "elapsed_this_session_seconds": 1188.9991866229102, "steps_this_session": 4760, "phase": "training", "gpu": "6"}
{"step": 4780, "total": 24000, "loss": 0.32679522037506104, "mixture_probability": 0.3475, "actual_mixture": 0.3125, "gradient_norm": 3.2071518898010254, "pid": 1237361, "elapsed_this_session_seconds": 1193.4841603627428, "steps_this_session": 4780, "phase": "training", "gpu": "6"}
{"step": 4800, "total": 24000, "loss": 0.29332391917705536, "mixture_probability": 0.35, "actual_mixture": 0.3125, "gradient_norm": 3.560106039047241, "pid": 1237361, "elapsed_this_session_seconds": 1197.9477375047281, "steps_this_session": 4800, "phase": "training", "gpu": "6"}
{"step": 4820, "total": 24000, "loss": 0.26329973340034485, "mixture_probability": 0.3525, "actual_mixture": 0.25, "gradient_norm": 3.4903013706207275, "pid": 1237361, "elapsed_this_session_seconds": 1202.5988168464974, "steps_this_session": 4820, "phase": "training", "gpu": "6"}
{"step": 4840, "total": 24000, "loss": 0.2306669056415558, "mixture_probability": 0.355, "actual_mixture": 0.34375, "gradient_norm": 3.046351194381714, "pid": 1237361, "elapsed_this_session_seconds": 1207.0824927464128, "steps_this_session": 4840, "phase": "training", "gpu": "6"}
{"step": 4860, "total": 24000, "loss": 0.3844154626131058, "mixture_probability": 0.3575, "actual_mixture": 0.515625, "gradient_norm": 3.1674253940582275, "pid": 1237361, "elapsed_this_session_seconds": 1211.521869475022, "steps_this_session": 4860, "phase": "training", "gpu": "6"}
{"step": 4880, "total": 24000, "loss": 0.3772739842534065, "mixture_probability": 0.36, "actual_mixture": 0.359375, "gradient_norm": 4.2749433517456055, "pid": 1237361, "elapsed_this_session_seconds": 1215.9571402594447, "steps_this_session": 4880, "phase": "training", "gpu": "6"}
{"step": 4900, "total": 24000, "loss": 0.5056949108839035, "mixture_probability": 0.3625, "actual_mixture": 0.421875, "gradient_norm": 4.604950428009033, "pid": 1237361, "elapsed_this_session_seconds": 1220.4326340882108, "steps_this_session": 4900, "phase": "training", "gpu": "6"}
{"step": 4920, "total": 24000, "loss": 0.3113042525947094, "mixture_probability": 0.365, "actual_mixture": 0.328125, "gradient_norm": 3.7929110527038574, "pid": 1237361, "elapsed_this_session_seconds": 1224.9318098658696, "steps_this_session": 4920, "phase": "training", "gpu": "6"}
{"step": 4940, "total": 24000, "loss": 0.40289828926324844, "mixture_probability": 0.3675, "actual_mixture": 0.328125, "gradient_norm": 3.9766719341278076, "pid": 1237361, "elapsed_this_session_seconds": 1229.471681850031, "steps_this_session": 4940, "phase": "training", "gpu": "6"}
{"step": 4960, "total": 24000, "loss": 0.41000549495220184, "mixture_probability": 0.37, "actual_mixture": 0.390625, "gradient_norm": 3.895021438598633, "pid": 1237361, "elapsed_this_session_seconds": 1234.4247323302552, "steps_this_session": 4960, "phase": "training", "gpu": "6"}
{"step": 4980, "total": 24000, "loss": 0.3819008320569992, "mixture_probability": 0.3725, "actual_mixture": 0.3125, "gradient_norm": 5.362025260925293, "pid": 1237361, "elapsed_this_session_seconds": 1239.590943374671, "steps_this_session": 4980, "phase": "training", "gpu": "6"}
{"step": 5000, "total": 24000, "loss": 0.3732698857784271, "mixture_probability": 0.375, "actual_mixture": 0.4375, "gradient_norm": 4.19333553314209, "pid": 1237361, "elapsed_this_session_seconds": 1244.7085367059335, "steps_this_session": 5000, "phase": "training", "gpu": "6"}
{"step": 5020, "total": 24000, "loss": 0.36536696180701256, "mixture_probability": 0.3775, "actual_mixture": 0.390625, "gradient_norm": 3.3733866214752197, "pid": 1237361, "elapsed_this_session_seconds": 1249.5878578117117, "steps_this_session": 5020, "phase": "training", "gpu": "6"}
{"step": 5040, "total": 24000, "loss": 0.25538698956370354, "mixture_probability": 0.38, "actual_mixture": 0.3125, "gradient_norm": 2.6680030822753906, "pid": 1237361, "elapsed_this_session_seconds": 1254.1710060499609, "steps_this_session": 5040, "phase": "training", "gpu": "6"}
{"step": 5060, "total": 24000, "loss": 0.2431957721710205, "mixture_probability": 0.3825, "actual_mixture": 0.34375, "gradient_norm": 2.8234951496124268, "pid": 1237361, "elapsed_this_session_seconds": 1259.1454371446744, "steps_this_session": 5060, "phase": "training", "gpu": "6"}
{"step": 5080, "total": 24000, "loss": 0.3267270587384701, "mixture_probability": 0.385, "actual_mixture": 0.390625, "gradient_norm": 3.884209156036377, "pid": 1237361, "elapsed_this_session_seconds": 1263.7911126296967, "steps_this_session": 5080, "phase": "training", "gpu": "6"}
{"step": 5100, "total": 24000, "loss": 0.4237858057022095, "mixture_probability": 0.3875, "actual_mixture": 0.375, "gradient_norm": 3.9306530952453613, "pid": 1237361, "elapsed_this_session_seconds": 1268.242007494904, "steps_this_session": 5100, "phase": "training", "gpu": "6"}
{"step": 5120, "total": 24000, "loss": 0.39995522424578667, "mixture_probability": 0.39, "actual_mixture": 0.34375, "gradient_norm": 3.933560848236084, "pid": 1237361, "elapsed_this_session_seconds": 1272.6864015711471, "steps_this_session": 5120, "phase": "training", "gpu": "6"}
{"step": 5140, "total": 24000, "loss": 0.340496726334095, "mixture_probability": 0.3925, "actual_mixture": 0.40625, "gradient_norm": 3.841723680496216, "pid": 1237361, "elapsed_this_session_seconds": 1277.1083989143372, "steps_this_session": 5140, "phase": "training", "gpu": "6"}
{"step": 5160, "total": 24000, "loss": 0.3327939212322235, "mixture_probability": 0.395, "actual_mixture": 0.296875, "gradient_norm": 4.078309059143066, "pid": 1237361, "elapsed_this_session_seconds": 1281.5772453173995, "steps_this_session": 5160, "phase": "training", "gpu": "6"}
{"step": 5180, "total": 24000, "loss": 0.333011694252491, "mixture_probability": 0.3975, "actual_mixture": 0.453125, "gradient_norm": 3.4222922325134277, "pid": 1237361, "elapsed_this_session_seconds": 1286.03021739237, "steps_this_session": 5180, "phase": "training", "gpu": "6"}
{"step": 5200, "total": 24000, "loss": 0.2719828002154827, "mixture_probability": 0.4, "actual_mixture": 0.3125, "gradient_norm": 2.885798931121826, "pid": 1237361, "elapsed_this_session_seconds": 1290.4805737696588, "steps_this_session": 5200, "phase": "training", "gpu": "6"}
{"step": 5220, "total": 24000, "loss": 0.34165916591882706, "mixture_probability": 0.4025, "actual_mixture": 0.484375, "gradient_norm": 3.1172542572021484, "pid": 1237361, "elapsed_this_session_seconds": 1295.0443452652544, "steps_this_session": 5220, "phase": "training", "gpu": "6"}
{"step": 5240, "total": 24000, "loss": 0.29249221086502075, "mixture_probability": 0.405, "actual_mixture": 0.328125, "gradient_norm": 3.648676633834839, "pid": 1237361, "elapsed_this_session_seconds": 1299.5451019890606, "steps_this_session": 5240, "phase": "training", "gpu": "6"}
{"step": 5260, "total": 24000, "loss": 0.3395523950457573, "mixture_probability": 0.4075, "actual_mixture": 0.421875, "gradient_norm": 3.462608575820923, "pid": 1237361, "elapsed_this_session_seconds": 1303.9832888357341, "steps_this_session": 5260, "phase": "training", "gpu": "6"}
{"step": 5280, "total": 24000, "loss": 0.46768566220998764, "mixture_probability": 0.41, "actual_mixture": 0.484375, "gradient_norm": 3.917833089828491, "pid": 1237361, "elapsed_this_session_seconds": 1308.4638980329037, "steps_this_session": 5280, "phase": "training", "gpu": "6"}
{"step": 5300, "total": 24000, "loss": 0.2863613925874233, "mixture_probability": 0.4125, "actual_mixture": 0.4375, "gradient_norm": 3.1517326831817627, "pid": 1237361, "elapsed_this_session_seconds": 1312.9595023803413, "steps_this_session": 5300, "phase": "training", "gpu": "6"}
{"step": 5320, "total": 24000, "loss": 0.3238653838634491, "mixture_probability": 0.415, "actual_mixture": 0.4375, "gradient_norm": 3.6261069774627686, "pid": 1237361, "elapsed_this_session_seconds": 1317.4097260171548, "steps_this_session": 5320, "phase": "training", "gpu": "6"}
{"step": 5340, "total": 24000, "loss": 0.2955736443400383, "mixture_probability": 0.4175, "actual_mixture": 0.40625, "gradient_norm": 3.3167715072631836, "pid": 1237361, "elapsed_this_session_seconds": 1321.871834767051, "steps_this_session": 5340, "phase": "training", "gpu": "6"}
{"step": 5360, "total": 24000, "loss": 0.36505836248397827, "mixture_probability": 0.42, "actual_mixture": 0.34375, "gradient_norm": 3.67923903465271, "pid": 1237361, "elapsed_this_session_seconds": 1326.3384009078145, "steps_this_session": 5360, "phase": "training", "gpu": "6"}
{"step": 5380, "total": 24000, "loss": 0.4522069916129112, "mixture_probability": 0.4225, "actual_mixture": 0.5, "gradient_norm": 4.1346435546875, "pid": 1237361, "elapsed_this_session_seconds": 1330.7834319556132, "steps_this_session": 5380, "phase": "training", "gpu": "6"}
{"step": 5400, "total": 24000, "loss": 0.2989427223801613, "mixture_probability": 0.425, "actual_mixture": 0.375, "gradient_norm": 3.698568820953369, "pid": 1237361, "elapsed_this_session_seconds": 1335.2031320659444, "steps_this_session": 5400, "phase": "training", "gpu": "6"}
{"step": 5420, "total": 24000, "loss": 0.46599963307380676, "mixture_probability": 0.4275, "actual_mixture": 0.40625, "gradient_norm": 5.465121269226074, "pid": 1237361, "elapsed_this_session_seconds": 1339.6612631753087, "steps_this_session": 5420, "phase": "training", "gpu": "6"}
{"step": 5440, "total": 24000, "loss": 0.30562929064035416, "mixture_probability": 0.43, "actual_mixture": 0.421875, "gradient_norm": 3.573030710220337, "pid": 1237361, "elapsed_this_session_seconds": 1344.0981836225837, "steps_this_session": 5440, "phase": "training", "gpu": "6"}
{"step": 5460, "total": 24000, "loss": 0.3851621448993683, "mixture_probability": 0.4325, "actual_mixture": 0.4375, "gradient_norm": 4.075089931488037, "pid": 1237361, "elapsed_this_session_seconds": 1348.549442011863, "steps_this_session": 5460, "phase": "training", "gpu": "6"}
{"step": 5480, "total": 24000, "loss": 0.32051435858011246, "mixture_probability": 0.435, "actual_mixture": 0.390625, "gradient_norm": 3.0356786251068115, "pid": 1237361, "elapsed_this_session_seconds": 1353.0236261393875, "steps_this_session": 5480, "phase": "training", "gpu": "6"}
{"step": 5500, "total": 24000, "loss": 0.3230477459728718, "mixture_probability": 0.4375, "actual_mixture": 0.40625, "gradient_norm": 3.1197924613952637, "pid": 1237361, "elapsed_this_session_seconds": 1357.4755356386304, "steps_this_session": 5500, "phase": "training", "gpu": "6"}
{"step": 5520, "total": 24000, "loss": 0.3408013842999935, "mixture_probability": 0.44, "actual_mixture": 0.46875, "gradient_norm": 2.934260845184326, "pid": 1237361, "elapsed_this_session_seconds": 1361.8944278750569, "steps_this_session": 5520, "phase": "training", "gpu": "6"}
{"step": 5540, "total": 24000, "loss": 0.3421611487865448, "mixture_probability": 0.4425, "actual_mixture": 0.546875, "gradient_norm": 3.0531322956085205, "pid": 1237361, "elapsed_this_session_seconds": 1366.3327656099573, "steps_this_session": 5540, "phase": "training", "gpu": "6"}
{"step": 5560, "total": 24000, "loss": 0.37351543456315994, "mixture_probability": 0.445, "actual_mixture": 0.375, "gradient_norm": 3.4262332916259766, "pid": 1237361, "elapsed_this_session_seconds": 1370.7765643419698, "steps_this_session": 5560, "phase": "training", "gpu": "6"}
{"step": 5580, "total": 24000, "loss": 0.3938840180635452, "mixture_probability": 0.4475, "actual_mixture": 0.328125, "gradient_norm": 3.5965030193328857, "pid": 1237361, "elapsed_this_session_seconds": 1375.2345073726028, "steps_this_session": 5580, "phase": "training", "gpu": "6"}
{"step": 5600, "total": 24000, "loss": 0.4480603113770485, "mixture_probability": 0.45, "actual_mixture": 0.453125, "gradient_norm": 3.364619731903076, "pid": 1237361, "elapsed_this_session_seconds": 1379.765994919464, "steps_this_session": 5600, "phase": "training", "gpu": "6"}
{"step": 5620, "total": 24000, "loss": 0.3676597326993942, "mixture_probability": 0.4525, "actual_mixture": 0.53125, "gradient_norm": 3.709005355834961, "pid": 1237361, "elapsed_this_session_seconds": 1384.2356859017164, "steps_this_session": 5620, "phase": "training", "gpu": "6"}
{"step": 5640, "total": 24000, "loss": 0.2658173628151417, "mixture_probability": 0.455, "actual_mixture": 0.46875, "gradient_norm": 3.1786136627197266, "pid": 1237361, "elapsed_this_session_seconds": 1388.7086133472621, "steps_this_session": 5640, "phase": "training", "gpu": "6"}
{"step": 5660, "total": 24000, "loss": 0.43271441012620926, "mixture_probability": 0.4575, "actual_mixture": 0.53125, "gradient_norm": 3.377609968185425, "pid": 1237361, "elapsed_this_session_seconds": 1393.1575075322762, "steps_this_session": 5660, "phase": "training", "gpu": "6"}
{"step": 5680, "total": 24000, "loss": 0.4424205347895622, "mixture_probability": 0.46, "actual_mixture": 0.453125, "gradient_norm": 3.5705723762512207, "pid": 1237361, "elapsed_this_session_seconds": 1397.5544840702787, "steps_this_session": 5680, "phase": "training", "gpu": "6"}
{"step": 5700, "total": 24000, "loss": 0.4391377791762352, "mixture_probability": 0.4625, "actual_mixture": 0.515625, "gradient_norm": 4.022270202636719, "pid": 1237361, "elapsed_this_session_seconds": 1401.9728847863153, "steps_this_session": 5700, "phase": "training", "gpu": "6"}
{"step": 5720, "total": 24000, "loss": 0.4361238032579422, "mixture_probability": 0.465, "actual_mixture": 0.5, "gradient_norm": 4.034423828125, "pid": 1237361, "elapsed_this_session_seconds": 1406.3853004910052, "steps_this_session": 5720, "phase": "training", "gpu": "6"}
{"step": 5740, "total": 24000, "loss": 0.39734947681427, "mixture_probability": 0.4675, "actual_mixture": 0.46875, "gradient_norm": 3.1536078453063965, "pid": 1237361, "elapsed_this_session_seconds": 1410.8488273452967, "steps_this_session": 5740, "phase": "training", "gpu": "6"}
{"step": 5760, "total": 24000, "loss": 0.40508465468883514, "mixture_probability": 0.47, "actual_mixture": 0.484375, "gradient_norm": 3.6636035442352295, "pid": 1237361, "elapsed_this_session_seconds": 1415.3212441597134, "steps_this_session": 5760, "phase": "training", "gpu": "6"}
{"step": 5780, "total": 24000, "loss": 0.5421047806739807, "mixture_probability": 0.4725, "actual_mixture": 0.515625, "gradient_norm": 4.799434185028076, "pid": 1237361, "elapsed_this_session_seconds": 1419.7522825719789, "steps_this_session": 5780, "phase": "training", "gpu": "6"}
{"step": 5800, "total": 24000, "loss": 0.34193072840571404, "mixture_probability": 0.475, "actual_mixture": 0.4375, "gradient_norm": 3.0166449546813965, "pid": 1237361, "elapsed_this_session_seconds": 1424.1250711139292, "steps_this_session": 5800, "phase": "training", "gpu": "6"}
{"step": 5820, "total": 24000, "loss": 0.3214552588760853, "mixture_probability": 0.4775, "actual_mixture": 0.421875, "gradient_norm": 3.1403825283050537, "pid": 1237361, "elapsed_this_session_seconds": 1428.4952190136537, "steps_this_session": 5820, "phase": "training", "gpu": "6"}
{"step": 5840, "total": 24000, "loss": 0.36869730055332184, "mixture_probability": 0.48, "actual_mixture": 0.484375, "gradient_norm": 3.8833601474761963, "pid": 1237361, "elapsed_this_session_seconds": 1432.9206455964595, "steps_this_session": 5840, "phase": "training", "gpu": "6"}
{"step": 5860, "total": 24000, "loss": 0.3992200866341591, "mixture_probability": 0.4825, "actual_mixture": 0.453125, "gradient_norm": 3.479508876800537, "pid": 1237361, "elapsed_this_session_seconds": 1437.3201663186774, "steps_this_session": 5860, "phase": "training", "gpu": "6"}
{"step": 5880, "total": 24000, "loss": 0.4132126569747925, "mixture_probability": 0.485, "actual_mixture": 0.453125, "gradient_norm": 4.438407897949219, "pid": 1237361, "elapsed_this_session_seconds": 1441.790462241508, "steps_this_session": 5880, "phase": "training", "gpu": "6"}
{"step": 5900, "total": 24000, "loss": 0.36510469019412994, "mixture_probability": 0.4875, "actual_mixture": 0.515625, "gradient_norm": 3.218825101852417, "pid": 1237361, "elapsed_this_session_seconds": 1446.2199364677072, "steps_this_session": 5900, "phase": "training", "gpu": "6"}
{"step": 5920, "total": 24000, "loss": 0.43576212227344513, "mixture_probability": 0.49, "actual_mixture": 0.4375, "gradient_norm": 4.561661243438721, "pid": 1237361, "elapsed_this_session_seconds": 1450.6462433887646, "steps_this_session": 5920, "phase": "training", "gpu": "6"}
{"step": 5940, "total": 24000, "loss": 0.40007030218839645, "mixture_probability": 0.4925, "actual_mixture": 0.421875, "gradient_norm": 4.387224197387695, "pid": 1237361, "elapsed_this_session_seconds": 1455.0569425104186, "steps_this_session": 5940, "phase": "training", "gpu": "6"}
{"step": 5960, "total": 24000, "loss": 0.37773727253079414, "mixture_probability": 0.495, "actual_mixture": 0.46875, "gradient_norm": 3.3865435123443604, "pid": 1237361, "elapsed_this_session_seconds": 1459.453311954625, "steps_this_session": 5960, "phase": "training", "gpu": "6"}
{"step": 5980, "total": 24000, "loss": 0.4595368355512619, "mixture_probability": 0.4975, "actual_mixture": 0.53125, "gradient_norm": 3.9236576557159424, "pid": 1237361, "elapsed_this_session_seconds": 1463.8808155348524, "steps_this_session": 5980, "phase": "training", "gpu": "6"}
{"step": 6000, "total": 24000, "loss": 0.41710662841796875, "mixture_probability": 0.5, "actual_mixture": 0.421875, "gradient_norm": 4.243793487548828, "pid": 1237361, "elapsed_this_session_seconds": 1468.274511197582, "steps_this_session": 6000, "phase": "training", "gpu": "6"}
{"step": 6020, "total": 24000, "loss": 0.45975929498672485, "mixture_probability": 0.5, "actual_mixture": 0.515625, "gradient_norm": 4.311498641967773, "pid": 1237361, "elapsed_this_session_seconds": 1529.9780121613294, "steps_this_session": 6020, "phase": "training", "gpu": "6"}
{"step": 6040, "total": 24000, "loss": 0.4489843398332596, "mixture_probability": 0.5, "actual_mixture": 0.546875, "gradient_norm": 3.269345760345459, "pid": 1237361, "elapsed_this_session_seconds": 1534.556476562284, "steps_this_session": 6040, "phase": "training", "gpu": "6"}
{"step": 6060, "total": 24000, "loss": 0.3927651643753052, "mixture_probability": 0.5, "actual_mixture": 0.484375, "gradient_norm": 3.7101504802703857, "pid": 1237361, "elapsed_this_session_seconds": 1539.2803554190323, "steps_this_session": 6060, "phase": "training", "gpu": "6"}
{"step": 6080, "total": 24000, "loss": 0.43152568489313126, "mixture_probability": 0.5, "actual_mixture": 0.53125, "gradient_norm": 4.096482753753662, "pid": 1237361, "elapsed_this_session_seconds": 1543.9624209357426, "steps_this_session": 6080, "phase": "training", "gpu": "6"}
{"step": 6100, "total": 24000, "loss": 0.34795545786619186, "mixture_probability": 0.5, "actual_mixture": 0.53125, "gradient_norm": 3.5798680782318115, "pid": 1237361, "elapsed_this_session_seconds": 1548.6357247931883, "steps_this_session": 6100, "phase": "training", "gpu": "6"}
{"step": 6120, "total": 24000, "loss": 0.3612862750887871, "mixture_probability": 0.5, "actual_mixture": 0.625, "gradient_norm": 3.6484193801879883, "pid": 1237361, "elapsed_this_session_seconds": 1553.2890425920486, "steps_this_session": 6120, "phase": "training", "gpu": "6"}
{"step": 6140, "total": 24000, "loss": 0.45248258858919144, "mixture_probability": 0.5, "actual_mixture": 0.578125, "gradient_norm": 3.7864203453063965, "pid": 1237361, "elapsed_this_session_seconds": 1557.9296575309709, "steps_this_session": 6140, "phase": "training", "gpu": "6"}
{"step": 6160, "total": 24000, "loss": 0.40688248723745346, "mixture_probability": 0.5, "actual_mixture": 0.5, "gradient_norm": 3.1636316776275635, "pid": 1237361, "elapsed_this_session_seconds": 1562.609184334986, "steps_this_session": 6160, "phase": "training", "gpu": "6"}
{"step": 6180, "total": 24000, "loss": 0.4003972001373768, "mixture_probability": 0.5, "actual_mixture": 0.390625, "gradient_norm": 3.5578575134277344, "pid": 1237361, "elapsed_this_session_seconds": 1567.2754322178662, "steps_this_session": 6180, "phase": "training", "gpu": "6"}
{"step": 6200, "total": 24000, "loss": 0.34520381689071655, "mixture_probability": 0.5, "actual_mixture": 0.46875, "gradient_norm": 3.907900333404541, "pid": 1237361, "elapsed_this_session_seconds": 1571.9846213962883, "steps_this_session": 6200, "phase": "training", "gpu": "6"}
{"step": 6220, "total": 24000, "loss": 0.30122029036283493, "mixture_probability": 0.5, "actual_mixture": 0.515625, "gradient_norm": 3.619584560394287, "pid": 1237361, "elapsed_this_session_seconds": 1576.6945454040542, "steps_this_session": 6220, "phase": "training", "gpu": "6"}
{"step": 6240, "total": 24000, "loss": 0.4221610128879547, "mixture_probability": 0.5, "actual_mixture": 0.546875, "gradient_norm": 4.392515659332275, "pid": 1237361, "elapsed_this_session_seconds": 1581.379349916242, "steps_this_session": 6240, "phase": "training", "gpu": "6"}
{"step": 6260, "total": 24000, "loss": 0.2402302399277687, "mixture_probability": 0.5, "actual_mixture": 0.359375, "gradient_norm": 3.026467800140381, "pid": 1237361, "elapsed_this_session_seconds": 1586.0789223862812, "steps_this_session": 6260, "phase": "training", "gpu": "6"}
{"step": 6280, "total": 24000, "loss": 0.3675971105694771, "mixture_probability": 0.5, "actual_mixture": 0.5625, "gradient_norm": 3.7495381832122803, "pid": 1237361, "elapsed_this_session_seconds": 1590.8785754926503, "steps_this_session": 6280, "phase": "training", "gpu": "6"}
{"step": 6300, "total": 24000, "loss": 0.6423652172088623, "mixture_probability": 0.5, "actual_mixture": 0.5, "gradient_norm": 6.23178243637085, "pid": 1237361, "elapsed_this_session_seconds": 1595.2129762303084, "steps_this_session": 6300, "phase": "training", "gpu": "6"}
{"step": 6320, "total": 24000, "loss": 0.4781334176659584, "mixture_probability": 0.5, "actual_mixture": 0.609375, "gradient_norm": 4.023294925689697, "pid": 1237361, "elapsed_this_session_seconds": 1599.577516246587, "steps_this_session": 6320, "phase": "training", "gpu": "6"}
{"step": 6340, "total": 24000, "loss": 0.39949513226747513, "mixture_probability": 0.5, "actual_mixture": 0.453125, "gradient_norm": 3.715075969696045, "pid": 1237361, "elapsed_this_session_seconds": 1603.9712988417596, "steps_this_session": 6340, "phase": "training", "gpu": "6"}
{"step": 6360, "total": 24000, "loss": 0.3459889478981495, "mixture_probability": 0.5, "actual_mixture": 0.421875, "gradient_norm": 3.347653388977051, "pid": 1237361, "elapsed_this_session_seconds": 1608.3280287059024, "steps_this_session": 6360, "phase": "training", "gpu": "6"}
{"step": 6380, "total": 24000, "loss": 0.3688828982412815, "mixture_probability": 0.5, "actual_mixture": 0.453125, "gradient_norm": 3.780824661254883, "pid": 1237361, "elapsed_this_session_seconds": 1612.7546297106892, "steps_this_session": 6380, "phase": "training", "gpu": "6"}
{"step": 6400, "total": 24000, "loss": 0.34891432896256447, "mixture_probability": 0.5, "actual_mixture": 0.53125, "gradient_norm": 3.101736307144165, "pid": 1237361, "elapsed_this_session_seconds": 1617.1885951142758, "steps_this_session": 6400, "phase": "training", "gpu": "6"}
{"step": 6420, "total": 24000, "loss": 0.366609089076519, "mixture_probability": 0.5, "actual_mixture": 0.390625, "gradient_norm": 3.621892213821411, "pid": 1237361, "elapsed_this_session_seconds": 1621.5682717170566, "steps_this_session": 6420, "phase": "training", "gpu": "6"}
{"step": 6440, "total": 24000, "loss": 0.43885401263833046, "mixture_probability": 0.5, "actual_mixture": 0.53125, "gradient_norm": 3.6761720180511475, "pid": 1237361, "elapsed_this_session_seconds": 1625.91996682249, "steps_this_session": 6440, "phase": "training", "gpu": "6"}
{"step": 6460, "total": 24000, "loss": 0.3557544946670532, "mixture_probability": 0.5, "actual_mixture": 0.59375, "gradient_norm": 3.6443235874176025, "pid": 1237361, "elapsed_this_session_seconds": 1630.2974318014458, "steps_this_session": 6460, "phase": "training", "gpu": "6"}
{"step": 6480, "total": 24000, "loss": 0.3828832358121872, "mixture_probability": 0.5, "actual_mixture": 0.46875, "gradient_norm": 3.6092894077301025, "pid": 1237361, "elapsed_this_session_seconds": 1634.6670783739537, "steps_this_session": 6480, "phase": "training", "gpu": "6"}
{"step": 6500, "total": 24000, "loss": 0.26069385558366776, "mixture_probability": 0.5, "actual_mixture": 0.484375, "gradient_norm": 2.728804111480713, "pid": 1237361, "elapsed_this_session_seconds": 1639.0173107376322, "steps_this_session": 6500, "phase": "training", "gpu": "6"}
{"step": 6520, "total": 24000, "loss": 0.4476146697998047, "mixture_probability": 0.5, "actual_mixture": 0.484375, "gradient_norm": 4.444675922393799, "pid": 1237361, "elapsed_this_session_seconds": 1643.3702632766217, "steps_this_session": 6520, "phase": "training", "gpu": "6"}
{"step": 6540, "total": 24000, "loss": 0.5537566617131233, "mixture_probability": 0.5, "actual_mixture": 0.53125, "gradient_norm": 4.619394779205322, "pid": 1237361, "elapsed_this_session_seconds": 1647.7156315045431, "steps_this_session": 6540, "phase": "training", "gpu": "6"}
{"step": 6560, "total": 24000, "loss": 0.5113972425460815, "mixture_probability": 0.5, "actual_mixture": 0.546875, "gradient_norm": 4.616067409515381, "pid": 1237361, "elapsed_this_session_seconds": 1652.137457722798, "steps_this_session": 6560, "phase": "training", "gpu": "6"}
{"step": 6580, "total": 24000, "loss": 0.37470147013664246, "mixture_probability": 0.5, "actual_mixture": 0.515625, "gradient_norm": 3.420860528945923, "pid": 1237361, "elapsed_this_session_seconds": 1656.4724166812375, "steps_this_session": 6580, "phase": "training", "gpu": "6"}
{"step": 6600, "total": 24000, "loss": 0.44640999287366867, "mixture_probability": 0.5, "actual_mixture": 0.546875, "gradient_norm": 3.6981730461120605, "pid": 1237361, "elapsed_this_session_seconds": 1660.7920251339674, "steps_this_session": 6600, "phase": "training", "gpu": "6"}
{"step": 6620, "total": 24000, "loss": 0.42138418555259705, "mixture_probability": 0.5, "actual_mixture": 0.5625, "gradient_norm": 3.6962084770202637, "pid": 1237361, "elapsed_this_session_seconds": 1665.1455607116222, "steps_this_session": 6620, "phase": "training", "gpu": "6"}
{"step": 6640, "total": 24000, "loss": 0.47134119644761086, "mixture_probability": 0.5, "actual_mixture": 0.515625, "gradient_norm": 3.683593511581421, "pid": 1237361, "elapsed_this_session_seconds": 1669.5001935698092, "steps_this_session": 6640, "phase": "training", "gpu": "6"}
{"step": 6660, "total": 24000, "loss": 0.3897782266139984, "mixture_probability": 0.5, "actual_mixture": 0.4375, "gradient_norm": 3.7111358642578125, "pid": 1237361, "elapsed_this_session_seconds": 1673.82249237597, "steps_this_session": 6660, "phase": "training", "gpu": "6"}
{"step": 6680, "total": 24000, "loss": 0.45267367362976074, "mixture_probability": 0.5, "actual_mixture": 0.484375, "gradient_norm": 4.939867973327637, "pid": 1237361, "elapsed_this_session_seconds": 1678.1840224014595, "steps_this_session": 6680, "phase": "training", "gpu": "6"}
{"step": 6700, "total": 24000, "loss": 0.3402024731040001, "mixture_probability": 0.5, "actual_mixture": 0.5, "gradient_norm": 3.8062939643859863, "pid": 1237361, "elapsed_this_session_seconds": 1682.5535601265728, "steps_this_session": 6700, "phase": "training", "gpu": "6"}
{"step": 6720, "total": 24000, "loss": 0.39392854273319244, "mixture_probability": 0.5, "actual_mixture": 0.609375, "gradient_norm": 3.443124771118164, "pid": 1237361, "elapsed_this_session_seconds": 1686.9181186156347, "steps_this_session": 6720, "phase": "training", "gpu": "6"}
{"step": 6740, "total": 24000, "loss": 0.3450934365391731, "mixture_probability": 0.5, "actual_mixture": 0.484375, "gradient_norm": 3.6232824325561523, "pid": 1237361, "elapsed_this_session_seconds": 1691.3062025355175, "steps_this_session": 6740, "phase": "training", "gpu": "6"}
{"step": 6760, "total": 24000, "loss": 0.40326647460460663, "mixture_probability": 0.5, "actual_mixture": 0.546875, "gradient_norm": 3.6191210746765137, "pid": 1237361, "elapsed_this_session_seconds": 1695.6705546649173, "steps_this_session": 6760, "phase": "training", "gpu": "6"}
{"step": 6780, "total": 24000, "loss": 0.3415617495775223, "mixture_probability": 0.5, "actual_mixture": 0.484375, "gradient_norm": 3.1559128761291504, "pid": 1237361, "elapsed_this_session_seconds": 1700.0138245383278, "steps_this_session": 6780, "phase": "training", "gpu": "6"}
{"step": 6800, "total": 24000, "loss": 0.37795646488666534, "mixture_probability": 0.5, "actual_mixture": 0.609375, "gradient_norm": 3.8626646995544434, "pid": 1237361, "elapsed_this_session_seconds": 1704.3828543331474, "steps_this_session": 6800, "phase": "training", "gpu": "6"}
{"step": 6820, "total": 24000, "loss": 0.3478686958551407, "mixture_probability": 0.5, "actual_mixture": 0.484375, "gradient_norm": 3.5683555603027344, "pid": 1237361, "elapsed_this_session_seconds": 1708.7094662087038, "steps_this_session": 6820, "phase": "training", "gpu": "6"}
{"step": 6840, "total": 24000, "loss": 0.4305673912167549, "mixture_probability": 0.5, "actual_mixture": 0.484375, "gradient_norm": 3.2944719791412354, "pid": 1237361, "elapsed_this_session_seconds": 1713.5989356786013, "steps_this_session": 6840, "phase": "training", "gpu": "6"}
{"step": 6860, "total": 24000, "loss": 0.5237539634108543, "mixture_probability": 0.5, "actual_mixture": 0.53125, "gradient_norm": 5.394920349121094, "pid": 1237361, "elapsed_this_session_seconds": 1718.4332114541903, "steps_this_session": 6860, "phase": "training", "gpu": "6"}
{"step": 6880, "total": 24000, "loss": 0.45513924956321716, "mixture_probability": 0.5, "actual_mixture": 0.59375, "gradient_norm": 3.6136977672576904, "pid": 1237361, "elapsed_this_session_seconds": 1723.2200623024255, "steps_this_session": 6880, "phase": "training", "gpu": "6"}
{"step": 6900, "total": 24000, "loss": 0.5023837685585022, "mixture_probability": 0.5, "actual_mixture": 0.484375, "gradient_norm": 4.924831867218018, "pid": 1237361, "elapsed_this_session_seconds": 1728.0249546887353, "steps_this_session": 6900, "phase": "training", "gpu": "6"}
{"step": 6920, "total": 24000, "loss": 0.43585868179798126, "mixture_probability": 0.5, "actual_mixture": 0.625, "gradient_norm": 3.2055466175079346, "pid": 1237361, "elapsed_this_session_seconds": 1732.7715698108077, "steps_this_session": 6920, "phase": "training", "gpu": "6"}
{"step": 6940, "total": 24000, "loss": 0.37337585911154747, "mixture_probability": 0.5, "actual_mixture": 0.453125, "gradient_norm": 3.2128279209136963, "pid": 1237361, "elapsed_this_session_seconds": 1737.4589421367273, "steps_this_session": 6940, "phase": "training", "gpu": "6"}
{"step": 6960, "total": 24000, "loss": 0.4674279987812042, "mixture_probability": 0.5, "actual_mixture": 0.46875, "gradient_norm": 4.210248947143555, "pid": 1237361, "elapsed_this_session_seconds": 1742.2176048066467, "steps_this_session": 6960, "phase": "training", "gpu": "6"}
{"step": 6980, "total": 24000, "loss": 0.3153785727918148, "mixture_probability": 0.5, "actual_mixture": 0.515625, "gradient_norm": 3.166221857070923, "pid": 1237361, "elapsed_this_session_seconds": 1746.907778609544, "steps_this_session": 6980, "phase": "training", "gpu": "6"}
{"step": 7000, "total": 24000, "loss": 0.29771723598241806, "mixture_probability": 0.5, "actual_mixture": 0.53125, "gradient_norm": 3.3951187133789062, "pid": 1237361, "elapsed_this_session_seconds": 1751.6157492743805, "steps_this_session": 7000, "phase": "training", "gpu": "6"}
{"step": 7020, "total": 24000, "loss": 0.40898600965738297, "mixture_probability": 0.5, "actual_mixture": 0.546875, "gradient_norm": 4.324098587036133, "pid": 1237361, "elapsed_this_session_seconds": 1756.3634682241827, "steps_this_session": 7020, "phase": "training", "gpu": "6"}
{"step": 7040, "total": 24000, "loss": 0.2967081367969513, "mixture_probability": 0.5, "actual_mixture": 0.4375, "gradient_norm": 3.064204692840576, "pid": 1237361, "elapsed_this_session_seconds": 1761.089084486477, "steps_this_session": 7040, "phase": "training", "gpu": "6"}
{"step": 7060, "total": 24000, "loss": 0.3098304644227028, "mixture_probability": 0.5, "actual_mixture": 0.453125, "gradient_norm": 3.084977626800537, "pid": 1237361, "elapsed_this_session_seconds": 1766.317888205871, "steps_this_session": 7060, "phase": "training", "gpu": "6"}
{"step": 7080, "total": 24000, "loss": 0.3845534399151802, "mixture_probability": 0.5, "actual_mixture": 0.421875, "gradient_norm": 3.3168206214904785, "pid": 1237361, "elapsed_this_session_seconds": 1771.0853075506166, "steps_this_session": 7080, "phase": "training", "gpu": "6"}
{"step": 7100, "total": 24000, "loss": 0.41737160086631775, "mixture_probability": 0.5, "actual_mixture": 0.53125, "gradient_norm": 4.218989372253418, "pid": 1237361, "elapsed_this_session_seconds": 1775.8146343966946, "steps_this_session": 7100, "phase": "training", "gpu": "6"}
{"step": 7120, "total": 24000, "loss": 0.39986374974250793, "mixture_probability": 0.5, "actual_mixture": 0.546875, "gradient_norm": 4.001511573791504, "pid": 1237361, "elapsed_this_session_seconds": 1780.5613966695964, "steps_this_session": 7120, "phase": "training", "gpu": "6"}
{"step": 7140, "total": 24000, "loss": 0.37458786368370056, "mixture_probability": 0.5, "actual_mixture": 0.5, "gradient_norm": 3.7765936851501465, "pid": 1237361, "elapsed_this_session_seconds": 1785.3326800111681, "steps_this_session": 7140, "phase": "training", "gpu": "6"}
{"step": 7160, "total": 24000, "loss": 0.41531211882829666, "mixture_probability": 0.5, "actual_mixture": 0.625, "gradient_norm": 3.8110392093658447, "pid": 1237361, "elapsed_this_session_seconds": 1790.0897958213463, "steps_this_session": 7160, "phase": "training", "gpu": "6"}
{"step": 7180, "total": 24000, "loss": 0.41018376126885414, "mixture_probability": 0.5, "actual_mixture": 0.53125, "gradient_norm": 4.4442620277404785, "pid": 1237361, "elapsed_this_session_seconds": 1794.89523611404, "steps_this_session": 7180, "phase": "training", "gpu": "6"}
{"step": 7200, "total": 24000, "loss": 0.32407936453819275, "mixture_probability": 0.5, "actual_mixture": 0.453125, "gradient_norm": 3.2407631874084473, "pid": 1237361, "elapsed_this_session_seconds": 1799.6839406238869, "steps_this_session": 7200, "phase": "training", "gpu": "6"}
{"step": 7220, "total": 24000, "loss": 0.3581075519323349, "mixture_probability": 0.5, "actual_mixture": 0.515625, "gradient_norm": 3.200324296951294, "pid": 1237361, "elapsed_this_session_seconds": 1804.615808534436, "steps_this_session": 7220, "phase": "training", "gpu": "6"}
{"step": 7240, "total": 24000, "loss": 0.43366120010614395, "mixture_probability": 0.5, "actual_mixture": 0.59375, "gradient_norm": 3.88226056098938, "pid": 1237361, "elapsed_this_session_seconds": 1809.4097324740142, "steps_this_session": 7240, "phase": "training", "gpu": "6"}
{"step": 7260, "total": 24000, "loss": 0.4343186244368553, "mixture_probability": 0.5, "actual_mixture": 0.578125, "gradient_norm": 3.499089241027832, "pid": 1237361, "elapsed_this_session_seconds": 1814.1731990482658, "steps_this_session": 7260, "phase": "training", "gpu": "6"}
{"step": 7280, "total": 24000, "loss": 0.36816753819584846, "mixture_probability": 0.5, "actual_mixture": 0.515625, "gradient_norm": 3.498692512512207, "pid": 1237361, "elapsed_this_session_seconds": 1818.9973489856347, "steps_this_session": 7280, "phase": "training", "gpu": "6"}
{"step": 7300, "total": 24000, "loss": 0.42307353764772415, "mixture_probability": 0.5, "actual_mixture": 0.484375, "gradient_norm": 3.235149621963501, "pid": 1237361, "elapsed_this_session_seconds": 1823.565278542228, "steps_this_session": 7300, "phase": "training", "gpu": "6"}
{"step": 7320, "total": 24000, "loss": 0.3274667523801327, "mixture_probability": 0.5, "actual_mixture": 0.484375, "gradient_norm": 3.5135626792907715, "pid": 1237361, "elapsed_this_session_seconds": 1828.0473376298323, "steps_this_session": 7320, "phase": "training", "gpu": "6"}
{"step": 7340, "total": 24000, "loss": 0.3163641169667244, "mixture_probability": 0.5, "actual_mixture": 0.515625, "gradient_norm": 3.11714768409729, "pid": 1237361, "elapsed_this_session_seconds": 1832.4384105037898, "steps_this_session": 7340, "phase": "training", "gpu": "6"}
{"step": 7360, "total": 24000, "loss": 0.3656158670783043, "mixture_probability": 0.5, "actual_mixture": 0.546875, "gradient_norm": 3.0457916259765625, "pid": 1237361, "elapsed_this_session_seconds": 1836.792741380632, "steps_this_session": 7360, "phase": "training", "gpu": "6"}
{"step": 7380, "total": 24000, "loss": 0.3702196851372719, "mixture_probability": 0.5, "actual_mixture": 0.375, "gradient_norm": 3.739882707595825, "pid": 1237361, "elapsed_this_session_seconds": 1841.2955776974559, "steps_this_session": 7380, "phase": "training", "gpu": "6"}
{"step": 7400, "total": 24000, "loss": 0.3610280007123947, "mixture_probability": 0.5, "actual_mixture": 0.484375, "gradient_norm": 3.2569315433502197, "pid": 1237361, "elapsed_this_session_seconds": 1845.6558528617024, "steps_this_session": 7400, "phase": "training", "gpu": "6"}
{"step": 7420, "total": 24000, "loss": 0.3362048454582691, "mixture_probability": 0.5, "actual_mixture": 0.4375, "gradient_norm": 3.572944402694702, "pid": 1237361, "elapsed_this_session_seconds": 1850.0750236976892, "steps_this_session": 7420, "phase": "training", "gpu": "6"}
{"step": 7440, "total": 24000, "loss": 0.34497324377298355, "mixture_probability": 0.5, "actual_mixture": 0.484375, "gradient_norm": 4.339278697967529, "pid": 1237361, "elapsed_this_session_seconds": 1855.00917987898, "steps_this_session": 7440, "phase": "training", "gpu": "6"}
{"step": 7460, "total": 24000, "loss": 0.2681439332664013, "mixture_probability": 0.5, "actual_mixture": 0.390625, "gradient_norm": 2.8949103355407715, "pid": 1237361, "elapsed_this_session_seconds": 1859.373724934645, "steps_this_session": 7460, "phase": "training", "gpu": "6"}
{"step": 7480, "total": 24000, "loss": 0.3057940602302551, "mixture_probability": 0.5, "actual_mixture": 0.484375, "gradient_norm": 3.0611863136291504, "pid": 1237361, "elapsed_this_session_seconds": 1863.720116198063, "steps_this_session": 7480, "phase": "training", "gpu": "6"}
{"step": 7500, "total": 24000, "loss": 0.33128198981285095, "mixture_probability": 0.5, "actual_mixture": 0.40625, "gradient_norm": 3.2462966442108154, "pid": 1237361, "elapsed_this_session_seconds": 1868.0150999585167, "steps_this_session": 7500, "phase": "training", "gpu": "6"}
{"step": 7520, "total": 24000, "loss": 0.38215529173612595, "mixture_probability": 0.5, "actual_mixture": 0.578125, "gradient_norm": 3.398505926132202, "pid": 1237361, "elapsed_this_session_seconds": 1872.3289013160393, "steps_this_session": 7520, "phase": "training", "gpu": "6"}
{"step": 7540, "total": 24000, "loss": 0.3536170423030853, "mixture_probability": 0.5, "actual_mixture": 0.5625, "gradient_norm": 3.4624969959259033, "pid": 1237361, "elapsed_this_session_seconds": 1876.636122292839, "steps_this_session": 7540, "phase": "training", "gpu": "6"}
{"step": 7560, "total": 24000, "loss": 0.360265888273716, "mixture_probability": 0.5, "actual_mixture": 0.5, "gradient_norm": 3.3523731231689453, "pid": 1237361, "elapsed_this_session_seconds": 1881.0359990857542, "steps_this_session": 7560, "phase": "training", "gpu": "6"}
{"step": 7580, "total": 24000, "loss": 0.3340134099125862, "mixture_probability": 0.5, "actual_mixture": 0.46875, "gradient_norm": 3.3804032802581787, "pid": 1237361, "elapsed_this_session_seconds": 1885.3730756882578, "steps_this_session": 7580, "phase": "training", "gpu": "6"}
{"step": 7600, "total": 24000, "loss": 0.4210539795458317, "mixture_probability": 0.5, "actual_mixture": 0.578125, "gradient_norm": 3.5594894886016846, "pid": 1237361, "elapsed_this_session_seconds": 1889.7314123753458, "steps_this_session": 7600, "phase": "training", "gpu": "6"}
{"step": 7620, "total": 24000, "loss": 0.25359417498111725, "mixture_probability": 0.5, "actual_mixture": 0.421875, "gradient_norm": 2.774596929550171, "pid": 1237361, "elapsed_this_session_seconds": 1894.04773568362, "steps_this_session": 7620, "phase": "training", "gpu": "6"}
{"step": 7640, "total": 24000, "loss": 0.5260487198829651, "mixture_probability": 0.5, "actual_mixture": 0.46875, "gradient_norm": 4.892442226409912, "pid": 1237361, "elapsed_this_session_seconds": 1898.3578276662156, "steps_this_session": 7640, "phase": "training", "gpu": "6"}
{"step": 7660, "total": 24000, "loss": 0.3087281547486782, "mixture_probability": 0.5, "actual_mixture": 0.4375, "gradient_norm": 3.1578280925750732, "pid": 1237361, "elapsed_this_session_seconds": 1902.692147405818, "steps_this_session": 7660, "phase": "training", "gpu": "6"}
{"step": 7680, "total": 24000, "loss": 0.34617307782173157, "mixture_probability": 0.5, "actual_mixture": 0.453125, "gradient_norm": 3.3660316467285156, "pid": 1237361, "elapsed_this_session_seconds": 1907.0229671290144, "steps_this_session": 7680, "phase": "training", "gpu": "6"}
{"step": 7700, "total": 24000, "loss": 0.28720806911587715, "mixture_probability": 0.5, "actual_mixture": 0.421875, "gradient_norm": 3.039675712585449, "pid": 1237361, "elapsed_this_session_seconds": 1911.377526334487, "steps_this_session": 7700, "phase": "training", "gpu": "6"}
{"step": 7720, "total": 24000, "loss": 0.266605194658041, "mixture_probability": 0.5, "actual_mixture": 0.34375, "gradient_norm": 3.3156590461730957, "pid": 1237361, "elapsed_this_session_seconds": 1915.7761057866737, "steps_this_session": 7720, "phase": "training", "gpu": "6"}
{"step": 7740, "total": 24000, "loss": 0.38482045382261276, "mixture_probability": 0.5, "actual_mixture": 0.65625, "gradient_norm": 4.122364521026611, "pid": 1237361, "elapsed_this_session_seconds": 1920.1353227775544, "steps_this_session": 7740, "phase": "training", "gpu": "6"}
{"step": 7760, "total": 24000, "loss": 0.2847202308475971, "mixture_probability": 0.5, "actual_mixture": 0.421875, "gradient_norm": 2.810528516769409, "pid": 1237361, "elapsed_this_session_seconds": 1924.494915640913, "steps_this_session": 7760, "phase": "training", "gpu": "6"}
{"step": 7780, "total": 24000, "loss": 0.3469700738787651, "mixture_probability": 0.5, "actual_mixture": 0.421875, "gradient_norm": 3.376068115234375, "pid": 1237361, "elapsed_this_session_seconds": 1929.060452840291, "steps_this_session": 7780, "phase": "training", "gpu": "6"}
{"step": 7800, "total": 24000, "loss": 0.48283714801073074, "mixture_probability": 0.5, "actual_mixture": 0.578125, "gradient_norm": 3.8359622955322266, "pid": 1237361, "elapsed_this_session_seconds": 1933.868866945617, "steps_this_session": 7800, "phase": "training", "gpu": "6"}
{"step": 7820, "total": 24000, "loss": 0.4067252352833748, "mixture_probability": 0.5, "actual_mixture": 0.53125, "gradient_norm": 3.471205472946167, "pid": 1237361, "elapsed_this_session_seconds": 1939.0880022114143, "steps_this_session": 7820, "phase": "training", "gpu": "6"}
{"step": 7840, "total": 24000, "loss": 0.32949573546648026, "mixture_probability": 0.5, "actual_mixture": 0.4375, "gradient_norm": 3.1559219360351562, "pid": 1237361, "elapsed_this_session_seconds": 1944.5077157849446, "steps_this_session": 7840, "phase": "training", "gpu": "6"}
{"step": 7860, "total": 24000, "loss": 0.3624730780720711, "mixture_probability": 0.5, "actual_mixture": 0.546875, "gradient_norm": 3.6123480796813965, "pid": 1237361, "elapsed_this_session_seconds": 1949.867108516395, "steps_this_session": 7860, "phase": "training", "gpu": "6"}
{"step": 7880, "total": 24000, "loss": 0.4242881014943123, "mixture_probability": 0.5, "actual_mixture": 0.546875, "gradient_norm": 3.7547526359558105, "pid": 1237361, "elapsed_this_session_seconds": 1955.0296067018062, "steps_this_session": 7880, "phase": "training", "gpu": "6"}
{"step": 7900, "total": 24000, "loss": 0.4204261302947998, "mixture_probability": 0.5, "actual_mixture": 0.5, "gradient_norm": 3.5425310134887695, "pid": 1237361, "elapsed_this_session_seconds": 1959.859482950531, "steps_this_session": 7900, "phase": "training", "gpu": "6"}
{"step": 7920, "total": 24000, "loss": 0.5313251242041588, "mixture_probability": 0.5, "actual_mixture": 0.625, "gradient_norm": 4.409022331237793, "pid": 1237361, "elapsed_this_session_seconds": 1965.1371186273172, "steps_this_session": 7920, "phase": "training", "gpu": "6"}
{"step": 7940, "total": 24000, "loss": 0.411865234375, "mixture_probability": 0.5, "actual_mixture": 0.5, "gradient_norm": 3.286027431488037, "pid": 1237361, "elapsed_this_session_seconds": 1970.4417233671993, "steps_this_session": 7940, "phase": "training", "gpu": "6"}
{"step": 7960, "total": 24000, "loss": 0.3552260994911194, "mixture_probability": 0.5, "actual_mixture": 0.390625, "gradient_norm": 2.7827858924865723, "pid": 1237361, "elapsed_this_session_seconds": 1975.4935602210462, "steps_this_session": 7960, "phase": "training", "gpu": "6"}
{"step": 7980, "total": 24000, "loss": 0.36669671535491943, "mixture_probability": 0.5, "actual_mixture": 0.484375, "gradient_norm": 3.175262212753296, "pid": 1237361, "elapsed_this_session_seconds": 1980.2893280964345, "steps_this_session": 7980, "phase": "training", "gpu": "6"}
{"step": 8000, "total": 24000, "loss": 0.4868139624595642, "mixture_probability": 0.5, "actual_mixture": 0.515625, "gradient_norm": 3.7299163341522217, "pid": 1237361, "elapsed_this_session_seconds": 1985.1618053726852, "steps_this_session": 8000, "phase": "training", "gpu": "6"}
{"step": 8020, "total": 24000, "loss": 0.39410876482725143, "mixture_probability": 0.5, "actual_mixture": 0.4375, "gradient_norm": 3.697463274002075, "pid": 1237361, "elapsed_this_session_seconds": 2047.7161866370589, "steps_this_session": 8020, "phase": "training", "gpu": "6"}
{"step": 8040, "total": 24000, "loss": 0.44223637133836746, "mixture_probability": 0.5, "actual_mixture": 0.53125, "gradient_norm": 4.551914691925049, "pid": 1237361, "elapsed_this_session_seconds": 2052.4090822972357, "steps_this_session": 8040, "phase": "training", "gpu": "6"}
{"step": 8060, "total": 24000, "loss": 0.25648028030991554, "mixture_probability": 0.5, "actual_mixture": 0.5, "gradient_norm": 2.908757448196411, "pid": 1237361, "elapsed_this_session_seconds": 2057.092624108307, "steps_this_session": 8060, "phase": "training", "gpu": "6"}
{"step": 8080, "total": 24000, "loss": 0.3214043378829956, "mixture_probability": 0.5, "actual_mixture": 0.515625, "gradient_norm": 3.1864538192749023, "pid": 1237361, "elapsed_this_session_seconds": 2061.8450950598344, "steps_this_session": 8080, "phase": "training", "gpu": "6"}
{"step": 8100, "total": 24000, "loss": 0.4054066948592663, "mixture_probability": 0.5, "actual_mixture": 0.34375, "gradient_norm": 3.860992193222046, "pid": 1237361, "elapsed_this_session_seconds": 2066.632733339444, "steps_this_session": 8100, "phase": "training", "gpu": "6"}
{"step": 8120, "total": 24000, "loss": 0.29694512486457825, "mixture_probability": 0.5, "actual_mixture": 0.484375, "gradient_norm": 2.979508399963379, "pid": 1237361, "elapsed_this_session_seconds": 2071.382174089551, "steps_this_session": 8120, "phase": "training", "gpu": "6"}
{"step": 8140, "total": 24000, "loss": 0.3331127092242241, "mixture_probability": 0.5, "actual_mixture": 0.46875, "gradient_norm": 3.864729166030884, "pid": 1237361, "elapsed_this_session_seconds": 2076.1492579467595, "steps_this_session": 8140, "phase": "training", "gpu": "6"}
{"step": 8160, "total": 24000, "loss": 0.41112998872995377, "mixture_probability": 0.5, "actual_mixture": 0.40625, "gradient_norm": 4.869404315948486, "pid": 1237361, "elapsed_this_session_seconds": 2080.910964652896, "steps_this_session": 8160, "phase": "training", "gpu": "6"}
{"step": 8180, "total": 24000, "loss": 0.3484768159687519, "mixture_probability": 0.5, "actual_mixture": 0.5, "gradient_norm": 3.3733882904052734, "pid": 1237361, "elapsed_this_session_seconds": 2085.685968220234, "steps_this_session": 8180, "phase": "training", "gpu": "6"}
{"step": 8200, "total": 24000, "loss": 0.41181766986846924, "mixture_probability": 0.5, "actual_mixture": 0.625, "gradient_norm": 4.5240888595581055, "pid": 1237361, "elapsed_this_session_seconds": 2090.398246734403, "steps_this_session": 8200, "phase": "training", "gpu": "6"}
{"step": 8220, "total": 24000, "loss": 0.42360101267695427, "mixture_probability": 0.5, "actual_mixture": 0.515625, "gradient_norm": 3.467914581298828, "pid": 1237361, "elapsed_this_session_seconds": 2095.2368079563603, "steps_this_session": 8220, "phase": "training", "gpu": "6"}
{"step": 8240, "total": 24000, "loss": 0.42701833322644234, "mixture_probability": 0.5, "actual_mixture": 0.578125, "gradient_norm": 3.3772616386413574, "pid": 1237361, "elapsed_this_session_seconds": 2100.027740693651, "steps_this_session": 8240, "phase": "training", "gpu": "6"}
{"step": 8260, "total": 24000, "loss": 0.49196086823940277, "mixture_probability": 0.5, "actual_mixture": 0.5, "gradient_norm": 3.4327774047851562, "pid": 1237361, "elapsed_this_session_seconds": 2104.888580854982, "steps_this_session": 8260, "phase": "training", "gpu": "6"}
{"step": 8280, "total": 24000, "loss": 0.5203451104462147, "mixture_probability": 0.5, "actual_mixture": 0.53125, "gradient_norm": 4.630368709564209, "pid": 1237361, "elapsed_this_session_seconds": 2109.6933854212984, "steps_this_session": 8280, "phase": "training", "gpu": "6"}
{"step": 8300, "total": 24000, "loss": 0.2862171269953251, "mixture_probability": 0.5, "actual_mixture": 0.484375, "gradient_norm": 3.312870979309082, "pid": 1237361, "elapsed_this_session_seconds": 2114.4530868846923, "steps_this_session": 8300, "phase": "training", "gpu": "6"}
{"step": 8320, "total": 24000, "loss": 0.40370845049619675, "mixture_probability": 0.5, "actual_mixture": 0.5, "gradient_norm": 3.4323947429656982, "pid": 1237361, "elapsed_this_session_seconds": 2119.1951157422736, "steps_this_session": 8320, "phase": "training", "gpu": "6"}
{"step": 8340, "total": 24000, "loss": 0.3357600085437298, "mixture_probability": 0.5, "actual_mixture": 0.421875, "gradient_norm": 3.69627046585083, "pid": 1237361, "elapsed_this_session_seconds": 2123.972510997206, "steps_this_session": 8340, "phase": "training", "gpu": "6"}
{"step": 8360, "total": 24000, "loss": 0.28161998465657234, "mixture_probability": 0.5, "actual_mixture": 0.46875, "gradient_norm": 2.585001230239868, "pid": 1237361, "elapsed_this_session_seconds": 2128.7042521638796, "steps_this_session": 8360, "phase": "training", "gpu": "6"}
{"step": 8380, "total": 24000, "loss": 0.36992693319916725, "mixture_probability": 0.5, "actual_mixture": 0.5625, "gradient_norm": 3.4938998222351074, "pid": 1237361, "elapsed_this_session_seconds": 2133.4486736878753, "steps_this_session": 8380, "phase": "training", "gpu": "6"}
{"step": 8400, "total": 24000, "loss": 0.3787090331315994, "mixture_probability": 0.5, "actual_mixture": 0.46875, "gradient_norm": 4.160802841186523, "pid": 1237361, "elapsed_this_session_seconds": 2138.192732467316, "steps_this_session": 8400, "phase": "training", "gpu": "6"}
{"step": 8420, "total": 24000, "loss": 0.4009900763630867, "mixture_probability": 0.5, "actual_mixture": 0.515625, "gradient_norm": 4.155519962310791, "pid": 1237361, "elapsed_this_session_seconds": 2142.9277466144413, "steps_this_session": 8420, "phase": "training", "gpu": "6"}
{"step": 8440, "total": 24000, "loss": 0.4042699486017227, "mixture_probability": 0.5, "actual_mixture": 0.53125, "gradient_norm": 3.4952731132507324, "pid": 1237361, "elapsed_this_session_seconds": 2147.6920090029016, "steps_this_session": 8440, "phase": "training", "gpu": "6"}
{"step": 8460, "total": 24000, "loss": 0.2510468363761902, "mixture_probability": 0.5, "actual_mixture": 0.40625, "gradient_norm": 3.137521505355835, "pid": 1237361, "elapsed_this_session_seconds": 2152.445757430978, "steps_this_session": 8460, "phase": "training", "gpu": "6"}
{"step": 8480, "total": 24000, "loss": 0.7179841622710228, "mixture_probability": 0.5, "actual_mixture": 0.578125, "gradient_norm": 5.3492751121521, "pid": 1237361, "elapsed_this_session_seconds": 2157.2016047816724, "steps_this_session": 8480, "phase": "training", "gpu": "6"}
{"step": 8500, "total": 24000, "loss": 0.2783491760492325, "mixture_probability": 0.5, "actual_mixture": 0.40625, "gradient_norm": 3.0727274417877197, "pid": 1237361, "elapsed_this_session_seconds": 2162.037010920234, "steps_this_session": 8500, "phase": "training", "gpu": "6"}
{"step": 8520, "total": 24000, "loss": 0.3101288303732872, "mixture_probability": 0.5, "actual_mixture": 0.484375, "gradient_norm": 2.815204381942749, "pid": 1237361, "elapsed_this_session_seconds": 2166.784259049222, "steps_this_session": 8520, "phase": "training", "gpu": "6"}
{"step": 8540, "total": 24000, "loss": 0.3427899032831192, "mixture_probability": 0.5, "actual_mixture": 0.515625, "gradient_norm": 3.3497390747070312, "pid": 1237361, "elapsed_this_session_seconds": 2171.5640307758003, "steps_this_session": 8540, "phase": "training", "gpu": "6"}
{"step": 8560, "total": 24000, "loss": 0.39402225241065025, "mixture_probability": 0.5, "actual_mixture": 0.46875, "gradient_norm": 3.9426631927490234, "pid": 1237361, "elapsed_this_session_seconds": 2176.342814111151, "steps_this_session": 8560, "phase": "training", "gpu": "6"}
{"step": 8580, "total": 24000, "loss": 0.3917089104652405, "mixture_probability": 0.5, "actual_mixture": 0.515625, "gradient_norm": 3.1701340675354004, "pid": 1237361, "elapsed_this_session_seconds": 2181.1045476952568, "steps_this_session": 8580, "phase": "training", "gpu": "6"}
{"step": 8600, "total": 24000, "loss": 0.3365035355091095, "mixture_probability": 0.5, "actual_mixture": 0.4375, "gradient_norm": 3.993082284927368, "pid": 1237361, "elapsed_this_session_seconds": 2185.8485866403207, "steps_this_session": 8600, "phase": "training", "gpu": "6"}
{"step": 8620, "total": 24000, "loss": 0.43006300926208496, "mixture_probability": 0.5, "actual_mixture": 0.453125, "gradient_norm": 3.5599923133850098, "pid": 1237361, "elapsed_this_session_seconds": 2190.5879611223936, "steps_this_session": 8620, "phase": "training", "gpu": "6"}
{"step": 8640, "total": 24000, "loss": 0.2703048959374428, "mixture_probability": 0.5, "actual_mixture": 0.4375, "gradient_norm": 2.7085256576538086, "pid": 1237361, "elapsed_this_session_seconds": 2195.3692230284214, "steps_this_session": 8640, "phase": "training", "gpu": "6"}
{"step": 8660, "total": 24000, "loss": 0.3223769962787628, "mixture_probability": 0.5, "actual_mixture": 0.484375, "gradient_norm": 2.910053253173828, "pid": 1237361, "elapsed_this_session_seconds": 2200.115862784907, "steps_this_session": 8660, "phase": "training", "gpu": "6"}
{"step": 8680, "total": 24000, "loss": 0.33996568620204926, "mixture_probability": 0.5, "actual_mixture": 0.484375, "gradient_norm": 3.2797391414642334, "pid": 1237361, "elapsed_this_session_seconds": 2204.8513165786862, "steps_this_session": 8680, "phase": "training", "gpu": "6"}
{"step": 8700, "total": 24000, "loss": 0.49067582190036774, "mixture_probability": 0.5, "actual_mixture": 0.46875, "gradient_norm": 4.237985610961914, "pid": 1237361, "elapsed_this_session_seconds": 2209.5949949333444, "steps_this_session": 8700, "phase": "training", "gpu": "6"}
{"step": 8720, "total": 24000, "loss": 0.4996841996908188, "mixture_probability": 0.5, "actual_mixture": 0.515625, "gradient_norm": 3.5765457153320312, "pid": 1237361, "elapsed_this_session_seconds": 2214.4558345200494, "steps_this_session": 8720, "phase": "training", "gpu": "6"}
{"step": 8740, "total": 24000, "loss": 0.42784470319747925, "mixture_probability": 0.5, "actual_mixture": 0.59375, "gradient_norm": 3.36993145942688, "pid": 1237361, "elapsed_this_session_seconds": 2219.2015052912757, "steps_this_session": 8740, "phase": "training", "gpu": "6"}
{"step": 8760, "total": 24000, "loss": 0.3598095625638962, "mixture_probability": 0.5, "actual_mixture": 0.40625, "gradient_norm": 3.5254902839660645, "pid": 1237361, "elapsed_this_session_seconds": 2223.960947258398, "steps_this_session": 8760, "phase": "training", "gpu": "6"}
{"step": 8780, "total": 24000, "loss": 0.36779285594820976, "mixture_probability": 0.5, "actual_mixture": 0.484375, "gradient_norm": 3.4490761756896973, "pid": 1237361, "elapsed_this_session_seconds": 2228.7929179724306, "steps_this_session": 8780, "phase": "training", "gpu": "6"}
{"step": 8800, "total": 24000, "loss": 0.40985894203186035, "mixture_probability": 0.5, "actual_mixture": 0.4375, "gradient_norm": 3.948406219482422, "pid": 1237361, "elapsed_this_session_seconds": 2233.5347343944013, "steps_this_session": 8800, "phase": "training", "gpu": "6"}
{"step": 8820, "total": 24000, "loss": 0.4858616068959236, "mixture_probability": 0.5, "actual_mixture": 0.53125, "gradient_norm": 3.5872907638549805, "pid": 1237361, "elapsed_this_session_seconds": 2238.2721534892917, "steps_this_session": 8820, "phase": "training", "gpu": "6"}
{"step": 8840, "total": 24000, "loss": 0.3325522541999817, "mixture_probability": 0.5, "actual_mixture": 0.546875, "gradient_norm": 3.298275947570801, "pid": 1237361, "elapsed_this_session_seconds": 2243.0486043198034, "steps_this_session": 8840, "phase": "training", "gpu": "6"}
{"step": 8860, "total": 24000, "loss": 0.42106685042381287, "mixture_probability": 0.5, "actual_mixture": 0.625, "gradient_norm": 4.128973007202148, "pid": 1237361, "elapsed_this_session_seconds": 2247.7915301630273, "steps_this_session": 8860, "phase": "training", "gpu": "6"}
{"step": 8880, "total": 24000, "loss": 0.3074992336332798, "mixture_probability": 0.5, "actual_mixture": 0.46875, "gradient_norm": 2.8064053058624268, "pid": 1237361, "elapsed_this_session_seconds": 2252.573070021346, "steps_this_session": 8880, "phase": "training", "gpu": "6"}
{"step": 8900, "total": 24000, "loss": 0.3178304210305214, "mixture_probability": 0.5, "actual_mixture": 0.546875, "gradient_norm": 3.9678399562835693, "pid": 1237361, "elapsed_this_session_seconds": 2257.332692365162, "steps_this_session": 8900, "phase": "training", "gpu": "6"}
{"step": 8920, "total": 24000, "loss": 0.34316231310367584, "mixture_probability": 0.5, "actual_mixture": 0.546875, "gradient_norm": 3.3656418323516846, "pid": 1237361, "elapsed_this_session_seconds": 2262.231094116345, "steps_this_session": 8920, "phase": "training", "gpu": "6"}
{"step": 8940, "total": 24000, "loss": 0.27063414081931114, "mixture_probability": 0.5, "actual_mixture": 0.46875, "gradient_norm": 2.9215996265411377, "pid": 1237361, "elapsed_this_session_seconds": 2267.0270904703066, "steps_this_session": 8940, "phase": "training", "gpu": "6"}
{"step": 8960, "total": 24000, "loss": 0.3822362497448921, "mixture_probability": 0.5, "actual_mixture": 0.5625, "gradient_norm": 3.921922445297241, "pid": 1237361, "elapsed_this_session_seconds": 2271.7665061727166, "steps_this_session": 8960, "phase": "training", "gpu": "6"}
{"step": 8980, "total": 24000, "loss": 0.3233426511287689, "mixture_probability": 0.5, "actual_mixture": 0.5, "gradient_norm": 3.175558090209961, "pid": 1237361, "elapsed_this_session_seconds": 2276.473217945546, "steps_this_session": 8980, "phase": "training", "gpu": "6"}
{"step": 9000, "total": 24000, "loss": 0.39833226054906845, "mixture_probability": 0.5, "actual_mixture": 0.578125, "gradient_norm": 3.1451969146728516, "pid": 1237361, "elapsed_this_session_seconds": 2281.190763073042, "steps_this_session": 9000, "phase": "training", "gpu": "6"}
{"step": 9020, "total": 24000, "loss": 0.33830807358026505, "mixture_probability": 0.5, "actual_mixture": 0.515625, "gradient_norm": 3.4694390296936035, "pid": 1237361, "elapsed_this_session_seconds": 2285.967669226229, "steps_this_session": 9020, "phase": "training", "gpu": "6"}
{"step": 9040, "total": 24000, "loss": 0.4437549039721489, "mixture_probability": 0.5, "actual_mixture": 0.515625, "gradient_norm": 3.864321708679199, "pid": 1237361, "elapsed_this_session_seconds": 2290.7155672898516, "steps_this_session": 9040, "phase": "training", "gpu": "6"}
{"step": 9060, "total": 24000, "loss": 0.39369531720876694, "mixture_probability": 0.5, "actual_mixture": 0.546875, "gradient_norm": 3.2679829597473145, "pid": 1237361, "elapsed_this_session_seconds": 2295.4804482292384, "steps_this_session": 9060, "phase": "training", "gpu": "6"}
{"step": 9080, "total": 24000, "loss": 0.34757328033447266, "mixture_probability": 0.5, "actual_mixture": 0.546875, "gradient_norm": 3.2007951736450195, "pid": 1237361, "elapsed_this_session_seconds": 2300.1860855072737, "steps_this_session": 9080, "phase": "training", "gpu": "6"}
{"step": 9100, "total": 24000, "loss": 0.41010427847504616, "mixture_probability": 0.5, "actual_mixture": 0.484375, "gradient_norm": 5.267941474914551, "pid": 1237361, "elapsed_this_session_seconds": 2304.9423300651833, "steps_this_session": 9100, "phase": "training", "gpu": "6"}
{"step": 9120, "total": 24000, "loss": 0.3849537745118141, "mixture_probability": 0.5, "actual_mixture": 0.46875, "gradient_norm": 3.4902520179748535, "pid": 1237361, "elapsed_this_session_seconds": 2310.007735817693, "steps_this_session": 9120, "phase": "training", "gpu": "6"}
{"step": 9140, "total": 24000, "loss": 0.3164593204855919, "mixture_probability": 0.5, "actual_mixture": 0.40625, "gradient_norm": 2.994521141052246, "pid": 1237361, "elapsed_this_session_seconds": 2314.7608460159972, "steps_this_session": 9140, "phase": "training", "gpu": "6"}
{"step": 9160, "total": 24000, "loss": 0.41420600563287735, "mixture_probability": 0.5, "actual_mixture": 0.65625, "gradient_norm": 3.852349281311035, "pid": 1237361, "elapsed_this_session_seconds": 2319.492088456638, "steps_this_session": 9160, "phase": "training", "gpu": "6"}
{"step": 9180, "total": 24000, "loss": 0.4696570187807083, "mixture_probability": 0.5, "actual_mixture": 0.46875, "gradient_norm": 3.4467613697052, "pid": 1237361, "elapsed_this_session_seconds": 2324.255731635727, "steps_this_session": 9180, "phase": "training", "gpu": "6"}
{"step": 9200, "total": 24000, "loss": 0.31868354231119156, "mixture_probability": 0.5, "actual_mixture": 0.5625, "gradient_norm": 2.9718539714813232, "pid": 1237361, "elapsed_this_session_seconds": 2329.102907904424, "steps_this_session": 9200, "phase": "training", "gpu": "6"}
{"step": 9220, "total": 24000, "loss": 0.40523672103881836, "mixture_probability": 0.5, "actual_mixture": 0.515625, "gradient_norm": 3.4769136905670166, "pid": 1237361, "elapsed_this_session_seconds": 2333.9368918575346, "steps_this_session": 9220, "phase": "training", "gpu": "6"}
{"step": 9240, "total": 24000, "loss": 0.26148049160838127, "mixture_probability": 0.5, "actual_mixture": 0.53125, "gradient_norm": 3.0583434104919434, "pid": 1237361, "elapsed_this_session_seconds": 2338.727102169767, "steps_this_session": 9240, "phase": "training", "gpu": "6"}
{"step": 9260, "total": 24000, "loss": 0.39183488488197327, "mixture_probability": 0.5, "actual_mixture": 0.484375, "gradient_norm": 3.2131056785583496, "pid": 1237361, "elapsed_this_session_seconds": 2343.5129795195535, "steps_this_session": 9260, "phase": "training", "gpu": "6"}
{"step": 9280, "total": 24000, "loss": 0.28004513680934906, "mixture_probability": 0.5, "actual_mixture": 0.265625, "gradient_norm": 3.221630811691284, "pid": 1237361, "elapsed_this_session_seconds": 2348.283995117061, "steps_this_session": 9280, "phase": "training", "gpu": "6"}
{"step": 9300, "total": 24000, "loss": 0.35018832609057426, "mixture_probability": 0.5, "actual_mixture": 0.484375, "gradient_norm": 4.2420172691345215, "pid": 1237361, "elapsed_this_session_seconds": 2353.0374462958425, "steps_this_session": 9300, "phase": "training", "gpu": "6"}
{"step": 9320, "total": 24000, "loss": 0.3310309238731861, "mixture_probability": 0.5, "actual_mixture": 0.484375, "gradient_norm": 3.5377676486968994, "pid": 1237361, "elapsed_this_session_seconds": 2357.786756645888, "steps_this_session": 9320, "phase": "training", "gpu": "6"}
{"step": 9340, "total": 24000, "loss": 0.31421082094311714, "mixture_probability": 0.5, "actual_mixture": 0.546875, "gradient_norm": 3.354661703109741, "pid": 1237361, "elapsed_this_session_seconds": 2362.5564048644155, "steps_this_session": 9340, "phase": "training", "gpu": "6"}
{"step": 9360, "total": 24000, "loss": 0.32719068974256516, "mixture_probability": 0.5, "actual_mixture": 0.5, "gradient_norm": 3.2748560905456543, "pid": 1237361, "elapsed_this_session_seconds": 2367.2972866976634, "steps_this_session": 9360, "phase": "training", "gpu": "6"}
{"step": 9380, "total": 24000, "loss": 0.4329400956630707, "mixture_probability": 0.5, "actual_mixture": 0.578125, "gradient_norm": 3.589020013809204, "pid": 1237361, "elapsed_this_session_seconds": 2372.1218400001526, "steps_this_session": 9380, "phase": "training", "gpu": "6"}
{"step": 9400, "total": 24000, "loss": 0.3252999559044838, "mixture_probability": 0.5, "actual_mixture": 0.5625, "gradient_norm": 3.022801637649536, "pid": 1237361, "elapsed_this_session_seconds": 2376.9393167980015, "steps_this_session": 9400, "phase": "training", "gpu": "6"}
{"step": 9420, "total": 24000, "loss": 0.26970068365335464, "mixture_probability": 0.5, "actual_mixture": 0.5, "gradient_norm": 3.1638107299804688, "pid": 1237361, "elapsed_this_session_seconds": 2381.703004030511, "steps_this_session": 9420, "phase": "training", "gpu": "6"}
{"step": 9440, "total": 24000, "loss": 0.42632533237338066, "mixture_probability": 0.5, "actual_mixture": 0.4375, "gradient_norm": 3.9146852493286133, "pid": 1237361, "elapsed_this_session_seconds": 2386.487630779855, "steps_this_session": 9440, "phase": "training", "gpu": "6"}
{"step": 9460, "total": 24000, "loss": 0.3448450267314911, "mixture_probability": 0.5, "actual_mixture": 0.5, "gradient_norm": 3.1164562702178955, "pid": 1237361, "elapsed_this_session_seconds": 2391.2504669837654, "steps_this_session": 9460, "phase": "training", "gpu": "6"}
{"step": 9480, "total": 24000, "loss": 0.3256797157227993, "mixture_probability": 0.5, "actual_mixture": 0.609375, "gradient_norm": 3.0631721019744873, "pid": 1237361, "elapsed_this_session_seconds": 2396.028525678441, "steps_this_session": 9480, "phase": "training", "gpu": "6"}
{"step": 9500, "total": 24000, "loss": 0.4130222126841545, "mixture_probability": 0.5, "actual_mixture": 0.546875, "gradient_norm": 3.355271816253662, "pid": 1237361, "elapsed_this_session_seconds": 2400.826884609647, "steps_this_session": 9500, "phase": "training", "gpu": "6"}
{"step": 9520, "total": 24000, "loss": 0.48554448038339615, "mixture_probability": 0.5, "actual_mixture": 0.515625, "gradient_norm": 3.8263275623321533, "pid": 1237361, "elapsed_this_session_seconds": 2405.639360847883, "steps_this_session": 9520, "phase": "training", "gpu": "6"}
{"step": 9540, "total": 24000, "loss": 0.48565324395895004, "mixture_probability": 0.5, "actual_mixture": 0.46875, "gradient_norm": 5.154053211212158, "pid": 1237361, "elapsed_this_session_seconds": 2410.4317665994167, "steps_this_session": 9540, "phase": "training", "gpu": "6"}
{"step": 9560, "total": 24000, "loss": 0.26667193323373795, "mixture_probability": 0.5, "actual_mixture": 0.46875, "gradient_norm": 2.798264503479004, "pid": 1237361, "elapsed_this_session_seconds": 2415.197240544483, "steps_this_session": 9560, "phase": "training", "gpu": "6"}
{"step": 9580, "total": 24000, "loss": 0.4052496701478958, "mixture_probability": 0.5, "actual_mixture": 0.625, "gradient_norm": 5.007644176483154, "pid": 1237361, "elapsed_this_session_seconds": 2419.9362420504913, "steps_this_session": 9580, "phase": "training", "gpu": "6"}
{"step": 9600, "total": 24000, "loss": 0.22994550690054893, "mixture_probability": 0.5, "actual_mixture": 0.390625, "gradient_norm": 2.6305980682373047, "pid": 1237361, "elapsed_this_session_seconds": 2424.844978720881, "steps_this_session": 9600, "phase": "training", "gpu": "6"}
{"step": 9620, "total": 24000, "loss": 0.34746767953038216, "mixture_probability": 0.5, "actual_mixture": 0.609375, "gradient_norm": 3.1237030029296875, "pid": 1237361, "elapsed_this_session_seconds": 2429.58066065982, "steps_this_session": 9620, "phase": "training", "gpu": "6"}
{"step": 9640, "total": 24000, "loss": 0.35934748128056526, "mixture_probability": 0.5, "actual_mixture": 0.5625, "gradient_norm": 2.8931760787963867, "pid": 1237361, "elapsed_this_session_seconds": 2434.38686949946, "steps_this_session": 9640, "phase": "training", "gpu": "6"}
{"step": 9660, "total": 24000, "loss": 0.3274994343519211, "mixture_probability": 0.5, "actual_mixture": 0.4375, "gradient_norm": 3.6591949462890625, "pid": 1237361, "elapsed_this_session_seconds": 2439.2225704910234, "steps_this_session": 9660, "phase": "training", "gpu": "6"}
{"step": 9680, "total": 24000, "loss": 0.30527975410223007, "mixture_probability": 0.5, "actual_mixture": 0.453125, "gradient_norm": 3.044022798538208, "pid": 1237361, "elapsed_this_session_seconds": 2444.0660929745063, "steps_this_session": 9680, "phase": "training", "gpu": "6"}
{"step": 9700, "total": 24000, "loss": 0.33968687057495117, "mixture_probability": 0.5, "actual_mixture": 0.421875, "gradient_norm": 3.2288084030151367, "pid": 1237361, "elapsed_this_session_seconds": 2448.9093678817153, "steps_this_session": 9700, "phase": "training", "gpu": "6"}
{"step": 9720, "total": 24000, "loss": 0.3558809906244278, "mixture_probability": 0.5, "actual_mixture": 0.546875, "gradient_norm": 3.1604437828063965, "pid": 1237361, "elapsed_this_session_seconds": 2453.709278319031, "steps_this_session": 9720, "phase": "training", "gpu": "6"}
{"step": 9740, "total": 24000, "loss": 0.28927434235811234, "mixture_probability": 0.5, "actual_mixture": 0.4375, "gradient_norm": 3.169719934463501, "pid": 1237361, "elapsed_this_session_seconds": 2458.459757343866, "steps_this_session": 9740, "phase": "training", "gpu": "6"}
{"step": 9760, "total": 24000, "loss": 0.45400426536798477, "mixture_probability": 0.5, "actual_mixture": 0.53125, "gradient_norm": 3.455545425415039, "pid": 1237361, "elapsed_this_session_seconds": 2463.27439598646, "steps_this_session": 9760, "phase": "training", "gpu": "6"}
{"step": 9780, "total": 24000, "loss": 0.3800845369696617, "mixture_probability": 0.5, "actual_mixture": 0.53125, "gradient_norm": 3.217341184616089, "pid": 1237361, "elapsed_this_session_seconds": 2468.0347338458523, "steps_this_session": 9780, "phase": "training", "gpu": "6"}
{"step": 9800, "total": 24000, "loss": 0.2962128221988678, "mixture_probability": 0.5, "actual_mixture": 0.515625, "gradient_norm": 3.0912013053894043, "pid": 1237361, "elapsed_this_session_seconds": 2472.8244488751516, "steps_this_session": 9800, "phase": "training", "gpu": "6"}
{"step": 9820, "total": 24000, "loss": 0.2792443782091141, "mixture_probability": 0.5, "actual_mixture": 0.515625, "gradient_norm": 3.248058319091797, "pid": 1237361, "elapsed_this_session_seconds": 2477.5766993109137, "steps_this_session": 9820, "phase": "training", "gpu": "6"}
{"step": 9840, "total": 24000, "loss": 0.35407985746860504, "mixture_probability": 0.5, "actual_mixture": 0.46875, "gradient_norm": 4.0260748863220215, "pid": 1237361, "elapsed_this_session_seconds": 2482.3427718747407, "steps_this_session": 9840, "phase": "training", "gpu": "6"}
{"step": 9860, "total": 24000, "loss": 0.35920559614896774, "mixture_probability": 0.5, "actual_mixture": 0.578125, "gradient_norm": 3.5057780742645264, "pid": 1237361, "elapsed_this_session_seconds": 2487.1023817714304, "steps_this_session": 9860, "phase": "training", "gpu": "6"}
{"step": 9880, "total": 24000, "loss": 0.31872235983610153, "mixture_probability": 0.5, "actual_mixture": 0.484375, "gradient_norm": 3.9866487979888916, "pid": 1237361, "elapsed_this_session_seconds": 2491.874302302487, "steps_this_session": 9880, "phase": "training", "gpu": "6"}
{"step": 9900, "total": 24000, "loss": 0.5084989070892334, "mixture_probability": 0.5, "actual_mixture": 0.5, "gradient_norm": 4.870760440826416, "pid": 1237361, "elapsed_this_session_seconds": 2496.640909984708, "steps_this_session": 9900, "phase": "training", "gpu": "6"}
{"step": 9920, "total": 24000, "loss": 0.4167126566171646, "mixture_probability": 0.5, "actual_mixture": 0.5625, "gradient_norm": 4.04531717300415, "pid": 1237361, "elapsed_this_session_seconds": 2501.4427457805723, "steps_this_session": 9920, "phase": "training", "gpu": "6"}
{"step": 9940, "total": 24000, "loss": 0.37193262577056885, "mixture_probability": 0.5, "actual_mixture": 0.46875, "gradient_norm": 3.801905632019043, "pid": 1237361, "elapsed_this_session_seconds": 2506.2359829898924, "steps_this_session": 9940, "phase": "training", "gpu": "6"}
{"step": 9960, "total": 24000, "loss": 0.2917415127158165, "mixture_probability": 0.5, "actual_mixture": 0.609375, "gradient_norm": 2.753101348876953, "pid": 1237361, "elapsed_this_session_seconds": 2511.0161946564913, "steps_this_session": 9960, "phase": "training", "gpu": "6"}
{"step": 9980, "total": 24000, "loss": 0.30765870586037636, "mixture_probability": 0.5, "actual_mixture": 0.40625, "gradient_norm": 3.3170266151428223, "pid": 1237361, "elapsed_this_session_seconds": 2515.830660833046, "steps_this_session": 9980, "phase": "training", "gpu": "6"}
{"step": 10000, "total": 24000, "loss": 0.3332812786102295, "mixture_probability": 0.5, "actual_mixture": 0.5625, "gradient_norm": 3.3414525985717773, "pid": 1237361, "elapsed_this_session_seconds": 2520.602720318362, "steps_this_session": 10000, "phase": "training", "gpu": "6"}
{"step": 10020, "total": 24000, "loss": 0.23358787596225739, "mixture_probability": 0.5, "actual_mixture": 0.328125, "gradient_norm": 3.167452812194824, "pid": 1237361, "elapsed_this_session_seconds": 2583.0184430656955, "steps_this_session": 10020, "phase": "training", "gpu": "6"}
{"step": 10040, "total": 24000, "loss": 0.3300052098929882, "mixture_probability": 0.5, "actual_mixture": 0.4375, "gradient_norm": 3.2406723499298096, "pid": 1237361, "elapsed_this_session_seconds": 2587.779220165685, "steps_this_session": 10040, "phase": "training", "gpu": "6"}
{"step": 10060, "total": 24000, "loss": 0.35183532536029816, "mixture_probability": 0.5, "actual_mixture": 0.5, "gradient_norm": 3.541139841079712, "pid": 1237361, "elapsed_this_session_seconds": 2592.3008599383757, "steps_this_session": 10060, "phase": "training", "gpu": "6"}
{"step": 10080, "total": 24000, "loss": 0.2516179792582989, "mixture_probability": 0.5, "actual_mixture": 0.515625, "gradient_norm": 2.4916269779205322, "pid": 1237361, "elapsed_this_session_seconds": 2596.691639964469, "steps_this_session": 10080, "phase": "training", "gpu": "6"}
{"step": 10100, "total": 24000, "loss": 0.2953253462910652, "mixture_probability": 0.5, "actual_mixture": 0.578125, "gradient_norm": 3.0836410522460938, "pid": 1237361, "elapsed_this_session_seconds": 2601.1213390156627, "steps_this_session": 10100, "phase": "training", "gpu": "6"}
{"step": 10120, "total": 24000, "loss": 0.3040136247873306, "mixture_probability": 0.5, "actual_mixture": 0.4375, "gradient_norm": 3.2003986835479736, "pid": 1237361, "elapsed_this_session_seconds": 2605.516333262436, "steps_this_session": 10120, "phase": "training", "gpu": "6"}
{"step": 10140, "total": 24000, "loss": 0.3346292972564697, "mixture_probability": 0.5, "actual_mixture": 0.515625, "gradient_norm": 3.0046684741973877, "pid": 1237361, "elapsed_this_session_seconds": 2610.0560233043507, "steps_this_session": 10140, "phase": "training", "gpu": "6"}
{"step": 10160, "total": 24000, "loss": 0.3708482012152672, "mixture_probability": 0.5, "actual_mixture": 0.640625, "gradient_norm": 3.4111974239349365, "pid": 1237361, "elapsed_this_session_seconds": 2614.65988367144, "steps_this_session": 10160, "phase": "training", "gpu": "6"}
{"step": 10180, "total": 24000, "loss": 0.4137471430003643, "mixture_probability": 0.5, "actual_mixture": 0.484375, "gradient_norm": 4.878448486328125, "pid": 1237361, "elapsed_this_session_seconds": 2619.221376923844, "steps_this_session": 10180, "phase": "training", "gpu": "6"}
{"step": 10200, "total": 24000, "loss": 0.39358145371079445, "mixture_probability": 0.5, "actual_mixture": 0.390625, "gradient_norm": 3.906006097793579, "pid": 1237361, "elapsed_this_session_seconds": 2624.158215493895, "steps_this_session": 10200, "phase": "training", "gpu": "6"}
{"step": 10220, "total": 24000, "loss": 0.4101746939122677, "mixture_probability": 0.5, "actual_mixture": 0.46875, "gradient_norm": 3.8838019371032715, "pid": 1237361, "elapsed_this_session_seconds": 2628.698051144369, "steps_this_session": 10220, "phase": "training", "gpu": "6"}
{"step": 10240, "total": 24000, "loss": 0.41383906453847885, "mixture_probability": 0.5, "actual_mixture": 0.53125, "gradient_norm": 4.350585460662842, "pid": 1237361, "elapsed_this_session_seconds": 2633.227909822017, "steps_this_session": 10240, "phase": "training", "gpu": "6"}
{"step": 10260, "total": 24000, "loss": 0.32836852967739105, "mixture_probability": 0.5, "actual_mixture": 0.515625, "gradient_norm": 3.472283124923706, "pid": 1237361, "elapsed_this_session_seconds": 2637.7858314756304, "steps_this_session": 10260, "phase": "training", "gpu": "6"}
{"step": 10280, "total": 24000, "loss": 0.27028973400592804, "mixture_probability": 0.5, "actual_mixture": 0.515625, "gradient_norm": 2.895049810409546, "pid": 1237361, "elapsed_this_session_seconds": 2642.2871542545035, "steps_this_session": 10280, "phase": "training", "gpu": "6"}
{"step": 10300, "total": 24000, "loss": 0.28260938823223114, "mixture_probability": 0.5, "actual_mixture": 0.4375, "gradient_norm": 2.6968486309051514, "pid": 1237361, "elapsed_this_session_seconds": 2646.6813878929242, "steps_this_session": 10300, "phase": "training", "gpu": "6"}
{"step": 10320, "total": 24000, "loss": 0.3743443116545677, "mixture_probability": 0.5, "actual_mixture": 0.5, "gradient_norm": 3.555124521255493, "pid": 1237361, "elapsed_this_session_seconds": 2651.489475800656, "steps_this_session": 10320, "phase": "training", "gpu": "6"}
{"step": 10340, "total": 24000, "loss": 0.32091373577713966, "mixture_probability": 0.5, "actual_mixture": 0.453125, "gradient_norm": 3.2222113609313965, "pid": 1237361, "elapsed_this_session_seconds": 2655.9394588926807, "steps_this_session": 10340, "phase": "training", "gpu": "6"}
{"step": 10360, "total": 24000, "loss": 0.4689297638833523, "mixture_probability": 0.5, "actual_mixture": 0.4375, "gradient_norm": 4.180055618286133, "pid": 1237361, "elapsed_this_session_seconds": 2660.4281340856105, "steps_this_session": 10360, "phase": "training", "gpu": "6"}
{"step": 10380, "total": 24000, "loss": 0.2770882397890091, "mixture_probability": 0.5, "actual_mixture": 0.5, "gradient_norm": 3.229214906692505, "pid": 1237361, "elapsed_this_session_seconds": 2664.7951575694606, "steps_this_session": 10380, "phase": "training", "gpu": "6"}
{"step": 10400, "total": 24000, "loss": 0.4351933039724827, "mixture_probability": 0.5, "actual_mixture": 0.5, "gradient_norm": 3.9362735748291016, "pid": 1237361, "elapsed_this_session_seconds": 2669.1678582075983, "steps_this_session": 10400, "phase": "training", "gpu": "6"}
{"step": 10420, "total": 24000, "loss": 0.3370746150612831, "mixture_probability": 0.5, "actual_mixture": 0.484375, "gradient_norm": 2.8647663593292236, "pid": 1237361, "elapsed_this_session_seconds": 2673.867788362317, "steps_this_session": 10420, "phase": "training", "gpu": "6"}
{"step": 10440, "total": 24000, "loss": 0.4166972190141678, "mixture_probability": 0.5, "actual_mixture": 0.515625, "gradient_norm": 3.476592779159546, "pid": 1237361, "elapsed_this_session_seconds": 2678.2908156272024, "steps_this_session": 10440, "phase": "training", "gpu": "6"}
{"step": 10460, "total": 24000, "loss": 0.2653162330389023, "mixture_probability": 0.5, "actual_mixture": 0.375, "gradient_norm": 2.6180667877197266, "pid": 1237361, "elapsed_this_session_seconds": 2682.636623575352, "steps_this_session": 10460, "phase": "training", "gpu": "6"}
{"step": 10480, "total": 24000, "loss": 0.32259440422058105, "mixture_probability": 0.5, "actual_mixture": 0.5, "gradient_norm": 3.312241554260254, "pid": 1237361, "elapsed_this_session_seconds": 2686.987191875465, "steps_this_session": 10480, "phase": "training", "gpu": "6"}
{"step": 10500, "total": 24000, "loss": 0.4325430765748024, "mixture_probability": 0.5, "actual_mixture": 0.640625, "gradient_norm": 3.6996548175811768, "pid": 1237361, "elapsed_this_session_seconds": 2691.3180313315243, "steps_this_session": 10500, "phase": "training", "gpu": "6"}
{"step": 10520, "total": 24000, "loss": 0.4007602706551552, "mixture_probability": 0.5, "actual_mixture": 0.546875, "gradient_norm": 3.843151807785034, "pid": 1237361, "elapsed_this_session_seconds": 2695.66804330796, "steps_this_session": 10520, "phase": "training", "gpu": "6"}
{"step": 10540, "total": 24000, "loss": 0.35935448110103607, "mixture_probability": 0.5, "actual_mixture": 0.484375, "gradient_norm": 3.1955034732818604, "pid": 1237361, "elapsed_this_session_seconds": 2700.007014934905, "steps_this_session": 10540, "phase": "training", "gpu": "6"}
{"step": 10560, "total": 24000, "loss": 0.31078803539276123, "mixture_probability": 0.5, "actual_mixture": 0.5, "gradient_norm": 3.746367931365967, "pid": 1237361, "elapsed_this_session_seconds": 2704.395494453609, "steps_this_session": 10560, "phase": "training", "gpu": "6"}
{"step": 10580, "total": 24000, "loss": 0.46360670775175095, "mixture_probability": 0.5, "actual_mixture": 0.421875, "gradient_norm": 3.910998821258545, "pid": 1237361, "elapsed_this_session_seconds": 2708.7394658643752, "steps_this_session": 10580, "phase": "training", "gpu": "6"}
{"step": 10600, "total": 24000, "loss": 0.3106556832790375, "mixture_probability": 0.5, "actual_mixture": 0.4375, "gradient_norm": 3.1910181045532227, "pid": 1237361, "elapsed_this_session_seconds": 2713.2027132762596, "steps_this_session": 10600, "phase": "training", "gpu": "6"}
{"step": 10620, "total": 24000, "loss": 0.39734379947185516, "mixture_probability": 0.5, "actual_mixture": 0.5625, "gradient_norm": 3.7879300117492676, "pid": 1237361, "elapsed_this_session_seconds": 2717.554557101801, "steps_this_session": 10620, "phase": "training", "gpu": "6"}
{"step": 10640, "total": 24000, "loss": 0.2960349842905998, "mixture_probability": 0.5, "actual_mixture": 0.46875, "gradient_norm": 2.8279004096984863, "pid": 1237361, "elapsed_this_session_seconds": 2721.8908548504114, "steps_this_session": 10640, "phase": "training", "gpu": "6"}
{"step": 10660, "total": 24000, "loss": 0.2903079651296139, "mixture_probability": 0.5, "actual_mixture": 0.546875, "gradient_norm": 3.123469591140747, "pid": 1237361, "elapsed_this_session_seconds": 2726.213402996771, "steps_this_session": 10660, "phase": "training", "gpu": "6"}
{"step": 10680, "total": 24000, "loss": 0.47493965178728104, "mixture_probability": 0.5, "actual_mixture": 0.453125, "gradient_norm": 4.074695110321045, "pid": 1237361, "elapsed_this_session_seconds": 2730.6198930852115, "steps_this_session": 10680, "phase": "training", "gpu": "6"}
{"step": 10700, "total": 24000, "loss": 0.3944631703197956, "mixture_probability": 0.5, "actual_mixture": 0.46875, "gradient_norm": 3.709630250930786, "pid": 1237361, "elapsed_this_session_seconds": 2734.9704540465027, "steps_this_session": 10700, "phase": "training", "gpu": "6"}
{"step": 10720, "total": 24000, "loss": 0.291141152381897, "mixture_probability": 0.5, "actual_mixture": 0.4375, "gradient_norm": 2.7527337074279785, "pid": 1237361, "elapsed_this_session_seconds": 2739.362543679774, "steps_this_session": 10720, "phase": "training", "gpu": "6"}
{"step": 10740, "total": 24000, "loss": 0.256109356880188, "mixture_probability": 0.5, "actual_mixture": 0.390625, "gradient_norm": 3.177152395248413, "pid": 1237361, "elapsed_this_session_seconds": 2743.9095212565735, "steps_this_session": 10740, "phase": "training", "gpu": "6"}
{"step": 10760, "total": 24000, "loss": 0.42090218886733055, "mixture_probability": 0.5, "actual_mixture": 0.53125, "gradient_norm": 3.4667062759399414, "pid": 1237361, "elapsed_this_session_seconds": 2748.371499588713, "steps_this_session": 10760, "phase": "training", "gpu": "6"}
{"step": 10780, "total": 24000, "loss": 0.350012194365263, "mixture_probability": 0.5, "actual_mixture": 0.453125, "gradient_norm": 2.8462376594543457, "pid": 1237361, "elapsed_this_session_seconds": 2752.8016145182773, "steps_this_session": 10780, "phase": "training", "gpu": "6"}
{"step": 10800, "total": 24000, "loss": 0.3203223943710327, "mixture_probability": 0.5, "actual_mixture": 0.4375, "gradient_norm": 3.062602996826172, "pid": 1237361, "elapsed_this_session_seconds": 2757.204849820584, "steps_this_session": 10800, "phase": "training", "gpu": "6"}
{"step": 10820, "total": 24000, "loss": 0.33789802342653275, "mixture_probability": 0.5, "actual_mixture": 0.59375, "gradient_norm": 2.925969123840332, "pid": 1237361, "elapsed_this_session_seconds": 2761.643761320971, "steps_this_session": 10820, "phase": "training", "gpu": "6"}
{"step": 10840, "total": 24000, "loss": 0.28881415724754333, "mixture_probability": 0.5, "actual_mixture": 0.46875, "gradient_norm": 3.0733108520507812, "pid": 1237361, "elapsed_this_session_seconds": 2766.0729916216806, "steps_this_session": 10840, "phase": "training", "gpu": "6"}
{"step": 10860, "total": 24000, "loss": 0.22214558720588684, "mixture_probability": 0.5, "actual_mixture": 0.46875, "gradient_norm": 2.386378526687622, "pid": 1237361, "elapsed_this_session_seconds": 2770.5534575479105, "steps_this_session": 10860, "phase": "training", "gpu": "6"}
{"step": 10880, "total": 24000, "loss": 0.3292139768600464, "mixture_probability": 0.5, "actual_mixture": 0.453125, "gradient_norm": 3.389003038406372, "pid": 1237361, "elapsed_this_session_seconds": 2775.011529488489, "steps_this_session": 10880, "phase": "training", "gpu": "6"}
{"step": 10900, "total": 24000, "loss": 0.42039500921964645, "mixture_probability": 0.5, "actual_mixture": 0.59375, "gradient_norm": 3.7543394565582275, "pid": 1237361, "elapsed_this_session_seconds": 2779.387846847996, "steps_this_session": 10900, "phase": "training", "gpu": "6"}
{"step": 10920, "total": 24000, "loss": 0.27046216279268265, "mixture_probability": 0.5, "actual_mixture": 0.546875, "gradient_norm": 2.94712495803833, "pid": 1237361, "elapsed_this_session_seconds": 2783.764162373729, "steps_this_session": 10920, "phase": "training", "gpu": "6"}
{"step": 10940, "total": 24000, "loss": 0.35069409757852554, "mixture_probability": 0.5, "actual_mixture": 0.515625, "gradient_norm": 4.063168525695801, "pid": 1237361, "elapsed_this_session_seconds": 2788.103833992034, "steps_this_session": 10940, "phase": "training", "gpu": "6"}
{"step": 10960, "total": 24000, "loss": 0.3279665485024452, "mixture_probability": 0.5, "actual_mixture": 0.453125, "gradient_norm": 2.95863676071167, "pid": 1237361, "elapsed_this_session_seconds": 2792.517682674341, "steps_this_session": 10960, "phase": "training", "gpu": "6"}
{"step": 10980, "total": 24000, "loss": 0.3391670249402523, "mixture_probability": 0.5, "actual_mixture": 0.484375, "gradient_norm": 3.3672735691070557, "pid": 1237361, "elapsed_this_session_seconds": 2797.006042761728, "steps_this_session": 10980, "phase": "training", "gpu": "6"}
{"step": 11000, "total": 24000, "loss": 0.3113076984882355, "mixture_probability": 0.5, "actual_mixture": 0.5, "gradient_norm": 2.6201460361480713, "pid": 1237361, "elapsed_this_session_seconds": 2801.3123327856883, "steps_this_session": 11000, "phase": "training", "gpu": "6"}
{"step": 11020, "total": 24000, "loss": 0.2766507416963577, "mixture_probability": 0.5, "actual_mixture": 0.4375, "gradient_norm": 2.5889763832092285, "pid": 1237361, "elapsed_this_session_seconds": 2805.6241004560143, "steps_this_session": 11020, "phase": "training", "gpu": "6"}
{"step": 11040, "total": 24000, "loss": 0.32127390801906586, "mixture_probability": 0.5, "actual_mixture": 0.546875, "gradient_norm": 3.2205255031585693, "pid": 1237361, "elapsed_this_session_seconds": 2809.983053309843, "steps_this_session": 11040, "phase": "training", "gpu": "6"}
{"step": 11060, "total": 24000, "loss": 0.4172694534063339, "mixture_probability": 0.5, "actual_mixture": 0.515625, "gradient_norm": 3.4991722106933594, "pid": 1237361, "elapsed_this_session_seconds": 2814.3379462901503, "steps_this_session": 11060, "phase": "training", "gpu": "6"}
{"step": 11080, "total": 24000, "loss": 0.20706840977072716, "mixture_probability": 0.5, "actual_mixture": 0.421875, "gradient_norm": 2.179853916168213, "pid": 1237361, "elapsed_this_session_seconds": 2818.63651665207, "steps_this_session": 11080, "phase": "training", "gpu": "6"}
{"step": 11100, "total": 24000, "loss": 0.2797088325023651, "mixture_probability": 0.5, "actual_mixture": 0.40625, "gradient_norm": 3.381624937057495, "pid": 1237361, "elapsed_this_session_seconds": 2822.998445628211, "steps_this_session": 11100, "phase": "training", "gpu": "6"}
{"step": 11120, "total": 24000, "loss": 0.35675519704818726, "mixture_probability": 0.5, "actual_mixture": 0.609375, "gradient_norm": 3.488734006881714, "pid": 1237361, "elapsed_this_session_seconds": 2827.3133428795263, "steps_this_session": 11120, "phase": "training", "gpu": "6"}
{"step": 11140, "total": 24000, "loss": 0.3341275714337826, "mixture_probability": 0.5, "actual_mixture": 0.5625, "gradient_norm": 3.0785562992095947, "pid": 1237361, "elapsed_this_session_seconds": 2831.6905115917325, "steps_this_session": 11140, "phase": "training", "gpu": "6"}
{"step": 11160, "total": 24000, "loss": 0.3130420371890068, "mixture_probability": 0.5, "actual_mixture": 0.5625, "gradient_norm": 3.050544500350952, "pid": 1237361, "elapsed_this_session_seconds": 2836.1321958517656, "steps_this_session": 11160, "phase": "training", "gpu": "6"}
{"step": 11180, "total": 24000, "loss": 0.36755256727337837, "mixture_probability": 0.5, "actual_mixture": 0.484375, "gradient_norm": 3.160201072692871, "pid": 1237361, "elapsed_this_session_seconds": 2840.449738145806, "steps_this_session": 11180, "phase": "training", "gpu": "6"}
{"step": 11200, "total": 24000, "loss": 0.45840687304735184, "mixture_probability": 0.5, "actual_mixture": 0.453125, "gradient_norm": 4.2337470054626465, "pid": 1237361, "elapsed_this_session_seconds": 2844.796789632179, "steps_this_session": 11200, "phase": "training", "gpu": "6"}
{"step": 11220, "total": 24000, "loss": 0.37100476771593094, "mixture_probability": 0.5, "actual_mixture": 0.484375, "gradient_norm": 3.265937328338623, "pid": 1237361, "elapsed_this_session_seconds": 2849.1109748892486, "steps_this_session": 11220, "phase": "training", "gpu": "6"}
{"step": 11240, "total": 24000, "loss": 0.5020310431718826, "mixture_probability": 0.5, "actual_mixture": 0.5625, "gradient_norm": 3.6352932453155518, "pid": 1237361, "elapsed_this_session_seconds": 2853.441047728993, "steps_this_session": 11240, "phase": "training", "gpu": "6"}
{"step": 11260, "total": 24000, "loss": 0.2963140979409218, "mixture_probability": 0.5, "actual_mixture": 0.40625, "gradient_norm": 3.3234736919403076, "pid": 1237361, "elapsed_this_session_seconds": 2857.7657940061763, "steps_this_session": 11260, "phase": "training", "gpu": "6"}
{"step": 11280, "total": 24000, "loss": 0.247369434684515, "mixture_probability": 0.5, "actual_mixture": 0.546875, "gradient_norm": 2.9578683376312256, "pid": 1237361, "elapsed_this_session_seconds": 2862.095872644335, "steps_this_session": 11280, "phase": "training", "gpu": "6"}
{"step": 11300, "total": 24000, "loss": 0.3620932251214981, "mixture_probability": 0.5, "actual_mixture": 0.546875, "gradient_norm": 3.2146480083465576, "pid": 1237361, "elapsed_this_session_seconds": 2866.362089389935, "steps_this_session": 11300, "phase": "training", "gpu": "6"}
{"step": 11320, "total": 24000, "loss": 0.2408921979367733, "mixture_probability": 0.5, "actual_mixture": 0.5, "gradient_norm": 3.048435926437378, "pid": 1237361, "elapsed_this_session_seconds": 2870.756103813648, "steps_this_session": 11320, "phase": "training", "gpu": "6"}
{"step": 11340, "total": 24000, "loss": 0.30771154165267944, "mixture_probability": 0.5, "actual_mixture": 0.484375, "gradient_norm": 3.5902068614959717, "pid": 1237361, "elapsed_this_session_seconds": 2875.3141019158065, "steps_this_session": 11340, "phase": "training", "gpu": "6"}
{"step": 11360, "total": 24000, "loss": 0.2971043586730957, "mixture_probability": 0.5, "actual_mixture": 0.53125, "gradient_norm": 2.944336175918579, "pid": 1237361, "elapsed_this_session_seconds": 2880.086878221482, "steps_this_session": 11360, "phase": "training", "gpu": "6"}
{"step": 11380, "total": 24000, "loss": 0.2679310403764248, "mixture_probability": 0.5, "actual_mixture": 0.515625, "gradient_norm": 3.1810336112976074, "pid": 1237361, "elapsed_this_session_seconds": 2884.9516401859, "steps_this_session": 11380, "phase": "training", "gpu": "6"}
{"step": 11400, "total": 24000, "loss": 0.3423338457942009, "mixture_probability": 0.5, "actual_mixture": 0.484375, "gradient_norm": 2.9531192779541016, "pid": 1237361, "elapsed_this_session_seconds": 2889.786969801411, "steps_this_session": 11400, "phase": "training", "gpu": "6"}
{"step": 11420, "total": 24000, "loss": 0.3158097006380558, "mixture_probability": 0.5, "actual_mixture": 0.484375, "gradient_norm": 3.1774680614471436, "pid": 1237361, "elapsed_this_session_seconds": 2894.534482630901, "steps_this_session": 11420, "phase": "training", "gpu": "6"}
{"step": 11440, "total": 24000, "loss": 0.3077075928449631, "mixture_probability": 0.5, "actual_mixture": 0.484375, "gradient_norm": 2.9563961029052734, "pid": 1237361, "elapsed_this_session_seconds": 2899.2775630401447, "steps_this_session": 11440, "phase": "training", "gpu": "6"}
{"step": 11460, "total": 24000, "loss": 0.35388458520174026, "mixture_probability": 0.5, "actual_mixture": 0.40625, "gradient_norm": 3.0639729499816895, "pid": 1237361, "elapsed_this_session_seconds": 2904.0288113439456, "steps_this_session": 11460, "phase": "training", "gpu": "6"}
{"step": 11480, "total": 24000, "loss": 0.25061989575624466, "mixture_probability": 0.5, "actual_mixture": 0.421875, "gradient_norm": 2.9734227657318115, "pid": 1237361, "elapsed_this_session_seconds": 2908.8094127308577, "steps_this_session": 11480, "phase": "training", "gpu": "6"}
{"step": 11500, "total": 24000, "loss": 0.2855009026825428, "mixture_probability": 0.5, "actual_mixture": 0.546875, "gradient_norm": 2.871039628982544, "pid": 1237361, "elapsed_this_session_seconds": 2913.6322907377034, "steps_this_session": 11500, "phase": "training", "gpu": "6"}
{"step": 11520, "total": 24000, "loss": 0.3200697526335716, "mixture_probability": 0.5, "actual_mixture": 0.515625, "gradient_norm": 3.234361410140991, "pid": 1237361, "elapsed_this_session_seconds": 2918.424146961421, "steps_this_session": 11520, "phase": "training", "gpu": "6"}
{"step": 11540, "total": 24000, "loss": 0.38980865478515625, "mixture_probability": 0.5, "actual_mixture": 0.59375, "gradient_norm": 3.5424623489379883, "pid": 1237361, "elapsed_this_session_seconds": 2923.205883911811, "steps_this_session": 11540, "phase": "training", "gpu": "6"}
{"step": 11560, "total": 24000, "loss": 0.33241985738277435, "mixture_probability": 0.5, "actual_mixture": 0.484375, "gradient_norm": 3.202012777328491, "pid": 1237361, "elapsed_this_session_seconds": 2928.021803326905, "steps_this_session": 11560, "phase": "training", "gpu": "6"}
{"step": 11580, "total": 24000, "loss": 0.2616723068058491, "mixture_probability": 0.5, "actual_mixture": 0.453125, "gradient_norm": 3.000218391418457, "pid": 1237361, "elapsed_this_session_seconds": 2932.9758082814515, "steps_this_session": 11580, "phase": "training", "gpu": "6"}
{"step": 11600, "total": 24000, "loss": 0.29265477880835533, "mixture_probability": 0.5, "actual_mixture": 0.515625, "gradient_norm": 3.3190083503723145, "pid": 1237361, "elapsed_this_session_seconds": 2937.6921707056463, "steps_this_session": 11600, "phase": "training", "gpu": "6"}
{"step": 11620, "total": 24000, "loss": 0.28347961604595184, "mixture_probability": 0.5, "actual_mixture": 0.421875, "gradient_norm": 2.911231517791748, "pid": 1237361, "elapsed_this_session_seconds": 2942.4478630106896, "steps_this_session": 11620, "phase": "training", "gpu": "6"}
{"step": 11640, "total": 24000, "loss": 0.3815635181963444, "mixture_probability": 0.5, "actual_mixture": 0.515625, "gradient_norm": 3.712550640106201, "pid": 1237361, "elapsed_this_session_seconds": 2947.217113303952, "steps_this_session": 11640, "phase": "training", "gpu": "6"}
{"step": 11660, "total": 24000, "loss": 0.4555826336145401, "mixture_probability": 0.5, "actual_mixture": 0.515625, "gradient_norm": 3.591825485229492, "pid": 1237361, "elapsed_this_session_seconds": 2951.988242937252, "steps_this_session": 11660, "phase": "training", "gpu": "6"}
{"step": 11680, "total": 24000, "loss": 0.31555530428886414, "mixture_probability": 0.5, "actual_mixture": 0.53125, "gradient_norm": 3.0266706943511963, "pid": 1237361, "elapsed_this_session_seconds": 2956.8005439797416, "steps_this_session": 11680, "phase": "training", "gpu": "6"}
{"step": 11700, "total": 24000, "loss": 0.4051828682422638, "mixture_probability": 0.5, "actual_mixture": 0.5625, "gradient_norm": 3.309269666671753, "pid": 1237361, "elapsed_this_session_seconds": 2961.5823686840013, "steps_this_session": 11700, "phase": "training", "gpu": "6"}
{"step": 11720, "total": 24000, "loss": 0.3820807710289955, "mixture_probability": 0.5, "actual_mixture": 0.515625, "gradient_norm": 3.3255202770233154, "pid": 1237361, "elapsed_this_session_seconds": 2966.363625540398, "steps_this_session": 11720, "phase": "training", "gpu": "6"}
{"step": 11740, "total": 24000, "loss": 0.2633396349847317, "mixture_probability": 0.5, "actual_mixture": 0.5, "gradient_norm": 3.0386242866516113, "pid": 1237361, "elapsed_this_session_seconds": 2971.1117211831734, "steps_this_session": 11740, "phase": "training", "gpu": "6"}
{"step": 11760, "total": 24000, "loss": 0.310478076338768, "mixture_probability": 0.5, "actual_mixture": 0.453125, "gradient_norm": 3.381537675857544, "pid": 1237361, "elapsed_this_session_seconds": 2975.7440108135343, "steps_this_session": 11760, "phase": "training", "gpu": "6"}
{"step": 11780, "total": 24000, "loss": 0.3454880639910698, "mixture_probability": 0.5, "actual_mixture": 0.546875, "gradient_norm": 3.133856773376465, "pid": 1237361, "elapsed_this_session_seconds": 2980.1800664458424, "steps_this_session": 11780, "phase": "training", "gpu": "6"}
{"step": 11800, "total": 24000, "loss": 0.2838060036301613, "mixture_probability": 0.5, "actual_mixture": 0.5, "gradient_norm": 2.8541202545166016, "pid": 1237361, "elapsed_this_session_seconds": 2984.7107381178066, "steps_this_session": 11800, "phase": "training", "gpu": "6"}
{"step": 11820, "total": 24000, "loss": 0.3127435892820358, "mixture_probability": 0.5, "actual_mixture": 0.5625, "gradient_norm": 2.8983139991760254, "pid": 1237361, "elapsed_this_session_seconds": 2989.083380309865, "steps_this_session": 11820, "phase": "training", "gpu": "6"}
{"step": 11840, "total": 24000, "loss": 0.3068247511982918, "mixture_probability": 0.5, "actual_mixture": 0.59375, "gradient_norm": 3.0542550086975098, "pid": 1237361, "elapsed_this_session_seconds": 2993.4792261030525, "steps_this_session": 11840, "phase": "training", "gpu": "6"}
{"step": 11860, "total": 24000, "loss": 0.2540943883359432, "mixture_probability": 0.5, "actual_mixture": 0.515625, "gradient_norm": 2.7822375297546387, "pid": 1237361, "elapsed_this_session_seconds": 2997.745770325884, "steps_this_session": 11860, "phase": "training", "gpu": "6"}
{"step": 11880, "total": 24000, "loss": 0.2955789119005203, "mixture_probability": 0.5, "actual_mixture": 0.546875, "gradient_norm": 2.965677261352539, "pid": 1237361, "elapsed_this_session_seconds": 3002.071081294678, "steps_this_session": 11880, "phase": "training", "gpu": "6"}
{"step": 11900, "total": 24000, "loss": 0.26069801300764084, "mixture_probability": 0.5, "actual_mixture": 0.53125, "gradient_norm": 2.8315799236297607, "pid": 1237361, "elapsed_this_session_seconds": 3006.3871989827603, "steps_this_session": 11900, "phase": "training", "gpu": "6"}
{"step": 11920, "total": 24000, "loss": 0.3678602948784828, "mixture_probability": 0.5, "actual_mixture": 0.59375, "gradient_norm": 3.3190042972564697, "pid": 1237361, "elapsed_this_session_seconds": 3010.70199765265, "steps_this_session": 11920, "phase": "training", "gpu": "6"}
{"step": 11940, "total": 24000, "loss": 0.2896109074354172, "mixture_probability": 0.5, "actual_mixture": 0.4375, "gradient_norm": 3.397045850753784, "pid": 1237361, "elapsed_this_session_seconds": 3015.075969563797, "steps_this_session": 11940, "phase": "training", "gpu": "6"}
{"step": 11960, "total": 24000, "loss": 0.3611545264720917, "mixture_probability": 0.5, "actual_mixture": 0.578125, "gradient_norm": 3.0730032920837402, "pid": 1237361, "elapsed_this_session_seconds": 3019.4209998007864, "steps_this_session": 11960, "phase": "training", "gpu": "6"}
{"step": 11980, "total": 24000, "loss": 0.25506215170025826, "mixture_probability": 0.5, "actual_mixture": 0.40625, "gradient_norm": 3.8871593475341797, "pid": 1237361, "elapsed_this_session_seconds": 3024.065566125326, "steps_this_session": 11980, "phase": "training", "gpu": "6"}
{"step": 12000, "total": 24000, "loss": 0.3045053109526634, "mixture_probability": 0.5, "actual_mixture": 0.5, "gradient_norm": 2.9538629055023193, "pid": 1237361, "elapsed_this_session_seconds": 3028.423808146268, "steps_this_session": 12000, "phase": "training", "gpu": "6"}
{"step": 12020, "total": 24000, "loss": 0.24084246531128883, "mixture_probability": 0.5, "actual_mixture": 0.515625, "gradient_norm": 2.541407585144043, "pid": 1237361, "elapsed_this_session_seconds": 3088.3320276858285, "steps_this_session": 12020, "phase": "training", "gpu": "6"}
{"step": 12040, "total": 24000, "loss": 0.39381877332925797, "mixture_probability": 0.5, "actual_mixture": 0.46875, "gradient_norm": 3.171663522720337, "pid": 1237361, "elapsed_this_session_seconds": 3092.7228225972503, "steps_this_session": 12040, "phase": "training", "gpu": "6"}
{"step": 12060, "total": 24000, "loss": 0.3354485407471657, "mixture_probability": 0.5, "actual_mixture": 0.546875, "gradient_norm": 2.9076571464538574, "pid": 1237361, "elapsed_this_session_seconds": 3097.0210137553513, "steps_this_session": 12060, "phase": "training", "gpu": "6"}
{"step": 12080, "total": 24000, "loss": 0.3490256145596504, "mixture_probability": 0.5, "actual_mixture": 0.53125, "gradient_norm": 3.829911470413208, "pid": 1237361, "elapsed_this_session_seconds": 3101.3104507606477, "steps_this_session": 12080, "phase": "training", "gpu": "6"}
{"step": 12100, "total": 24000, "loss": 0.32433875650167465, "mixture_probability": 0.5, "actual_mixture": 0.375, "gradient_norm": 3.3075144290924072, "pid": 1237361, "elapsed_this_session_seconds": 3105.7352085495368, "steps_this_session": 12100, "phase": "training", "gpu": "6"}
{"step": 12120, "total": 24000, "loss": 0.417263500392437, "mixture_probability": 0.5, "actual_mixture": 0.546875, "gradient_norm": 3.621476411819458, "pid": 1237361, "elapsed_this_session_seconds": 3110.0305296974257, "steps_this_session": 12120, "phase": "training", "gpu": "6"}
{"step": 12140, "total": 24000, "loss": 0.505331065505743, "mixture_probability": 0.5, "actual_mixture": 0.640625, "gradient_norm": 4.376251220703125, "pid": 1237361, "elapsed_this_session_seconds": 3114.3363688448444, "steps_this_session": 12140, "phase": "training", "gpu": "6"}
{"step": 12160, "total": 24000, "loss": 0.41976605355739594, "mixture_probability": 0.5, "actual_mixture": 0.546875, "gradient_norm": 3.42089581489563, "pid": 1237361, "elapsed_this_session_seconds": 3118.72737454623, "steps_this_session": 12160, "phase": "training", "gpu": "6"}
{"step": 12180, "total": 24000, "loss": 0.3740256056189537, "mixture_probability": 0.5, "actual_mixture": 0.515625, "gradient_norm": 3.6972405910491943, "pid": 1237361, "elapsed_this_session_seconds": 3123.059194863774, "steps_this_session": 12180, "phase": "training", "gpu": "6"}
{"step": 12200, "total": 24000, "loss": 0.5351648032665253, "mixture_probability": 0.5, "actual_mixture": 0.546875, "gradient_norm": 3.848926067352295, "pid": 1237361, "elapsed_this_session_seconds": 3127.347716114484, "steps_this_session": 12200, "phase": "training", "gpu": "6"}
{"step": 12220, "total": 24000, "loss": 0.21347477287054062, "mixture_probability": 0.5, "actual_mixture": 0.4375, "gradient_norm": 2.265198230743408, "pid": 1237361, "elapsed_this_session_seconds": 3131.700175699778, "steps_this_session": 12220, "phase": "training", "gpu": "6"}
{"step": 12240, "total": 24000, "loss": 0.3162698522210121, "mixture_probability": 0.5, "actual_mixture": 0.5625, "gradient_norm": 2.8754162788391113, "pid": 1237361, "elapsed_this_session_seconds": 3136.0443276101723, "steps_this_session": 12240, "phase": "training", "gpu": "6"}
{"step": 12260, "total": 24000, "loss": 0.33240070939064026, "mixture_probability": 0.5, "actual_mixture": 0.46875, "gradient_norm": 3.142327070236206, "pid": 1237361, "elapsed_this_session_seconds": 3140.770235103555, "steps_this_session": 12260, "phase": "training", "gpu": "6"}
{"step": 12280, "total": 24000, "loss": 0.35262157768011093, "mixture_probability": 0.5, "actual_mixture": 0.5, "gradient_norm": 3.249927282333374, "pid": 1237361, "elapsed_this_session_seconds": 3145.1347346352413, "steps_this_session": 12280, "phase": "training", "gpu": "6"}
{"step": 12300, "total": 24000, "loss": 0.3152284100651741, "mixture_probability": 0.5, "actual_mixture": 0.484375, "gradient_norm": 2.837313175201416, "pid": 1237361, "elapsed_this_session_seconds": 3149.4792343862355, "steps_this_session": 12300, "phase": "training", "gpu": "6"}
{"step": 12320, "total": 24000, "loss": 0.21574891358613968, "mixture_probability": 0.5, "actual_mixture": 0.546875, "gradient_norm": 2.229402542114258, "pid": 1237361, "elapsed_this_session_seconds": 3153.8476073378697, "steps_this_session": 12320, "phase": "training", "gpu": "6"}
{"step": 12340, "total": 24000, "loss": 0.25387348234653473, "mixture_probability": 0.5, "actual_mixture": 0.5, "gradient_norm": 2.6123969554901123, "pid": 1237361, "elapsed_this_session_seconds": 3158.1321418993175, "steps_this_session": 12340, "phase": "training", "gpu": "6"}
{"step": 12360, "total": 24000, "loss": 0.2606052905321121, "mixture_probability": 0.5, "actual_mixture": 0.390625, "gradient_norm": 3.035935163497925, "pid": 1237361, "elapsed_this_session_seconds": 3162.6084173265845, "steps_this_session": 12360, "phase": "training", "gpu": "6"}
{"step": 12380, "total": 24000, "loss": 0.35475484281778336, "mixture_probability": 0.5, "actual_mixture": 0.484375, "gradient_norm": 4.751582622528076, "pid": 1237361, "elapsed_this_session_seconds": 3167.0545226158574, "steps_this_session": 12380, "phase": "training", "gpu": "6"}
{"step": 12400, "total": 24000, "loss": 0.39815618097782135, "mixture_probability": 0.5, "actual_mixture": 0.625, "gradient_norm": 3.3975348472595215, "pid": 1237361, "elapsed_this_session_seconds": 3171.5279433643445, "steps_this_session": 12400, "phase": "training", "gpu": "6"}
{"step": 12420, "total": 24000, "loss": 0.36126379668712616, "mixture_probability": 0.5, "actual_mixture": 0.453125, "gradient_norm": 3.4928228855133057, "pid": 1237361, "elapsed_this_session_seconds": 3176.118524390273, "steps_this_session": 12420, "phase": "training", "gpu": "6"}
{"step": 12440, "total": 24000, "loss": 0.26014546677470207, "mixture_probability": 0.5, "actual_mixture": 0.359375, "gradient_norm": 2.633573055267334, "pid": 1237361, "elapsed_this_session_seconds": 3180.9473940003663, "steps_this_session": 12440, "phase": "training", "gpu": "6"}
{"step": 12460, "total": 24000, "loss": 0.3617464080452919, "mixture_probability": 0.5, "actual_mixture": 0.5, "gradient_norm": 3.5111377239227295, "pid": 1237361, "elapsed_this_session_seconds": 3185.714752787724, "steps_this_session": 12460, "phase": "training", "gpu": "6"}
{"step": 12480, "total": 24000, "loss": 0.3628503903746605, "mixture_probability": 0.5, "actual_mixture": 0.515625, "gradient_norm": 3.8357338905334473, "pid": 1237361, "elapsed_this_session_seconds": 3190.4584381235763, "steps_this_session": 12480, "phase": "training", "gpu": "6"}
{"step": 12500, "total": 24000, "loss": 0.2758108116686344, "mixture_probability": 0.5, "actual_mixture": 0.5625, "gradient_norm": 2.7776174545288086, "pid": 1237361, "elapsed_this_session_seconds": 3195.1925815679133, "steps_this_session": 12500, "phase": "training", "gpu": "6"}
{"step": 12520, "total": 24000, "loss": 0.37259772792458534, "mixture_probability": 0.5, "actual_mixture": 0.484375, "gradient_norm": 3.2341530323028564, "pid": 1237361, "elapsed_this_session_seconds": 3199.9324930869043, "steps_this_session": 12520, "phase": "training", "gpu": "6"}
{"step": 12540, "total": 24000, "loss": 0.27384475991129875, "mixture_probability": 0.5, "actual_mixture": 0.5625, "gradient_norm": 2.8640847206115723, "pid": 1237361, "elapsed_this_session_seconds": 3204.688103992492, "steps_this_session": 12540, "phase": "training", "gpu": "6"}
{"step": 12560, "total": 24000, "loss": 0.3140915110707283, "mixture_probability": 0.5, "actual_mixture": 0.578125, "gradient_norm": 2.7137787342071533, "pid": 1237361, "elapsed_this_session_seconds": 3209.5003854250535, "steps_this_session": 12560, "phase": "training", "gpu": "6"}
{"step": 12580, "total": 24000, "loss": 0.4390363469719887, "mixture_probability": 0.5, "actual_mixture": 0.46875, "gradient_norm": 3.769390821456909, "pid": 1237361, "elapsed_this_session_seconds": 3214.2849028632045, "steps_this_session": 12580, "phase": "training", "gpu": "6"}
{"step": 12600, "total": 24000, "loss": 0.30478598177433014, "mixture_probability": 0.5, "actual_mixture": 0.515625, "gradient_norm": 3.1752254962921143, "pid": 1237361, "elapsed_this_session_seconds": 3219.05059560854, "steps_this_session": 12600, "phase": "training", "gpu": "6"}
{"step": 12620, "total": 24000, "loss": 0.28567735105752945, "mixture_probability": 0.5, "actual_mixture": 0.40625, "gradient_norm": 2.960386276245117, "pid": 1237361, "elapsed_this_session_seconds": 3223.791639946401, "steps_this_session": 12620, "phase": "training", "gpu": "6"}
{"step": 12640, "total": 24000, "loss": 0.33124640583992004, "mixture_probability": 0.5, "actual_mixture": 0.609375, "gradient_norm": 3.0613951683044434, "pid": 1237361, "elapsed_this_session_seconds": 3228.5543788466603, "steps_this_session": 12640, "phase": "training", "gpu": "6"}
{"step": 12660, "total": 24000, "loss": 0.32610709220170975, "mixture_probability": 0.5, "actual_mixture": 0.546875, "gradient_norm": 3.266115665435791, "pid": 1237361, "elapsed_this_session_seconds": 3233.3454270074144, "steps_this_session": 12660, "phase": "training", "gpu": "6"}
{"step": 12680, "total": 24000, "loss": 0.35358650237321854, "mixture_probability": 0.5, "actual_mixture": 0.515625, "gradient_norm": 3.1993227005004883, "pid": 1237361, "elapsed_this_session_seconds": 3238.1730630854145, "steps_this_session": 12680, "phase": "training", "gpu": "6"}
{"step": 12700, "total": 24000, "loss": 0.2803496904671192, "mixture_probability": 0.5, "actual_mixture": 0.546875, "gradient_norm": 3.0993337631225586, "pid": 1237361, "elapsed_this_session_seconds": 3243.0141087090597, "steps_this_session": 12700, "phase": "training", "gpu": "6"}
{"step": 12720, "total": 24000, "loss": 0.3741026297211647, "mixture_probability": 0.5, "actual_mixture": 0.546875, "gradient_norm": 3.3197596073150635, "pid": 1237361, "elapsed_this_session_seconds": 3247.738099919632, "steps_this_session": 12720, "phase": "training", "gpu": "6"}
{"step": 12740, "total": 24000, "loss": 0.41991257295012474, "mixture_probability": 0.5, "actual_mixture": 0.515625, "gradient_norm": 3.7165677547454834, "pid": 1237361, "elapsed_this_session_seconds": 3252.5213197134435, "steps_this_session": 12740, "phase": "training", "gpu": "6"}
{"step": 12760, "total": 24000, "loss": 0.28733179718255997, "mixture_probability": 0.5, "actual_mixture": 0.5, "gradient_norm": 2.9664275646209717, "pid": 1237361, "elapsed_this_session_seconds": 3257.2579577630386, "steps_this_session": 12760, "phase": "training", "gpu": "6"}
{"step": 12780, "total": 24000, "loss": 0.3782195746898651, "mixture_probability": 0.5, "actual_mixture": 0.484375, "gradient_norm": 3.3269309997558594, "pid": 1237361, "elapsed_this_session_seconds": 3262.008730071597, "steps_this_session": 12780, "phase": "training", "gpu": "6"}
{"step": 12800, "total": 24000, "loss": 0.2270554043352604, "mixture_probability": 0.5, "actual_mixture": 0.453125, "gradient_norm": 3.0117905139923096, "pid": 1237361, "elapsed_this_session_seconds": 3266.7293728198856, "steps_this_session": 12800, "phase": "training", "gpu": "6"}
{"step": 12820, "total": 24000, "loss": 0.3784274011850357, "mixture_probability": 0.5, "actual_mixture": 0.5625, "gradient_norm": 3.3194010257720947, "pid": 1237361, "elapsed_this_session_seconds": 3271.490551763214, "steps_this_session": 12820, "phase": "training", "gpu": "6"}
{"step": 12840, "total": 24000, "loss": 0.34427353739738464, "mixture_probability": 0.5, "actual_mixture": 0.5, "gradient_norm": 2.8149592876434326, "pid": 1237361, "elapsed_this_session_seconds": 3276.3224913505837, "steps_this_session": 12840, "phase": "training", "gpu": "6"}
{"step": 12860, "total": 24000, "loss": 0.22092295810580254, "mixture_probability": 0.5, "actual_mixture": 0.546875, "gradient_norm": 2.2972633838653564, "pid": 1237361, "elapsed_this_session_seconds": 3281.096563658677, "steps_this_session": 12860, "phase": "training", "gpu": "6"}
{"step": 12880, "total": 24000, "loss": 0.22097903862595558, "mixture_probability": 0.5, "actual_mixture": 0.515625, "gradient_norm": 2.3427538871765137, "pid": 1237361, "elapsed_this_session_seconds": 3285.7915611024946, "steps_this_session": 12880, "phase": "training", "gpu": "6"}
{"step": 12900, "total": 24000, "loss": 0.4284607879817486, "mixture_probability": 0.5, "actual_mixture": 0.515625, "gradient_norm": 3.7479817867279053, "pid": 1237361, "elapsed_this_session_seconds": 3290.533660011366, "steps_this_session": 12900, "phase": "training", "gpu": "6"}
{"step": 12920, "total": 24000, "loss": 0.3666049838066101, "mixture_probability": 0.5, "actual_mixture": 0.59375, "gradient_norm": 3.728229522705078, "pid": 1237361, "elapsed_this_session_seconds": 3295.266166194342, "steps_this_session": 12920, "phase": "training", "gpu": "6"}
{"step": 12940, "total": 24000, "loss": 0.3011300303041935, "mixture_probability": 0.5, "actual_mixture": 0.46875, "gradient_norm": 3.0262644290924072, "pid": 1237361, "elapsed_this_session_seconds": 3299.9969364879653, "steps_this_session": 12940, "phase": "training", "gpu": "6"}
{"step": 12960, "total": 24000, "loss": 0.26323315873742104, "mixture_probability": 0.5, "actual_mixture": 0.40625, "gradient_norm": 2.751488208770752, "pid": 1237361, "elapsed_this_session_seconds": 3304.888861151412, "steps_this_session": 12960, "phase": "training", "gpu": "6"}
{"step": 12980, "total": 24000, "loss": 0.23821652680635452, "mixture_probability": 0.5, "actual_mixture": 0.53125, "gradient_norm": 2.4361016750335693, "pid": 1237361, "elapsed_this_session_seconds": 3309.621239072643, "steps_this_session": 12980, "phase": "training", "gpu": "6"}
{"step": 13000, "total": 24000, "loss": 0.2991481013596058, "mixture_probability": 0.5, "actual_mixture": 0.546875, "gradient_norm": 3.0867502689361572, "pid": 1237361, "elapsed_this_session_seconds": 3314.274095545523, "steps_this_session": 13000, "phase": "training", "gpu": "6"}
{"step": 13020, "total": 24000, "loss": 0.5006257779896259, "mixture_probability": 0.5, "actual_mixture": 0.390625, "gradient_norm": 4.345859527587891, "pid": 1237361, "elapsed_this_session_seconds": 3318.7430882556364, "steps_this_session": 13020, "phase": "training", "gpu": "6"}
{"step": 13040, "total": 24000, "loss": 0.33563654869794846, "mixture_probability": 0.5, "actual_mixture": 0.484375, "gradient_norm": 3.1418871879577637, "pid": 1237361, "elapsed_this_session_seconds": 3323.147961616516, "steps_this_session": 13040, "phase": "training", "gpu": "6"}
{"step": 13060, "total": 24000, "loss": 0.33715134859085083, "mixture_probability": 0.5, "actual_mixture": 0.4375, "gradient_norm": 3.2040045261383057, "pid": 1237361, "elapsed_this_session_seconds": 3327.523073710501, "steps_this_session": 13060, "phase": "training", "gpu": "6"}
{"step": 13080, "total": 24000, "loss": 0.29158085584640503, "mixture_probability": 0.5, "actual_mixture": 0.53125, "gradient_norm": 2.6490557193756104, "pid": 1237361, "elapsed_this_session_seconds": 3331.900626124814, "steps_this_session": 13080, "phase": "training", "gpu": "6"}
{"step": 13100, "total": 24000, "loss": 0.41331344842910767, "mixture_probability": 0.5, "actual_mixture": 0.546875, "gradient_norm": 3.506286144256592, "pid": 1237361, "elapsed_this_session_seconds": 3336.2093868684024, "steps_this_session": 13100, "phase": "training", "gpu": "6"}
{"step": 13120, "total": 24000, "loss": 0.2461816966533661, "mixture_probability": 0.5, "actual_mixture": 0.46875, "gradient_norm": 2.4248855113983154, "pid": 1237361, "elapsed_this_session_seconds": 3340.549691412598, "steps_this_session": 13120, "phase": "training", "gpu": "6"}
{"step": 13140, "total": 24000, "loss": 0.28557391464710236, "mixture_probability": 0.5, "actual_mixture": 0.421875, "gradient_norm": 2.5722575187683105, "pid": 1237361, "elapsed_this_session_seconds": 3344.9034059783444, "steps_this_session": 13140, "phase": "training", "gpu": "6"}
{"step": 13160, "total": 24000, "loss": 0.3068292886018753, "mixture_probability": 0.5, "actual_mixture": 0.53125, "gradient_norm": 2.5680389404296875, "pid": 1237361, "elapsed_this_session_seconds": 3349.226846414618, "steps_this_session": 13160, "phase": "training", "gpu": "6"}
{"step": 13180, "total": 24000, "loss": 0.2464161291718483, "mixture_probability": 0.5, "actual_mixture": 0.53125, "gradient_norm": 2.420602798461914, "pid": 1237361, "elapsed_this_session_seconds": 3353.586815804243, "steps_this_session": 13180, "phase": "training", "gpu": "6"}
{"step": 13200, "total": 24000, "loss": 0.32592522725462914, "mixture_probability": 0.5, "actual_mixture": 0.515625, "gradient_norm": 3.0942180156707764, "pid": 1237361, "elapsed_this_session_seconds": 3357.9495533267036, "steps_this_session": 13200, "phase": "training", "gpu": "6"}
{"step": 13220, "total": 24000, "loss": 0.4030976817011833, "mixture_probability": 0.5, "actual_mixture": 0.453125, "gradient_norm": 3.9012691974639893, "pid": 1237361, "elapsed_this_session_seconds": 3362.343349426985, "steps_this_session": 13220, "phase": "training", "gpu": "6"}
{"step": 13240, "total": 24000, "loss": 0.29630613327026367, "mixture_probability": 0.5, "actual_mixture": 0.53125, "gradient_norm": 2.6381351947784424, "pid": 1237361, "elapsed_this_session_seconds": 3366.699775633402, "steps_this_session": 13240, "phase": "training", "gpu": "6"}
{"step": 13260, "total": 24000, "loss": 0.27725351601839066, "mixture_probability": 0.5, "actual_mixture": 0.453125, "gradient_norm": 2.9472763538360596, "pid": 1237361, "elapsed_this_session_seconds": 3371.0647921301425, "steps_this_session": 13260, "phase": "training", "gpu": "6"}
{"step": 13280, "total": 24000, "loss": 0.3186603933572769, "mixture_probability": 0.5, "actual_mixture": 0.546875, "gradient_norm": 2.718418836593628, "pid": 1237361, "elapsed_this_session_seconds": 3375.390501265414, "steps_this_session": 13280, "phase": "training", "gpu": "6"}
{"step": 13300, "total": 24000, "loss": 0.3447780907154083, "mixture_probability": 0.5, "actual_mixture": 0.5, "gradient_norm": 3.1299352645874023, "pid": 1237361, "elapsed_this_session_seconds": 3379.699966751039, "steps_this_session": 13300, "phase": "training", "gpu": "6"}
{"step": 13320, "total": 24000, "loss": 0.4382167086005211, "mixture_probability": 0.5, "actual_mixture": 0.59375, "gradient_norm": 4.074686527252197, "pid": 1237361, "elapsed_this_session_seconds": 3384.0224270755425, "steps_this_session": 13320, "phase": "training", "gpu": "6"}
{"step": 13340, "total": 24000, "loss": 0.39552072435617447, "mixture_probability": 0.5, "actual_mixture": 0.546875, "gradient_norm": 3.31014084815979, "pid": 1237361, "elapsed_this_session_seconds": 3388.297293169424, "steps_this_session": 13340, "phase": "training", "gpu": "6"}
{"step": 13360, "total": 24000, "loss": 0.324647955596447, "mixture_probability": 0.5, "actual_mixture": 0.5625, "gradient_norm": 3.026155471801758, "pid": 1237361, "elapsed_this_session_seconds": 3392.578717265278, "steps_this_session": 13360, "phase": "training", "gpu": "6"}
{"step": 13380, "total": 24000, "loss": 0.26128650829195976, "mixture_probability": 0.5, "actual_mixture": 0.5625, "gradient_norm": 3.293050765991211, "pid": 1237361, "elapsed_this_session_seconds": 3396.8821006240323, "steps_this_session": 13380, "phase": "training", "gpu": "6"}
{"step": 13400, "total": 24000, "loss": 0.31392060965299606, "mixture_probability": 0.5, "actual_mixture": 0.484375, "gradient_norm": 2.9357213973999023, "pid": 1237361, "elapsed_this_session_seconds": 3401.2414172003046, "steps_this_session": 13400, "phase": "training", "gpu": "6"}
{"step": 13420, "total": 24000, "loss": 0.24205264449119568, "mixture_probability": 0.5, "actual_mixture": 0.421875, "gradient_norm": 2.5551140308380127, "pid": 1237361, "elapsed_this_session_seconds": 3405.51387397293, "steps_this_session": 13420, "phase": "training", "gpu": "6"}
{"step": 13440, "total": 24000, "loss": 0.3231620602309704, "mixture_probability": 0.5, "actual_mixture": 0.484375, "gradient_norm": 3.350987195968628, "pid": 1237361, "elapsed_this_session_seconds": 3409.969471156597, "steps_this_session": 13440, "phase": "training", "gpu": "6"}
{"step": 13460, "total": 24000, "loss": 0.2767697311937809, "mixture_probability": 0.5, "actual_mixture": 0.5, "gradient_norm": 2.9331018924713135, "pid": 1237361, "elapsed_this_session_seconds": 3414.35140420869, "steps_this_session": 13460, "phase": "training", "gpu": "6"}
{"step": 13480, "total": 24000, "loss": 0.3179882578551769, "mixture_probability": 0.5, "actual_mixture": 0.46875, "gradient_norm": 3.3052775859832764, "pid": 1237361, "elapsed_this_session_seconds": 3418.8728049788624, "steps_this_session": 13480, "phase": "training", "gpu": "6"}
{"step": 13500, "total": 24000, "loss": 0.23094770684838295, "mixture_probability": 0.5, "actual_mixture": 0.5625, "gradient_norm": 2.689828634262085, "pid": 1237361, "elapsed_this_session_seconds": 3424.372710423544, "steps_this_session": 13500, "phase": "training", "gpu": "6"}
{"step": 13520, "total": 24000, "loss": 0.5046965777873993, "mixture_probability": 0.5, "actual_mixture": 0.578125, "gradient_norm": 6.631241798400879, "pid": 1237361, "elapsed_this_session_seconds": 3429.5285455463454, "steps_this_session": 13520, "phase": "training", "gpu": "6"}
{"step": 13540, "total": 24000, "loss": 0.35705922544002533, "mixture_probability": 0.5, "actual_mixture": 0.5, "gradient_norm": 3.219985246658325, "pid": 1237361, "elapsed_this_session_seconds": 3434.0889132097363, "steps_this_session": 13540, "phase": "training", "gpu": "6"}
{"step": 13560, "total": 24000, "loss": 0.34992462396621704, "mixture_probability": 0.5, "actual_mixture": 0.5, "gradient_norm": 3.624162435531616, "pid": 1237361, "elapsed_this_session_seconds": 3438.643465030007, "steps_this_session": 13560, "phase": "training", "gpu": "6"}
{"step": 13580, "total": 24000, "loss": 0.28779279068112373, "mixture_probability": 0.5, "actual_mixture": 0.46875, "gradient_norm": 2.896282434463501, "pid": 1237361, "elapsed_this_session_seconds": 3443.2414653208107, "steps_this_session": 13580, "phase": "training", "gpu": "6"}
{"step": 13600, "total": 24000, "loss": 0.27307499945163727, "mixture_probability": 0.5, "actual_mixture": 0.453125, "gradient_norm": 2.8328700065612793, "pid": 1237361, "elapsed_this_session_seconds": 3447.793982042931, "steps_this_session": 13600, "phase": "training", "gpu": "6"}
{"step": 13620, "total": 24000, "loss": 0.3519469201564789, "mixture_probability": 0.5, "actual_mixture": 0.46875, "gradient_norm": 3.583958148956299, "pid": 1237361, "elapsed_this_session_seconds": 3452.383749017492, "steps_this_session": 13620, "phase": "training", "gpu": "6"}
{"step": 13640, "total": 24000, "loss": 0.2971024513244629, "mixture_probability": 0.5, "actual_mixture": 0.5, "gradient_norm": 2.580955982208252, "pid": 1237361, "elapsed_this_session_seconds": 3456.967590834014, "steps_this_session": 13640, "phase": "training", "gpu": "6"}
{"step": 13660, "total": 24000, "loss": 0.31500690057873726, "mixture_probability": 0.5, "actual_mixture": 0.5, "gradient_norm": 3.3035809993743896, "pid": 1237361, "elapsed_this_session_seconds": 3461.490985225886, "steps_this_session": 13660, "phase": "training", "gpu": "6"}
{"step": 13680, "total": 24000, "loss": 0.26323504373431206, "mixture_probability": 0.5, "actual_mixture": 0.484375, "gradient_norm": 2.6298725605010986, "pid": 1237361, "elapsed_this_session_seconds": 3466.008774448186, "steps_this_session": 13680, "phase": "training", "gpu": "6"}
{"step": 13700, "total": 24000, "loss": 0.2798313535749912, "mixture_probability": 0.5, "actual_mixture": 0.46875, "gradient_norm": 2.9838218688964844, "pid": 1237361, "elapsed_this_session_seconds": 3470.5269546695054, "steps_this_session": 13700, "phase": "training", "gpu": "6"}
{"step": 13720, "total": 24000, "loss": 0.4539364129304886, "mixture_probability": 0.5, "actual_mixture": 0.515625, "gradient_norm": 4.528623580932617, "pid": 1237361, "elapsed_this_session_seconds": 3475.098025231622, "steps_this_session": 13720, "phase": "training", "gpu": "6"}
{"step": 13740, "total": 24000, "loss": 0.2703268229961395, "mixture_probability": 0.5, "actual_mixture": 0.5, "gradient_norm": 2.8013904094696045, "pid": 1237361, "elapsed_this_session_seconds": 3479.6151814917102, "steps_this_session": 13740, "phase": "training", "gpu": "6"}
{"step": 13760, "total": 24000, "loss": 0.3224917761981487, "mixture_probability": 0.5, "actual_mixture": 0.53125, "gradient_norm": 3.350102663040161, "pid": 1237361, "elapsed_this_session_seconds": 3484.144242849201, "steps_this_session": 13760, "phase": "training", "gpu": "6"}
{"step": 13780, "total": 24000, "loss": 0.4086337648332119, "mixture_probability": 0.5, "actual_mixture": 0.484375, "gradient_norm": 3.8242101669311523, "pid": 1237361, "elapsed_this_session_seconds": 3488.667497240007, "steps_this_session": 13780, "phase": "training", "gpu": "6"}
{"step": 13800, "total": 24000, "loss": 0.3748670965433121, "mixture_probability": 0.5, "actual_mixture": 0.578125, "gradient_norm": 3.1846277713775635, "pid": 1237361, "elapsed_this_session_seconds": 3493.2260750280693, "steps_this_session": 13800, "phase": "training", "gpu": "6"}
{"step": 13820, "total": 24000, "loss": 0.35723066702485085, "mixture_probability": 0.5, "actual_mixture": 0.40625, "gradient_norm": 5.333000659942627, "pid": 1237361, "elapsed_this_session_seconds": 3497.772356434725, "steps_this_session": 13820, "phase": "training", "gpu": "6"}
{"step": 13840, "total": 24000, "loss": 0.2971820533275604, "mixture_probability": 0.5, "actual_mixture": 0.421875, "gradient_norm": 3.159463882446289, "pid": 1237361, "elapsed_this_session_seconds": 3502.305811131373, "steps_this_session": 13840, "phase": "training", "gpu": "6"}
{"step": 13860, "total": 24000, "loss": 0.36795346438884735, "mixture_probability": 0.5, "actual_mixture": 0.53125, "gradient_norm": 3.28220272064209, "pid": 1237361, "elapsed_this_session_seconds": 3506.8256983859465, "steps_this_session": 13860, "phase": "training", "gpu": "6"}
{"step": 13880, "total": 24000, "loss": 0.340366430580616, "mixture_probability": 0.5, "actual_mixture": 0.5625, "gradient_norm": 3.1433300971984863, "pid": 1237361, "elapsed_this_session_seconds": 3511.4089655857533, "steps_this_session": 13880, "phase": "training", "gpu": "6"}
{"step": 13900, "total": 24000, "loss": 0.34724412113428116, "mixture_probability": 0.5, "actual_mixture": 0.421875, "gradient_norm": 3.008755683898926, "pid": 1237361, "elapsed_this_session_seconds": 3515.9778029127046, "steps_this_session": 13900, "phase": "training", "gpu": "6"}
{"step": 13920, "total": 24000, "loss": 0.3135968893766403, "mixture_probability": 0.5, "actual_mixture": 0.59375, "gradient_norm": 2.8168861865997314, "pid": 1237361, "elapsed_this_session_seconds": 3520.55330615025, "steps_this_session": 13920, "phase": "training", "gpu": "6"}
{"step": 13940, "total": 24000, "loss": 0.28560248762369156, "mixture_probability": 0.5, "actual_mixture": 0.46875, "gradient_norm": 3.0456809997558594, "pid": 1237361, "elapsed_this_session_seconds": 3525.0975466845557, "steps_this_session": 13940, "phase": "training", "gpu": "6"}
{"step": 13960, "total": 24000, "loss": 0.395150825381279, "mixture_probability": 0.5, "actual_mixture": 0.5, "gradient_norm": 3.187286853790283, "pid": 1237361, "elapsed_this_session_seconds": 3529.6332619134337, "steps_this_session": 13960, "phase": "training", "gpu": "6"}
{"step": 13980, "total": 24000, "loss": 0.4239172860980034, "mixture_probability": 0.5, "actual_mixture": 0.59375, "gradient_norm": 3.6816368103027344, "pid": 1237361, "elapsed_this_session_seconds": 3534.2072915984318, "steps_this_session": 13980, "phase": "training", "gpu": "6"}
{"step": 14000, "total": 24000, "loss": 0.43374788016080856, "mixture_probability": 0.5, "actual_mixture": 0.484375, "gradient_norm": 3.8787715435028076, "pid": 1237361, "elapsed_this_session_seconds": 3538.7616477133706, "steps_this_session": 14000, "phase": "training", "gpu": "6"}
{"step": 14020, "total": 24000, "loss": 0.28921353816986084, "mixture_probability": 0.5, "actual_mixture": 0.546875, "gradient_norm": 2.847379446029663, "pid": 1237361, "elapsed_this_session_seconds": 3600.146053138189, "steps_this_session": 14020, "phase": "training", "gpu": "6"}
{"step": 14040, "total": 24000, "loss": 0.35750003904104233, "mixture_probability": 0.5, "actual_mixture": 0.546875, "gradient_norm": 3.1954262256622314, "pid": 1237361, "elapsed_this_session_seconds": 3604.729304828681, "steps_this_session": 14040, "phase": "training", "gpu": "6"}
{"step": 14060, "total": 24000, "loss": 0.3704744912683964, "mixture_probability": 0.5, "actual_mixture": 0.65625, "gradient_norm": 3.251239538192749, "pid": 1237361, "elapsed_this_session_seconds": 3609.297780555673, "steps_this_session": 14060, "phase": "training", "gpu": "6"}
{"step": 14080, "total": 24000, "loss": 0.38403017818927765, "mixture_probability": 0.5, "actual_mixture": 0.53125, "gradient_norm": 3.4049205780029297, "pid": 1237361, "elapsed_this_session_seconds": 3613.868598139845, "steps_this_session": 14080, "phase": "training", "gpu": "6"}
{"step": 14100, "total": 24000, "loss": 0.3439643867313862, "mixture_probability": 0.5, "actual_mixture": 0.453125, "gradient_norm": 3.4367990493774414, "pid": 1237361, "elapsed_this_session_seconds": 3618.4408990414813, "steps_this_session": 14100, "phase": "training", "gpu": "6"}
{"step": 14120, "total": 24000, "loss": 0.4373660273849964, "mixture_probability": 0.5, "actual_mixture": 0.515625, "gradient_norm": 7.18838357925415, "pid": 1237361, "elapsed_this_session_seconds": 3623.0153118371964, "steps_this_session": 14120, "phase": "training", "gpu": "6"}
{"step": 14140, "total": 24000, "loss": 0.21575773507356644, "mixture_probability": 0.5, "actual_mixture": 0.4375, "gradient_norm": 2.2396533489227295, "pid": 1237361, "elapsed_this_session_seconds": 3627.577023539692, "steps_this_session": 14140, "phase": "training", "gpu": "6"}
{"step": 14160, "total": 24000, "loss": 0.24227632582187653, "mixture_probability": 0.5, "actual_mixture": 0.5625, "gradient_norm": 2.6684226989746094, "pid": 1237361, "elapsed_this_session_seconds": 3632.1575687406585, "steps_this_session": 14160, "phase": "training", "gpu": "6"}
{"step": 14180, "total": 24000, "loss": 0.2624429389834404, "mixture_probability": 0.5, "actual_mixture": 0.5625, "gradient_norm": 2.323577880859375, "pid": 1237361, "elapsed_this_session_seconds": 3636.6935269553214, "steps_this_session": 14180, "phase": "training", "gpu": "6"}
{"step": 14200, "total": 24000, "loss": 0.26175131276249886, "mixture_probability": 0.5, "actual_mixture": 0.484375, "gradient_norm": 2.578796625137329, "pid": 1237361, "elapsed_this_session_seconds": 3641.2113208435476, "steps_this_session": 14200, "phase": "training", "gpu": "6"}
{"step": 14220, "total": 24000, "loss": 0.2748936302959919, "mixture_probability": 0.5, "actual_mixture": 0.5625, "gradient_norm": 3.1056666374206543, "pid": 1237361, "elapsed_this_session_seconds": 3645.778430699371, "steps_this_session": 14220, "phase": "training", "gpu": "6"}
{"step": 14240, "total": 24000, "loss": 0.3397090472280979, "mixture_probability": 0.5, "actual_mixture": 0.5, "gradient_norm": 2.9707770347595215, "pid": 1237361, "elapsed_this_session_seconds": 3650.302839753218, "steps_this_session": 14240, "phase": "training", "gpu": "6"}
{"step": 14260, "total": 24000, "loss": 0.22199887409806252, "mixture_probability": 0.5, "actual_mixture": 0.453125, "gradient_norm": 2.4743969440460205, "pid": 1237361, "elapsed_this_session_seconds": 3655.0509210797027, "steps_this_session": 14260, "phase": "training", "gpu": "6"}
{"step": 14280, "total": 24000, "loss": 0.189798966050148, "mixture_probability": 0.5, "actual_mixture": 0.46875, "gradient_norm": 2.295266628265381, "pid": 1237361, "elapsed_this_session_seconds": 3659.544767559506, "steps_this_session": 14280, "phase": "training", "gpu": "6"}
{"step": 14300, "total": 24000, "loss": 0.2977829799056053, "mixture_probability": 0.5, "actual_mixture": 0.53125, "gradient_norm": 3.0142388343811035, "pid": 1237361, "elapsed_this_session_seconds": 3664.028614141047, "steps_this_session": 14300, "phase": "training", "gpu": "6"}
{"step": 14320, "total": 24000, "loss": 0.3448083773255348, "mixture_probability": 0.5, "actual_mixture": 0.53125, "gradient_norm": 3.5924458503723145, "pid": 1237361, "elapsed_this_session_seconds": 3668.4984823977575, "steps_this_session": 14320, "phase": "training", "gpu": "6"}
{"step": 14340, "total": 24000, "loss": 0.31656021624803543, "mixture_probability": 0.5, "actual_mixture": 0.5625, "gradient_norm": 3.50451922416687, "pid": 1237361, "elapsed_this_session_seconds": 3672.992082935758, "steps_this_session": 14340, "phase": "training", "gpu": "6"}
{"step": 14360, "total": 24000, "loss": 0.22569358721375465, "mixture_probability": 0.5, "actual_mixture": 0.4375, "gradient_norm": 2.2654852867126465, "pid": 1237361, "elapsed_this_session_seconds": 3677.500789565034, "steps_this_session": 14360, "phase": "training", "gpu": "6"}
{"step": 14380, "total": 24000, "loss": 0.2612323984503746, "mixture_probability": 0.5, "actual_mixture": 0.46875, "gradient_norm": 3.0354232788085938, "pid": 1237361, "elapsed_this_session_seconds": 3682.037982949987, "steps_this_session": 14380, "phase": "training", "gpu": "6"}
{"step": 14400, "total": 24000, "loss": 0.24038685113191605, "mixture_probability": 0.5, "actual_mixture": 0.53125, "gradient_norm": 2.2584681510925293, "pid": 1237361, "elapsed_this_session_seconds": 3686.601058071479, "steps_this_session": 14400, "phase": "training", "gpu": "6"}
{"step": 14420, "total": 24000, "loss": 0.29921790212392807, "mixture_probability": 0.5, "actual_mixture": 0.5, "gradient_norm": 2.9918875694274902, "pid": 1237361, "elapsed_this_session_seconds": 3691.290343642235, "steps_this_session": 14420, "phase": "training", "gpu": "6"}
{"step": 14440, "total": 24000, "loss": 0.2953295186161995, "mixture_probability": 0.5, "actual_mixture": 0.5, "gradient_norm": 2.856201171875, "pid": 1237361, "elapsed_this_session_seconds": 3696.0501046981663, "steps_this_session": 14440, "phase": "training", "gpu": "6"}
{"step": 14460, "total": 24000, "loss": 0.226141307502985, "mixture_probability": 0.5, "actual_mixture": 0.453125, "gradient_norm": 2.2567718029022217, "pid": 1237361, "elapsed_this_session_seconds": 3700.9467537663877, "steps_this_session": 14460, "phase": "training", "gpu": "6"}
{"step": 14480, "total": 24000, "loss": 0.3121517635881901, "mixture_probability": 0.5, "actual_mixture": 0.484375, "gradient_norm": 2.8004515171051025, "pid": 1237361, "elapsed_this_session_seconds": 3705.567542639561, "steps_this_session": 14480, "phase": "training", "gpu": "6"}
{"step": 14500, "total": 24000, "loss": 0.256496399641037, "mixture_probability": 0.5, "actual_mixture": 0.5, "gradient_norm": 3.11006498336792, "pid": 1237361, "elapsed_this_session_seconds": 3710.2212883234024, "steps_this_session": 14500, "phase": "training", "gpu": "6"}
{"step": 14520, "total": 24000, "loss": 0.29171711951494217, "mixture_probability": 0.5, "actual_mixture": 0.5, "gradient_norm": 2.8674004077911377, "pid": 1237361, "elapsed_this_session_seconds": 3714.77578416653, "steps_this_session": 14520, "phase": "training", "gpu": "6"}
{"step": 14540, "total": 24000, "loss": 0.3807200491428375, "mixture_probability": 0.5, "actual_mixture": 0.515625, "gradient_norm": 3.4601283073425293, "pid": 1237361, "elapsed_this_session_seconds": 3719.1850883904845, "steps_this_session": 14540, "phase": "training", "gpu": "6"}
{"step": 14560, "total": 24000, "loss": 0.3628428839147091, "mixture_probability": 0.5, "actual_mixture": 0.53125, "gradient_norm": 3.132596015930176, "pid": 1237361, "elapsed_this_session_seconds": 3723.6205941559747, "steps_this_session": 14560, "phase": "training", "gpu": "6"}
{"step": 14580, "total": 24000, "loss": 0.21311390027403831, "mixture_probability": 0.5, "actual_mixture": 0.4375, "gradient_norm": 2.6147549152374268, "pid": 1237361, "elapsed_this_session_seconds": 3728.282008576207, "steps_this_session": 14580, "phase": "training", "gpu": "6"}
{"step": 14600, "total": 24000, "loss": 0.29807035252451897, "mixture_probability": 0.5, "actual_mixture": 0.546875, "gradient_norm": 2.827644109725952, "pid": 1237361, "elapsed_this_session_seconds": 3732.9324644040316, "steps_this_session": 14600, "phase": "training", "gpu": "6"}
{"step": 14620, "total": 24000, "loss": 0.2842036820948124, "mixture_probability": 0.5, "actual_mixture": 0.4375, "gradient_norm": 3.00468373298645, "pid": 1237361, "elapsed_this_session_seconds": 3737.5815181033686, "steps_this_session": 14620, "phase": "training", "gpu": "6"}
{"step": 14640, "total": 24000, "loss": 0.21740027889609337, "mixture_probability": 0.5, "actual_mixture": 0.484375, "gradient_norm": 2.4201653003692627, "pid": 1237361, "elapsed_this_session_seconds": 3742.2847745614126, "steps_this_session": 14640, "phase": "training", "gpu": "6"}
{"step": 14660, "total": 24000, "loss": 0.24972739815711975, "mixture_probability": 0.5, "actual_mixture": 0.53125, "gradient_norm": 2.50203537940979, "pid": 1237361, "elapsed_this_session_seconds": 3746.9338911166415, "steps_this_session": 14660, "phase": "training", "gpu": "6"}
{"step": 14680, "total": 24000, "loss": 0.2654094584286213, "mixture_probability": 0.5, "actual_mixture": 0.4375, "gradient_norm": 2.8947041034698486, "pid": 1237361, "elapsed_this_session_seconds": 3751.6208302155137, "steps_this_session": 14680, "phase": "training", "gpu": "6"}
{"step": 14700, "total": 24000, "loss": 0.37819066271185875, "mixture_probability": 0.5, "actual_mixture": 0.578125, "gradient_norm": 3.4454410076141357, "pid": 1237361, "elapsed_this_session_seconds": 3756.318880595267, "steps_this_session": 14700, "phase": "training", "gpu": "6"}
{"step": 14720, "total": 24000, "loss": 0.3114022761583328, "mixture_probability": 0.5, "actual_mixture": 0.640625, "gradient_norm": 2.8563685417175293, "pid": 1237361, "elapsed_this_session_seconds": 3760.839188504964, "steps_this_session": 14720, "phase": "training", "gpu": "6"}
{"step": 14740, "total": 24000, "loss": 0.1908574216067791, "mixture_probability": 0.5, "actual_mixture": 0.484375, "gradient_norm": 2.3499529361724854, "pid": 1237361, "elapsed_this_session_seconds": 3765.152440036647, "steps_this_session": 14740, "phase": "training", "gpu": "6"}
{"step": 14760, "total": 24000, "loss": 0.2758991941809654, "mixture_probability": 0.5, "actual_mixture": 0.4375, "gradient_norm": 3.2262134552001953, "pid": 1237361, "elapsed_this_session_seconds": 3769.856814727187, "steps_this_session": 14760, "phase": "training", "gpu": "6"}
{"step": 14780, "total": 24000, "loss": 0.34101400524377823, "mixture_probability": 0.5, "actual_mixture": 0.484375, "gradient_norm": 2.9451892375946045, "pid": 1237361, "elapsed_this_session_seconds": 3774.6582909449935, "steps_this_session": 14780, "phase": "training", "gpu": "6"}
{"step": 14800, "total": 24000, "loss": 0.2198089137673378, "mixture_probability": 0.5, "actual_mixture": 0.34375, "gradient_norm": 2.957263231277466, "pid": 1237361, "elapsed_this_session_seconds": 3779.4297117795795, "steps_this_session": 14800, "phase": "training", "gpu": "6"}
{"step": 14820, "total": 24000, "loss": 0.2844257280230522, "mixture_probability": 0.5, "actual_mixture": 0.46875, "gradient_norm": 3.033736228942871, "pid": 1237361, "elapsed_this_session_seconds": 3784.219725624658, "steps_this_session": 14820, "phase": "training", "gpu": "6"}
{"step": 14840, "total": 24000, "loss": 0.32311901822686195, "mixture_probability": 0.5, "actual_mixture": 0.5, "gradient_norm": 3.1035542488098145, "pid": 1237361, "elapsed_this_session_seconds": 3788.956512999721, "steps_this_session": 14840, "phase": "training", "gpu": "6"}
{"step": 14860, "total": 24000, "loss": 0.31152113154530525, "mixture_probability": 0.5, "actual_mixture": 0.53125, "gradient_norm": 3.2901480197906494, "pid": 1237361, "elapsed_this_session_seconds": 3793.718781011179, "steps_this_session": 14860, "phase": "training", "gpu": "6"}
{"step": 14880, "total": 24000, "loss": 0.2495035156607628, "mixture_probability": 0.5, "actual_mixture": 0.5, "gradient_norm": 2.765521764755249, "pid": 1237361, "elapsed_this_session_seconds": 3798.4690023986623, "steps_this_session": 14880, "phase": "training", "gpu": "6"}
{"step": 14900, "total": 24000, "loss": 0.2776641882956028, "mixture_probability": 0.5, "actual_mixture": 0.546875, "gradient_norm": 3.1360280513763428, "pid": 1237361, "elapsed_this_session_seconds": 3803.2412140332162, "steps_this_session": 14900, "phase": "training", "gpu": "6"}
{"step": 14920, "total": 24000, "loss": 0.27178720757365227, "mixture_probability": 0.5, "actual_mixture": 0.5625, "gradient_norm": 2.6552534103393555, "pid": 1237361, "elapsed_this_session_seconds": 3808.0075525073335, "steps_this_session": 14920, "phase": "training", "gpu": "6"}
{"step": 14940, "total": 24000, "loss": 0.3349273130297661, "mixture_probability": 0.5, "actual_mixture": 0.453125, "gradient_norm": 3.231325149536133, "pid": 1237361, "elapsed_this_session_seconds": 3812.7974037658423, "steps_this_session": 14940, "phase": "training", "gpu": "6"}
{"step": 14960, "total": 24000, "loss": 0.2657850608229637, "mixture_probability": 0.5, "actual_mixture": 0.453125, "gradient_norm": 2.771648406982422, "pid": 1237361, "elapsed_this_session_seconds": 3817.6142224548385, "steps_this_session": 14960, "phase": "training", "gpu": "6"}
{"step": 14980, "total": 24000, "loss": 0.3637929931282997, "mixture_probability": 0.5, "actual_mixture": 0.5, "gradient_norm": 3.156430244445801, "pid": 1237361, "elapsed_this_session_seconds": 3822.386005282402, "steps_this_session": 14980, "phase": "training", "gpu": "6"}
{"step": 15000, "total": 24000, "loss": 0.2529349699616432, "mixture_probability": 0.5, "actual_mixture": 0.484375, "gradient_norm": 3.071408748626709, "pid": 1237361, "elapsed_this_session_seconds": 3827.1483302349225, "steps_this_session": 15000, "phase": "training", "gpu": "6"}
{"step": 15020, "total": 24000, "loss": 0.30255176872015, "mixture_probability": 0.5, "actual_mixture": 0.609375, "gradient_norm": 3.0462963581085205, "pid": 1237361, "elapsed_this_session_seconds": 3831.912308415398, "steps_this_session": 15020, "phase": "training", "gpu": "6"}
{"step": 15040, "total": 24000, "loss": 0.3509130999445915, "mixture_probability": 0.5, "actual_mixture": 0.453125, "gradient_norm": 3.823760747909546, "pid": 1237361, "elapsed_this_session_seconds": 3836.662138964981, "steps_this_session": 15040, "phase": "training", "gpu": "6"}
{"step": 15060, "total": 24000, "loss": 0.32519950345158577, "mixture_probability": 0.5, "actual_mixture": 0.484375, "gradient_norm": 2.6965177059173584, "pid": 1237361, "elapsed_this_session_seconds": 3841.431577107869, "steps_this_session": 15060, "phase": "training", "gpu": "6"}
{"step": 15080, "total": 24000, "loss": 0.2987361177802086, "mixture_probability": 0.5, "actual_mixture": 0.4375, "gradient_norm": 3.216688871383667, "pid": 1237361, "elapsed_this_session_seconds": 3846.2235945388675, "steps_this_session": 15080, "phase": "training", "gpu": "6"}
{"step": 15100, "total": 24000, "loss": 0.32465553283691406, "mixture_probability": 0.5, "actual_mixture": 0.484375, "gradient_norm": 2.627467155456543, "pid": 1237361, "elapsed_this_session_seconds": 3850.992797636427, "steps_this_session": 15100, "phase": "training", "gpu": "6"}
{"step": 15120, "total": 24000, "loss": 0.25426099449396133, "mixture_probability": 0.5, "actual_mixture": 0.546875, "gradient_norm": 2.5098538398742676, "pid": 1237361, "elapsed_this_session_seconds": 3855.7425322709605, "steps_this_session": 15120, "phase": "training", "gpu": "6"}
{"step": 15140, "total": 24000, "loss": 0.30560629069805145, "mixture_probability": 0.5, "actual_mixture": 0.546875, "gradient_norm": 2.963268756866455, "pid": 1237361, "elapsed_this_session_seconds": 3860.4828055612743, "steps_this_session": 15140, "phase": "training", "gpu": "6"}
{"step": 15160, "total": 24000, "loss": 0.38859911262989044, "mixture_probability": 0.5, "actual_mixture": 0.4375, "gradient_norm": 2.987743377685547, "pid": 1237361, "elapsed_this_session_seconds": 3865.2514875605702, "steps_this_session": 15160, "phase": "training", "gpu": "6"}
{"step": 15180, "total": 24000, "loss": 0.32877733185887337, "mixture_probability": 0.5, "actual_mixture": 0.546875, "gradient_norm": 3.321023941040039, "pid": 1237361, "elapsed_this_session_seconds": 3870.0461017955095, "steps_this_session": 15180, "phase": "training", "gpu": "6"}
{"step": 15200, "total": 24000, "loss": 0.2120850346982479, "mixture_probability": 0.5, "actual_mixture": 0.40625, "gradient_norm": 2.6379172801971436, "pid": 1237361, "elapsed_this_session_seconds": 3874.8274443224072, "steps_this_session": 15200, "phase": "training", "gpu": "6"}
{"step": 15220, "total": 24000, "loss": 0.20614667981863022, "mixture_probability": 0.5, "actual_mixture": 0.46875, "gradient_norm": 2.7757787704467773, "pid": 1237361, "elapsed_this_session_seconds": 3879.6098498106003, "steps_this_session": 15220, "phase": "training", "gpu": "6"}
{"step": 15240, "total": 24000, "loss": 0.27850113436579704, "mixture_probability": 0.5, "actual_mixture": 0.5625, "gradient_norm": 2.9838502407073975, "pid": 1237361, "elapsed_this_session_seconds": 3884.3823122093454, "steps_this_session": 15240, "phase": "training", "gpu": "6"}
{"step": 15260, "total": 24000, "loss": 0.28834665566682816, "mixture_probability": 0.5, "actual_mixture": 0.515625, "gradient_norm": 2.7230095863342285, "pid": 1237361, "elapsed_this_session_seconds": 3889.1345722274855, "steps_this_session": 15260, "phase": "training", "gpu": "6"}
{"step": 15280, "total": 24000, "loss": 0.2444559410214424, "mixture_probability": 0.5, "actual_mixture": 0.453125, "gradient_norm": 2.937398910522461, "pid": 1237361, "elapsed_this_session_seconds": 3893.9135379781947, "steps_this_session": 15280, "phase": "training", "gpu": "6"}
{"step": 15300, "total": 24000, "loss": 0.29609500616788864, "mixture_probability": 0.5, "actual_mixture": 0.5, "gradient_norm": 2.7951488494873047, "pid": 1237361, "elapsed_this_session_seconds": 3898.6833435157314, "steps_this_session": 15300, "phase": "training", "gpu": "6"}
{"step": 15320, "total": 24000, "loss": 0.3154136799275875, "mixture_probability": 0.5, "actual_mixture": 0.5625, "gradient_norm": 3.1088764667510986, "pid": 1237361, "elapsed_this_session_seconds": 3903.4615005161613, "steps_this_session": 15320, "phase": "training", "gpu": "6"}
{"step": 15340, "total": 24000, "loss": 0.24548177421092987, "mixture_probability": 0.5, "actual_mixture": 0.421875, "gradient_norm": 3.0738611221313477, "pid": 1237361, "elapsed_this_session_seconds": 3908.1958678765222, "steps_this_session": 15340, "phase": "training", "gpu": "6"}
{"step": 15360, "total": 24000, "loss": 0.3419005945324898, "mixture_probability": 0.5, "actual_mixture": 0.578125, "gradient_norm": 3.094119071960449, "pid": 1237361, "elapsed_this_session_seconds": 3912.96565328259, "steps_this_session": 15360, "phase": "training", "gpu": "6"}
{"step": 15380, "total": 24000, "loss": 0.2506864182651043, "mixture_probability": 0.5, "actual_mixture": 0.453125, "gradient_norm": 2.2852718830108643, "pid": 1237361, "elapsed_this_session_seconds": 3917.7051263181493, "steps_this_session": 15380, "phase": "training", "gpu": "6"}
{"step": 15400, "total": 24000, "loss": 0.297668494284153, "mixture_probability": 0.5, "actual_mixture": 0.515625, "gradient_norm": 3.5055294036865234, "pid": 1237361, "elapsed_this_session_seconds": 3922.4303306005895, "steps_this_session": 15400, "phase": "training", "gpu": "6"}
{"step": 15420, "total": 24000, "loss": 0.2650472968816757, "mixture_probability": 0.5, "actual_mixture": 0.59375, "gradient_norm": 2.6243882179260254, "pid": 1237361, "elapsed_this_session_seconds": 3927.1297575253993, "steps_this_session": 15420, "phase": "training", "gpu": "6"}
{"step": 15440, "total": 24000, "loss": 0.32644806802272797, "mixture_probability": 0.5, "actual_mixture": 0.625, "gradient_norm": 3.0576226711273193, "pid": 1237361, "elapsed_this_session_seconds": 3931.920869493857, "steps_this_session": 15440, "phase": "training", "gpu": "6"}
{"step": 15460, "total": 24000, "loss": 0.28541918471455574, "mixture_probability": 0.5, "actual_mixture": 0.46875, "gradient_norm": 2.6335039138793945, "pid": 1237361, "elapsed_this_session_seconds": 3936.658882795833, "steps_this_session": 15460, "phase": "training", "gpu": "6"}
{"step": 15480, "total": 24000, "loss": 0.369811087846756, "mixture_probability": 0.5, "actual_mixture": 0.421875, "gradient_norm": 4.073966979980469, "pid": 1237361, "elapsed_this_session_seconds": 3941.410281780176, "steps_this_session": 15480, "phase": "training", "gpu": "6"}
{"step": 15500, "total": 24000, "loss": 0.2743825241923332, "mixture_probability": 0.5, "actual_mixture": 0.578125, "gradient_norm": 2.584390640258789, "pid": 1237361, "elapsed_this_session_seconds": 3946.1416553081945, "steps_this_session": 15500, "phase": "training", "gpu": "6"}
{"step": 15520, "total": 24000, "loss": 0.2899976000189781, "mixture_probability": 0.5, "actual_mixture": 0.515625, "gradient_norm": 2.442962408065796, "pid": 1237361, "elapsed_this_session_seconds": 3950.886368994601, "steps_this_session": 15520, "phase": "training", "gpu": "6"}
{"step": 15540, "total": 24000, "loss": 0.25273165851831436, "mixture_probability": 0.5, "actual_mixture": 0.484375, "gradient_norm": 2.500100612640381, "pid": 1237361, "elapsed_this_session_seconds": 3955.640168194659, "steps_this_session": 15540, "phase": "training", "gpu": "6"}
{"step": 15560, "total": 24000, "loss": 0.34089213609695435, "mixture_probability": 0.5, "actual_mixture": 0.515625, "gradient_norm": 3.015474796295166, "pid": 1237361, "elapsed_this_session_seconds": 3960.4528018394485, "steps_this_session": 15560, "phase": "training", "gpu": "6"}
{"step": 15580, "total": 24000, "loss": 0.2610400542616844, "mixture_probability": 0.5, "actual_mixture": 0.484375, "gradient_norm": 2.8361778259277344, "pid": 1237361, "elapsed_this_session_seconds": 3965.2504664622247, "steps_this_session": 15580, "phase": "training", "gpu": "6"}
{"step": 15600, "total": 24000, "loss": 0.4006207585334778, "mixture_probability": 0.5, "actual_mixture": 0.53125, "gradient_norm": 4.069754123687744, "pid": 1237361, "elapsed_this_session_seconds": 3970.1003080904484, "steps_this_session": 15600, "phase": "training", "gpu": "6"}
{"step": 15620, "total": 24000, "loss": 0.28555750846862793, "mixture_probability": 0.5, "actual_mixture": 0.5625, "gradient_norm": 2.8508801460266113, "pid": 1237361, "elapsed_this_session_seconds": 3974.9967981185764, "steps_this_session": 15620, "phase": "training", "gpu": "6"}
{"step": 15640, "total": 24000, "loss": 0.2777067869901657, "mixture_probability": 0.5, "actual_mixture": 0.53125, "gradient_norm": 2.947049856185913, "pid": 1237361, "elapsed_this_session_seconds": 3979.8068759143353, "steps_this_session": 15640, "phase": "training", "gpu": "6"}
{"step": 15660, "total": 24000, "loss": 0.21334954723715782, "mixture_probability": 0.5, "actual_mixture": 0.421875, "gradient_norm": 2.7000441551208496, "pid": 1237361, "elapsed_this_session_seconds": 3984.616114396602, "steps_this_session": 15660, "phase": "training", "gpu": "6"}
{"step": 15680, "total": 24000, "loss": 0.26034682616591454, "mixture_probability": 0.5, "actual_mixture": 0.453125, "gradient_norm": 3.130258321762085, "pid": 1237361, "elapsed_this_session_seconds": 3989.4213362326846, "steps_this_session": 15680, "phase": "training", "gpu": "6"}
{"step": 15700, "total": 24000, "loss": 0.20012860000133514, "mixture_probability": 0.5, "actual_mixture": 0.484375, "gradient_norm": 2.08990478515625, "pid": 1237361, "elapsed_this_session_seconds": 3994.2209553224966, "steps_this_session": 15700, "phase": "training", "gpu": "6"}
{"step": 15720, "total": 24000, "loss": 0.32542097568511963, "mixture_probability": 0.5, "actual_mixture": 0.515625, "gradient_norm": 2.7988076210021973, "pid": 1237361, "elapsed_this_session_seconds": 3998.9656582949683, "steps_this_session": 15720, "phase": "training", "gpu": "6"}
{"step": 15740, "total": 24000, "loss": 0.38990097492933273, "mixture_probability": 0.5, "actual_mixture": 0.578125, "gradient_norm": 3.8916287422180176, "pid": 1237361, "elapsed_this_session_seconds": 4003.7719359844923, "steps_this_session": 15740, "phase": "training", "gpu": "6"}
{"step": 15760, "total": 24000, "loss": 0.2641359716653824, "mixture_probability": 0.5, "actual_mixture": 0.421875, "gradient_norm": 2.3338422775268555, "pid": 1237361, "elapsed_this_session_seconds": 4008.536172825843, "steps_this_session": 15760, "phase": "training", "gpu": "6"}
{"step": 15780, "total": 24000, "loss": 0.3970990590751171, "mixture_probability": 0.5, "actual_mixture": 0.421875, "gradient_norm": 3.647886276245117, "pid": 1237361, "elapsed_this_session_seconds": 4013.344171989709, "steps_this_session": 15780, "phase": "training", "gpu": "6"}
{"step": 15800, "total": 24000, "loss": 0.25693994760513306, "mixture_probability": 0.5, "actual_mixture": 0.53125, "gradient_norm": 2.3850858211517334, "pid": 1237361, "elapsed_this_session_seconds": 4018.1082306671888, "steps_this_session": 15800, "phase": "training", "gpu": "6"}
{"step": 15820, "total": 24000, "loss": 0.2654929496347904, "mixture_probability": 0.5, "actual_mixture": 0.546875, "gradient_norm": 3.2612357139587402, "pid": 1237361, "elapsed_this_session_seconds": 4022.9179530795664, "steps_this_session": 15820, "phase": "training", "gpu": "6"}
{"step": 15840, "total": 24000, "loss": 0.2471143938601017, "mixture_probability": 0.5, "actual_mixture": 0.5, "gradient_norm": 3.035578727722168, "pid": 1237361, "elapsed_this_session_seconds": 4027.678028393537, "steps_this_session": 15840, "phase": "training", "gpu": "6"}
{"step": 15860, "total": 24000, "loss": 0.19740798324346542, "mixture_probability": 0.5, "actual_mixture": 0.40625, "gradient_norm": 2.265943765640259, "pid": 1237361, "elapsed_this_session_seconds": 4032.464900581166, "steps_this_session": 15860, "phase": "training", "gpu": "6"}
{"step": 15880, "total": 24000, "loss": 0.36009470373392105, "mixture_probability": 0.5, "actual_mixture": 0.59375, "gradient_norm": 3.4526114463806152, "pid": 1237361, "elapsed_this_session_seconds": 4037.234433461912, "steps_this_session": 15880, "phase": "training", "gpu": "6"}
{"step": 15900, "total": 24000, "loss": 0.21325204893946648, "mixture_probability": 0.5, "actual_mixture": 0.515625, "gradient_norm": 2.4721474647521973, "pid": 1237361, "elapsed_this_session_seconds": 4042.01030312106, "steps_this_session": 15900, "phase": "training", "gpu": "6"}
{"step": 15920, "total": 24000, "loss": 0.22714962624013424, "mixture_probability": 0.5, "actual_mixture": 0.453125, "gradient_norm": 2.7423977851867676, "pid": 1237361, "elapsed_this_session_seconds": 4046.7539537502453, "steps_this_session": 15920, "phase": "training", "gpu": "6"}
{"step": 15940, "total": 24000, "loss": 0.17272792756557465, "mixture_probability": 0.5, "actual_mixture": 0.359375, "gradient_norm": 1.9039340019226074, "pid": 1237361, "elapsed_this_session_seconds": 4051.5887000523508, "steps_this_session": 15940, "phase": "training", "gpu": "6"}
{"step": 15960, "total": 24000, "loss": 0.2955377697944641, "mixture_probability": 0.5, "actual_mixture": 0.5, "gradient_norm": 2.6252126693725586, "pid": 1237361, "elapsed_this_session_seconds": 4056.4213833389804, "steps_this_session": 15960, "phase": "training", "gpu": "6"}
{"step": 15980, "total": 24000, "loss": 0.29371678456664085, "mixture_probability": 0.5, "actual_mixture": 0.5625, "gradient_norm": 3.2492897510528564, "pid": 1237361, "elapsed_this_session_seconds": 4061.203799265437, "steps_this_session": 15980, "phase": "training", "gpu": "6"}
{"step": 16000, "total": 24000, "loss": 0.23931469395756721, "mixture_probability": 0.5, "actual_mixture": 0.546875, "gradient_norm": 2.806499719619751, "pid": 1237361, "elapsed_this_session_seconds": 4065.956687132828, "steps_this_session": 16000, "phase": "training", "gpu": "6"}
{"step": 16020, "total": 24000, "loss": 0.2364347204566002, "mixture_probability": 0.5, "actual_mixture": 0.390625, "gradient_norm": 2.6553051471710205, "pid": 1237361, "elapsed_this_session_seconds": 4128.08996508643, "steps_this_session": 16020, "phase": "training", "gpu": "6"}
{"step": 16040, "total": 24000, "loss": 0.25875652581453323, "mixture_probability": 0.5, "actual_mixture": 0.5, "gradient_norm": 2.726468324661255, "pid": 1237361, "elapsed_this_session_seconds": 4132.861813633703, "steps_this_session": 16040, "phase": "training", "gpu": "6"}
{"step": 16060, "total": 24000, "loss": 0.2776811793446541, "mixture_probability": 0.5, "actual_mixture": 0.546875, "gradient_norm": 2.716245651245117, "pid": 1237361, "elapsed_this_session_seconds": 4137.610030912794, "steps_this_session": 16060, "phase": "training", "gpu": "6"}
{"step": 16080, "total": 24000, "loss": 0.3358166366815567, "mixture_probability": 0.5, "actual_mixture": 0.484375, "gradient_norm": 3.0877864360809326, "pid": 1237361, "elapsed_this_session_seconds": 4142.413752061315, "steps_this_session": 16080, "phase": "training", "gpu": "6"}
{"step": 16100, "total": 24000, "loss": 0.22453518584370613, "mixture_probability": 0.5, "actual_mixture": 0.453125, "gradient_norm": 2.6888251304626465, "pid": 1237361, "elapsed_this_session_seconds": 4147.224517161958, "steps_this_session": 16100, "phase": "training", "gpu": "6"}
{"step": 16120, "total": 24000, "loss": 0.3818407207727432, "mixture_probability": 0.5, "actual_mixture": 0.5, "gradient_norm": 3.2698781490325928, "pid": 1237361, "elapsed_this_session_seconds": 4152.056914610788, "steps_this_session": 16120, "phase": "training", "gpu": "6"}
{"step": 16140, "total": 24000, "loss": 0.25793133676052094, "mixture_probability": 0.5, "actual_mixture": 0.515625, "gradient_norm": 2.7458648681640625, "pid": 1237361, "elapsed_this_session_seconds": 4156.854098642245, "steps_this_session": 16140, "phase": "training", "gpu": "6"}
{"step": 16160, "total": 24000, "loss": 0.28811265900731087, "mixture_probability": 0.5, "actual_mixture": 0.53125, "gradient_norm": 2.9722137451171875, "pid": 1237361, "elapsed_this_session_seconds": 4161.707659601234, "steps_this_session": 16160, "phase": "training", "gpu": "6"}
{"step": 16180, "total": 24000, "loss": 0.269344225525856, "mixture_probability": 0.5, "actual_mixture": 0.5, "gradient_norm": 2.523707389831543, "pid": 1237361, "elapsed_this_session_seconds": 4166.537764081731, "steps_this_session": 16180, "phase": "training", "gpu": "6"}
{"step": 16200, "total": 24000, "loss": 0.29216665029525757, "mixture_probability": 0.5, "actual_mixture": 0.5625, "gradient_norm": 2.663605213165283, "pid": 1237361, "elapsed_this_session_seconds": 4171.361240485683, "steps_this_session": 16200, "phase": "training", "gpu": "6"}
{"step": 16220, "total": 24000, "loss": 0.33987001329660416, "mixture_probability": 0.5, "actual_mixture": 0.359375, "gradient_norm": 3.506566047668457, "pid": 1237361, "elapsed_this_session_seconds": 4176.215108614415, "steps_this_session": 16220, "phase": "training", "gpu": "6"}
{"step": 16240, "total": 24000, "loss": 0.3633827604353428, "mixture_probability": 0.5, "actual_mixture": 0.578125, "gradient_norm": 4.379520416259766, "pid": 1237361, "elapsed_this_session_seconds": 4181.016408208758, "steps_this_session": 16240, "phase": "training", "gpu": "6"}
{"step": 16260, "total": 24000, "loss": 0.3353313021361828, "mixture_probability": 0.5, "actual_mixture": 0.5625, "gradient_norm": 2.5725960731506348, "pid": 1237361, "elapsed_this_session_seconds": 4185.799616715871, "steps_this_session": 16260, "phase": "training", "gpu": "6"}
{"step": 16280, "total": 24000, "loss": 0.2820124551653862, "mixture_probability": 0.5, "actual_mixture": 0.5625, "gradient_norm": 2.569532632827759, "pid": 1237361, "elapsed_this_session_seconds": 4190.603475586511, "steps_this_session": 16280, "phase": "training", "gpu": "6"}
{"step": 16300, "total": 24000, "loss": 0.19674737378954887, "mixture_probability": 0.5, "actual_mixture": 0.484375, "gradient_norm": 2.672849178314209, "pid": 1237361, "elapsed_this_session_seconds": 4195.371248859912, "steps_this_session": 16300, "phase": "training", "gpu": "6"}
{"step": 16320, "total": 24000, "loss": 0.3622172325849533, "mixture_probability": 0.5, "actual_mixture": 0.46875, "gradient_norm": 3.745382308959961, "pid": 1237361, "elapsed_this_session_seconds": 4200.142550423741, "steps_this_session": 16320, "phase": "training", "gpu": "6"}
{"step": 16340, "total": 24000, "loss": 0.18809394165873528, "mixture_probability": 0.5, "actual_mixture": 0.421875, "gradient_norm": 2.567061424255371, "pid": 1237361, "elapsed_this_session_seconds": 4204.9217141103, "steps_this_session": 16340, "phase": "training", "gpu": "6"}
{"step": 16360, "total": 24000, "loss": 0.3184201009571552, "mixture_probability": 0.5, "actual_mixture": 0.46875, "gradient_norm": 3.129112720489502, "pid": 1237361, "elapsed_this_session_seconds": 4209.78249135334, "steps_this_session": 16360, "phase": "training", "gpu": "6"}
{"step": 16380, "total": 24000, "loss": 0.2197805494070053, "mixture_probability": 0.5, "actual_mixture": 0.4375, "gradient_norm": 2.416476249694824, "pid": 1237361, "elapsed_this_session_seconds": 4214.63190689683, "steps_this_session": 16380, "phase": "training", "gpu": "6"}
{"step": 16400, "total": 24000, "loss": 0.26024002209305763, "mixture_probability": 0.5, "actual_mixture": 0.375, "gradient_norm": 2.687957525253296, "pid": 1237361, "elapsed_this_session_seconds": 4219.41783662606, "steps_this_session": 16400, "phase": "training", "gpu": "6"}
{"step": 16420, "total": 24000, "loss": 0.3184247612953186, "mixture_probability": 0.5, "actual_mixture": 0.53125, "gradient_norm": 3.3736085891723633, "pid": 1237361, "elapsed_this_session_seconds": 4224.176981795579, "steps_this_session": 16420, "phase": "training", "gpu": "6"}
{"step": 16440, "total": 24000, "loss": 0.26672080159187317, "mixture_probability": 0.5, "actual_mixture": 0.4375, "gradient_norm": 2.8527748584747314, "pid": 1237361, "elapsed_this_session_seconds": 4228.991296268068, "steps_this_session": 16440, "phase": "training", "gpu": "6"}
{"step": 16460, "total": 24000, "loss": 0.3321094214916229, "mixture_probability": 0.5, "actual_mixture": 0.546875, "gradient_norm": 3.0055997371673584, "pid": 1237361, "elapsed_this_session_seconds": 4233.780972340144, "steps_this_session": 16460, "phase": "training", "gpu": "6"}
{"step": 16480, "total": 24000, "loss": 0.25040241703391075, "mixture_probability": 0.5, "actual_mixture": 0.515625, "gradient_norm": 2.4719085693359375, "pid": 1237361, "elapsed_this_session_seconds": 4238.581338473596, "steps_this_session": 16480, "phase": "training", "gpu": "6"}
{"step": 16500, "total": 24000, "loss": 0.29702937975525856, "mixture_probability": 0.5, "actual_mixture": 0.59375, "gradient_norm": 3.049208402633667, "pid": 1237361, "elapsed_this_session_seconds": 4243.3725444078445, "steps_this_session": 16500, "phase": "training", "gpu": "6"}
{"step": 16520, "total": 24000, "loss": 0.29412180930376053, "mixture_probability": 0.5, "actual_mixture": 0.515625, "gradient_norm": 3.1237196922302246, "pid": 1237361, "elapsed_this_session_seconds": 4248.169403810985, "steps_this_session": 16520, "phase": "training", "gpu": "6"}
{"step": 16540, "total": 24000, "loss": 0.21053564175963402, "mixture_probability": 0.5, "actual_mixture": 0.421875, "gradient_norm": 2.269310712814331, "pid": 1237361, "elapsed_this_session_seconds": 4252.973663470708, "steps_this_session": 16540, "phase": "training", "gpu": "6"}
{"step": 16560, "total": 24000, "loss": 0.2928270027041435, "mixture_probability": 0.5, "actual_mixture": 0.421875, "gradient_norm": 3.1352694034576416, "pid": 1237361, "elapsed_this_session_seconds": 4257.765539939515, "steps_this_session": 16560, "phase": "training", "gpu": "6"}
{"step": 16580, "total": 24000, "loss": 0.3399594649672508, "mixture_probability": 0.5, "actual_mixture": 0.578125, "gradient_norm": 3.159583330154419, "pid": 1237361, "elapsed_this_session_seconds": 4262.6684513911605, "steps_this_session": 16580, "phase": "training", "gpu": "6"}
{"step": 16600, "total": 24000, "loss": 0.31062880903482437, "mixture_probability": 0.5, "actual_mixture": 0.546875, "gradient_norm": 2.8317103385925293, "pid": 1237361, "elapsed_this_session_seconds": 4267.519665329717, "steps_this_session": 16600, "phase": "training", "gpu": "6"}
{"step": 16620, "total": 24000, "loss": 0.30218983441591263, "mixture_probability": 0.5, "actual_mixture": 0.546875, "gradient_norm": 3.3597030639648438, "pid": 1237361, "elapsed_this_session_seconds": 4272.464164398611, "steps_this_session": 16620, "phase": "training", "gpu": "6"}
{"step": 16640, "total": 24000, "loss": 0.2694152109324932, "mixture_probability": 0.5, "actual_mixture": 0.5, "gradient_norm": 2.6517956256866455, "pid": 1237361, "elapsed_this_session_seconds": 4277.324644478969, "steps_this_session": 16640, "phase": "training", "gpu": "6"}
{"step": 16660, "total": 24000, "loss": 0.19705333560705185, "mixture_probability": 0.5, "actual_mixture": 0.421875, "gradient_norm": 2.498002290725708, "pid": 1237361, "elapsed_this_session_seconds": 4282.254074634053, "steps_this_session": 16660, "phase": "training", "gpu": "6"}
{"step": 16680, "total": 24000, "loss": 0.3197605535387993, "mixture_probability": 0.5, "actual_mixture": 0.5, "gradient_norm": 2.821667432785034, "pid": 1237361, "elapsed_this_session_seconds": 4287.101585762575, "steps_this_session": 16680, "phase": "training", "gpu": "6"}
{"step": 16700, "total": 24000, "loss": 0.3287462666630745, "mixture_probability": 0.5, "actual_mixture": 0.515625, "gradient_norm": 3.2148468494415283, "pid": 1237361, "elapsed_this_session_seconds": 4291.963046175428, "steps_this_session": 16700, "phase": "training", "gpu": "6"}
{"step": 16720, "total": 24000, "loss": 0.3337096981704235, "mixture_probability": 0.5, "actual_mixture": 0.515625, "gradient_norm": 3.298588991165161, "pid": 1237361, "elapsed_this_session_seconds": 4296.7928987927735, "steps_this_session": 16720, "phase": "training", "gpu": "6"}
{"step": 16740, "total": 24000, "loss": 0.26033565029501915, "mixture_probability": 0.5, "actual_mixture": 0.453125, "gradient_norm": 3.10363507270813, "pid": 1237361, "elapsed_this_session_seconds": 4301.649942200631, "steps_this_session": 16740, "phase": "training", "gpu": "6"}
{"step": 16760, "total": 24000, "loss": 0.2750004641711712, "mixture_probability": 0.5, "actual_mixture": 0.46875, "gradient_norm": 2.5515317916870117, "pid": 1237361, "elapsed_this_session_seconds": 4306.494783809409, "steps_this_session": 16760, "phase": "training", "gpu": "6"}
{"step": 16780, "total": 24000, "loss": 0.22645720094442368, "mixture_probability": 0.5, "actual_mixture": 0.46875, "gradient_norm": 2.428917169570923, "pid": 1237361, "elapsed_this_session_seconds": 4311.330468236469, "steps_this_session": 16780, "phase": "training", "gpu": "6"}
{"step": 16800, "total": 24000, "loss": 0.2734081968665123, "mixture_probability": 0.5, "actual_mixture": 0.453125, "gradient_norm": 2.9321470260620117, "pid": 1237361, "elapsed_this_session_seconds": 4316.089234670624, "steps_this_session": 16800, "phase": "training", "gpu": "6"}
{"step": 16820, "total": 24000, "loss": 0.2553701587021351, "mixture_probability": 0.5, "actual_mixture": 0.515625, "gradient_norm": 2.4998087882995605, "pid": 1237361, "elapsed_this_session_seconds": 4320.838599015027, "steps_this_session": 16820, "phase": "training", "gpu": "6"}
{"step": 16840, "total": 24000, "loss": 0.2748715952038765, "mixture_probability": 0.5, "actual_mixture": 0.453125, "gradient_norm": 2.6385931968688965, "pid": 1237361, "elapsed_this_session_seconds": 4325.608503089286, "steps_this_session": 16840, "phase": "training", "gpu": "6"}
{"step": 16860, "total": 24000, "loss": 0.22440782561898232, "mixture_probability": 0.5, "actual_mixture": 0.59375, "gradient_norm": 2.6496365070343018, "pid": 1237361, "elapsed_this_session_seconds": 4330.399610682391, "steps_this_session": 16860, "phase": "training", "gpu": "6"}
{"step": 16880, "total": 24000, "loss": 0.3199537619948387, "mixture_probability": 0.5, "actual_mixture": 0.53125, "gradient_norm": 2.9459800720214844, "pid": 1237361, "elapsed_this_session_seconds": 4335.167119799182, "steps_this_session": 16880, "phase": "training", "gpu": "6"}
{"step": 16900, "total": 24000, "loss": 0.35640354081988335, "mixture_probability": 0.5, "actual_mixture": 0.53125, "gradient_norm": 3.227177143096924, "pid": 1237361, "elapsed_this_session_seconds": 4339.958348034881, "steps_this_session": 16900, "phase": "training", "gpu": "6"}
{"step": 16920, "total": 24000, "loss": 0.22984711453318596, "mixture_probability": 0.5, "actual_mixture": 0.625, "gradient_norm": 2.765655517578125, "pid": 1237361, "elapsed_this_session_seconds": 4344.7745126485825, "steps_this_session": 16920, "phase": "training", "gpu": "6"}
{"step": 16940, "total": 24000, "loss": 0.3313238024711609, "mixture_probability": 0.5, "actual_mixture": 0.4375, "gradient_norm": 2.991975784301758, "pid": 1237361, "elapsed_this_session_seconds": 4349.498557041399, "steps_this_session": 16940, "phase": "training", "gpu": "6"}
{"step": 16960, "total": 24000, "loss": 0.25900527089834213, "mixture_probability": 0.5, "actual_mixture": 0.578125, "gradient_norm": 2.399029493331909, "pid": 1237361, "elapsed_this_session_seconds": 4354.2573112454265, "steps_this_session": 16960, "phase": "training", "gpu": "6"}
{"step": 16980, "total": 24000, "loss": 0.2857664190232754, "mixture_probability": 0.5, "actual_mixture": 0.578125, "gradient_norm": 2.607038974761963, "pid": 1237361, "elapsed_this_session_seconds": 4359.066967410035, "steps_this_session": 16980, "phase": "training", "gpu": "6"}
{"step": 17000, "total": 24000, "loss": 0.38058582320809364, "mixture_probability": 0.5, "actual_mixture": 0.546875, "gradient_norm": 3.5991432666778564, "pid": 1237361, "elapsed_this_session_seconds": 4363.874518276192, "steps_this_session": 17000, "phase": "training", "gpu": "6"}
{"step": 17020, "total": 24000, "loss": 0.2255556769669056, "mixture_probability": 0.5, "actual_mixture": 0.421875, "gradient_norm": 2.3186473846435547, "pid": 1237361, "elapsed_this_session_seconds": 4368.647267680615, "steps_this_session": 17020, "phase": "training", "gpu": "6"}
{"step": 17040, "total": 24000, "loss": 0.34920409321784973, "mixture_probability": 0.5, "actual_mixture": 0.53125, "gradient_norm": 3.1541943550109863, "pid": 1237361, "elapsed_this_session_seconds": 4373.446648054756, "steps_this_session": 17040, "phase": "training", "gpu": "6"}
{"step": 17060, "total": 24000, "loss": 0.40261025726795197, "mixture_probability": 0.5, "actual_mixture": 0.53125, "gradient_norm": 3.314359188079834, "pid": 1237361, "elapsed_this_session_seconds": 4378.197712541558, "steps_this_session": 17060, "phase": "training", "gpu": "6"}
{"step": 17080, "total": 24000, "loss": 0.38068264722824097, "mixture_probability": 0.5, "actual_mixture": 0.453125, "gradient_norm": 3.946014881134033, "pid": 1237361, "elapsed_this_session_seconds": 4382.96015007142, "steps_this_session": 17080, "phase": "training", "gpu": "6"}
{"step": 17100, "total": 24000, "loss": 0.3315242752432823, "mixture_probability": 0.5, "actual_mixture": 0.578125, "gradient_norm": 2.858856439590454, "pid": 1237361, "elapsed_this_session_seconds": 4387.780067361891, "steps_this_session": 17100, "phase": "training", "gpu": "6"}
{"step": 17120, "total": 24000, "loss": 0.21085769683122635, "mixture_probability": 0.5, "actual_mixture": 0.375, "gradient_norm": 2.443972110748291, "pid": 1237361, "elapsed_this_session_seconds": 4392.552307359874, "steps_this_session": 17120, "phase": "training", "gpu": "6"}
{"step": 17140, "total": 24000, "loss": 0.18237679824233055, "mixture_probability": 0.5, "actual_mixture": 0.46875, "gradient_norm": 2.0876681804656982, "pid": 1237361, "elapsed_this_session_seconds": 4397.293038192205, "steps_this_session": 17140, "phase": "training", "gpu": "6"}
{"step": 17160, "total": 24000, "loss": 0.40826044976711273, "mixture_probability": 0.5, "actual_mixture": 0.53125, "gradient_norm": 3.175168037414551, "pid": 1237361, "elapsed_this_session_seconds": 4402.093078522943, "steps_this_session": 17160, "phase": "training", "gpu": "6"}
{"step": 17180, "total": 24000, "loss": 0.28657888248562813, "mixture_probability": 0.5, "actual_mixture": 0.5625, "gradient_norm": 2.794494152069092, "pid": 1237361, "elapsed_this_session_seconds": 4406.864432039671, "steps_this_session": 17180, "phase": "training", "gpu": "6"}
{"step": 17200, "total": 24000, "loss": 0.26622067019343376, "mixture_probability": 0.5, "actual_mixture": 0.46875, "gradient_norm": 2.9608898162841797, "pid": 1237361, "elapsed_this_session_seconds": 4411.65469626151, "steps_this_session": 17200, "phase": "training", "gpu": "6"}
{"step": 17220, "total": 24000, "loss": 0.22646187990903854, "mixture_probability": 0.5, "actual_mixture": 0.53125, "gradient_norm": 2.6005096435546875, "pid": 1237361, "elapsed_this_session_seconds": 4416.482948472723, "steps_this_session": 17220, "phase": "training", "gpu": "6"}
{"step": 17240, "total": 24000, "loss": 0.24604473635554314, "mixture_probability": 0.5, "actual_mixture": 0.5, "gradient_norm": 2.540283679962158, "pid": 1237361, "elapsed_this_session_seconds": 4421.40023218561, "steps_this_session": 17240, "phase": "training", "gpu": "6"}
{"step": 17260, "total": 24000, "loss": 0.17705383524298668, "mixture_probability": 0.5, "actual_mixture": 0.375, "gradient_norm": 2.2352371215820312, "pid": 1237361, "elapsed_this_session_seconds": 4426.131320132874, "steps_this_session": 17260, "phase": "training", "gpu": "6"}
{"step": 17280, "total": 24000, "loss": 0.24360905215144157, "mixture_probability": 0.5, "actual_mixture": 0.515625, "gradient_norm": 2.385270833969116, "pid": 1237361, "elapsed_this_session_seconds": 4430.8827862022445, "steps_this_session": 17280, "phase": "training", "gpu": "6"}
{"step": 17300, "total": 24000, "loss": 0.2728821821510792, "mixture_probability": 0.5, "actual_mixture": 0.40625, "gradient_norm": 3.1403074264526367, "pid": 1237361, "elapsed_this_session_seconds": 4435.617049524561, "steps_this_session": 17300, "phase": "training", "gpu": "6"}
{"step": 17320, "total": 24000, "loss": 0.3781858831644058, "mixture_probability": 0.5, "actual_mixture": 0.53125, "gradient_norm": 3.574366807937622, "pid": 1237361, "elapsed_this_session_seconds": 4440.361177131534, "steps_this_session": 17320, "phase": "training", "gpu": "6"}
{"step": 17340, "total": 24000, "loss": 0.25675658881664276, "mixture_probability": 0.5, "actual_mixture": 0.421875, "gradient_norm": 2.9344165325164795, "pid": 1237361, "elapsed_this_session_seconds": 4445.131196833216, "steps_this_session": 17340, "phase": "training", "gpu": "6"}
{"step": 17360, "total": 24000, "loss": 0.3754480257630348, "mixture_probability": 0.5, "actual_mixture": 0.578125, "gradient_norm": 3.1850478649139404, "pid": 1237361, "elapsed_this_session_seconds": 4449.923022297211, "steps_this_session": 17360, "phase": "training", "gpu": "6"}
{"step": 17380, "total": 24000, "loss": 0.24107451736927032, "mixture_probability": 0.5, "actual_mixture": 0.515625, "gradient_norm": 2.669823169708252, "pid": 1237361, "elapsed_this_session_seconds": 4454.732046124525, "steps_this_session": 17380, "phase": "training", "gpu": "6"}
{"step": 17400, "total": 24000, "loss": 0.23179209232330322, "mixture_probability": 0.5, "actual_mixture": 0.328125, "gradient_norm": 2.5053040981292725, "pid": 1237361, "elapsed_this_session_seconds": 4459.5322785153985, "steps_this_session": 17400, "phase": "training", "gpu": "6"}
{"step": 17420, "total": 24000, "loss": 0.25825877487659454, "mixture_probability": 0.5, "actual_mixture": 0.5, "gradient_norm": 2.958401918411255, "pid": 1237361, "elapsed_this_session_seconds": 4464.363262508996, "steps_this_session": 17420, "phase": "training", "gpu": "6"}
{"step": 17440, "total": 24000, "loss": 0.30657798796892166, "mixture_probability": 0.5, "actual_mixture": 0.515625, "gradient_norm": 2.955345392227173, "pid": 1237361, "elapsed_this_session_seconds": 4469.16168234963, "steps_this_session": 17440, "phase": "training", "gpu": "6"}
{"step": 17460, "total": 24000, "loss": 0.31081897392868996, "mixture_probability": 0.5, "actual_mixture": 0.515625, "gradient_norm": 4.11664342880249, "pid": 1237361, "elapsed_this_session_seconds": 4473.958594090305, "steps_this_session": 17460, "phase": "training", "gpu": "6"}
{"step": 17480, "total": 24000, "loss": 0.3109655901789665, "mixture_probability": 0.5, "actual_mixture": 0.390625, "gradient_norm": 2.9718942642211914, "pid": 1237361, "elapsed_this_session_seconds": 4478.748579642735, "steps_this_session": 17480, "phase": "training", "gpu": "6"}
{"step": 17500, "total": 24000, "loss": 0.3645554557442665, "mixture_probability": 0.5, "actual_mixture": 0.5625, "gradient_norm": 2.9925124645233154, "pid": 1237361, "elapsed_this_session_seconds": 4483.540374940261, "steps_this_session": 17500, "phase": "training", "gpu": "6"}
{"step": 17520, "total": 24000, "loss": 0.33329128473997116, "mixture_probability": 0.5, "actual_mixture": 0.46875, "gradient_norm": 3.283822536468506, "pid": 1237361, "elapsed_this_session_seconds": 4488.312925114296, "steps_this_session": 17520, "phase": "training", "gpu": "6"}
{"step": 17540, "total": 24000, "loss": 0.23838697373867035, "mixture_probability": 0.5, "actual_mixture": 0.46875, "gradient_norm": 2.4533417224884033, "pid": 1237361, "elapsed_this_session_seconds": 4493.106622138992, "steps_this_session": 17540, "phase": "training", "gpu": "6"}
{"step": 17560, "total": 24000, "loss": 0.2088855765759945, "mixture_probability": 0.5, "actual_mixture": 0.421875, "gradient_norm": 2.240234851837158, "pid": 1237361, "elapsed_this_session_seconds": 4497.930598683655, "steps_this_session": 17560, "phase": "training", "gpu": "6"}
{"step": 17580, "total": 24000, "loss": 0.3796717971563339, "mixture_probability": 0.5, "actual_mixture": 0.453125, "gradient_norm": 2.935425281524658, "pid": 1237361, "elapsed_this_session_seconds": 4502.67373273056, "steps_this_session": 17580, "phase": "training", "gpu": "6"}
{"step": 17600, "total": 24000, "loss": 0.23010307550430298, "mixture_probability": 0.5, "actual_mixture": 0.546875, "gradient_norm": 2.5641520023345947, "pid": 1237361, "elapsed_this_session_seconds": 4507.397080699913, "steps_this_session": 17600, "phase": "training", "gpu": "6"}
{"step": 17620, "total": 24000, "loss": 0.2473108135163784, "mixture_probability": 0.5, "actual_mixture": 0.578125, "gradient_norm": 2.502129554748535, "pid": 1237361, "elapsed_this_session_seconds": 4512.102229885757, "steps_this_session": 17620, "phase": "training", "gpu": "6"}
{"step": 17640, "total": 24000, "loss": 0.21456242352724075, "mixture_probability": 0.5, "actual_mixture": 0.421875, "gradient_norm": 2.534837245941162, "pid": 1237361, "elapsed_this_session_seconds": 4516.846696276218, "steps_this_session": 17640, "phase": "training", "gpu": "6"}
{"step": 17660, "total": 24000, "loss": 0.2308002971112728, "mixture_probability": 0.5, "actual_mixture": 0.5, "gradient_norm": 2.4938559532165527, "pid": 1237361, "elapsed_this_session_seconds": 4521.614239570685, "steps_this_session": 17660, "phase": "training", "gpu": "6"}
{"step": 17680, "total": 24000, "loss": 0.20321113243699074, "mixture_probability": 0.5, "actual_mixture": 0.5, "gradient_norm": 2.5069539546966553, "pid": 1237361, "elapsed_this_session_seconds": 4526.410376507789, "steps_this_session": 17680, "phase": "training", "gpu": "6"}
{"step": 17700, "total": 24000, "loss": 0.26620764657855034, "mixture_probability": 0.5, "actual_mixture": 0.453125, "gradient_norm": 2.6450226306915283, "pid": 1237361, "elapsed_this_session_seconds": 4531.167127919383, "steps_this_session": 17700, "phase": "training", "gpu": "6"}
{"step": 17720, "total": 24000, "loss": 0.22115660831332207, "mixture_probability": 0.5, "actual_mixture": 0.390625, "gradient_norm": 2.3516814708709717, "pid": 1237361, "elapsed_this_session_seconds": 4535.997197237797, "steps_this_session": 17720, "phase": "training", "gpu": "6"}
{"step": 17740, "total": 24000, "loss": 0.2304856926202774, "mixture_probability": 0.5, "actual_mixture": 0.484375, "gradient_norm": 2.442082405090332, "pid": 1237361, "elapsed_this_session_seconds": 4540.823317317292, "steps_this_session": 17740, "phase": "training", "gpu": "6"}
{"step": 17760, "total": 24000, "loss": 0.4338790737092495, "mixture_probability": 0.5, "actual_mixture": 0.53125, "gradient_norm": 3.5616750717163086, "pid": 1237361, "elapsed_this_session_seconds": 4545.698614163324, "steps_this_session": 17760, "phase": "training", "gpu": "6"}
{"step": 17780, "total": 24000, "loss": 0.24661129340529442, "mixture_probability": 0.5, "actual_mixture": 0.453125, "gradient_norm": 2.5467703342437744, "pid": 1237361, "elapsed_this_session_seconds": 4550.583194063045, "steps_this_session": 17780, "phase": "training", "gpu": "6"}
{"step": 17800, "total": 24000, "loss": 0.2864826824516058, "mixture_probability": 0.5, "actual_mixture": 0.421875, "gradient_norm": 4.110213279724121, "pid": 1237361, "elapsed_this_session_seconds": 4555.398033011705, "steps_this_session": 17800, "phase": "training", "gpu": "6"}
{"step": 17820, "total": 24000, "loss": 0.24410583451390266, "mixture_probability": 0.5, "actual_mixture": 0.4375, "gradient_norm": 2.6489601135253906, "pid": 1237361, "elapsed_this_session_seconds": 4560.29085291829, "steps_this_session": 17820, "phase": "training", "gpu": "6"}
{"step": 17840, "total": 24000, "loss": 0.20409977436065674, "mixture_probability": 0.5, "actual_mixture": 0.4375, "gradient_norm": 2.265662431716919, "pid": 1237361, "elapsed_this_session_seconds": 4565.08791374322, "steps_this_session": 17840, "phase": "training", "gpu": "6"}
{"step": 17860, "total": 24000, "loss": 0.2682439237833023, "mixture_probability": 0.5, "actual_mixture": 0.453125, "gradient_norm": 2.81471848487854, "pid": 1237361, "elapsed_this_session_seconds": 4569.8003749307245, "steps_this_session": 17860, "phase": "training", "gpu": "6"}
{"step": 17880, "total": 24000, "loss": 0.1993829794228077, "mixture_probability": 0.5, "actual_mixture": 0.390625, "gradient_norm": 2.4430415630340576, "pid": 1237361, "elapsed_this_session_seconds": 4574.569591525011, "steps_this_session": 17880, "phase": "training", "gpu": "6"}
{"step": 17900, "total": 24000, "loss": 0.3019285462796688, "mixture_probability": 0.5, "actual_mixture": 0.578125, "gradient_norm": 2.984165906906128, "pid": 1237361, "elapsed_this_session_seconds": 4579.372978952713, "steps_this_session": 17900, "phase": "training", "gpu": "6"}
{"step": 17920, "total": 24000, "loss": 0.22817354649305344, "mixture_probability": 0.5, "actual_mixture": 0.484375, "gradient_norm": 2.3428304195404053, "pid": 1237361, "elapsed_this_session_seconds": 4584.126660814509, "steps_this_session": 17920, "phase": "training", "gpu": "6"}
{"step": 17940, "total": 24000, "loss": 0.2648049555718899, "mixture_probability": 0.5, "actual_mixture": 0.46875, "gradient_norm": 2.7006306648254395, "pid": 1237361, "elapsed_this_session_seconds": 4588.860575599596, "steps_this_session": 17940, "phase": "training", "gpu": "6"}
{"step": 17960, "total": 24000, "loss": 0.2139655537903309, "mixture_probability": 0.5, "actual_mixture": 0.65625, "gradient_norm": 2.4502527713775635, "pid": 1237361, "elapsed_this_session_seconds": 4593.6143352855, "steps_this_session": 17960, "phase": "training", "gpu": "6"}
{"step": 17980, "total": 24000, "loss": 0.31553250551223755, "mixture_probability": 0.5, "actual_mixture": 0.640625, "gradient_norm": 2.7462010383605957, "pid": 1237361, "elapsed_this_session_seconds": 4598.087072645314, "steps_this_session": 17980, "phase": "training", "gpu": "6"}
{"step": 18000, "total": 24000, "loss": 0.417657557874918, "mixture_probability": 0.5, "actual_mixture": 0.46875, "gradient_norm": 7.4067511558532715, "pid": 1237361, "elapsed_this_session_seconds": 4602.5094756754115, "steps_this_session": 18000, "phase": "training", "gpu": "6"}
{"step": 18020, "total": 24000, "loss": 0.3064110726118088, "mixture_probability": 0.5, "actual_mixture": 0.59375, "gradient_norm": 3.2039384841918945, "pid": 1237361, "elapsed_this_session_seconds": 4662.636558832601, "steps_this_session": 18020, "phase": "training", "gpu": "6"}
{"step": 18040, "total": 24000, "loss": 0.26533620432019234, "mixture_probability": 0.5, "actual_mixture": 0.609375, "gradient_norm": 2.70737886428833, "pid": 1237361, "elapsed_this_session_seconds": 4667.0297613330185, "steps_this_session": 18040, "phase": "training", "gpu": "6"}
{"step": 18060, "total": 24000, "loss": 0.340632863342762, "mixture_probability": 0.5, "actual_mixture": 0.453125, "gradient_norm": 2.742086172103882, "pid": 1237361, "elapsed_this_session_seconds": 4671.43572580535, "steps_this_session": 18060, "phase": "training", "gpu": "6"}
{"step": 18080, "total": 24000, "loss": 0.3259424902498722, "mixture_probability": 0.5, "actual_mixture": 0.5, "gradient_norm": 3.3808772563934326, "pid": 1237361, "elapsed_this_session_seconds": 4675.817742080428, "steps_this_session": 18080, "phase": "training", "gpu": "6"}
{"step": 18100, "total": 24000, "loss": 0.224639393389225, "mixture_probability": 0.5, "actual_mixture": 0.46875, "gradient_norm": 2.2693727016448975, "pid": 1237361, "elapsed_this_session_seconds": 4680.205762062222, "steps_this_session": 18100, "phase": "training", "gpu": "6"}
{"step": 18120, "total": 24000, "loss": 0.3462931402027607, "mixture_probability": 0.5, "actual_mixture": 0.484375, "gradient_norm": 3.752878189086914, "pid": 1237361, "elapsed_this_session_seconds": 4684.663444167934, "steps_this_session": 18120, "phase": "training", "gpu": "6"}
{"step": 18140, "total": 24000, "loss": 0.32963910698890686, "mixture_probability": 0.5, "actual_mixture": 0.484375, "gradient_norm": 3.1434051990509033, "pid": 1237361, "elapsed_this_session_seconds": 4689.17662902642, "steps_this_session": 18140, "phase": "training", "gpu": "6"}
{"step": 18160, "total": 24000, "loss": 0.24317924305796623, "mixture_probability": 0.5, "actual_mixture": 0.5, "gradient_norm": 2.7806460857391357, "pid": 1237361, "elapsed_this_session_seconds": 4693.623119972646, "steps_this_session": 18160, "phase": "training", "gpu": "6"}
{"step": 18180, "total": 24000, "loss": 0.2658572718501091, "mixture_probability": 0.5, "actual_mixture": 0.53125, "gradient_norm": 2.869839668273926, "pid": 1237361, "elapsed_this_session_seconds": 4698.070895038545, "steps_this_session": 18180, "phase": "training", "gpu": "6"}
{"step": 18200, "total": 24000, "loss": 0.20285071060061455, "mixture_probability": 0.5, "actual_mixture": 0.390625, "gradient_norm": 2.3121337890625, "pid": 1237361, "elapsed_this_session_seconds": 4702.472174927592, "steps_this_session": 18200, "phase": "training", "gpu": "6"}
{"step": 18220, "total": 24000, "loss": 0.313234556466341, "mixture_probability": 0.5, "actual_mixture": 0.546875, "gradient_norm": 2.7682244777679443, "pid": 1237361, "elapsed_this_session_seconds": 4706.8811614131555, "steps_this_session": 18220, "phase": "training", "gpu": "6"}
{"step": 18240, "total": 24000, "loss": 0.2567128986120224, "mixture_probability": 0.5, "actual_mixture": 0.546875, "gradient_norm": 2.4423604011535645, "pid": 1237361, "elapsed_this_session_seconds": 4711.223064593971, "steps_this_session": 18240, "phase": "training", "gpu": "6"}
{"step": 18260, "total": 24000, "loss": 0.25111474841833115, "mixture_probability": 0.5, "actual_mixture": 0.453125, "gradient_norm": 2.702479124069214, "pid": 1237361, "elapsed_this_session_seconds": 4715.54432469327, "steps_this_session": 18260, "phase": "training", "gpu": "6"}
{"step": 18280, "total": 24000, "loss": 0.2866952568292618, "mixture_probability": 0.5, "actual_mixture": 0.546875, "gradient_norm": 2.802283525466919, "pid": 1237361, "elapsed_this_session_seconds": 4719.915349970572, "steps_this_session": 18280, "phase": "training", "gpu": "6"}
{"step": 18300, "total": 24000, "loss": 0.23190823942422867, "mixture_probability": 0.5, "actual_mixture": 0.609375, "gradient_norm": 2.2320454120635986, "pid": 1237361, "elapsed_this_session_seconds": 4724.310846205801, "steps_this_session": 18300, "phase": "training", "gpu": "6"}
{"step": 18320, "total": 24000, "loss": 0.2892492190003395, "mixture_probability": 0.5, "actual_mixture": 0.53125, "gradient_norm": 3.088496446609497, "pid": 1237361, "elapsed_this_session_seconds": 4728.655119402334, "steps_this_session": 18320, "phase": "training", "gpu": "6"}
{"step": 18340, "total": 24000, "loss": 0.3090791516005993, "mixture_probability": 0.5, "actual_mixture": 0.46875, "gradient_norm": 3.2100069522857666, "pid": 1237361, "elapsed_this_session_seconds": 4733.0400810055435, "steps_this_session": 18340, "phase": "training", "gpu": "6"}
{"step": 18360, "total": 24000, "loss": 0.23460186645388603, "mixture_probability": 0.5, "actual_mixture": 0.4375, "gradient_norm": 2.7603724002838135, "pid": 1237361, "elapsed_this_session_seconds": 4737.414426368661, "steps_this_session": 18360, "phase": "training", "gpu": "6"}
{"step": 18380, "total": 24000, "loss": 0.2528097927570343, "mixture_probability": 0.5, "actual_mixture": 0.59375, "gradient_norm": 2.39054799079895, "pid": 1237361, "elapsed_this_session_seconds": 4741.876125428826, "steps_this_session": 18380, "phase": "training", "gpu": "6"}
{"step": 18400, "total": 24000, "loss": 0.28783315420150757, "mixture_probability": 0.5, "actual_mixture": 0.53125, "gradient_norm": 2.760326862335205, "pid": 1237361, "elapsed_this_session_seconds": 4746.325730827637, "steps_this_session": 18400, "phase": "training", "gpu": "6"}
{"step": 18420, "total": 24000, "loss": 0.2600255608558655, "mixture_probability": 0.5, "actual_mixture": 0.484375, "gradient_norm": 3.2022159099578857, "pid": 1237361, "elapsed_this_session_seconds": 4750.803896786645, "steps_this_session": 18420, "phase": "training", "gpu": "6"}
{"step": 18440, "total": 24000, "loss": 0.30808329209685326, "mixture_probability": 0.5, "actual_mixture": 0.4375, "gradient_norm": 3.3184330463409424, "pid": 1237361, "elapsed_this_session_seconds": 4755.232275694609, "steps_this_session": 18440, "phase": "training", "gpu": "6"}
{"step": 18460, "total": 24000, "loss": 0.22954481095075607, "mixture_probability": 0.5, "actual_mixture": 0.546875, "gradient_norm": 2.325756072998047, "pid": 1237361, "elapsed_this_session_seconds": 4759.656208506785, "steps_this_session": 18460, "phase": "training", "gpu": "6"}
{"step": 18480, "total": 24000, "loss": 0.24284660443663597, "mixture_probability": 0.5, "actual_mixture": 0.484375, "gradient_norm": 2.864027500152588, "pid": 1237361, "elapsed_this_session_seconds": 4764.115445025265, "steps_this_session": 18480, "phase": "training", "gpu": "6"}
{"step": 18500, "total": 24000, "loss": 0.23316635563969612, "mixture_probability": 0.5, "actual_mixture": 0.453125, "gradient_norm": 2.5464065074920654, "pid": 1237361, "elapsed_this_session_seconds": 4768.568553584628, "steps_this_session": 18500, "phase": "training", "gpu": "6"}
{"step": 18520, "total": 24000, "loss": 0.38757625967264175, "mixture_probability": 0.5, "actual_mixture": 0.59375, "gradient_norm": 3.589829206466675, "pid": 1237361, "elapsed_this_session_seconds": 4773.06632418558, "steps_this_session": 18520, "phase": "training", "gpu": "6"}
{"step": 18540, "total": 24000, "loss": 0.2852664515376091, "mixture_probability": 0.5, "actual_mixture": 0.53125, "gradient_norm": 2.6938283443450928, "pid": 1237361, "elapsed_this_session_seconds": 4777.468060705811, "steps_this_session": 18540, "phase": "training", "gpu": "6"}
{"step": 18560, "total": 24000, "loss": 0.22449977323412895, "mixture_probability": 0.5, "actual_mixture": 0.5625, "gradient_norm": 2.7309067249298096, "pid": 1237361, "elapsed_this_session_seconds": 4781.918070856482, "steps_this_session": 18560, "phase": "training", "gpu": "6"}
{"step": 18580, "total": 24000, "loss": 0.28004955872893333, "mixture_probability": 0.5, "actual_mixture": 0.515625, "gradient_norm": 3.085404634475708, "pid": 1237361, "elapsed_this_session_seconds": 4786.453009851277, "steps_this_session": 18580, "phase": "training", "gpu": "6"}
{"step": 18600, "total": 24000, "loss": 0.2217007428407669, "mixture_probability": 0.5, "actual_mixture": 0.5, "gradient_norm": 2.4744465351104736, "pid": 1237361, "elapsed_this_session_seconds": 4790.909825226292, "steps_this_session": 18600, "phase": "training", "gpu": "6"}
{"step": 18620, "total": 24000, "loss": 0.2661500796675682, "mixture_probability": 0.5, "actual_mixture": 0.625, "gradient_norm": 2.486663579940796, "pid": 1237361, "elapsed_this_session_seconds": 4795.315264709294, "steps_this_session": 18620, "phase": "training", "gpu": "6"}
{"step": 18640, "total": 24000, "loss": 0.21235305070877075, "mixture_probability": 0.5, "actual_mixture": 0.515625, "gradient_norm": 2.5570755004882812, "pid": 1237361, "elapsed_this_session_seconds": 4799.7393561936915, "steps_this_session": 18640, "phase": "training", "gpu": "6"}
{"step": 18660, "total": 24000, "loss": 0.29694610089063644, "mixture_probability": 0.5, "actual_mixture": 0.5625, "gradient_norm": 2.683429479598999, "pid": 1237361, "elapsed_this_session_seconds": 4804.198482290842, "steps_this_session": 18660, "phase": "training", "gpu": "6"}
{"step": 18680, "total": 24000, "loss": 0.23539479449391365, "mixture_probability": 0.5, "actual_mixture": 0.453125, "gradient_norm": 2.408656597137451, "pid": 1237361, "elapsed_this_session_seconds": 4808.619934110902, "steps_this_session": 18680, "phase": "training", "gpu": "6"}
{"step": 18700, "total": 24000, "loss": 0.2406058982014656, "mixture_probability": 0.5, "actual_mixture": 0.46875, "gradient_norm": 2.2921948432922363, "pid": 1237361, "elapsed_this_session_seconds": 4813.132656301372, "steps_this_session": 18700, "phase": "training", "gpu": "6"}
{"step": 18720, "total": 24000, "loss": 0.24154666997492313, "mixture_probability": 0.5, "actual_mixture": 0.46875, "gradient_norm": 2.360119581222534, "pid": 1237361, "elapsed_this_session_seconds": 4817.762377247214, "steps_this_session": 18720, "phase": "training", "gpu": "6"}
{"step": 18740, "total": 24000, "loss": 0.24277498945593834, "mixture_probability": 0.5, "actual_mixture": 0.375, "gradient_norm": 2.533149242401123, "pid": 1237361, "elapsed_this_session_seconds": 4822.725210181437, "steps_this_session": 18740, "phase": "training", "gpu": "6"}
{"step": 18760, "total": 24000, "loss": 0.29626528173685074, "mixture_probability": 0.5, "actual_mixture": 0.453125, "gradient_norm": 2.8719348907470703, "pid": 1237361, "elapsed_this_session_seconds": 4827.1444849558175, "steps_this_session": 18760, "phase": "training", "gpu": "6"}
{"step": 18780, "total": 24000, "loss": 0.4090501740574837, "mixture_probability": 0.5, "actual_mixture": 0.578125, "gradient_norm": 3.7749078273773193, "pid": 1237361, "elapsed_this_session_seconds": 4831.635319254361, "steps_this_session": 18780, "phase": "training", "gpu": "6"}
{"step": 18800, "total": 24000, "loss": 0.24926915764808655, "mixture_probability": 0.5, "actual_mixture": 0.53125, "gradient_norm": 2.5324032306671143, "pid": 1237361, "elapsed_this_session_seconds": 4836.065912269056, "steps_this_session": 18800, "phase": "training", "gpu": "6"}
{"step": 18820, "total": 24000, "loss": 0.20628170482814312, "mixture_probability": 0.5, "actual_mixture": 0.390625, "gradient_norm": 2.1975510120391846, "pid": 1237361, "elapsed_this_session_seconds": 4840.864111634903, "steps_this_session": 18820, "phase": "training", "gpu": "6"}
{"step": 18840, "total": 24000, "loss": 0.3412177823483944, "mixture_probability": 0.5, "actual_mixture": 0.609375, "gradient_norm": 3.636044979095459, "pid": 1237361, "elapsed_this_session_seconds": 4845.309864634648, "steps_this_session": 18840, "phase": "training", "gpu": "6"}
{"step": 18860, "total": 24000, "loss": 0.19821999967098236, "mixture_probability": 0.5, "actual_mixture": 0.53125, "gradient_norm": 2.1481785774230957, "pid": 1237361, "elapsed_this_session_seconds": 4849.721309427172, "steps_this_session": 18860, "phase": "training", "gpu": "6"}
{"step": 18880, "total": 24000, "loss": 0.342633742839098, "mixture_probability": 0.5, "actual_mixture": 0.5, "gradient_norm": 3.2781484127044678, "pid": 1237361, "elapsed_this_session_seconds": 4854.141822694801, "steps_this_session": 18880, "phase": "training", "gpu": "6"}
{"step": 18900, "total": 24000, "loss": 0.31416427344083786, "mixture_probability": 0.5, "actual_mixture": 0.46875, "gradient_norm": 2.866190195083618, "pid": 1237361, "elapsed_this_session_seconds": 4858.478849211708, "steps_this_session": 18900, "phase": "training", "gpu": "6"}
{"step": 18920, "total": 24000, "loss": 0.23521056398749352, "mixture_probability": 0.5, "actual_mixture": 0.421875, "gradient_norm": 2.2339696884155273, "pid": 1237361, "elapsed_this_session_seconds": 4862.894175143912, "steps_this_session": 18920, "phase": "training", "gpu": "6"}
{"step": 18940, "total": 24000, "loss": 0.39786071330308914, "mixture_probability": 0.5, "actual_mixture": 0.46875, "gradient_norm": 3.008551836013794, "pid": 1237361, "elapsed_this_session_seconds": 4867.271574132144, "steps_this_session": 18940, "phase": "training", "gpu": "6"}
{"step": 18960, "total": 24000, "loss": 0.2890619933605194, "mixture_probability": 0.5, "actual_mixture": 0.515625, "gradient_norm": 2.8892576694488525, "pid": 1237361, "elapsed_this_session_seconds": 4871.656050845981, "steps_this_session": 18960, "phase": "training", "gpu": "6"}
{"step": 18980, "total": 24000, "loss": 0.26322735473513603, "mixture_probability": 0.5, "actual_mixture": 0.46875, "gradient_norm": 2.3580336570739746, "pid": 1237361, "elapsed_this_session_seconds": 4876.228428087197, "steps_this_session": 18980, "phase": "training", "gpu": "6"}
{"step": 19000, "total": 24000, "loss": 0.26581066846847534, "mixture_probability": 0.5, "actual_mixture": 0.484375, "gradient_norm": 2.61478328704834, "pid": 1237361, "elapsed_this_session_seconds": 4880.581833018921, "steps_this_session": 19000, "phase": "training", "gpu": "6"}
{"step": 19020, "total": 24000, "loss": 0.23534944280982018, "mixture_probability": 0.5, "actual_mixture": 0.5, "gradient_norm": 2.4539828300476074, "pid": 1237361, "elapsed_this_session_seconds": 4885.091683462262, "steps_this_session": 19020, "phase": "training", "gpu": "6"}
{"step": 19040, "total": 24000, "loss": 0.2612762004137039, "mixture_probability": 0.5, "actual_mixture": 0.546875, "gradient_norm": 2.9581031799316406, "pid": 1237361, "elapsed_this_session_seconds": 4889.605767648667, "steps_this_session": 19040, "phase": "training", "gpu": "6"}
{"step": 19060, "total": 24000, "loss": 0.2802257165312767, "mixture_probability": 0.5, "actual_mixture": 0.5625, "gradient_norm": 2.6724472045898438, "pid": 1237361, "elapsed_this_session_seconds": 4894.118307302706, "steps_this_session": 19060, "phase": "training", "gpu": "6"}
{"step": 19080, "total": 24000, "loss": 0.2722555845975876, "mixture_probability": 0.5, "actual_mixture": 0.5, "gradient_norm": 2.822974920272827, "pid": 1237361, "elapsed_this_session_seconds": 4898.486870376393, "steps_this_session": 19080, "phase": "training", "gpu": "6"}
{"step": 19100, "total": 24000, "loss": 0.32630302011966705, "mixture_probability": 0.5, "actual_mixture": 0.609375, "gradient_norm": 3.1423988342285156, "pid": 1237361, "elapsed_this_session_seconds": 4902.808745783754, "steps_this_session": 19100, "phase": "training", "gpu": "6"}
{"step": 19120, "total": 24000, "loss": 0.22759727388620377, "mixture_probability": 0.5, "actual_mixture": 0.46875, "gradient_norm": 2.339486598968506, "pid": 1237361, "elapsed_this_session_seconds": 4907.388409847394, "steps_this_session": 19120, "phase": "training", "gpu": "6"}
{"step": 19140, "total": 24000, "loss": 0.3488898351788521, "mixture_probability": 0.5, "actual_mixture": 0.5625, "gradient_norm": 2.8141837120056152, "pid": 1237361, "elapsed_this_session_seconds": 4911.94846306555, "steps_this_session": 19140, "phase": "training", "gpu": "6"}
{"step": 19160, "total": 24000, "loss": 0.22630193829536438, "mixture_probability": 0.5, "actual_mixture": 0.40625, "gradient_norm": 2.3995885848999023, "pid": 1237361, "elapsed_this_session_seconds": 4916.354214260355, "steps_this_session": 19160, "phase": "training", "gpu": "6"}
{"step": 19180, "total": 24000, "loss": 0.2957075648009777, "mixture_probability": 0.5, "actual_mixture": 0.515625, "gradient_norm": 3.0725018978118896, "pid": 1237361, "elapsed_this_session_seconds": 4920.750386440195, "steps_this_session": 19180, "phase": "training", "gpu": "6"}
{"step": 19200, "total": 24000, "loss": 0.2364606261253357, "mixture_probability": 0.5, "actual_mixture": 0.421875, "gradient_norm": 2.6305365562438965, "pid": 1237361, "elapsed_this_session_seconds": 4925.225805556402, "steps_this_session": 19200, "phase": "training", "gpu": "6"}
{"step": 19220, "total": 24000, "loss": 0.226846382021904, "mixture_probability": 0.5, "actual_mixture": 0.4375, "gradient_norm": 2.8806281089782715, "pid": 1237361, "elapsed_this_session_seconds": 4929.594393055886, "steps_this_session": 19220, "phase": "training", "gpu": "6"}
{"step": 19240, "total": 24000, "loss": 0.2847902290523052, "mixture_probability": 0.5, "actual_mixture": 0.484375, "gradient_norm": 3.1139070987701416, "pid": 1237361, "elapsed_this_session_seconds": 4934.031620122492, "steps_this_session": 19240, "phase": "training", "gpu": "6"}
{"step": 19260, "total": 24000, "loss": 0.28567712754011154, "mixture_probability": 0.5, "actual_mixture": 0.65625, "gradient_norm": 2.71246337890625, "pid": 1237361, "elapsed_this_session_seconds": 4938.429429704323, "steps_this_session": 19260, "phase": "training", "gpu": "6"}
{"step": 19280, "total": 24000, "loss": 0.27853626385331154, "mixture_probability": 0.5, "actual_mixture": 0.46875, "gradient_norm": 2.8474788665771484, "pid": 1237361, "elapsed_this_session_seconds": 4942.783742837608, "steps_this_session": 19280, "phase": "training", "gpu": "6"}
{"step": 19300, "total": 24000, "loss": 0.24079767242074013, "mixture_probability": 0.5, "actual_mixture": 0.484375, "gradient_norm": 3.1500258445739746, "pid": 1237361, "elapsed_this_session_seconds": 4947.093154911883, "steps_this_session": 19300, "phase": "training", "gpu": "6"}
{"step": 19320, "total": 24000, "loss": 0.21901924163103104, "mixture_probability": 0.5, "actual_mixture": 0.46875, "gradient_norm": 2.4430997371673584, "pid": 1237361, "elapsed_this_session_seconds": 4951.42463860102, "steps_this_session": 19320, "phase": "training", "gpu": "6"}
{"step": 19340, "total": 24000, "loss": 0.2747904062271118, "mixture_probability": 0.5, "actual_mixture": 0.546875, "gradient_norm": 2.849214553833008, "pid": 1237361, "elapsed_this_session_seconds": 4955.773828085512, "steps_this_session": 19340, "phase": "training", "gpu": "6"}
{"step": 19360, "total": 24000, "loss": 0.30892427265644073, "mixture_probability": 0.5, "actual_mixture": 0.59375, "gradient_norm": 2.913417339324951, "pid": 1237361, "elapsed_this_session_seconds": 4960.081838230602, "steps_this_session": 19360, "phase": "training", "gpu": "6"}
{"step": 19380, "total": 24000, "loss": 0.42769569158554077, "mixture_probability": 0.5, "actual_mixture": 0.578125, "gradient_norm": 3.625533103942871, "pid": 1237361, "elapsed_this_session_seconds": 4964.427546576597, "steps_this_session": 19380, "phase": "training", "gpu": "6"}
{"step": 19400, "total": 24000, "loss": 0.26104582473635674, "mixture_probability": 0.5, "actual_mixture": 0.515625, "gradient_norm": 2.2318129539489746, "pid": 1237361, "elapsed_this_session_seconds": 4968.7978454027325, "steps_this_session": 19400, "phase": "training", "gpu": "6"}
{"step": 19420, "total": 24000, "loss": 0.2923933193087578, "mixture_probability": 0.5, "actual_mixture": 0.40625, "gradient_norm": 2.749309539794922, "pid": 1237361, "elapsed_this_session_seconds": 4973.423932784237, "steps_this_session": 19420, "phase": "training", "gpu": "6"}
{"step": 19440, "total": 24000, "loss": 0.24476125836372375, "mixture_probability": 0.5, "actual_mixture": 0.5, "gradient_norm": 2.671449661254883, "pid": 1237361, "elapsed_this_session_seconds": 4977.787968904711, "steps_this_session": 19440, "phase": "training", "gpu": "6"}
{"step": 19460, "total": 24000, "loss": 0.19902212545275688, "mixture_probability": 0.5, "actual_mixture": 0.4375, "gradient_norm": 2.292248487472534, "pid": 1237361, "elapsed_this_session_seconds": 4982.192795621231, "steps_this_session": 19460, "phase": "training", "gpu": "6"}
{"step": 19480, "total": 24000, "loss": 0.34647658467292786, "mixture_probability": 0.5, "actual_mixture": 0.59375, "gradient_norm": 3.5266590118408203, "pid": 1237361, "elapsed_this_session_seconds": 4986.562701473944, "steps_this_session": 19480, "phase": "training", "gpu": "6"}
{"step": 19500, "total": 24000, "loss": 0.22376255318522453, "mixture_probability": 0.5, "actual_mixture": 0.53125, "gradient_norm": 2.4646646976470947, "pid": 1237361, "elapsed_this_session_seconds": 4990.97322448995, "steps_this_session": 19500, "phase": "training", "gpu": "6"}
{"step": 19520, "total": 24000, "loss": 0.22902312502264977, "mixture_probability": 0.5, "actual_mixture": 0.484375, "gradient_norm": 2.4057044982910156, "pid": 1237361, "elapsed_this_session_seconds": 4995.329095938243, "steps_this_session": 19520, "phase": "training", "gpu": "6"}
{"step": 19540, "total": 24000, "loss": 0.24841125681996346, "mixture_probability": 0.5, "actual_mixture": 0.390625, "gradient_norm": 2.5548794269561768, "pid": 1237361, "elapsed_this_session_seconds": 4999.800803998485, "steps_this_session": 19540, "phase": "training", "gpu": "6"}
{"step": 19560, "total": 24000, "loss": 0.20409009605646133, "mixture_probability": 0.5, "actual_mixture": 0.453125, "gradient_norm": 1.9837583303451538, "pid": 1237361, "elapsed_this_session_seconds": 5004.251200071536, "steps_this_session": 19560, "phase": "training", "gpu": "6"}
{"step": 19580, "total": 24000, "loss": 0.22368034720420837, "mixture_probability": 0.5, "actual_mixture": 0.4375, "gradient_norm": 2.4167089462280273, "pid": 1237361, "elapsed_this_session_seconds": 5008.626319181174, "steps_this_session": 19580, "phase": "training", "gpu": "6"}
{"step": 19600, "total": 24000, "loss": 0.21582307294011116, "mixture_probability": 0.5, "actual_mixture": 0.484375, "gradient_norm": 2.333829164505005, "pid": 1237361, "elapsed_this_session_seconds": 5012.988446914591, "steps_this_session": 19600, "phase": "training", "gpu": "6"}
{"step": 19620, "total": 24000, "loss": 0.28762003779411316, "mixture_probability": 0.5, "actual_mixture": 0.53125, "gradient_norm": 2.875213861465454, "pid": 1237361, "elapsed_this_session_seconds": 5017.350889044814, "steps_this_session": 19620, "phase": "training", "gpu": "6"}
{"step": 19640, "total": 24000, "loss": 0.2650931142270565, "mixture_probability": 0.5, "actual_mixture": 0.46875, "gradient_norm": 3.0647661685943604, "pid": 1237361, "elapsed_this_session_seconds": 5021.680475889705, "steps_this_session": 19640, "phase": "training", "gpu": "6"}
{"step": 19660, "total": 24000, "loss": 0.31186845526099205, "mixture_probability": 0.5, "actual_mixture": 0.546875, "gradient_norm": 3.0779833793640137, "pid": 1237361, "elapsed_this_session_seconds": 5026.0942903468385, "steps_this_session": 19660, "phase": "training", "gpu": "6"}
{"step": 19680, "total": 24000, "loss": 0.22775199636816978, "mixture_probability": 0.5, "actual_mixture": 0.453125, "gradient_norm": 2.116774320602417, "pid": 1237361, "elapsed_this_session_seconds": 5030.621651090682, "steps_this_session": 19680, "phase": "training", "gpu": "6"}
{"step": 19700, "total": 24000, "loss": 0.22996502369642258, "mixture_probability": 0.5, "actual_mixture": 0.4375, "gradient_norm": 2.990464687347412, "pid": 1237361, "elapsed_this_session_seconds": 5034.995712971315, "steps_this_session": 19700, "phase": "training", "gpu": "6"}
{"step": 19720, "total": 24000, "loss": 0.2559347338974476, "mixture_probability": 0.5, "actual_mixture": 0.484375, "gradient_norm": 2.95735239982605, "pid": 1237361, "elapsed_this_session_seconds": 5039.29401471559, "steps_this_session": 19720, "phase": "training", "gpu": "6"}
{"step": 19740, "total": 24000, "loss": 0.2579547315835953, "mixture_probability": 0.5, "actual_mixture": 0.515625, "gradient_norm": 2.2882919311523438, "pid": 1237361, "elapsed_this_session_seconds": 5043.651680330746, "steps_this_session": 19740, "phase": "training", "gpu": "6"}
{"step": 19760, "total": 24000, "loss": 0.28899671882390976, "mixture_probability": 0.5, "actual_mixture": 0.515625, "gradient_norm": 2.781700611114502, "pid": 1237361, "elapsed_this_session_seconds": 5048.018969941884, "steps_this_session": 19760, "phase": "training", "gpu": "6"}
{"step": 19780, "total": 24000, "loss": 0.38956726156175137, "mixture_probability": 0.5, "actual_mixture": 0.5, "gradient_norm": 3.564641237258911, "pid": 1237361, "elapsed_this_session_seconds": 5052.326543435454, "steps_this_session": 19780, "phase": "training", "gpu": "6"}
{"step": 19800, "total": 24000, "loss": 0.25371455773711205, "mixture_probability": 0.5, "actual_mixture": 0.453125, "gradient_norm": 2.7250380516052246, "pid": 1237361, "elapsed_this_session_seconds": 5056.627447512001, "steps_this_session": 19800, "phase": "training", "gpu": "6"}
{"step": 19820, "total": 24000, "loss": 0.2205391526222229, "mixture_probability": 0.5, "actual_mixture": 0.5, "gradient_norm": 2.3521616458892822, "pid": 1237361, "elapsed_this_session_seconds": 5060.914586549625, "steps_this_session": 19820, "phase": "training", "gpu": "6"}
{"step": 19840, "total": 24000, "loss": 0.34707341343164444, "mixture_probability": 0.5, "actual_mixture": 0.546875, "gradient_norm": 3.4476022720336914, "pid": 1237361, "elapsed_this_session_seconds": 5065.2082645194605, "steps_this_session": 19840, "phase": "training", "gpu": "6"}
{"step": 19860, "total": 24000, "loss": 0.2554641552269459, "mixture_probability": 0.5, "actual_mixture": 0.40625, "gradient_norm": 2.9371180534362793, "pid": 1237361, "elapsed_this_session_seconds": 5069.492662987672, "steps_this_session": 19860, "phase": "training", "gpu": "6"}
{"step": 19880, "total": 24000, "loss": 0.30779219791293144, "mixture_probability": 0.5, "actual_mixture": 0.46875, "gradient_norm": 2.7091314792633057, "pid": 1237361, "elapsed_this_session_seconds": 5073.815030605532, "steps_this_session": 19880, "phase": "training", "gpu": "6"}
{"step": 19900, "total": 24000, "loss": 0.30295946449041367, "mixture_probability": 0.5, "actual_mixture": 0.609375, "gradient_norm": 3.049598217010498, "pid": 1237361, "elapsed_this_session_seconds": 5078.116929042153, "steps_this_session": 19900, "phase": "training", "gpu": "6"}
{"step": 19920, "total": 24000, "loss": 0.23940328136086464, "mixture_probability": 0.5, "actual_mixture": 0.5, "gradient_norm": 2.422914981842041, "pid": 1237361, "elapsed_this_session_seconds": 5082.563972763717, "steps_this_session": 19920, "phase": "training", "gpu": "6"}
{"step": 19940, "total": 24000, "loss": 0.23720287531614304, "mixture_probability": 0.5, "actual_mixture": 0.484375, "gradient_norm": 2.233187198638916, "pid": 1237361, "elapsed_this_session_seconds": 5086.964256322943, "steps_this_session": 19940, "phase": "training", "gpu": "6"}
{"step": 19960, "total": 24000, "loss": 0.198722206056118, "mixture_probability": 0.5, "actual_mixture": 0.421875, "gradient_norm": 2.2817318439483643, "pid": 1237361, "elapsed_this_session_seconds": 5091.34594508633, "steps_this_session": 19960, "phase": "training", "gpu": "6"}
{"step": 19980, "total": 24000, "loss": 0.1755126304924488, "mixture_probability": 0.5, "actual_mixture": 0.4375, "gradient_norm": 1.9947417974472046, "pid": 1237361, "elapsed_this_session_seconds": 5095.805386036634, "steps_this_session": 19980, "phase": "training", "gpu": "6"}
{"step": 20000, "total": 24000, "loss": 0.24289118498563766, "mixture_probability": 0.5, "actual_mixture": 0.484375, "gradient_norm": 2.4879262447357178, "pid": 1237361, "elapsed_this_session_seconds": 5100.18477046676, "steps_this_session": 20000, "phase": "training", "gpu": "6"}
{"step": 20020, "total": 24000, "loss": 0.21278807520866394, "mixture_probability": 0.5, "actual_mixture": 0.5, "gradient_norm": 2.3620266914367676, "pid": 1237361, "elapsed_this_session_seconds": 5161.395754276775, "steps_this_session": 20020, "phase": "training", "gpu": "6"}
{"step": 20040, "total": 24000, "loss": 0.2751346081495285, "mixture_probability": 0.5, "actual_mixture": 0.484375, "gradient_norm": 3.280613660812378, "pid": 1237361, "elapsed_this_session_seconds": 5166.518945663236, "steps_this_session": 20040, "phase": "training", "gpu": "6"}
{"step": 20060, "total": 24000, "loss": 0.25627027451992035, "mixture_probability": 0.5, "actual_mixture": 0.53125, "gradient_norm": 2.8260538578033447, "pid": 1237361, "elapsed_this_session_seconds": 5171.586403967813, "steps_this_session": 20060, "phase": "training", "gpu": "6"}
{"step": 20080, "total": 24000, "loss": 0.31579115241765976, "mixture_probability": 0.5, "actual_mixture": 0.640625, "gradient_norm": 2.998244524002075, "pid": 1237361, "elapsed_this_session_seconds": 5177.158056658693, "steps_this_session": 20080, "phase": "training", "gpu": "6"}
{"step": 20100, "total": 24000, "loss": 0.41556137055158615, "mixture_probability": 0.5, "actual_mixture": 0.5, "gradient_norm": 5.047760486602783, "pid": 1237361, "elapsed_this_session_seconds": 5183.227773070335, "steps_this_session": 20100, "phase": "training", "gpu": "6"}
{"step": 20120, "total": 24000, "loss": 0.34137439727783203, "mixture_probability": 0.5, "actual_mixture": 0.5, "gradient_norm": 3.114203929901123, "pid": 1237361, "elapsed_this_session_seconds": 5189.734169041738, "steps_this_session": 20120, "phase": "training", "gpu": "6"}
{"step": 20140, "total": 24000, "loss": 0.2022710144519806, "mixture_probability": 0.5, "actual_mixture": 0.5625, "gradient_norm": 2.231358766555786, "pid": 1237361, "elapsed_this_session_seconds": 5196.019495151937, "steps_this_session": 20140, "phase": "training", "gpu": "6"}
{"step": 20160, "total": 24000, "loss": 0.22423508018255234, "mixture_probability": 0.5, "actual_mixture": 0.5, "gradient_norm": 2.3478264808654785, "pid": 1237361, "elapsed_this_session_seconds": 5202.186748858541, "steps_this_session": 20160, "phase": "training", "gpu": "6"}
{"step": 20180, "total": 24000, "loss": 0.2624169662594795, "mixture_probability": 0.5, "actual_mixture": 0.59375, "gradient_norm": 2.842057704925537, "pid": 1237361, "elapsed_this_session_seconds": 5208.347886202857, "steps_this_session": 20180, "phase": "training", "gpu": "6"}
{"step": 20200, "total": 24000, "loss": 0.21608471125364304, "mixture_probability": 0.5, "actual_mixture": 0.390625, "gradient_norm": 2.014462947845459, "pid": 1237361, "elapsed_this_session_seconds": 5214.342451350763, "steps_this_session": 20200, "phase": "training", "gpu": "6"}
{"step": 20220, "total": 24000, "loss": 0.22941674664616585, "mixture_probability": 0.5, "actual_mixture": 0.40625, "gradient_norm": 2.3637163639068604, "pid": 1237361, "elapsed_this_session_seconds": 5220.271106119268, "steps_this_session": 20220, "phase": "training", "gpu": "6"}
{"step": 20240, "total": 24000, "loss": 0.24763135984539986, "mixture_probability": 0.5, "actual_mixture": 0.515625, "gradient_norm": 2.693089246749878, "pid": 1237361, "elapsed_this_session_seconds": 5226.22133495193, "steps_this_session": 20240, "phase": "training", "gpu": "6"}
{"step": 20260, "total": 24000, "loss": 0.28695279359817505, "mixture_probability": 0.5, "actual_mixture": 0.6875, "gradient_norm": 2.4174187183380127, "pid": 1237361, "elapsed_this_session_seconds": 5232.078694974072, "steps_this_session": 20260, "phase": "training", "gpu": "6"}
{"step": 20280, "total": 24000, "loss": 0.2074742130935192, "mixture_probability": 0.5, "actual_mixture": 0.375, "gradient_norm": 2.3757152557373047, "pid": 1237361, "elapsed_this_session_seconds": 5237.761915839277, "steps_this_session": 20280, "phase": "training", "gpu": "6"}
{"step": 20300, "total": 24000, "loss": 0.18770964816212654, "mixture_probability": 0.5, "actual_mixture": 0.5, "gradient_norm": 1.776777744293213, "pid": 1237361, "elapsed_this_session_seconds": 5243.598956212401, "steps_this_session": 20300, "phase": "training", "gpu": "6"}
{"step": 20320, "total": 24000, "loss": 0.283267579972744, "mixture_probability": 0.5, "actual_mixture": 0.546875, "gradient_norm": 2.5297048091888428, "pid": 1237361, "elapsed_this_session_seconds": 5249.23548858054, "steps_this_session": 20320, "phase": "training", "gpu": "6"}
{"step": 20340, "total": 24000, "loss": 0.32279727794229984, "mixture_probability": 0.5, "actual_mixture": 0.5, "gradient_norm": 3.1150994300842285, "pid": 1237361, "elapsed_this_session_seconds": 5254.9829418817535, "steps_this_session": 20340, "phase": "training", "gpu": "6"}
{"step": 20360, "total": 24000, "loss": 0.3506699874997139, "mixture_probability": 0.5, "actual_mixture": 0.546875, "gradient_norm": 3.5500683784484863, "pid": 1237361, "elapsed_this_session_seconds": 5260.521820307709, "steps_this_session": 20360, "phase": "training", "gpu": "6"}
{"step": 20380, "total": 24000, "loss": 0.28172654658555984, "mixture_probability": 0.5, "actual_mixture": 0.484375, "gradient_norm": 2.3431787490844727, "pid": 1237361, "elapsed_this_session_seconds": 5266.241574535146, "steps_this_session": 20380, "phase": "training", "gpu": "6"}
{"step": 20400, "total": 24000, "loss": 0.27232231572270393, "mixture_probability": 0.5, "actual_mixture": 0.484375, "gradient_norm": 2.45017147064209, "pid": 1237361, "elapsed_this_session_seconds": 5272.169629633427, "steps_this_session": 20400, "phase": "training", "gpu": "6"}
{"step": 20420, "total": 24000, "loss": 0.16993698477745056, "mixture_probability": 0.5, "actual_mixture": 0.4375, "gradient_norm": 2.0488014221191406, "pid": 1237361, "elapsed_this_session_seconds": 5277.619286020286, "steps_this_session": 20420, "phase": "training", "gpu": "6"}
{"step": 20440, "total": 24000, "loss": 0.2151885386556387, "mixture_probability": 0.5, "actual_mixture": 0.484375, "gradient_norm": 2.273470163345337, "pid": 1237361, "elapsed_this_session_seconds": 5283.156167881563, "steps_this_session": 20440, "phase": "training", "gpu": "6"}
{"step": 20460, "total": 24000, "loss": 0.19039646536111832, "mixture_probability": 0.5, "actual_mixture": 0.53125, "gradient_norm": 2.1981699466705322, "pid": 1237361, "elapsed_this_session_seconds": 5288.599868715741, "steps_this_session": 20460, "phase": "training", "gpu": "6"}
{"step": 20480, "total": 24000, "loss": 0.2667139694094658, "mixture_probability": 0.5, "actual_mixture": 0.59375, "gradient_norm": 2.618795156478882, "pid": 1237361, "elapsed_this_session_seconds": 5293.89742967207, "steps_this_session": 20480, "phase": "training", "gpu": "6"}
{"step": 20500, "total": 24000, "loss": 0.24823373556137085, "mixture_probability": 0.5, "actual_mixture": 0.4375, "gradient_norm": 2.544572353363037, "pid": 1237361, "elapsed_this_session_seconds": 5299.2678336165845, "steps_this_session": 20500, "phase": "training", "gpu": "6"}
{"step": 20520, "total": 24000, "loss": 0.18815762922167778, "mixture_probability": 0.5, "actual_mixture": 0.34375, "gradient_norm": 2.207728624343872, "pid": 1237361, "elapsed_this_session_seconds": 5304.7026575049385, "steps_this_session": 20520, "phase": "training", "gpu": "6"}
{"step": 20540, "total": 24000, "loss": 0.1927768997848034, "mixture_probability": 0.5, "actual_mixture": 0.375, "gradient_norm": 2.201035261154175, "pid": 1237361, "elapsed_this_session_seconds": 5309.9427051618695, "steps_this_session": 20540, "phase": "training", "gpu": "6"}
{"step": 20560, "total": 24000, "loss": 0.21591799333691597, "mixture_probability": 0.5, "actual_mixture": 0.4375, "gradient_norm": 2.226667881011963, "pid": 1237361, "elapsed_this_session_seconds": 5315.20857282728, "steps_this_session": 20560, "phase": "training", "gpu": "6"}
{"step": 20580, "total": 24000, "loss": 0.2750922068953514, "mixture_probability": 0.5, "actual_mixture": 0.4375, "gradient_norm": 2.8918890953063965, "pid": 1237361, "elapsed_this_session_seconds": 5320.520006138831, "steps_this_session": 20580, "phase": "training", "gpu": "6"}
{"step": 20600, "total": 24000, "loss": 0.23566724732518196, "mixture_probability": 0.5, "actual_mixture": 0.578125, "gradient_norm": 2.504092216491699, "pid": 1237361, "elapsed_this_session_seconds": 5325.755160990171, "steps_this_session": 20600, "phase": "training", "gpu": "6"}
{"step": 20620, "total": 24000, "loss": 0.1922358125448227, "mixture_probability": 0.5, "actual_mixture": 0.453125, "gradient_norm": 2.2711846828460693, "pid": 1237361, "elapsed_this_session_seconds": 5331.10430855304, "steps_this_session": 20620, "phase": "training", "gpu": "6"}
{"step": 20640, "total": 24000, "loss": 0.2895353063941002, "mixture_probability": 0.5, "actual_mixture": 0.578125, "gradient_norm": 2.799093723297119, "pid": 1237361, "elapsed_this_session_seconds": 5336.675944691524, "steps_this_session": 20640, "phase": "training", "gpu": "6"}
{"step": 20660, "total": 24000, "loss": 0.21820315346121788, "mixture_probability": 0.5, "actual_mixture": 0.453125, "gradient_norm": 2.2027177810668945, "pid": 1237361, "elapsed_this_session_seconds": 5341.8755576564, "steps_this_session": 20660, "phase": "training", "gpu": "6"}
{"step": 20680, "total": 24000, "loss": 0.24252879992127419, "mixture_probability": 0.5, "actual_mixture": 0.625, "gradient_norm": 2.3428609371185303, "pid": 1237361, "elapsed_this_session_seconds": 5347.183806183748, "steps_this_session": 20680, "phase": "training", "gpu": "6"}
{"step": 20700, "total": 24000, "loss": 0.2600408345460892, "mixture_probability": 0.5, "actual_mixture": 0.515625, "gradient_norm": 2.8816590309143066, "pid": 1237361, "elapsed_this_session_seconds": 5352.358091822825, "steps_this_session": 20700, "phase": "training", "gpu": "6"}
{"step": 20720, "total": 24000, "loss": 0.38463542610406876, "mixture_probability": 0.5, "actual_mixture": 0.578125, "gradient_norm": 3.2970874309539795, "pid": 1237361, "elapsed_this_session_seconds": 5357.618361384608, "steps_this_session": 20720, "phase": "training", "gpu": "6"}
{"step": 20740, "total": 24000, "loss": 0.24363261088728905, "mixture_probability": 0.5, "actual_mixture": 0.484375, "gradient_norm": 2.546980619430542, "pid": 1237361, "elapsed_this_session_seconds": 5362.821911015548, "steps_this_session": 20740, "phase": "training", "gpu": "6"}
{"step": 20760, "total": 24000, "loss": 0.2931620292365551, "mixture_probability": 0.5, "actual_mixture": 0.515625, "gradient_norm": 2.8540000915527344, "pid": 1237361, "elapsed_this_session_seconds": 5368.047467966564, "steps_this_session": 20760, "phase": "training", "gpu": "6"}
{"step": 20780, "total": 24000, "loss": 0.2295912578701973, "mixture_probability": 0.5, "actual_mixture": 0.46875, "gradient_norm": 2.5624008178710938, "pid": 1237361, "elapsed_this_session_seconds": 5373.209888759069, "steps_this_session": 20780, "phase": "training", "gpu": "6"}
{"step": 20800, "total": 24000, "loss": 0.24094576388597488, "mixture_probability": 0.5, "actual_mixture": 0.484375, "gradient_norm": 2.3199706077575684, "pid": 1237361, "elapsed_this_session_seconds": 5378.532582224347, "steps_this_session": 20800, "phase": "training", "gpu": "6"}
{"step": 20820, "total": 24000, "loss": 0.3423773720860481, "mixture_probability": 0.5, "actual_mixture": 0.46875, "gradient_norm": 3.1958327293395996, "pid": 1237361, "elapsed_this_session_seconds": 5383.715252308175, "steps_this_session": 20820, "phase": "training", "gpu": "6"}
{"step": 20840, "total": 24000, "loss": 0.3128264844417572, "mixture_probability": 0.5, "actual_mixture": 0.53125, "gradient_norm": 2.68001651763916, "pid": 1237361, "elapsed_this_session_seconds": 5388.885151914321, "steps_this_session": 20840, "phase": "training", "gpu": "6"}
{"step": 20860, "total": 24000, "loss": 0.29734306037425995, "mixture_probability": 0.5, "actual_mixture": 0.609375, "gradient_norm": 4.237063884735107, "pid": 1237361, "elapsed_this_session_seconds": 5394.133985492401, "steps_this_session": 20860, "phase": "training", "gpu": "6"}
{"step": 20880, "total": 24000, "loss": 0.3753034509718418, "mixture_probability": 0.5, "actual_mixture": 0.484375, "gradient_norm": 3.2286994457244873, "pid": 1237361, "elapsed_this_session_seconds": 5399.354635142721, "steps_this_session": 20880, "phase": "training", "gpu": "6"}
{"step": 20900, "total": 24000, "loss": 0.22293348610401154, "mixture_probability": 0.5, "actual_mixture": 0.4375, "gradient_norm": 2.3027656078338623, "pid": 1237361, "elapsed_this_session_seconds": 5404.447407937609, "steps_this_session": 20900, "phase": "training", "gpu": "6"}
{"step": 20920, "total": 24000, "loss": 0.2440049648284912, "mixture_probability": 0.5, "actual_mixture": 0.5, "gradient_norm": 2.47548770904541, "pid": 1237361, "elapsed_this_session_seconds": 5409.597699766979, "steps_this_session": 20920, "phase": "training", "gpu": "6"}
{"step": 20940, "total": 24000, "loss": 0.21576685085892677, "mixture_probability": 0.5, "actual_mixture": 0.546875, "gradient_norm": 2.3207931518554688, "pid": 1237361, "elapsed_this_session_seconds": 5417.146987047046, "steps_this_session": 20940, "phase": "training", "gpu": "6"}
{"step": 20960, "total": 24000, "loss": 0.19037221744656563, "mixture_probability": 0.5, "actual_mixture": 0.53125, "gradient_norm": 2.095337152481079, "pid": 1237361, "elapsed_this_session_seconds": 5423.487608762458, "steps_this_session": 20960, "phase": "training", "gpu": "6"}
{"step": 20980, "total": 24000, "loss": 0.2984722666442394, "mixture_probability": 0.5, "actual_mixture": 0.484375, "gradient_norm": 2.8472204208374023, "pid": 1237361, "elapsed_this_session_seconds": 5429.650479482487, "steps_this_session": 20980, "phase": "training", "gpu": "6"}
{"step": 21000, "total": 24000, "loss": 0.2538487836718559, "mixture_probability": 0.5, "actual_mixture": 0.453125, "gradient_norm": 2.430492401123047, "pid": 1237361, "elapsed_this_session_seconds": 5437.3789970669895, "steps_this_session": 21000, "phase": "training", "gpu": "6"}
{"step": 21020, "total": 24000, "loss": 0.25794142857193947, "mixture_probability": 0.5, "actual_mixture": 0.515625, "gradient_norm": 2.7138166427612305, "pid": 1237361, "elapsed_this_session_seconds": 5442.350744099356, "steps_this_session": 21020, "phase": "training", "gpu": "6"}
{"step": 21040, "total": 24000, "loss": 0.1969787124544382, "mixture_probability": 0.5, "actual_mixture": 0.421875, "gradient_norm": 3.2092456817626953, "pid": 1237361, "elapsed_this_session_seconds": 5449.525756028481, "steps_this_session": 21040, "phase": "training", "gpu": "6"}
{"step": 21060, "total": 24000, "loss": 0.2791554033756256, "mixture_probability": 0.5, "actual_mixture": 0.453125, "gradient_norm": 2.87107253074646, "pid": 1237361, "elapsed_this_session_seconds": 5457.19256096147, "steps_this_session": 21060, "phase": "training", "gpu": "6"}
{"step": 21080, "total": 24000, "loss": 0.3168220929801464, "mixture_probability": 0.5, "actual_mixture": 0.59375, "gradient_norm": 3.006392478942871, "pid": 1237361, "elapsed_this_session_seconds": 5464.43459584564, "steps_this_session": 21080, "phase": "training", "gpu": "6"}
{"step": 21100, "total": 24000, "loss": 0.2632228098809719, "mixture_probability": 0.5, "actual_mixture": 0.484375, "gradient_norm": 2.8237435817718506, "pid": 1237361, "elapsed_this_session_seconds": 5469.893548164517, "steps_this_session": 21100, "phase": "training", "gpu": "6"}
{"step": 21120, "total": 24000, "loss": 0.25898241251707077, "mixture_probability": 0.5, "actual_mixture": 0.484375, "gradient_norm": 2.8457093238830566, "pid": 1237361, "elapsed_this_session_seconds": 5477.325395237654, "steps_this_session": 21120, "phase": "training", "gpu": "6"}
{"step": 21140, "total": 24000, "loss": 0.22528930008411407, "mixture_probability": 0.5, "actual_mixture": 0.4375, "gradient_norm": 2.38197922706604, "pid": 1237361, "elapsed_this_session_seconds": 5483.247484853491, "steps_this_session": 21140, "phase": "training", "gpu": "6"}
{"step": 21160, "total": 24000, "loss": 0.20431780442595482, "mixture_probability": 0.5, "actual_mixture": 0.453125, "gradient_norm": 2.1640450954437256, "pid": 1237361, "elapsed_this_session_seconds": 5489.794688591734, "steps_this_session": 21160, "phase": "training", "gpu": "6"}
{"step": 21180, "total": 24000, "loss": 0.41447078064084053, "mixture_probability": 0.5, "actual_mixture": 0.421875, "gradient_norm": 4.06840705871582, "pid": 1237361, "elapsed_this_session_seconds": 5497.37936862465, "steps_this_session": 21180, "phase": "training", "gpu": "6"}
{"step": 21200, "total": 24000, "loss": 0.25636883452534676, "mixture_probability": 0.5, "actual_mixture": 0.4375, "gradient_norm": 2.962373733520508, "pid": 1237361, "elapsed_this_session_seconds": 5505.0216052038595, "steps_this_session": 21200, "phase": "training", "gpu": "6"}
{"step": 21220, "total": 24000, "loss": 0.3039458654820919, "mixture_probability": 0.5, "actual_mixture": 0.5, "gradient_norm": 2.849506378173828, "pid": 1237361, "elapsed_this_session_seconds": 5510.456970100291, "steps_this_session": 21220, "phase": "training", "gpu": "6"}
{"step": 21240, "total": 24000, "loss": 0.3079633191227913, "mixture_probability": 0.5, "actual_mixture": 0.546875, "gradient_norm": 3.1775267124176025, "pid": 1237361, "elapsed_this_session_seconds": 5517.293100929819, "steps_this_session": 21240, "phase": "training", "gpu": "6"}
{"step": 21260, "total": 24000, "loss": 0.2593839168548584, "mixture_probability": 0.5, "actual_mixture": 0.5, "gradient_norm": 2.521259307861328, "pid": 1237361, "elapsed_this_session_seconds": 5524.56736892648, "steps_this_session": 21260, "phase": "training", "gpu": "6"}
{"step": 21280, "total": 24000, "loss": 0.18136343732476234, "mixture_probability": 0.5, "actual_mixture": 0.5, "gradient_norm": 2.0996835231781006, "pid": 1237361, "elapsed_this_session_seconds": 5531.66607138142, "steps_this_session": 21280, "phase": "training", "gpu": "6"}
{"step": 21300, "total": 24000, "loss": 0.18259236589074135, "mixture_probability": 0.5, "actual_mixture": 0.453125, "gradient_norm": 2.085405111312866, "pid": 1237361, "elapsed_this_session_seconds": 5538.8810860989615, "steps_this_session": 21300, "phase": "training", "gpu": "6"}
{"step": 21320, "total": 24000, "loss": 0.24083898216485977, "mixture_probability": 0.5, "actual_mixture": 0.578125, "gradient_norm": 2.54671311378479, "pid": 1237361, "elapsed_this_session_seconds": 5545.957154146396, "steps_this_session": 21320, "phase": "training", "gpu": "6"}
{"step": 21340, "total": 24000, "loss": 0.2917986512184143, "mixture_probability": 0.5, "actual_mixture": 0.59375, "gradient_norm": 3.033125877380371, "pid": 1237361, "elapsed_this_session_seconds": 5553.394328310154, "steps_this_session": 21340, "phase": "training", "gpu": "6"}
{"step": 21360, "total": 24000, "loss": 0.25616269558668137, "mixture_probability": 0.5, "actual_mixture": 0.53125, "gradient_norm": 3.184480667114258, "pid": 1237361, "elapsed_this_session_seconds": 5560.481527908705, "steps_this_session": 21360, "phase": "training", "gpu": "6"}
{"step": 21380, "total": 24000, "loss": 0.2678508311510086, "mixture_probability": 0.5, "actual_mixture": 0.515625, "gradient_norm": 2.6003072261810303, "pid": 1237361, "elapsed_this_session_seconds": 5567.581682393327, "steps_this_session": 21380, "phase": "training", "gpu": "6"}
{"step": 21400, "total": 24000, "loss": 0.2829504534602165, "mixture_probability": 0.5, "actual_mixture": 0.53125, "gradient_norm": 2.8158628940582275, "pid": 1237361, "elapsed_this_session_seconds": 5574.8374501708895, "steps_this_session": 21400, "phase": "training", "gpu": "6"}
{"step": 21420, "total": 24000, "loss": 0.23665069788694382, "mixture_probability": 0.5, "actual_mixture": 0.421875, "gradient_norm": 2.452613353729248, "pid": 1237361, "elapsed_this_session_seconds": 5581.891999932937, "steps_this_session": 21420, "phase": "training", "gpu": "6"}
{"step": 21440, "total": 24000, "loss": 0.23128966987133026, "mixture_probability": 0.5, "actual_mixture": 0.5, "gradient_norm": 2.316600799560547, "pid": 1237361, "elapsed_this_session_seconds": 5589.028721047565, "steps_this_session": 21440, "phase": "training", "gpu": "6"}
{"step": 21460, "total": 24000, "loss": 0.25682005286216736, "mixture_probability": 0.5, "actual_mixture": 0.5625, "gradient_norm": 2.9880919456481934, "pid": 1237361, "elapsed_this_session_seconds": 5596.075216857716, "steps_this_session": 21460, "phase": "training", "gpu": "6"}
{"step": 21480, "total": 24000, "loss": 0.29109469801187515, "mixture_probability": 0.5, "actual_mixture": 0.484375, "gradient_norm": 2.623305559158325, "pid": 1237361, "elapsed_this_session_seconds": 5603.149856770411, "steps_this_session": 21480, "phase": "training", "gpu": "6"}
{"step": 21500, "total": 24000, "loss": 0.18656480684876442, "mixture_probability": 0.5, "actual_mixture": 0.40625, "gradient_norm": 2.1986682415008545, "pid": 1237361, "elapsed_this_session_seconds": 5610.184019551612, "steps_this_session": 21500, "phase": "training", "gpu": "6"}
{"step": 21520, "total": 24000, "loss": 0.2579019255936146, "mixture_probability": 0.5, "actual_mixture": 0.5, "gradient_norm": 2.563322067260742, "pid": 1237361, "elapsed_this_session_seconds": 5617.896470315754, "steps_this_session": 21520, "phase": "training", "gpu": "6"}
{"step": 21540, "total": 24000, "loss": 0.2065226286649704, "mixture_probability": 0.5, "actual_mixture": 0.453125, "gradient_norm": 2.1921699047088623, "pid": 1237361, "elapsed_this_session_seconds": 5624.985174163245, "steps_this_session": 21540, "phase": "training", "gpu": "6"}
{"step": 21560, "total": 24000, "loss": 0.18995435908436775, "mixture_probability": 0.5, "actual_mixture": 0.453125, "gradient_norm": 2.2154970169067383, "pid": 1237361, "elapsed_this_session_seconds": 5632.093826104887, "steps_this_session": 21560, "phase": "training", "gpu": "6"}
{"step": 21580, "total": 24000, "loss": 0.21784115955233574, "mixture_probability": 0.5, "actual_mixture": 0.5, "gradient_norm": 2.352221965789795, "pid": 1237361, "elapsed_this_session_seconds": 5639.288876564242, "steps_this_session": 21580, "phase": "training", "gpu": "6"}
{"step": 21600, "total": 24000, "loss": 0.28889060392975807, "mixture_probability": 0.5, "actual_mixture": 0.46875, "gradient_norm": 3.06239914894104, "pid": 1237361, "elapsed_this_session_seconds": 5646.31342760101, "steps_this_session": 21600, "phase": "training", "gpu": "6"}
{"step": 21620, "total": 24000, "loss": 0.22402139008045197, "mixture_probability": 0.5, "actual_mixture": 0.578125, "gradient_norm": 2.2134740352630615, "pid": 1237361, "elapsed_this_session_seconds": 5653.335416837595, "steps_this_session": 21620, "phase": "training", "gpu": "6"}
{"step": 21640, "total": 24000, "loss": 0.2308160848915577, "mixture_probability": 0.5, "actual_mixture": 0.53125, "gradient_norm": 2.35109281539917, "pid": 1237361, "elapsed_this_session_seconds": 5660.471697302535, "steps_this_session": 21640, "phase": "training", "gpu": "6"}
{"step": 21660, "total": 24000, "loss": 0.2440331019461155, "mixture_probability": 0.5, "actual_mixture": 0.515625, "gradient_norm": 2.5540671348571777, "pid": 1237361, "elapsed_this_session_seconds": 5667.293957267888, "steps_this_session": 21660, "phase": "training", "gpu": "6"}
{"step": 21680, "total": 24000, "loss": 0.26538698375225067, "mixture_probability": 0.5, "actual_mixture": 0.4375, "gradient_norm": 2.8477094173431396, "pid": 1237361, "elapsed_this_session_seconds": 5674.3372907768935, "steps_this_session": 21680, "phase": "training", "gpu": "6"}
{"step": 21700, "total": 24000, "loss": 0.20571264624595642, "mixture_probability": 0.5, "actual_mixture": 0.4375, "gradient_norm": 2.1760404109954834, "pid": 1237361, "elapsed_this_session_seconds": 5681.462062916718, "steps_this_session": 21700, "phase": "training", "gpu": "6"}
{"step": 21720, "total": 24000, "loss": 0.2687801867723465, "mixture_probability": 0.5, "actual_mixture": 0.515625, "gradient_norm": 2.68686842918396, "pid": 1237361, "elapsed_this_session_seconds": 5688.326386963949, "steps_this_session": 21720, "phase": "training", "gpu": "6"}
{"step": 21740, "total": 24000, "loss": 0.36892931908369064, "mixture_probability": 0.5, "actual_mixture": 0.5625, "gradient_norm": 3.112372875213623, "pid": 1237361, "elapsed_this_session_seconds": 5695.298849025741, "steps_this_session": 21740, "phase": "training", "gpu": "6"}
{"step": 21760, "total": 24000, "loss": 0.1954219751060009, "mixture_probability": 0.5, "actual_mixture": 0.609375, "gradient_norm": 2.094444513320923, "pid": 1237361, "elapsed_this_session_seconds": 5702.189195130952, "steps_this_session": 21760, "phase": "training", "gpu": "6"}
{"step": 21780, "total": 24000, "loss": 0.44714902713894844, "mixture_probability": 0.5, "actual_mixture": 0.5625, "gradient_norm": 5.3649516105651855, "pid": 1237361, "elapsed_this_session_seconds": 5709.0428758198395, "steps_this_session": 21780, "phase": "training", "gpu": "6"}
{"step": 21800, "total": 24000, "loss": 0.24761022999882698, "mixture_probability": 0.5, "actual_mixture": 0.5, "gradient_norm": 2.7987496852874756, "pid": 1237361, "elapsed_this_session_seconds": 5715.9278368214145, "steps_this_session": 21800, "phase": "training", "gpu": "6"}
{"step": 21820, "total": 24000, "loss": 0.23062939569354057, "mixture_probability": 0.5, "actual_mixture": 0.53125, "gradient_norm": 2.723240613937378, "pid": 1237361, "elapsed_this_session_seconds": 5722.793965314515, "steps_this_session": 21820, "phase": "training", "gpu": "6"}
{"step": 21840, "total": 24000, "loss": 0.3994704931974411, "mixture_probability": 0.5, "actual_mixture": 0.46875, "gradient_norm": 3.8999388217926025, "pid": 1237361, "elapsed_this_session_seconds": 5729.600572701544, "steps_this_session": 21840, "phase": "training", "gpu": "6"}
{"step": 21860, "total": 24000, "loss": 0.2835227772593498, "mixture_probability": 0.5, "actual_mixture": 0.53125, "gradient_norm": 2.8923704624176025, "pid": 1237361, "elapsed_this_session_seconds": 5737.186682875268, "steps_this_session": 21860, "phase": "training", "gpu": "6"}
{"step": 21880, "total": 24000, "loss": 0.2940496504306793, "mixture_probability": 0.5, "actual_mixture": 0.546875, "gradient_norm": 2.6758956909179688, "pid": 1237361, "elapsed_this_session_seconds": 5744.400201734155, "steps_this_session": 21880, "phase": "training", "gpu": "6"}
{"step": 21900, "total": 24000, "loss": 0.18573013693094254, "mixture_probability": 0.5, "actual_mixture": 0.453125, "gradient_norm": 2.1403403282165527, "pid": 1237361, "elapsed_this_session_seconds": 5751.191120953299, "steps_this_session": 21900, "phase": "training", "gpu": "6"}
{"step": 21920, "total": 24000, "loss": 0.2620454169809818, "mixture_probability": 0.5, "actual_mixture": 0.53125, "gradient_norm": 2.274216413497925, "pid": 1237361, "elapsed_this_session_seconds": 5758.101838727482, "steps_this_session": 21920, "phase": "training", "gpu": "6"}
{"step": 21940, "total": 24000, "loss": 0.23200814425945282, "mixture_probability": 0.5, "actual_mixture": 0.546875, "gradient_norm": 2.309542417526245, "pid": 1237361, "elapsed_this_session_seconds": 5764.971460480243, "steps_this_session": 21940, "phase": "training", "gpu": "6"}
{"step": 21960, "total": 24000, "loss": 0.3129551373422146, "mixture_probability": 0.5, "actual_mixture": 0.5, "gradient_norm": 2.8318746089935303, "pid": 1237361, "elapsed_this_session_seconds": 5771.768932504579, "steps_this_session": 21960, "phase": "training", "gpu": "6"}
{"step": 21980, "total": 24000, "loss": 0.1496412418782711, "mixture_probability": 0.5, "actual_mixture": 0.5, "gradient_norm": 1.8503172397613525, "pid": 1237361, "elapsed_this_session_seconds": 5778.54772854317, "steps_this_session": 21980, "phase": "training", "gpu": "6"}
{"step": 22000, "total": 24000, "loss": 0.2323361225426197, "mixture_probability": 0.5, "actual_mixture": 0.453125, "gradient_norm": 2.317324161529541, "pid": 1237361, "elapsed_this_session_seconds": 5785.364454398863, "steps_this_session": 22000, "phase": "training", "gpu": "6"}
{"step": 22020, "total": 24000, "loss": 0.2764628641307354, "mixture_probability": 0.5, "actual_mixture": 0.5625, "gradient_norm": 2.649620771408081, "pid": 1237361, "elapsed_this_session_seconds": 5893.383194705471, "steps_this_session": 22020, "phase": "training", "gpu": "6"}
{"step": 22040, "total": 24000, "loss": 0.18872915767133236, "mixture_probability": 0.5, "actual_mixture": 0.515625, "gradient_norm": 1.9884663820266724, "pid": 1237361, "elapsed_this_session_seconds": 5900.419529339299, "steps_this_session": 22040, "phase": "training", "gpu": "6"}
{"step": 22060, "total": 24000, "loss": 0.22851410135626793, "mixture_probability": 0.5, "actual_mixture": 0.421875, "gradient_norm": 2.225100517272949, "pid": 1237361, "elapsed_this_session_seconds": 5907.688493148424, "steps_this_session": 22060, "phase": "training", "gpu": "6"}
{"step": 22080, "total": 24000, "loss": 0.25247031077742577, "mixture_probability": 0.5, "actual_mixture": 0.40625, "gradient_norm": 2.574920654296875, "pid": 1237361, "elapsed_this_session_seconds": 5914.804961503483, "steps_this_session": 22080, "phase": "training", "gpu": "6"}
{"step": 22100, "total": 24000, "loss": 0.3470414876937866, "mixture_probability": 0.5, "actual_mixture": 0.578125, "gradient_norm": 2.747205972671509, "pid": 1237361, "elapsed_this_session_seconds": 5921.8682699417695, "steps_this_session": 22100, "phase": "training", "gpu": "6"}
{"step": 22120, "total": 24000, "loss": 0.24781866371631622, "mixture_probability": 0.5, "actual_mixture": 0.40625, "gradient_norm": 2.4690399169921875, "pid": 1237361, "elapsed_this_session_seconds": 5929.147839852609, "steps_this_session": 22120, "phase": "training", "gpu": "6"}
{"step": 22140, "total": 24000, "loss": 0.30736785009503365, "mixture_probability": 0.5, "actual_mixture": 0.609375, "gradient_norm": 2.911081314086914, "pid": 1237361, "elapsed_this_session_seconds": 5936.236758543178, "steps_this_session": 22140, "phase": "training", "gpu": "6"}
{"step": 22160, "total": 24000, "loss": 0.23816707357764244, "mixture_probability": 0.5, "actual_mixture": 0.5625, "gradient_norm": 2.6269431114196777, "pid": 1237361, "elapsed_this_session_seconds": 5943.345508870669, "steps_this_session": 22160, "phase": "training", "gpu": "6"}
{"step": 22180, "total": 24000, "loss": 0.3701733723282814, "mixture_probability": 0.5, "actual_mixture": 0.53125, "gradient_norm": 2.9829752445220947, "pid": 1237361, "elapsed_this_session_seconds": 5950.392199933529, "steps_this_session": 22180, "phase": "training", "gpu": "6"}
{"step": 22200, "total": 24000, "loss": 0.22376833856105804, "mixture_probability": 0.5, "actual_mixture": 0.484375, "gradient_norm": 2.2759933471679688, "pid": 1237361, "elapsed_this_session_seconds": 5957.4052250934765, "steps_this_session": 22200, "phase": "training", "gpu": "6"}
{"step": 22220, "total": 24000, "loss": 0.24371156468987465, "mixture_probability": 0.5, "actual_mixture": 0.40625, "gradient_norm": 2.4767158031463623, "pid": 1237361, "elapsed_this_session_seconds": 5964.493128344417, "steps_this_session": 22220, "phase": "training", "gpu": "6"}
{"step": 22240, "total": 24000, "loss": 0.2696336656808853, "mixture_probability": 0.5, "actual_mixture": 0.484375, "gradient_norm": 2.7426156997680664, "pid": 1237361, "elapsed_this_session_seconds": 5972.020444636233, "steps_this_session": 22240, "phase": "training", "gpu": "6"}
{"step": 22260, "total": 24000, "loss": 0.18689926341176033, "mixture_probability": 0.5, "actual_mixture": 0.453125, "gradient_norm": 2.201385498046875, "pid": 1237361, "elapsed_this_session_seconds": 5979.096588391811, "steps_this_session": 22260, "phase": "training", "gpu": "6"}
{"step": 22280, "total": 24000, "loss": 0.155440803617239, "mixture_probability": 0.5, "actual_mixture": 0.4375, "gradient_norm": 2.0338926315307617, "pid": 1237361, "elapsed_this_session_seconds": 5986.11060074158, "steps_this_session": 22280, "phase": "training", "gpu": "6"}
{"step": 22300, "total": 24000, "loss": 0.19557937234640121, "mixture_probability": 0.5, "actual_mixture": 0.4375, "gradient_norm": 1.967214822769165, "pid": 1237361, "elapsed_this_session_seconds": 5993.3439674042165, "steps_this_session": 22300, "phase": "training", "gpu": "6"}
{"step": 22320, "total": 24000, "loss": 0.23144809156656265, "mixture_probability": 0.5, "actual_mixture": 0.421875, "gradient_norm": 2.4321446418762207, "pid": 1237361, "elapsed_this_session_seconds": 6000.374392393045, "steps_this_session": 22320, "phase": "training", "gpu": "6"}
{"step": 22340, "total": 24000, "loss": 0.28204089030623436, "mixture_probability": 0.5, "actual_mixture": 0.5, "gradient_norm": 2.852501630783081, "pid": 1237361, "elapsed_this_session_seconds": 6007.410095825791, "steps_this_session": 22340, "phase": "training", "gpu": "6"}
{"step": 22360, "total": 24000, "loss": 0.24224723875522614, "mixture_probability": 0.5, "actual_mixture": 0.53125, "gradient_norm": 2.712451219558716, "pid": 1237361, "elapsed_this_session_seconds": 6014.505809165537, "steps_this_session": 22360, "phase": "training", "gpu": "6"}
{"step": 22380, "total": 24000, "loss": 0.288632407784462, "mixture_probability": 0.5, "actual_mixture": 0.546875, "gradient_norm": 2.8110437393188477, "pid": 1237361, "elapsed_this_session_seconds": 6021.544866441749, "steps_this_session": 22380, "phase": "training", "gpu": "6"}
{"step": 22400, "total": 24000, "loss": 0.26512008532881737, "mixture_probability": 0.5, "actual_mixture": 0.484375, "gradient_norm": 2.9559779167175293, "pid": 1237361, "elapsed_this_session_seconds": 6029.48183603771, "steps_this_session": 22400, "phase": "training", "gpu": "6"}
{"step": 22420, "total": 24000, "loss": 0.244686558842659, "mixture_probability": 0.5, "actual_mixture": 0.484375, "gradient_norm": 2.4410290718078613, "pid": 1237361, "elapsed_this_session_seconds": 6036.559228885919, "steps_this_session": 22420, "phase": "training", "gpu": "6"}
{"step": 22440, "total": 24000, "loss": 0.24701913818717003, "mixture_probability": 0.5, "actual_mixture": 0.46875, "gradient_norm": 2.6803908348083496, "pid": 1237361, "elapsed_this_session_seconds": 6043.640100324526, "steps_this_session": 22440, "phase": "training", "gpu": "6"}
{"step": 22460, "total": 24000, "loss": 0.2729128450155258, "mixture_probability": 0.5, "actual_mixture": 0.53125, "gradient_norm": 2.3221452236175537, "pid": 1237361, "elapsed_this_session_seconds": 6050.930939353071, "steps_this_session": 22460, "phase": "training", "gpu": "6"}
{"step": 22480, "total": 24000, "loss": 0.17695444263517857, "mixture_probability": 0.5, "actual_mixture": 0.546875, "gradient_norm": 1.7836488485336304, "pid": 1237361, "elapsed_this_session_seconds": 6057.9625068139285, "steps_this_session": 22480, "phase": "training", "gpu": "6"}
{"step": 22500, "total": 24000, "loss": 0.3379039838910103, "mixture_probability": 0.5, "actual_mixture": 0.4375, "gradient_norm": 2.5422110557556152, "pid": 1237361, "elapsed_this_session_seconds": 6065.043430426158, "steps_this_session": 22500, "phase": "training", "gpu": "6"}
{"step": 22520, "total": 24000, "loss": 0.27123570442199707, "mixture_probability": 0.5, "actual_mixture": 0.46875, "gradient_norm": 2.636223793029785, "pid": 1237361, "elapsed_this_session_seconds": 6072.138542704284, "steps_this_session": 22520, "phase": "training", "gpu": "6"}
{"step": 22540, "total": 24000, "loss": 0.2227228842675686, "mixture_probability": 0.5, "actual_mixture": 0.546875, "gradient_norm": 2.4026458263397217, "pid": 1237361, "elapsed_this_session_seconds": 6079.383197283372, "steps_this_session": 22540, "phase": "training", "gpu": "6"}
{"step": 22560, "total": 24000, "loss": 0.21818605810403824, "mixture_probability": 0.5, "actual_mixture": 0.4375, "gradient_norm": 2.480656862258911, "pid": 1237361, "elapsed_this_session_seconds": 6086.407048601657, "steps_this_session": 22560, "phase": "training", "gpu": "6"}
{"step": 22580, "total": 24000, "loss": 0.2681575082242489, "mixture_probability": 0.5, "actual_mixture": 0.5625, "gradient_norm": 2.5677406787872314, "pid": 1237361, "elapsed_this_session_seconds": 6094.018801011145, "steps_this_session": 22580, "phase": "training", "gpu": "6"}
{"step": 22600, "total": 24000, "loss": 0.25836294516921043, "mixture_probability": 0.5, "actual_mixture": 0.390625, "gradient_norm": 2.5973033905029297, "pid": 1237361, "elapsed_this_session_seconds": 6101.038953710347, "steps_this_session": 22600, "phase": "training", "gpu": "6"}
{"step": 22620, "total": 24000, "loss": 0.20023582503199577, "mixture_probability": 0.5, "actual_mixture": 0.40625, "gradient_norm": 2.529026508331299, "pid": 1237361, "elapsed_this_session_seconds": 6108.079346041195, "steps_this_session": 22620, "phase": "training", "gpu": "6"}
{"step": 22640, "total": 24000, "loss": 0.3192083165049553, "mixture_probability": 0.5, "actual_mixture": 0.609375, "gradient_norm": 3.157949447631836, "pid": 1237361, "elapsed_this_session_seconds": 6115.342767732218, "steps_this_session": 22640, "phase": "training", "gpu": "6"}
{"step": 22660, "total": 24000, "loss": 0.24137333780527115, "mixture_probability": 0.5, "actual_mixture": 0.421875, "gradient_norm": 2.56033992767334, "pid": 1237361, "elapsed_this_session_seconds": 6122.354712957516, "steps_this_session": 22660, "phase": "training", "gpu": "6"}
{"step": 22680, "total": 24000, "loss": 0.1651101727038622, "mixture_probability": 0.5, "actual_mixture": 0.375, "gradient_norm": 1.9273804426193237, "pid": 1237361, "elapsed_this_session_seconds": 6129.433701545, "steps_this_session": 22680, "phase": "training", "gpu": "6"}
{"step": 22700, "total": 24000, "loss": 0.3395612984895706, "mixture_probability": 0.5, "actual_mixture": 0.484375, "gradient_norm": 3.173469305038452, "pid": 1237361, "elapsed_this_session_seconds": 6136.471837959252, "steps_this_session": 22700, "phase": "training", "gpu": "6"}
{"step": 22720, "total": 24000, "loss": 0.21857406198978424, "mixture_probability": 0.5, "actual_mixture": 0.609375, "gradient_norm": 2.2045764923095703, "pid": 1237361, "elapsed_this_session_seconds": 6143.543421191163, "steps_this_session": 22720, "phase": "training", "gpu": "6"}
{"step": 22740, "total": 24000, "loss": 0.2314573936164379, "mixture_probability": 0.5, "actual_mixture": 0.515625, "gradient_norm": 2.183245897293091, "pid": 1237361, "elapsed_this_session_seconds": 6151.213982347399, "steps_this_session": 22740, "phase": "training", "gpu": "6"}
{"step": 22760, "total": 24000, "loss": 0.2851428873836994, "mixture_probability": 0.5, "actual_mixture": 0.453125, "gradient_norm": 3.3020405769348145, "pid": 1237361, "elapsed_this_session_seconds": 6158.551271844655, "steps_this_session": 22760, "phase": "training", "gpu": "6"}
{"step": 22780, "total": 24000, "loss": 0.30830076709389687, "mixture_probability": 0.5, "actual_mixture": 0.625, "gradient_norm": 2.656964063644409, "pid": 1237361, "elapsed_this_session_seconds": 6165.631419545971, "steps_this_session": 22780, "phase": "training", "gpu": "6"}
{"step": 22800, "total": 24000, "loss": 0.2632179334759712, "mixture_probability": 0.5, "actual_mixture": 0.5625, "gradient_norm": 2.951500415802002, "pid": 1237361, "elapsed_this_session_seconds": 6172.914612131193, "steps_this_session": 22800, "phase": "training", "gpu": "6"}
{"step": 22820, "total": 24000, "loss": 0.32457875460386276, "mixture_probability": 0.5, "actual_mixture": 0.546875, "gradient_norm": 2.8906126022338867, "pid": 1237361, "elapsed_this_session_seconds": 6180.159254861064, "steps_this_session": 22820, "phase": "training", "gpu": "6"}
{"step": 22840, "total": 24000, "loss": 0.18782547488808632, "mixture_probability": 0.5, "actual_mixture": 0.46875, "gradient_norm": 2.0217626094818115, "pid": 1237361, "elapsed_this_session_seconds": 6187.317213456146, "steps_this_session": 22840, "phase": "training", "gpu": "6"}
{"step": 22860, "total": 24000, "loss": 0.29683179035782814, "mixture_probability": 0.5, "actual_mixture": 0.484375, "gradient_norm": 3.2165110111236572, "pid": 1237361, "elapsed_this_session_seconds": 6194.417323868722, "steps_this_session": 22860, "phase": "training", "gpu": "6"}
{"step": 22880, "total": 24000, "loss": 0.2373538464307785, "mixture_probability": 0.5, "actual_mixture": 0.40625, "gradient_norm": 2.286579132080078, "pid": 1237361, "elapsed_this_session_seconds": 6201.582795104012, "steps_this_session": 22880, "phase": "training", "gpu": "6"}
{"step": 22900, "total": 24000, "loss": 0.24076849594712257, "mixture_probability": 0.5, "actual_mixture": 0.5625, "gradient_norm": 2.2869644165039062, "pid": 1237361, "elapsed_this_session_seconds": 6208.694103576243, "steps_this_session": 22900, "phase": "training", "gpu": "6"}
{"step": 22920, "total": 24000, "loss": 0.31048036366701126, "mixture_probability": 0.5, "actual_mixture": 0.578125, "gradient_norm": 3.082380533218384, "pid": 1237361, "elapsed_this_session_seconds": 6216.853380874731, "steps_this_session": 22920, "phase": "training", "gpu": "6"}
{"step": 22940, "total": 24000, "loss": 0.2598004788160324, "mixture_probability": 0.5, "actual_mixture": 0.5625, "gradient_norm": 2.478165864944458, "pid": 1237361, "elapsed_this_session_seconds": 6223.961412960663, "steps_this_session": 22940, "phase": "training", "gpu": "6"}
{"step": 22960, "total": 24000, "loss": 0.33691131323575974, "mixture_probability": 0.5, "actual_mixture": 0.515625, "gradient_norm": 3.2002077102661133, "pid": 1237361, "elapsed_this_session_seconds": 6231.13913068641, "steps_this_session": 22960, "phase": "training", "gpu": "6"}
{"step": 22980, "total": 24000, "loss": 0.17444461956620216, "mixture_probability": 0.5, "actual_mixture": 0.421875, "gradient_norm": 1.827241063117981, "pid": 1237361, "elapsed_this_session_seconds": 6238.568973924033, "steps_this_session": 22980, "phase": "training", "gpu": "6"}
{"step": 23000, "total": 24000, "loss": 0.23405268788337708, "mixture_probability": 0.5, "actual_mixture": 0.625, "gradient_norm": 2.1596248149871826, "pid": 1237361, "elapsed_this_session_seconds": 6245.532269064337, "steps_this_session": 23000, "phase": "training", "gpu": "6"}
{"step": 23020, "total": 24000, "loss": 0.27789659425616264, "mixture_probability": 0.5, "actual_mixture": 0.5, "gradient_norm": 2.6756045818328857, "pid": 1237361, "elapsed_this_session_seconds": 6252.282766982913, "steps_this_session": 23020, "phase": "training", "gpu": "6"}
{"step": 23040, "total": 24000, "loss": 0.23877673968672752, "mixture_probability": 0.5, "actual_mixture": 0.5, "gradient_norm": 2.5877182483673096, "pid": 1237361, "elapsed_this_session_seconds": 6259.253283325583, "steps_this_session": 23040, "phase": "training", "gpu": "6"}
{"step": 23060, "total": 24000, "loss": 0.20560340583324432, "mixture_probability": 0.5, "actual_mixture": 0.40625, "gradient_norm": 2.533574104309082, "pid": 1237361, "elapsed_this_session_seconds": 6266.052071877755, "steps_this_session": 23060, "phase": "training", "gpu": "6"}
{"step": 23080, "total": 24000, "loss": 0.30742087960243225, "mixture_probability": 0.5, "actual_mixture": 0.578125, "gradient_norm": 3.0960254669189453, "pid": 1237361, "elapsed_this_session_seconds": 6272.788726365194, "steps_this_session": 23080, "phase": "training", "gpu": "6"}
{"step": 23100, "total": 24000, "loss": 0.19539951160550117, "mixture_probability": 0.5, "actual_mixture": 0.53125, "gradient_norm": 2.046394109725952, "pid": 1237361, "elapsed_this_session_seconds": 6279.48773645144, "steps_this_session": 23100, "phase": "training", "gpu": "6"}
{"step": 23120, "total": 24000, "loss": 0.30825350061059, "mixture_probability": 0.5, "actual_mixture": 0.453125, "gradient_norm": 3.096902370452881, "pid": 1237361, "elapsed_this_session_seconds": 6286.178738443181, "steps_this_session": 23120, "phase": "training", "gpu": "6"}
{"step": 23140, "total": 24000, "loss": 0.17858866602182388, "mixture_probability": 0.5, "actual_mixture": 0.40625, "gradient_norm": 2.179647922515869, "pid": 1237361, "elapsed_this_session_seconds": 6292.876517560333, "steps_this_session": 23140, "phase": "training", "gpu": "6"}
{"step": 23160, "total": 24000, "loss": 0.23263835906982422, "mixture_probability": 0.5, "actual_mixture": 0.609375, "gradient_norm": 2.4103920459747314, "pid": 1237361, "elapsed_this_session_seconds": 6300.792845943943, "steps_this_session": 23160, "phase": "training", "gpu": "6"}
{"step": 23180, "total": 24000, "loss": 0.22370971366763115, "mixture_probability": 0.5, "actual_mixture": 0.46875, "gradient_norm": 2.2383153438568115, "pid": 1237361, "elapsed_this_session_seconds": 6307.704145856202, "steps_this_session": 23180, "phase": "training", "gpu": "6"}
{"step": 23200, "total": 24000, "loss": 0.3084135241806507, "mixture_probability": 0.5, "actual_mixture": 0.546875, "gradient_norm": 2.666625738143921, "pid": 1237361, "elapsed_this_session_seconds": 6314.556084506214, "steps_this_session": 23200, "phase": "training", "gpu": "6"}
{"step": 23220, "total": 24000, "loss": 0.23551123589277267, "mixture_probability": 0.5, "actual_mixture": 0.46875, "gradient_norm": 2.3761422634124756, "pid": 1237361, "elapsed_this_session_seconds": 6321.642912690528, "steps_this_session": 23220, "phase": "training", "gpu": "6"}
{"step": 23240, "total": 24000, "loss": 0.21756348758935928, "mixture_probability": 0.5, "actual_mixture": 0.4375, "gradient_norm": 2.4603898525238037, "pid": 1237361, "elapsed_this_session_seconds": 6328.366747434251, "steps_this_session": 23240, "phase": "training", "gpu": "6"}
{"step": 23260, "total": 24000, "loss": 0.2990259490907192, "mixture_probability": 0.5, "actual_mixture": 0.625, "gradient_norm": 2.8376073837280273, "pid": 1237361, "elapsed_this_session_seconds": 6335.161271251738, "steps_this_session": 23260, "phase": "training", "gpu": "6"}
{"step": 23280, "total": 24000, "loss": 0.2312135361135006, "mixture_probability": 0.5, "actual_mixture": 0.484375, "gradient_norm": 2.356921434402466, "pid": 1237361, "elapsed_this_session_seconds": 6342.032522123307, "steps_this_session": 23280, "phase": "training", "gpu": "6"}
{"step": 23300, "total": 24000, "loss": 0.24316613003611565, "mixture_probability": 0.5, "actual_mixture": 0.46875, "gradient_norm": 2.1914045810699463, "pid": 1237361, "elapsed_this_session_seconds": 6348.865798301995, "steps_this_session": 23300, "phase": "training", "gpu": "6"}
{"step": 23320, "total": 24000, "loss": 0.17045001313090324, "mixture_probability": 0.5, "actual_mixture": 0.421875, "gradient_norm": 1.8237520456314087, "pid": 1237361, "elapsed_this_session_seconds": 6355.74730181694, "steps_this_session": 23320, "phase": "training", "gpu": "6"}
{"step": 23340, "total": 24000, "loss": 0.22574760764837265, "mixture_probability": 0.5, "actual_mixture": 0.59375, "gradient_norm": 2.5651373863220215, "pid": 1237361, "elapsed_this_session_seconds": 6363.8729571495205, "steps_this_session": 23340, "phase": "training", "gpu": "6"}
{"step": 23360, "total": 24000, "loss": 0.2012484222650528, "mixture_probability": 0.5, "actual_mixture": 0.5625, "gradient_norm": 2.626229763031006, "pid": 1237361, "elapsed_this_session_seconds": 6370.669464501552, "steps_this_session": 23360, "phase": "training", "gpu": "6"}
{"step": 23380, "total": 24000, "loss": 0.394186332821846, "mixture_probability": 0.5, "actual_mixture": 0.453125, "gradient_norm": 3.2935824394226074, "pid": 1237361, "elapsed_this_session_seconds": 6377.796370849013, "steps_this_session": 23380, "phase": "training", "gpu": "6"}
{"step": 23400, "total": 24000, "loss": 0.24491427093744278, "mixture_probability": 0.5, "actual_mixture": 0.625, "gradient_norm": 2.65289306640625, "pid": 1237361, "elapsed_this_session_seconds": 6384.630986083299, "steps_this_session": 23400, "phase": "training", "gpu": "6"}
{"step": 23420, "total": 24000, "loss": 0.2851596362888813, "mixture_probability": 0.5, "actual_mixture": 0.546875, "gradient_norm": 2.980337142944336, "pid": 1237361, "elapsed_this_session_seconds": 6391.453667063266, "steps_this_session": 23420, "phase": "training", "gpu": "6"}
{"step": 23440, "total": 24000, "loss": 0.27464505657553673, "mixture_probability": 0.5, "actual_mixture": 0.5625, "gradient_norm": 2.8365702629089355, "pid": 1237361, "elapsed_this_session_seconds": 6398.481052020565, "steps_this_session": 23440, "phase": "training", "gpu": "6"}
{"step": 23460, "total": 24000, "loss": 0.3175123296678066, "mixture_probability": 0.5, "actual_mixture": 0.59375, "gradient_norm": 2.983416795730591, "pid": 1237361, "elapsed_this_session_seconds": 6407.306659178808, "steps_this_session": 23460, "phase": "training", "gpu": "6"}
{"step": 23480, "total": 24000, "loss": 0.20985260978341103, "mixture_probability": 0.5, "actual_mixture": 0.5, "gradient_norm": 2.421035051345825, "pid": 1237361, "elapsed_this_session_seconds": 6414.203226719052, "steps_this_session": 23480, "phase": "training", "gpu": "6"}
{"step": 23500, "total": 24000, "loss": 0.2866883873939514, "mixture_probability": 0.5, "actual_mixture": 0.484375, "gradient_norm": 2.5492374897003174, "pid": 1237361, "elapsed_this_session_seconds": 6421.021618177183, "steps_this_session": 23500, "phase": "training", "gpu": "6"}
{"step": 23520, "total": 24000, "loss": 0.25470514968037605, "mixture_probability": 0.5, "actual_mixture": 0.46875, "gradient_norm": 2.5889151096343994, "pid": 1237361, "elapsed_this_session_seconds": 6428.528264762834, "steps_this_session": 23520, "phase": "training", "gpu": "6"}
{"step": 23540, "total": 24000, "loss": 0.2637643665075302, "mixture_probability": 0.5, "actual_mixture": 0.5625, "gradient_norm": 2.7351365089416504, "pid": 1237361, "elapsed_this_session_seconds": 6435.685749439523, "steps_this_session": 23540, "phase": "training", "gpu": "6"}
{"step": 23560, "total": 24000, "loss": 0.28648635745048523, "mixture_probability": 0.5, "actual_mixture": 0.609375, "gradient_norm": 2.7938108444213867, "pid": 1237361, "elapsed_this_session_seconds": 6442.676572683267, "steps_this_session": 23560, "phase": "training", "gpu": "6"}
{"step": 23580, "total": 24000, "loss": 0.20402801036834717, "mixture_probability": 0.5, "actual_mixture": 0.5, "gradient_norm": 2.026477813720703, "pid": 1237361, "elapsed_this_session_seconds": 6450.310090638697, "steps_this_session": 23580, "phase": "training", "gpu": "6"}
{"step": 23600, "total": 24000, "loss": 0.21853315085172653, "mixture_probability": 0.5, "actual_mixture": 0.515625, "gradient_norm": 2.383176326751709, "pid": 1237361, "elapsed_this_session_seconds": 6457.169158389792, "steps_this_session": 23600, "phase": "training", "gpu": "6"}
{"step": 23620, "total": 24000, "loss": 0.15609994903206825, "mixture_probability": 0.5, "actual_mixture": 0.375, "gradient_norm": 1.7727726697921753, "pid": 1237361, "elapsed_this_session_seconds": 6464.083815592341, "steps_this_session": 23620, "phase": "training", "gpu": "6"}
{"step": 23640, "total": 24000, "loss": 0.31580349057912827, "mixture_probability": 0.5, "actual_mixture": 0.515625, "gradient_norm": 2.6644561290740967, "pid": 1237361, "elapsed_this_session_seconds": 6471.715897269547, "steps_this_session": 23640, "phase": "training", "gpu": "6"}
{"step": 23660, "total": 24000, "loss": 0.2022627331316471, "mixture_probability": 0.5, "actual_mixture": 0.453125, "gradient_norm": 2.2492873668670654, "pid": 1237361, "elapsed_this_session_seconds": 6479.041642026976, "steps_this_session": 23660, "phase": "training", "gpu": "6"}
{"step": 23680, "total": 24000, "loss": 0.28151461109519005, "mixture_probability": 0.5, "actual_mixture": 0.5, "gradient_norm": 3.1021313667297363, "pid": 1237361, "elapsed_this_session_seconds": 6486.019348684698, "steps_this_session": 23680, "phase": "training", "gpu": "6"}
{"step": 23700, "total": 24000, "loss": 0.30725812539458275, "mixture_probability": 0.5, "actual_mixture": 0.40625, "gradient_norm": 2.929077625274658, "pid": 1237361, "elapsed_this_session_seconds": 6493.837153808214, "steps_this_session": 23700, "phase": "training", "gpu": "6"}
{"step": 23720, "total": 24000, "loss": 0.29052696377038956, "mixture_probability": 0.5, "actual_mixture": 0.5625, "gradient_norm": 2.708639621734619, "pid": 1237361, "elapsed_this_session_seconds": 6500.835921737365, "steps_this_session": 23720, "phase": "training", "gpu": "6"}
{"step": 23740, "total": 24000, "loss": 0.2536260783672333, "mixture_probability": 0.5, "actual_mixture": 0.390625, "gradient_norm": 2.4203195571899414, "pid": 1237361, "elapsed_this_session_seconds": 6507.723661935888, "steps_this_session": 23740, "phase": "training", "gpu": "6"}
{"step": 23760, "total": 24000, "loss": 0.16483176313340664, "mixture_probability": 0.5, "actual_mixture": 0.40625, "gradient_norm": 2.299771785736084, "pid": 1237361, "elapsed_this_session_seconds": 6515.039103716612, "steps_this_session": 23760, "phase": "training", "gpu": "6"}
{"step": 23780, "total": 24000, "loss": 0.22992345690727234, "mixture_probability": 0.5, "actual_mixture": 0.484375, "gradient_norm": 2.3046875, "pid": 1237361, "elapsed_this_session_seconds": 6522.376612179913, "steps_this_session": 23780, "phase": "training", "gpu": "6"}
{"step": 23800, "total": 24000, "loss": 0.2301923744380474, "mixture_probability": 0.5, "actual_mixture": 0.453125, "gradient_norm": 2.577240467071533, "pid": 1237361, "elapsed_this_session_seconds": 6529.153275094926, "steps_this_session": 23800, "phase": "training", "gpu": "6"}
{"step": 23820, "total": 24000, "loss": 0.22086698561906815, "mixture_probability": 0.5, "actual_mixture": 0.5, "gradient_norm": 2.5923449993133545, "pid": 1237361, "elapsed_this_session_seconds": 6536.737459909171, "steps_this_session": 23820, "phase": "training", "gpu": "6"}
{"step": 23840, "total": 24000, "loss": 0.22920570150017738, "mixture_probability": 0.5, "actual_mixture": 0.5625, "gradient_norm": 2.6797823905944824, "pid": 1237361, "elapsed_this_session_seconds": 6543.45743303746, "steps_this_session": 23840, "phase": "training", "gpu": "6"}
{"step": 23860, "total": 24000, "loss": 0.2629060558974743, "mixture_probability": 0.5, "actual_mixture": 0.5625, "gradient_norm": 2.5825958251953125, "pid": 1237361, "elapsed_this_session_seconds": 6550.12080435548, "steps_this_session": 23860, "phase": "training", "gpu": "6"}
{"step": 23880, "total": 24000, "loss": 0.21783750131726265, "mixture_probability": 0.5, "actual_mixture": 0.515625, "gradient_norm": 2.0560877323150635, "pid": 1237361, "elapsed_this_session_seconds": 6557.049084969796, "steps_this_session": 23880, "phase": "training", "gpu": "6"}
{"step": 23900, "total": 24000, "loss": 0.17124898731708527, "mixture_probability": 0.5, "actual_mixture": 0.4375, "gradient_norm": 2.1329567432403564, "pid": 1237361, "elapsed_this_session_seconds": 6565.220983826555, "steps_this_session": 23900, "phase": "training", "gpu": "6"}
{"step": 23920, "total": 24000, "loss": 0.21565787121653557, "mixture_probability": 0.5, "actual_mixture": 0.484375, "gradient_norm": 2.5272891521453857, "pid": 1237361, "elapsed_this_session_seconds": 6572.029525700025, "steps_this_session": 23920, "phase": "training", "gpu": "6"}
{"step": 23940, "total": 24000, "loss": 0.3949444741010666, "mixture_probability": 0.5, "actual_mixture": 0.515625, "gradient_norm": 3.7137563228607178, "pid": 1237361, "elapsed_this_session_seconds": 6580.509224471636, "steps_this_session": 23940, "phase": "training", "gpu": "6"}
{"step": 23960, "total": 24000, "loss": 0.3251413032412529, "mixture_probability": 0.5, "actual_mixture": 0.5, "gradient_norm": 3.2459611892700195, "pid": 1237361, "elapsed_this_session_seconds": 6587.157407016493, "steps_this_session": 23960, "phase": "training", "gpu": "6"}
{"step": 23980, "total": 24000, "loss": 0.28326741978526115, "mixture_probability": 0.5, "actual_mixture": 0.5, "gradient_norm": 2.650416612625122, "pid": 1237361, "elapsed_this_session_seconds": 6593.798010007478, "steps_this_session": 23980, "phase": "training", "gpu": "6"}
{"step": 24000, "total": 24000, "loss": 0.1872095838189125, "mixture_probability": 0.5, "actual_mixture": 0.421875, "gradient_norm": 2.341569423675537, "pid": 1237361, "elapsed_this_session_seconds": 6601.198092833161, "steps_this_session": 24000, "phase": "training", "gpu": "6"}
