path,category,bytes,reason
.git/FETCH_HEAD,local_git,297,"intermediate, redundant shard, synthetic diagnostic or local-only file"
.git/HEAD,local_git,28,"intermediate, redundant shard, synthetic diagnostic or local-only file"
.git/ORIG_HEAD,local_git,41,"intermediate, redundant shard, synthetic diagnostic or local-only file"
.git/config,local_git,295,"intermediate, redundant shard, synthetic diagnostic or local-only file"
.git/description,local_git,73,"intermediate, redundant shard, synthetic diagnostic or local-only file"
.git/hooks/applypatch-msg.sample,local_git,478,"intermediate, redundant shard, synthetic diagnostic or local-only file"
.git/hooks/commit-msg.sample,local_git,896,"intermediate, redundant shard, synthetic diagnostic or local-only file"
.git/hooks/fsmonitor-watchman.sample,local_git,4655,"intermediate, redundant shard, synthetic diagnostic or local-only file"
.git/hooks/post-update.sample,local_git,189,"intermediate, redundant shard, synthetic diagnostic or local-only file"
.git/hooks/pre-applypatch.sample,local_git,424,"intermediate, redundant shard, synthetic diagnostic or local-only file"
.git/hooks/pre-commit.sample,local_git,1643,"intermediate, redundant shard, synthetic diagnostic or local-only file"
.git/hooks/pre-merge-commit.sample,local_git,416,"intermediate, redundant shard, synthetic diagnostic or local-only file"
.git/hooks/pre-push.sample,local_git,1374,"intermediate, redundant shard, synthetic diagnostic or local-only file"
.git/hooks/pre-rebase.sample,local_git,4898,"intermediate, redundant shard, synthetic diagnostic or local-only file"
.git/hooks/pre-receive.sample,local_git,544,"intermediate, redundant shard, synthetic diagnostic or local-only file"
.git/hooks/prepare-commit-msg.sample,local_git,1492,"intermediate, redundant shard, synthetic diagnostic or local-only file"
.git/hooks/push-to-checkout.sample,local_git,2783,"intermediate, redundant shard, synthetic diagnostic or local-only file"
.git/hooks/update.sample,local_git,3650,"intermediate, redundant shard, synthetic diagnostic or local-only file"
.git/index,local_git,22534,"intermediate, redundant shard, synthetic diagnostic or local-only file"
.git/info/exclude,local_git,240,"intermediate, redundant shard, synthetic diagnostic or local-only file"
.git/logs/HEAD,local_git,376,"intermediate, redundant shard, synthetic diagnostic or local-only file"
.git/logs/refs/heads/e7-codebase,local_git,376,"intermediate, redundant shard, synthetic diagnostic or local-only file"
.git/logs/refs/remotes/origin/e7-codebase,local_git,205,"intermediate, redundant shard, synthetic diagnostic or local-only file"
.git/logs/refs/remotes/origin/main,local_git,233,"intermediate, redundant shard, synthetic diagnostic or local-only file"
.git/logs/refs/remotes/origin/myonly,local_git,233,"intermediate, redundant shard, synthetic diagnostic or local-only file"
.git/logs/refs/remotes/origin/pr-4-issue3-fixes,local_git,218,"intermediate, redundant shard, synthetic diagnostic or local-only file"
.git/logs/refs/remotes/origin/pr-5-sync-data-pipeline,local_git,224,"intermediate, redundant shard, synthetic diagnostic or local-only file"
.git/objects/03/67de2cfc40f3fc2fcd25f76c2ea252c2bbab1a,local_git,29816,"intermediate, redundant shard, synthetic diagnostic or local-only file"
.git/objects/04/003a14c8f0c39921b5366f685b1ee0ea3ef9b1,local_git,904,"intermediate, redundant shard, synthetic diagnostic or local-only file"
.git/objects/04/dbca0591ef5f082d279a91d49e5adcabccf7ad,local_git,4344,"intermediate, redundant shard, synthetic diagnostic or local-only file"
.git/objects/0f/8feb9dde606bb9af0048a47cfaa156f518ef0e,local_git,4190,"intermediate, redundant shard, synthetic diagnostic or local-only file"
.git/objects/14/ada92c36baa286c043dd34a90c1d1dff68434a,local_git,3089,"intermediate, redundant shard, synthetic diagnostic or local-only file"
.git/objects/15/db9fa203d65edd4c401eb7bf33ef89bb342132,local_git,2859,"intermediate, redundant shard, synthetic diagnostic or local-only file"
.git/objects/16/0c236711794abfe6ee1e3aceae1d91db97b913,local_git,665,"intermediate, redundant shard, synthetic diagnostic or local-only file"
.git/objects/1a/3b4499aae5b18c9dc64daaa41ecd9b762ca021,local_git,198,"intermediate, redundant shard, synthetic diagnostic or local-only file"
.git/objects/1d/34b7ad1b76ea7fbbaecf2fa1f163110766055e,local_git,336,"intermediate, redundant shard, synthetic diagnostic or local-only file"
.git/objects/21/aa6fb3c0876d3d99226218a8085f4ca4d05742,local_git,701,"intermediate, redundant shard, synthetic diagnostic or local-only file"
.git/objects/22/0663cf3eefc409494f883aae82895fb804c5f6,local_git,1018,"intermediate, redundant shard, synthetic diagnostic or local-only file"
.git/objects/24/5939edf82cabf77eae9bf2e385d83111ebf600,local_git,780,"intermediate, redundant shard, synthetic diagnostic or local-only file"
.git/objects/25/2d7c8c7c5ad60fd958830672c55862faba5de1,local_git,4675,"intermediate, redundant shard, synthetic diagnostic or local-only file"
.git/objects/28/5e27cbb6e13240c740c912b27fa7a5b9912716,local_git,26863,"intermediate, redundant shard, synthetic diagnostic or local-only file"
.git/objects/2e/4413c9f2bd0e33dbf6c3f0aa3e82f1c50a6f14,local_git,6038,"intermediate, redundant shard, synthetic diagnostic or local-only file"
.git/objects/34/ff43f041ec1f13116e7f68f834a694e5e64cad,local_git,1064,"intermediate, redundant shard, synthetic diagnostic or local-only file"
.git/objects/3d/2086ff5a78c0d51d466bc51d9da63aebf6b210,local_git,1427,"intermediate, redundant shard, synthetic diagnostic or local-only file"
.git/objects/42/de0655b6d8a73aca1a0f35be442d8903b050a3,local_git,631,"intermediate, redundant shard, synthetic diagnostic or local-only file"
.git/objects/43/306ce22a270668aecb7f213c7eb8b1af4a2428,local_git,4305,"intermediate, redundant shard, synthetic diagnostic or local-only file"
.git/objects/45/c398c54745aa51f4377dcdf0cf91685574f8d1,local_git,1476,"intermediate, redundant shard, synthetic diagnostic or local-only file"
.git/objects/48/8ae2dcfe6eb14e673d12b0c387e34df5a273bf,local_git,1730,"intermediate, redundant shard, synthetic diagnostic or local-only file"
.git/objects/4a/30f2daf2adc802d9a234c7aee89a0b1969d0e1,local_git,643,"intermediate, redundant shard, synthetic diagnostic or local-only file"
.git/objects/4b/e78ac79d67fc0549d7008a5730c2ca3489165b,local_git,1855,"intermediate, redundant shard, synthetic diagnostic or local-only file"
.git/objects/4d/3efc496d0d8e7fae6f87237ef4fd61db04754a,local_git,43063,"intermediate, redundant shard, synthetic diagnostic or local-only file"
.git/objects/4e/887eb60539c9b737639ac9ee217474fcb6938b,local_git,690,"intermediate, redundant shard, synthetic diagnostic or local-only file"
.git/objects/53/377a23611a414effd63093496fde1982170757,local_git,141,"intermediate, redundant shard, synthetic diagnostic or local-only file"
.git/objects/53/407744f0ee5470fe423174db127062558e9d5c,local_git,185,"intermediate, redundant shard, synthetic diagnostic or local-only file"
.git/objects/56/9b0f29fd7c3d567a2e319f1699800750fa8efa,local_git,1294,"intermediate, redundant shard, synthetic diagnostic or local-only file"
.git/objects/5b/31d745662db3c44d0dfcee521c1f6d5ad81450,local_git,228,"intermediate, redundant shard, synthetic diagnostic or local-only file"
.git/objects/5b/61607790774907813cffe8b418c89f06b50174,local_git,319,"intermediate, redundant shard, synthetic diagnostic or local-only file"
.git/objects/5c/2894a1ecd9964f9b986abad36a46658813c4c5,local_git,253,"intermediate, redundant shard, synthetic diagnostic or local-only file"
.git/objects/5d/8bfcba978ba4278746a6871dbd64ebc93cb18f,local_git,248,"intermediate, redundant shard, synthetic diagnostic or local-only file"
.git/objects/5e/23fbaf91ffba312cc1101d093e99c6ebb17a46,local_git,1070,"intermediate, redundant shard, synthetic diagnostic or local-only file"
.git/objects/61/2430305de9a7ba6ad20814f536cd7ee3a55481,local_git,82,"intermediate, redundant shard, synthetic diagnostic or local-only file"
.git/objects/63/855c4ea7db900690f557c13f1c0928aca2ab69,local_git,224,"intermediate, redundant shard, synthetic diagnostic or local-only file"
.git/objects/66/170be6e69b905cb00d8892f8738b9935b5a56b,local_git,1456,"intermediate, redundant shard, synthetic diagnostic or local-only file"
.git/objects/67/1974ca2efa9270ee0720f642b1599a72b78217,local_git,208,"intermediate, redundant shard, synthetic diagnostic or local-only file"
.git/objects/68/c3f328a24d513dd3dff16e352d2d0b4d7af4c7,local_git,1406,"intermediate, redundant shard, synthetic diagnostic or local-only file"
.git/objects/6a/9ccc8d5511f8e485602492f0f9c57d49b3f334,local_git,6572,"intermediate, redundant shard, synthetic diagnostic or local-only file"
.git/objects/6c/20c837ee6f5757bc90dfb6219152f6144f4f8d,local_git,932,"intermediate, redundant shard, synthetic diagnostic or local-only file"
.git/objects/74/dc02b5fa5828c41c2c072234c114135727869f,local_git,3147,"intermediate, redundant shard, synthetic diagnostic or local-only file"
.git/objects/7c/b3fce42978dc1de7e25b88267b1c567905faa1,local_git,1926,"intermediate, redundant shard, synthetic diagnostic or local-only file"
.git/objects/82/87c458af6f1a6f49b8a83af2f8993a64cec26b,local_git,1816,"intermediate, redundant shard, synthetic diagnostic or local-only file"
.git/objects/8c/790fba89e90cb5ac89807fc530c90f9a749eac,local_git,3698,"intermediate, redundant shard, synthetic diagnostic or local-only file"
.git/objects/8c/e49cfa8bda359e11b76e1c2b067f5a33b7aab8,local_git,2321,"intermediate, redundant shard, synthetic diagnostic or local-only file"
.git/objects/8e/135ad20149b5e520f6c509c4c9668a1721436a,local_git,860,"intermediate, redundant shard, synthetic diagnostic or local-only file"
.git/objects/90/6c19a4e0dd844e5b11fb70a86c473f1e2eb3eb,local_git,1333,"intermediate, redundant shard, synthetic diagnostic or local-only file"
.git/objects/90/8a8440fb5aeac149f94780a9d7d4619afbebc1,local_git,1770,"intermediate, redundant shard, synthetic diagnostic or local-only file"
.git/objects/92/350f0fcd55dfae3faf9ef0210ef8291a4a26e9,local_git,1726,"intermediate, redundant shard, synthetic diagnostic or local-only file"
.git/objects/9d/fd73e91f66da5ed024d09f837bf176e3cd0072,local_git,103948,"intermediate, redundant shard, synthetic diagnostic or local-only file"
.git/objects/9e/101bc66adbb5b4b171993863c7395e8ac76c34,local_git,437,"intermediate, redundant shard, synthetic diagnostic or local-only file"
.git/objects/9e/15c10051fccc0310a88bdb7858fffb4cb1f79d,local_git,213,"intermediate, redundant shard, synthetic diagnostic or local-only file"
.git/objects/a0/2e1b94e7736386a11bd561aefe20c72c1217d5,local_git,6496,"intermediate, redundant shard, synthetic diagnostic or local-only file"
.git/objects/a5/82671fd9b6d5b006732ac13d61fa44cb89fcbd,local_git,29656,"intermediate, redundant shard, synthetic diagnostic or local-only file"
.git/objects/ad/27c7d258936f9001944341c60cded85073b1c8,local_git,811,"intermediate, redundant shard, synthetic diagnostic or local-only file"
.git/objects/af/a44bf80343ca342f232978445388baa4cb31f9,local_git,1253,"intermediate, redundant shard, synthetic diagnostic or local-only file"
.git/objects/b1/8c5c920024b244ba8922098c3fbb6b6b46e538,local_git,4652,"intermediate, redundant shard, synthetic diagnostic or local-only file"
.git/objects/b1/966f112a76323379ca5e8da2f61423047e1832,local_git,472,"intermediate, redundant shard, synthetic diagnostic or local-only file"
.git/objects/b5/ad2823699692da28e6a3a75375be2ad9f7d835,local_git,2422,"intermediate, redundant shard, synthetic diagnostic or local-only file"
.git/objects/b6/7562197788b9b8b1c2d635b46bf56dbb09fd79,local_git,3979,"intermediate, redundant shard, synthetic diagnostic or local-only file"
.git/objects/ba/002727890e127f87ff23ffa43f27e2ba219aa2,local_git,94,"intermediate, redundant shard, synthetic diagnostic or local-only file"
.git/objects/bf/270bfe04db8d6be4fea06a12f475247a4f95ac,local_git,549,"intermediate, redundant shard, synthetic diagnostic or local-only file"
.git/objects/bf/b50e6445e8c0eb323e425aa975a336acedc4e3,local_git,3454,"intermediate, redundant shard, synthetic diagnostic or local-only file"
.git/objects/c8/8c0102cd2fe1ae54f4165af2c50c2ebb57da16,local_git,844,"intermediate, redundant shard, synthetic diagnostic or local-only file"
.git/objects/c9/7f1644af5d080ebba8f49b405c32cfb17d432a,local_git,7389,"intermediate, redundant shard, synthetic diagnostic or local-only file"
.git/objects/cb/271cb35b9b0cf01cbddb5a314d55785181256a,local_git,7205,"intermediate, redundant shard, synthetic diagnostic or local-only file"
.git/objects/cf/fe8d9e59c6fc8fd5a0acc5407607ebd7e4aba1,local_git,5180,"intermediate, redundant shard, synthetic diagnostic or local-only file"
.git/objects/d1/d142cbdfbab306a134baf11316e25e39b79ef5,local_git,1852,"intermediate, redundant shard, synthetic diagnostic or local-only file"
.git/objects/d5/22189dd0ce739e9c4260523ac15f8c4bf20420,local_git,5378,"intermediate, redundant shard, synthetic diagnostic or local-only file"
.git/objects/d5/f2bf051b82a67b9cc326d5caceaf502ed9f677,local_git,4453,"intermediate, redundant shard, synthetic diagnostic or local-only file"
.git/objects/d8/ac5ed4c31460ed4e16f2a092d592523f224902,local_git,584,"intermediate, redundant shard, synthetic diagnostic or local-only file"
.git/objects/db/807d0cdc6313c42c0ebdc0d7b2e9d0c89eb05f,local_git,3169,"intermediate, redundant shard, synthetic diagnostic or local-only file"
.git/objects/dc/a309d49463fc74479cca02e44f88b533484275,local_git,2306,"intermediate, redundant shard, synthetic diagnostic or local-only file"
.git/objects/df/59f65eec3a2e8e8836dedd56ae7ba86c82c6ef,local_git,20200,"intermediate, redundant shard, synthetic diagnostic or local-only file"
.git/objects/e4/7abcdaff224b995ffafb6cee37844d1a668a40,local_git,907,"intermediate, redundant shard, synthetic diagnostic or local-only file"
.git/objects/e7/252c6b8a67f9ad5018fbc86ce472e873faa356,local_git,58253,"intermediate, redundant shard, synthetic diagnostic or local-only file"
.git/objects/e7/5b63445aa04af77672006375767031d29bd6f4,local_git,4286,"intermediate, redundant shard, synthetic diagnostic or local-only file"
.git/objects/e8/28621d7eabcd207b7abe9a89a6289df2376941,local_git,843,"intermediate, redundant shard, synthetic diagnostic or local-only file"
.git/objects/ec/fbbd2ec797221454ddebb347976034930eea92,local_git,1497,"intermediate, redundant shard, synthetic diagnostic or local-only file"
.git/objects/ee/f6eecb5a1010481fd8838080ae4b1f53d2b61f,local_git,7713,"intermediate, redundant shard, synthetic diagnostic or local-only file"
.git/objects/f1/08e3bf9669aa0dcbb267fffa6accc371426d5b,local_git,120,"intermediate, redundant shard, synthetic diagnostic or local-only file"
.git/objects/f1/b70d62b32abb9ec2bb6881df106fb9347bc399,local_git,84401,"intermediate, redundant shard, synthetic diagnostic or local-only file"
.git/objects/f4/3b3d46fcc26a3e768394a61514e4b6923cdef5,local_git,9587,"intermediate, redundant shard, synthetic diagnostic or local-only file"
.git/objects/f5/2567ea53842c1723705bf96be3d423a6950213,local_git,80,"intermediate, redundant shard, synthetic diagnostic or local-only file"
.git/objects/f7/a85081f95c7ac8378f0f94dd075f21f50d2c22,local_git,3167,"intermediate, redundant shard, synthetic diagnostic or local-only file"
.git/objects/f8/1ec181efb2274303e18870e0d47c0fab2d778a,local_git,769,"intermediate, redundant shard, synthetic diagnostic or local-only file"
.git/objects/fb/0ceb9ea4fc7ebc9230121347cd99dd66352a6e,local_git,3634,"intermediate, redundant shard, synthetic diagnostic or local-only file"
.git/objects/fb/eefd764ba1da4ec63b89ac0af39f1c6b8ed91a,local_git,919,"intermediate, redundant shard, synthetic diagnostic or local-only file"
.git/objects/pack/pack-d941e8a224974c2bf44b7421ceefc7f89af3f98b.idx,local_git,16304,"intermediate, redundant shard, synthetic diagnostic or local-only file"
.git/objects/pack/pack-d941e8a224974c2bf44b7421ceefc7f89af3f98b.pack,local_git,13407012,"intermediate, redundant shard, synthetic diagnostic or local-only file"
.git/packed-refs,local_git,119,"intermediate, redundant shard, synthetic diagnostic or local-only file"
.git/refs/heads/e7-codebase,local_git,41,"intermediate, redundant shard, synthetic diagnostic or local-only file"
.git/refs/remotes/origin/e7-codebase,local_git,41,"intermediate, redundant shard, synthetic diagnostic or local-only file"
.git/refs/remotes/origin/main,local_git,41,"intermediate, redundant shard, synthetic diagnostic or local-only file"
.git/refs/remotes/origin/myonly,local_git,41,"intermediate, redundant shard, synthetic diagnostic or local-only file"
.git/refs/remotes/origin/pr-4-issue3-fixes,local_git,41,"intermediate, redundant shard, synthetic diagnostic or local-only file"
.git/refs/remotes/origin/pr-5-sync-data-pipeline,local_git,41,"intermediate, redundant shard, synthetic diagnostic or local-only file"
.git/worktrees/EgoRecover/HEAD,local_git,41,"intermediate, redundant shard, synthetic diagnostic or local-only file"
.git/worktrees/EgoRecover/ORIG_HEAD,local_git,41,"intermediate, redundant shard, synthetic diagnostic or local-only file"
.git/worktrees/EgoRecover/commondir,local_git,6,"intermediate, redundant shard, synthetic diagnostic or local-only file"
.git/worktrees/EgoRecover/config.worktree,local_git,58,"intermediate, redundant shard, synthetic diagnostic or local-only file"
.git/worktrees/EgoRecover/gitdir,local_git,44,"intermediate, redundant shard, synthetic diagnostic or local-only file"
.git/worktrees/EgoRecover/index,local_git,22534,"intermediate, redundant shard, synthetic diagnostic or local-only file"
.git/worktrees/EgoRecover/logs/HEAD,local_git,142,"intermediate, redundant shard, synthetic diagnostic or local-only file"
.gitignore,github_source,305,GitHub lightweight record or source
.pytest_cache/.gitignore,local_ephemeral,37,"intermediate, redundant shard, synthetic diagnostic or local-only file"
.pytest_cache/CACHEDIR.TAG,local_ephemeral,191,"intermediate, redundant shard, synthetic diagnostic or local-only file"
.pytest_cache/README.md,local_ephemeral,302,"intermediate, redundant shard, synthetic diagnostic or local-only file"
.pytest_cache/v/cache/lastfailed,local_ephemeral,2,"intermediate, redundant shard, synthetic diagnostic or local-only file"
.pytest_cache/v/cache/nodeids,local_ephemeral,16497,"intermediate, redundant shard, synthetic diagnostic or local-only file"
LOG.md,github_source,195904,GitHub lightweight record or source
README.md,github_source,5519,GitHub lightweight record or source
SOURCE.md,github_source,1645,GitHub lightweight record or source
body_models/smplx/SMPLX_NEUTRAL.npz,restricted_smplx,137106406,licensed SMPL-X asset: user download
config/__pycache__/defaults.cpython-310.pyc,local_ephemeral,3409,"intermediate, redundant shard, synthetic diagnostic or local-only file"
config/__pycache__/defaults.cpython-311.pyc,local_ephemeral,6170,"intermediate, redundant shard, synthetic diagnostic or local-only file"
config/defaults.py,github_source,4079,GitHub lightweight record or source
config/e7.yaml,github_source,1399,GitHub lightweight record or source
config/e7_minimal_ablation_v1.json,github_source,1310,GitHub lightweight record or source
config/egorecover_g_pretraining_v1.json,github_source,742,GitHub lightweight record or source
config/egorecover_g_residual_history_v1.json,github_source,2341,GitHub lightweight record or source
config/egorecover_observation_reference_v1.json,github_source,998,GitHub lightweight record or source
config/egorecover_observation_reference_v2.json,github_source,1113,GitHub lightweight record or source
config/egorecover_pilot_split_v1.json,github_source,760,GitHub lightweight record or source
config/egorecover_prior_real_history_v1.json,github_source,5172,GitHub lightweight record or source
config/egorecover_train_72take_split_v1.json,github_source,2561,GitHub lightweight record or source
config/egorecover_train_pilot_split_v1.json,github_source,738,GitHub lightweight record or source
cv.md,personal_review,15013,"intermediate, redundant shard, synthetic diagnostic or local-only file"
data_pipeline/BUILD_REPORT.md,github_source,2811,GitHub lightweight record or source
data_pipeline/FULL_BUILD_REPORT.md,github_source,2364,GitHub lightweight record or source
data_pipeline/HANDOFF.md,github_source,3141,GitHub lightweight record or source
data_pipeline/README.md,github_source,9948,GitHub lightweight record or source
data_pipeline/__init__.py,github_source,74,GitHub lightweight record or source
data_pipeline/__pycache__/__init__.cpython-310.pyc,local_ephemeral,232,"intermediate, redundant shard, synthetic diagnostic or local-only file"
data_pipeline/__pycache__/__init__.cpython-311.pyc,local_ephemeral,250,"intermediate, redundant shard, synthetic diagnostic or local-only file"
data_pipeline/__pycache__/download_validation.cpython-311.pyc,local_ephemeral,28322,"intermediate, redundant shard, synthetic diagnostic or local-only file"
data_pipeline/__pycache__/run_full.cpython-311.pyc,local_ephemeral,13543,"intermediate, redundant shard, synthetic diagnostic or local-only file"
data_pipeline/__pycache__/run_pilot.cpython-311.pyc,local_ephemeral,5366,"intermediate, redundant shard, synthetic diagnostic or local-only file"
data_pipeline/__pycache__/wait_for_dataset.cpython-311.pyc,local_ephemeral,3698,"intermediate, redundant shard, synthetic diagnostic or local-only file"
data_pipeline/download_validation.py,github_source,14388,GitHub lightweight record or source
data_pipeline/ee4d_mismatch/__init__.py,github_source,71,GitHub lightweight record or source
data_pipeline/ee4d_mismatch/__pycache__/__init__.cpython-310.pyc,local_ephemeral,243,"intermediate, redundant shard, synthetic diagnostic or local-only file"
data_pipeline/ee4d_mismatch/__pycache__/__init__.cpython-311.pyc,local_ephemeral,261,"intermediate, redundant shard, synthetic diagnostic or local-only file"
data_pipeline/ee4d_mismatch/__pycache__/audit.cpython-311.pyc,local_ephemeral,15367,"intermediate, redundant shard, synthetic diagnostic or local-only file"
data_pipeline/ee4d_mismatch/__pycache__/build.cpython-311.pyc,local_ephemeral,16033,"intermediate, redundant shard, synthetic diagnostic or local-only file"
data_pipeline/ee4d_mismatch/__pycache__/corruptions.cpython-310.pyc,local_ephemeral,10192,"intermediate, redundant shard, synthetic diagnostic or local-only file"
data_pipeline/ee4d_mismatch/__pycache__/corruptions.cpython-311.pyc,local_ephemeral,20499,"intermediate, redundant shard, synthetic diagnostic or local-only file"
data_pipeline/ee4d_mismatch/__pycache__/dataset.cpython-311.pyc,local_ephemeral,7972,"intermediate, redundant shard, synthetic diagnostic or local-only file"
data_pipeline/ee4d_mismatch/__pycache__/preview.cpython-311.pyc,local_ephemeral,4706,"intermediate, redundant shard, synthetic diagnostic or local-only file"
data_pipeline/ee4d_mismatch/__pycache__/source.cpython-311.pyc,local_ephemeral,21232,"intermediate, redundant shard, synthetic diagnostic or local-only file"
data_pipeline/ee4d_mismatch/audit.py,github_source,8770,GitHub lightweight record or source
data_pipeline/ee4d_mismatch/build.py,github_source,10654,GitHub lightweight record or source
data_pipeline/ee4d_mismatch/corruptions.py,github_source,13044,GitHub lightweight record or source
data_pipeline/ee4d_mismatch/dataset.py,github_source,3743,GitHub lightweight record or source
data_pipeline/ee4d_mismatch/preview.py,github_source,2202,GitHub lightweight record or source
data_pipeline/ee4d_mismatch/source.py,github_source,12539,GitHub lightweight record or source
data_pipeline/run_full.py,github_source,7388,GitHub lightweight record or source
data_pipeline/run_pilot.py,github_source,3131,GitHub lightweight record or source
data_pipeline/test_results.xml,github_source,2843,GitHub lightweight record or source
data_pipeline/test_results_full.xml,github_source,3108,GitHub lightweight record or source
data_pipeline/tests/__pycache__/test_download.cpython-311-pytest-9.1.1.pyc,local_ephemeral,9893,"intermediate, redundant shard, synthetic diagnostic or local-only file"
data_pipeline/tests/__pycache__/test_download.cpython-311.pyc,local_ephemeral,4223,"intermediate, redundant shard, synthetic diagnostic or local-only file"
data_pipeline/tests/__pycache__/test_mismatch.cpython-311-pytest-9.1.1.pyc,local_ephemeral,61615,"intermediate, redundant shard, synthetic diagnostic or local-only file"
data_pipeline/tests/__pycache__/test_mismatch.cpython-311.pyc,local_ephemeral,29090,"intermediate, redundant shard, synthetic diagnostic or local-only file"
data_pipeline/tests/test_download.py,github_source,1861,GitHub lightweight record or source
data_pipeline/tests/test_mismatch.py,github_source,13268,GitHub lightweight record or source
data_pipeline/wait_for_dataset.py,github_source,1846,GitHub lightweight record or source
dataset/__init__.py,github_source,0,GitHub lightweight record or source
dataset/__pycache__/__init__.cpython-310.pyc,local_ephemeral,112,"intermediate, redundant shard, synthetic diagnostic or local-only file"
dataset/__pycache__/__init__.cpython-311.pyc,local_ephemeral,163,"intermediate, redundant shard, synthetic diagnostic or local-only file"
dataset/__pycache__/canonicalization.cpython-310.pyc,local_ephemeral,4473,"intermediate, redundant shard, synthetic diagnostic or local-only file"
dataset/__pycache__/canonicalization.cpython-311.pyc,local_ephemeral,9184,"intermediate, redundant shard, synthetic diagnostic or local-only file"
dataset/__pycache__/ee4d_motion_dataset.cpython-310.pyc,local_ephemeral,9901,"intermediate, redundant shard, synthetic diagnostic or local-only file"
dataset/__pycache__/ee4d_motion_dataset.cpython-311.pyc,local_ephemeral,18602,"intermediate, redundant shard, synthetic diagnostic or local-only file"
dataset/__pycache__/egoego_utils.cpython-310.pyc,local_ephemeral,8628,"intermediate, redundant shard, synthetic diagnostic or local-only file"
dataset/__pycache__/egoego_utils.cpython-311.pyc,local_ephemeral,18526,"intermediate, redundant shard, synthetic diagnostic or local-only file"
dataset/__pycache__/feats.cpython-310.pyc,local_ephemeral,3554,"intermediate, redundant shard, synthetic diagnostic or local-only file"
dataset/__pycache__/feats.cpython-311.pyc,local_ephemeral,7329,"intermediate, redundant shard, synthetic diagnostic or local-only file"
dataset/__pycache__/representation_utils.cpython-310.pyc,local_ephemeral,6679,"intermediate, redundant shard, synthetic diagnostic or local-only file"
dataset/__pycache__/representation_utils.cpython-311.pyc,local_ephemeral,14626,"intermediate, redundant shard, synthetic diagnostic or local-only file"
dataset/__pycache__/smpl_utils.cpython-310.pyc,local_ephemeral,1936,"intermediate, redundant shard, synthetic diagnostic or local-only file"
dataset/__pycache__/smpl_utils.cpython-311.pyc,local_ephemeral,3625,"intermediate, redundant shard, synthetic diagnostic or local-only file"
dataset/canonicalization.py,github_source,7572,GitHub lightweight record or source
dataset/ee4d_motion_dataset.py,github_source,11924,GitHub lightweight record or source
dataset/egoego_utils.py,github_source,14525,GitHub lightweight record or source
dataset/feats.py,github_source,5561,GitHub lightweight record or source
dataset/representation_utils.py,github_source,11767,GitHub lightweight record or source
dataset/smpl_utils.py,github_source,3008,GitHub lightweight record or source
docs/README.md,github_source,4941,GitHub lightweight record or source
docs/archive/engineering-experiments.md,github_source,3007,GitHub lightweight record or source
docs/archive/iccv2027-draft.md,github_source,5463,GitHub lightweight record or source
docs/data/dataset.md,github_source,1475,GitHub lightweight record or source
docs/design/blueprint.md,github_source,52350,GitHub lightweight record or source
docs/design/g-pretraining-review.md,github_source,10607,GitHub lightweight record or source
docs/design/g-residual-history-four-way.md,github_source,11484,GitHub lightweight record or source
docs/design/g-targets-and-next-steps.md,github_source,15011,GitHub lightweight record or source
docs/design/interfaces.md,github_source,19446,GitHub lightweight record or source
docs/experiments/e7-minimal-ablation.md,github_source,7791,GitHub lightweight record or source
docs/experiments/g-observation-reference.md,github_source,9936,GitHub lightweight record or source
docs/experiments/g-pretraining-four-way.md,github_source,18493,GitHub lightweight record or source
docs/experiments/p-cv-residual.md,github_source,12630,GitHub lightweight record or source
docs/experiments/p-data-budget.md,github_source,4132,GitHub lightweight record or source
docs/experiments/p-explicit-velocity.md,github_source,6635,GitHub lightweight record or source
docs/experiments/p-first.md,github_source,4014,GitHub lightweight record or source
docs/experiments/p-motionstreamer.md,github_source,9583,GitHub lightweight record or source
docs/experiments/p-real-history.md,github_source,11686,GitHub lightweight record or source
docs/experiments/p-same-shape-fk.md,github_source,4047,GitHub lightweight record or source
docs/experiments/p-two-forward-runbook.md,github_source,5042,GitHub lightweight record or source
docs/reference/e7.md,github_source,9038,GitHub lightweight record or source
docs/release/github-huggingface-plan.md,github_source,20408,GitHub lightweight record or source
egorecover/__init__.py,github_source,214,GitHub lightweight record or source
egorecover/__pycache__/__init__.cpython-310.pyc,local_ephemeral,334,"intermediate, redundant shard, synthetic diagnostic or local-only file"
egorecover/__pycache__/__init__.cpython-311.pyc,local_ephemeral,395,"intermediate, redundant shard, synthetic diagnostic or local-only file"
egorecover/__pycache__/actions.cpython-310.pyc,local_ephemeral,2945,"intermediate, redundant shard, synthetic diagnostic or local-only file"
egorecover/__pycache__/actions.cpython-311.pyc,local_ephemeral,5328,"intermediate, redundant shard, synthetic diagnostic or local-only file"
egorecover/__pycache__/annotations.cpython-310.pyc,local_ephemeral,2773,"intermediate, redundant shard, synthetic diagnostic or local-only file"
egorecover/__pycache__/annotations.cpython-311.pyc,local_ephemeral,4661,"intermediate, redundant shard, synthetic diagnostic or local-only file"
egorecover/__pycache__/bootstrap_shapes.cpython-311.pyc,local_ephemeral,7554,"intermediate, redundant shard, synthetic diagnostic or local-only file"
egorecover/__pycache__/calibration.cpython-310.pyc,local_ephemeral,950,"intermediate, redundant shard, synthetic diagnostic or local-only file"
egorecover/__pycache__/calibration.cpython-311.pyc,local_ephemeral,1590,"intermediate, redundant shard, synthetic diagnostic or local-only file"
egorecover/__pycache__/checkpoint.cpython-310.pyc,local_ephemeral,4336,"intermediate, redundant shard, synthetic diagnostic or local-only file"
egorecover/__pycache__/checkpoint.cpython-311.pyc,local_ephemeral,7962,"intermediate, redundant shard, synthetic diagnostic or local-only file"
egorecover/__pycache__/codec.cpython-310.pyc,local_ephemeral,9351,"intermediate, redundant shard, synthetic diagnostic or local-only file"
egorecover/__pycache__/codec.cpython-311.pyc,local_ephemeral,16814,"intermediate, redundant shard, synthetic diagnostic or local-only file"
egorecover/__pycache__/conditioning.cpython-310.pyc,local_ephemeral,3685,"intermediate, redundant shard, synthetic diagnostic or local-only file"
egorecover/__pycache__/conditioning.cpython-311.pyc,local_ephemeral,7013,"intermediate, redundant shard, synthetic diagnostic or local-only file"
egorecover/__pycache__/data.cpython-310.pyc,local_ephemeral,1882,"intermediate, redundant shard, synthetic diagnostic or local-only file"
egorecover/__pycache__/data.cpython-311.pyc,local_ephemeral,7798,"intermediate, redundant shard, synthetic diagnostic or local-only file"
egorecover/__pycache__/e7_ablation.cpython-311.pyc,local_ephemeral,11258,"intermediate, redundant shard, synthetic diagnostic or local-only file"
egorecover/__pycache__/engineering.cpython-310.pyc,local_ephemeral,5748,"intermediate, redundant shard, synthetic diagnostic or local-only file"
egorecover/__pycache__/engineering.cpython-311.pyc,local_ephemeral,11294,"intermediate, redundant shard, synthetic diagnostic or local-only file"
egorecover/__pycache__/evaluation_protocol.cpython-311.pyc,local_ephemeral,12148,"intermediate, redundant shard, synthetic diagnostic or local-only file"
egorecover/__pycache__/evaluation_resume.cpython-311.pyc,local_ephemeral,8084,"intermediate, redundant shard, synthetic diagnostic or local-only file"
egorecover/__pycache__/fixed_prior.cpython-311.pyc,local_ephemeral,3184,"intermediate, redundant shard, synthetic diagnostic or local-only file"
egorecover/__pycache__/fk.cpython-310.pyc,local_ephemeral,4275,"intermediate, redundant shard, synthetic diagnostic or local-only file"
egorecover/__pycache__/fk.cpython-311.pyc,local_ephemeral,8766,"intermediate, redundant shard, synthetic diagnostic or local-only file"
egorecover/__pycache__/g_pretraining.cpython-311.pyc,local_ephemeral,16394,"intermediate, redundant shard, synthetic diagnostic or local-only file"
egorecover/__pycache__/history.cpython-310.pyc,local_ephemeral,5307,"intermediate, redundant shard, synthetic diagnostic or local-only file"
egorecover/__pycache__/history.cpython-311.pyc,local_ephemeral,9064,"intermediate, redundant shard, synthetic diagnostic or local-only file"
egorecover/__pycache__/history_flow.cpython-310.pyc,local_ephemeral,3227,"intermediate, redundant shard, synthetic diagnostic or local-only file"
egorecover/__pycache__/history_flow.cpython-311.pyc,local_ephemeral,5481,"intermediate, redundant shard, synthetic diagnostic or local-only file"
egorecover/__pycache__/losses.cpython-310.pyc,local_ephemeral,2007,"intermediate, redundant shard, synthetic diagnostic or local-only file"
egorecover/__pycache__/losses.cpython-311.pyc,local_ephemeral,7267,"intermediate, redundant shard, synthetic diagnostic or local-only file"
egorecover/__pycache__/observation_reference.cpython-310.pyc,local_ephemeral,6670,"intermediate, redundant shard, synthetic diagnostic or local-only file"
egorecover/__pycache__/observation_reference.cpython-311.pyc,local_ephemeral,12603,"intermediate, redundant shard, synthetic diagnostic or local-only file"
egorecover/__pycache__/prior.cpython-310.pyc,local_ephemeral,2468,"intermediate, redundant shard, synthetic diagnostic or local-only file"
egorecover/__pycache__/prior.cpython-311.pyc,local_ephemeral,4870,"intermediate, redundant shard, synthetic diagnostic or local-only file"
egorecover/__pycache__/prior_adaptation.cpython-311.pyc,local_ephemeral,16112,"intermediate, redundant shard, synthetic diagnostic or local-only file"
egorecover/__pycache__/prior_cv_residual.cpython-311.pyc,local_ephemeral,13464,"intermediate, redundant shard, synthetic diagnostic or local-only file"
egorecover/__pycache__/prior_expanded.cpython-311.pyc,local_ephemeral,8706,"intermediate, redundant shard, synthetic diagnostic or local-only file"
egorecover/__pycache__/prior_real_history.cpython-311.pyc,local_ephemeral,8209,"intermediate, redundant shard, synthetic diagnostic or local-only file"
egorecover/__pycache__/prior_same_shape.cpython-311.pyc,local_ephemeral,4264,"intermediate, redundant shard, synthetic diagnostic or local-only file"
egorecover/__pycache__/prior_two_forward.cpython-311.pyc,local_ephemeral,26781,"intermediate, redundant shard, synthetic diagnostic or local-only file"
egorecover/__pycache__/prior_velocity.cpython-311.pyc,local_ephemeral,10523,"intermediate, redundant shard, synthetic diagnostic or local-only file"
egorecover/__pycache__/replay.cpython-310.pyc,local_ephemeral,2880,"intermediate, redundant shard, synthetic diagnostic or local-only file"
egorecover/__pycache__/replay.cpython-311.pyc,local_ephemeral,7388,"intermediate, redundant shard, synthetic diagnostic or local-only file"
egorecover/__pycache__/rollout.cpython-310.pyc,local_ephemeral,5720,"intermediate, redundant shard, synthetic diagnostic or local-only file"
egorecover/__pycache__/rollout.cpython-311.pyc,local_ephemeral,15336,"intermediate, redundant shard, synthetic diagnostic or local-only file"
egorecover/__pycache__/smpl_evaluation.cpython-310.pyc,local_ephemeral,10226,"intermediate, redundant shard, synthetic diagnostic or local-only file"
egorecover/__pycache__/smpl_evaluation.cpython-311.pyc,local_ephemeral,23916,"intermediate, redundant shard, synthetic diagnostic or local-only file"
egorecover/__pycache__/utility.cpython-310.pyc,local_ephemeral,5461,"intermediate, redundant shard, synthetic diagnostic or local-only file"
egorecover/__pycache__/utility.cpython-311.pyc,local_ephemeral,11021,"intermediate, redundant shard, synthetic diagnostic or local-only file"
egorecover/actions.py,github_source,3123,GitHub lightweight record or source
egorecover/annotations.py,github_source,2806,GitHub lightweight record or source
egorecover/bootstrap_shapes.py,github_source,4322,GitHub lightweight record or source
egorecover/calibration.py,github_source,827,GitHub lightweight record or source
egorecover/checkpoint.py,github_source,4533,GitHub lightweight record or source
egorecover/codec.py,github_source,10103,GitHub lightweight record or source
egorecover/conditioning.py,github_source,5335,GitHub lightweight record or source
egorecover/data.py,github_source,4130,GitHub lightweight record or source
egorecover/e7_ablation.py,github_source,5909,GitHub lightweight record or source
egorecover/engineering.py,github_source,7250,GitHub lightweight record or source
egorecover/evaluation_protocol.py,github_source,5916,GitHub lightweight record or source
egorecover/evaluation_resume.py,github_source,3942,GitHub lightweight record or source
egorecover/fixed_prior.py,github_source,2014,GitHub lightweight record or source
egorecover/fk.py,github_source,4713,GitHub lightweight record or source
egorecover/g_pretraining.py,github_source,7116,GitHub lightweight record or source
egorecover/history.py,github_source,5085,GitHub lightweight record or source
egorecover/history_flow.py,github_source,3884,GitHub lightweight record or source
egorecover/losses.py,github_source,4088,GitHub lightweight record or source
egorecover/observation_reference.py,github_source,6687,GitHub lightweight record or source
egorecover/prior.py,github_source,2266,GitHub lightweight record or source
egorecover/prior_adaptation.py,github_source,7185,GitHub lightweight record or source
egorecover/prior_cv_residual.py,github_source,5927,GitHub lightweight record or source
egorecover/prior_expanded.py,github_source,3815,GitHub lightweight record or source
egorecover/prior_real_history.py,github_source,3502,GitHub lightweight record or source
egorecover/prior_same_shape.py,github_source,2420,GitHub lightweight record or source
egorecover/prior_two_forward.py,github_source,11381,GitHub lightweight record or source
egorecover/prior_velocity.py,github_source,5881,GitHub lightweight record or source
egorecover/replay.py,github_source,4464,GitHub lightweight record or source
egorecover/rollout.py,github_source,9980,GitHub lightweight record or source
egorecover/smpl_evaluation.py,github_source,13301,GitHub lightweight record or source
egorecover/utility.py,github_source,6999,GitHub lightweight record or source
environment.yml,github_source,364,GitHub lightweight record or source
eval/__pycache__/compute_3d_metrics.cpython-310.pyc,local_ephemeral,6645,"intermediate, redundant shard, synthetic diagnostic or local-only file"
eval/__pycache__/compute_3d_metrics.cpython-311.pyc,local_ephemeral,13569,"intermediate, redundant shard, synthetic diagnostic or local-only file"
eval/__pycache__/compute_paper_joint_metrics.cpython-310.pyc,local_ephemeral,3773,"intermediate, redundant shard, synthetic diagnostic or local-only file"
eval/__pycache__/compute_semantic_metrics.cpython-310.pyc,local_ephemeral,3707,"intermediate, redundant shard, synthetic diagnostic or local-only file"
eval/__pycache__/eval_exp.cpython-310.pyc,local_ephemeral,1620,"intermediate, redundant shard, synthetic diagnostic or local-only file"
eval/__pycache__/eval_exp.cpython-311.pyc,local_ephemeral,2948,"intermediate, redundant shard, synthetic diagnostic or local-only file"
eval/__pycache__/metrics.cpython-310.pyc,local_ephemeral,9377,"intermediate, redundant shard, synthetic diagnostic or local-only file"
eval/__pycache__/metrics.cpython-311.pyc,local_ephemeral,21162,"intermediate, redundant shard, synthetic diagnostic or local-only file"
eval/__pycache__/paired_bootstrap_metrics.cpython-310.pyc,local_ephemeral,8454,"intermediate, redundant shard, synthetic diagnostic or local-only file"
eval/__pycache__/save_gt_for_eval.cpython-310.pyc,local_ephemeral,1254,"intermediate, redundant shard, synthetic diagnostic or local-only file"
eval/__pycache__/save_uem_preds.cpython-310.pyc,local_ephemeral,4499,"intermediate, redundant shard, synthetic diagnostic or local-only file"
eval/__pycache__/save_uem_preds.cpython-311.pyc,local_ephemeral,9318,"intermediate, redundant shard, synthetic diagnostic or local-only file"
eval/__pycache__/selected_seqs.cpython-310.pyc,local_ephemeral,8749,"intermediate, redundant shard, synthetic diagnostic or local-only file"
eval/__pycache__/vis_uem_preds.cpython-310.pyc,local_ephemeral,2555,"intermediate, redundant shard, synthetic diagnostic or local-only file"
eval/compute_3d_metrics.py,github_source,9025,GitHub lightweight record or source
eval/compute_paper_joint_metrics.py,github_source,3848,GitHub lightweight record or source
eval/compute_semantic_metrics.py,github_source,4365,GitHub lightweight record or source
eval/eval_exp.py,github_source,1969,GitHub lightweight record or source
eval/metrics.py,github_source,12586,GitHub lightweight record or source
eval/paired_bootstrap_metrics.py,github_source,9869,GitHub lightweight record or source
eval/save_gt_for_eval.py,github_source,1320,GitHub lightweight record or source
eval/save_uem_preds.py,github_source,5364,GitHub lightweight record or source
eval/selected_seqs.py,github_source,9224,GitHub lightweight record or source
eval/vis_uem_preds.py,github_source,3293,GitHub lightweight record or source
exp/e7/hparams.yaml,github_experiment_metadata,1811,GitHub lightweight record or source
exp/e7_frozen_smoke_20260928/README.md,github_experiment_metadata,1934,GitHub lightweight record or source
exp/e7_frozen_smoke_20260928/launch.json,github_experiment_metadata,1379,GitHub lightweight record or source
exp/e7_frozen_smoke_20260928/take0/a01_clean.pt,hf_tensor_artifacts_review,441319,"intermediate, redundant shard, synthetic diagnostic or local-only file"
exp/e7_frozen_smoke_20260928/take0/a01_drift_0p03mps.pt,hf_tensor_artifacts_review,441503,"intermediate, redundant shard, synthetic diagnostic or local-only file"
exp/e7_frozen_smoke_20260928/take0/a01_freeze_3s.pt,hf_tensor_artifacts_review,441379,"intermediate, redundant shard, synthetic diagnostic or local-only file"
exp/e7_frozen_smoke_20260928/take0/a10_clean.pt,hf_tensor_artifacts_review,441319,"intermediate, redundant shard, synthetic diagnostic or local-only file"
exp/e7_frozen_smoke_20260928/take0/a10_drift_0p03mps.pt,hf_tensor_artifacts_review,441503,"intermediate, redundant shard, synthetic diagnostic or local-only file"
exp/e7_frozen_smoke_20260928/take0/a10_freeze_3s.pt,hf_tensor_artifacts_review,441379,"intermediate, redundant shard, synthetic diagnostic or local-only file"
exp/e7_frozen_smoke_20260928/take0/a11_clean.pt,hf_tensor_artifacts_review,441319,"intermediate, redundant shard, synthetic diagnostic or local-only file"
exp/e7_frozen_smoke_20260928/take0/a11_drift_0p03mps.pt,hf_tensor_artifacts_review,441503,"intermediate, redundant shard, synthetic diagnostic or local-only file"
exp/e7_frozen_smoke_20260928/take0/a11_freeze_3s.pt,hf_tensor_artifacts_review,441379,"intermediate, redundant shard, synthetic diagnostic or local-only file"
exp/e7_frozen_smoke_20260928/take0/report.json,github_experiment_metadata,161900,GitHub lightweight record or source
exp/e7_frozen_smoke_20260928/take0/startup.pt,hf_tensor_artifacts_review,28569,"intermediate, redundant shard, synthetic diagnostic or local-only file"
exp/e7_frozen_smoke_20260928/take0.log,hf_logs_private,1897,GitHub lightweight record or source
exp/e7_frozen_smoke_20260928/take1/a01_clean.pt,hf_tensor_artifacts_review,441319,"intermediate, redundant shard, synthetic diagnostic or local-only file"
exp/e7_frozen_smoke_20260928/take1/a01_drift_0p03mps.pt,hf_tensor_artifacts_review,441503,"intermediate, redundant shard, synthetic diagnostic or local-only file"
exp/e7_frozen_smoke_20260928/take1/a01_freeze_3s.pt,hf_tensor_artifacts_review,441379,"intermediate, redundant shard, synthetic diagnostic or local-only file"
exp/e7_frozen_smoke_20260928/take1/a10_clean.pt,hf_tensor_artifacts_review,441319,"intermediate, redundant shard, synthetic diagnostic or local-only file"
exp/e7_frozen_smoke_20260928/take1/a10_drift_0p03mps.pt,hf_tensor_artifacts_review,441503,"intermediate, redundant shard, synthetic diagnostic or local-only file"
exp/e7_frozen_smoke_20260928/take1/a10_freeze_3s.pt,hf_tensor_artifacts_review,441379,"intermediate, redundant shard, synthetic diagnostic or local-only file"
exp/e7_frozen_smoke_20260928/take1/a11_clean.pt,hf_tensor_artifacts_review,441319,"intermediate, redundant shard, synthetic diagnostic or local-only file"
exp/e7_frozen_smoke_20260928/take1/a11_drift_0p03mps.pt,hf_tensor_artifacts_review,441503,"intermediate, redundant shard, synthetic diagnostic or local-only file"
exp/e7_frozen_smoke_20260928/take1/a11_freeze_3s.pt,hf_tensor_artifacts_review,441379,"intermediate, redundant shard, synthetic diagnostic or local-only file"
exp/e7_frozen_smoke_20260928/take1/report.json,github_experiment_metadata,162934,GitHub lightweight record or source
exp/e7_frozen_smoke_20260928/take1/startup.pt,hf_tensor_artifacts_review,28569,"intermediate, redundant shard, synthetic diagnostic or local-only file"
exp/e7_frozen_smoke_20260928/take1.log,hf_logs_private,1930,GitHub lightweight record or source
exp/e7_minimal_ablation/v1/RESULTS.md,github_experiment_metadata,4167,GitHub lightweight record or source
exp/e7_minimal_ablation/v1/analysis_diagnostics.json,github_experiment_metadata,6219,GitHub lightweight record or source
exp/e7_minimal_ablation/v1/controller.lock,local_ephemeral,0,"intermediate, redundant shard, synthetic diagnostic or local-only file"
exp/e7_minimal_ablation/v1/controller.log,hf_logs_private,2528,GitHub lightweight record or source
exp/e7_minimal_ablation/v1/dev/fair_bike_01_12/1062/codes/E0.pt,hf_tensor_artifacts_review,235983,"intermediate, redundant shard, synthetic diagnostic or local-only file"
exp/e7_minimal_ablation/v1/dev/fair_bike_01_12/1062/codes/E1.pt,hf_tensor_artifacts_review,12319139,"intermediate, redundant shard, synthetic diagnostic or local-only file"
exp/e7_minimal_ablation/v1/dev/fair_bike_01_12/1062/codes/E2.pt,hf_tensor_artifacts_review,235983,"intermediate, redundant shard, synthetic diagnostic or local-only file"
exp/e7_minimal_ablation/v1/dev/fair_bike_01_12/1062/codes/E3.pt,hf_tensor_artifacts_review,12319139,"intermediate, redundant shard, synthetic diagnostic or local-only file"
exp/e7_minimal_ablation/v1/dev/fair_bike_01_12/1062/metrics.pt,hf_tensor_artifacts_review,269429,"intermediate, redundant shard, synthetic diagnostic or local-only file"
exp/e7_minimal_ablation/v1/dev/fair_bike_01_12/1062/progress.json,github_experiment_metadata,109,GitHub lightweight record or source
exp/e7_minimal_ablation/v1/dev/fair_bike_01_12/1063/codes/E0.pt,hf_tensor_artifacts_review,235983,"intermediate, redundant shard, synthetic diagnostic or local-only file"
exp/e7_minimal_ablation/v1/dev/fair_bike_01_12/1063/codes/E1.pt,hf_tensor_artifacts_review,12319139,"intermediate, redundant shard, synthetic diagnostic or local-only file"
exp/e7_minimal_ablation/v1/dev/fair_bike_01_12/1063/codes/E2.pt,hf_tensor_artifacts_review,235983,"intermediate, redundant shard, synthetic diagnostic or local-only file"
exp/e7_minimal_ablation/v1/dev/fair_bike_01_12/1063/codes/E3.pt,hf_tensor_artifacts_review,12319139,"intermediate, redundant shard, synthetic diagnostic or local-only file"
exp/e7_minimal_ablation/v1/dev/fair_bike_01_12/1063/metrics.pt,hf_tensor_artifacts_review,269429,"intermediate, redundant shard, synthetic diagnostic or local-only file"
exp/e7_minimal_ablation/v1/dev/fair_bike_01_12/1063/progress.json,github_experiment_metadata,109,GitHub lightweight record or source
exp/e7_minimal_ablation/v1/dev/fair_bike_01_12/1064/codes/E0.pt,hf_tensor_artifacts_review,235983,"intermediate, redundant shard, synthetic diagnostic or local-only file"
exp/e7_minimal_ablation/v1/dev/fair_bike_01_12/1064/codes/E1.pt,hf_tensor_artifacts_review,12319139,"intermediate, redundant shard, synthetic diagnostic or local-only file"
exp/e7_minimal_ablation/v1/dev/fair_bike_01_12/1064/codes/E2.pt,hf_tensor_artifacts_review,235983,"intermediate, redundant shard, synthetic diagnostic or local-only file"
exp/e7_minimal_ablation/v1/dev/fair_bike_01_12/1064/codes/E3.pt,hf_tensor_artifacts_review,12319139,"intermediate, redundant shard, synthetic diagnostic or local-only file"
exp/e7_minimal_ablation/v1/dev/fair_bike_01_12/1064/metrics.pt,hf_tensor_artifacts_review,269429,"intermediate, redundant shard, synthetic diagnostic or local-only file"
exp/e7_minimal_ablation/v1/dev/fair_bike_01_12/1064/progress.json,github_experiment_metadata,109,GitHub lightweight record or source
exp/e7_minimal_ablation/v1/dev/georgiatech_bike_05_2/1062/codes/E0.pt,hf_tensor_artifacts_review,235983,"intermediate, redundant shard, synthetic diagnostic or local-only file"
exp/e7_minimal_ablation/v1/dev/georgiatech_bike_05_2/1062/codes/E1.pt,hf_tensor_artifacts_review,12319139,"intermediate, redundant shard, synthetic diagnostic or local-only file"
exp/e7_minimal_ablation/v1/dev/georgiatech_bike_05_2/1062/codes/E2.pt,hf_tensor_artifacts_review,235983,"intermediate, redundant shard, synthetic diagnostic or local-only file"
exp/e7_minimal_ablation/v1/dev/georgiatech_bike_05_2/1062/codes/E3.pt,hf_tensor_artifacts_review,12319139,"intermediate, redundant shard, synthetic diagnostic or local-only file"
exp/e7_minimal_ablation/v1/dev/georgiatech_bike_05_2/1062/metrics.pt,hf_tensor_artifacts_review,269429,"intermediate, redundant shard, synthetic diagnostic or local-only file"
exp/e7_minimal_ablation/v1/dev/georgiatech_bike_05_2/1062/progress.json,github_experiment_metadata,115,GitHub lightweight record or source
exp/e7_minimal_ablation/v1/dev/georgiatech_bike_05_2/1063/codes/E0.pt,hf_tensor_artifacts_review,235983,"intermediate, redundant shard, synthetic diagnostic or local-only file"
exp/e7_minimal_ablation/v1/dev/georgiatech_bike_05_2/1063/codes/E1.pt,hf_tensor_artifacts_review,12319139,"intermediate, redundant shard, synthetic diagnostic or local-only file"
exp/e7_minimal_ablation/v1/dev/georgiatech_bike_05_2/1063/codes/E2.pt,hf_tensor_artifacts_review,235983,"intermediate, redundant shard, synthetic diagnostic or local-only file"
exp/e7_minimal_ablation/v1/dev/georgiatech_bike_05_2/1063/codes/E3.pt,hf_tensor_artifacts_review,12319139,"intermediate, redundant shard, synthetic diagnostic or local-only file"
exp/e7_minimal_ablation/v1/dev/georgiatech_bike_05_2/1063/metrics.pt,hf_tensor_artifacts_review,269429,"intermediate, redundant shard, synthetic diagnostic or local-only file"
exp/e7_minimal_ablation/v1/dev/georgiatech_bike_05_2/1063/progress.json,github_experiment_metadata,115,GitHub lightweight record or source
exp/e7_minimal_ablation/v1/dev/georgiatech_bike_05_2/1064/codes/E0.pt,hf_tensor_artifacts_review,235983,"intermediate, redundant shard, synthetic diagnostic or local-only file"
exp/e7_minimal_ablation/v1/dev/georgiatech_bike_05_2/1064/codes/E1.pt,hf_tensor_artifacts_review,12319139,"intermediate, redundant shard, synthetic diagnostic or local-only file"
exp/e7_minimal_ablation/v1/dev/georgiatech_bike_05_2/1064/codes/E2.pt,hf_tensor_artifacts_review,235983,"intermediate, redundant shard, synthetic diagnostic or local-only file"
exp/e7_minimal_ablation/v1/dev/georgiatech_bike_05_2/1064/codes/E3.pt,hf_tensor_artifacts_review,12319139,"intermediate, redundant shard, synthetic diagnostic or local-only file"
exp/e7_minimal_ablation/v1/dev/georgiatech_bike_05_2/1064/metrics.pt,hf_tensor_artifacts_review,269429,"intermediate, redundant shard, synthetic diagnostic or local-only file"
exp/e7_minimal_ablation/v1/dev/georgiatech_bike_05_2/1064/progress.json,github_experiment_metadata,115,GitHub lightweight record or source
exp/e7_minimal_ablation/v1/dev/iiith_cooking_109_4/1062/codes/E0.pt,hf_tensor_artifacts_review,235983,"intermediate, redundant shard, synthetic diagnostic or local-only file"
exp/e7_minimal_ablation/v1/dev/iiith_cooking_109_4/1062/codes/E1.pt,hf_tensor_artifacts_review,12319139,"intermediate, redundant shard, synthetic diagnostic or local-only file"
exp/e7_minimal_ablation/v1/dev/iiith_cooking_109_4/1062/codes/E2.pt,hf_tensor_artifacts_review,235983,"intermediate, redundant shard, synthetic diagnostic or local-only file"
exp/e7_minimal_ablation/v1/dev/iiith_cooking_109_4/1062/codes/E3.pt,hf_tensor_artifacts_review,12319139,"intermediate, redundant shard, synthetic diagnostic or local-only file"
exp/e7_minimal_ablation/v1/dev/iiith_cooking_109_4/1062/metrics.pt,hf_tensor_artifacts_review,269429,"intermediate, redundant shard, synthetic diagnostic or local-only file"
exp/e7_minimal_ablation/v1/dev/iiith_cooking_109_4/1062/progress.json,github_experiment_metadata,113,GitHub lightweight record or source
exp/e7_minimal_ablation/v1/dev/iiith_cooking_109_4/1063/codes/E0.pt,hf_tensor_artifacts_review,235983,"intermediate, redundant shard, synthetic diagnostic or local-only file"
exp/e7_minimal_ablation/v1/dev/iiith_cooking_109_4/1063/codes/E1.pt,hf_tensor_artifacts_review,12319139,"intermediate, redundant shard, synthetic diagnostic or local-only file"
exp/e7_minimal_ablation/v1/dev/iiith_cooking_109_4/1063/codes/E2.pt,hf_tensor_artifacts_review,235983,"intermediate, redundant shard, synthetic diagnostic or local-only file"
exp/e7_minimal_ablation/v1/dev/iiith_cooking_109_4/1063/codes/E3.pt,hf_tensor_artifacts_review,12319139,"intermediate, redundant shard, synthetic diagnostic or local-only file"
exp/e7_minimal_ablation/v1/dev/iiith_cooking_109_4/1063/metrics.pt,hf_tensor_artifacts_review,269429,"intermediate, redundant shard, synthetic diagnostic or local-only file"
exp/e7_minimal_ablation/v1/dev/iiith_cooking_109_4/1063/progress.json,github_experiment_metadata,113,GitHub lightweight record or source
exp/e7_minimal_ablation/v1/dev/iiith_cooking_109_4/1064/codes/E0.pt,hf_tensor_artifacts_review,235983,"intermediate, redundant shard, synthetic diagnostic or local-only file"
exp/e7_minimal_ablation/v1/dev/iiith_cooking_109_4/1064/codes/E1.pt,hf_tensor_artifacts_review,12319139,"intermediate, redundant shard, synthetic diagnostic or local-only file"
exp/e7_minimal_ablation/v1/dev/iiith_cooking_109_4/1064/codes/E2.pt,hf_tensor_artifacts_review,235983,"intermediate, redundant shard, synthetic diagnostic or local-only file"
exp/e7_minimal_ablation/v1/dev/iiith_cooking_109_4/1064/codes/E3.pt,hf_tensor_artifacts_review,12319139,"intermediate, redundant shard, synthetic diagnostic or local-only file"
exp/e7_minimal_ablation/v1/dev/iiith_cooking_109_4/1064/metrics.pt,hf_tensor_artifacts_review,269429,"intermediate, redundant shard, synthetic diagnostic or local-only file"
exp/e7_minimal_ablation/v1/dev/iiith_cooking_109_4/1064/progress.json,github_experiment_metadata,113,GitHub lightweight record or source
exp/e7_minimal_ablation/v1/dev/iiith_soccer_004_5/1062/codes/E0.pt,hf_tensor_artifacts_review,235983,"intermediate, redundant shard, synthetic diagnostic or local-only file"
exp/e7_minimal_ablation/v1/dev/iiith_soccer_004_5/1062/codes/E1.pt,hf_tensor_artifacts_review,12319139,"intermediate, redundant shard, synthetic diagnostic or local-only file"
exp/e7_minimal_ablation/v1/dev/iiith_soccer_004_5/1062/codes/E2.pt,hf_tensor_artifacts_review,235983,"intermediate, redundant shard, synthetic diagnostic or local-only file"
exp/e7_minimal_ablation/v1/dev/iiith_soccer_004_5/1062/codes/E3.pt,hf_tensor_artifacts_review,12319139,"intermediate, redundant shard, synthetic diagnostic or local-only file"
exp/e7_minimal_ablation/v1/dev/iiith_soccer_004_5/1062/metrics.pt,hf_tensor_artifacts_review,269429,"intermediate, redundant shard, synthetic diagnostic or local-only file"
exp/e7_minimal_ablation/v1/dev/iiith_soccer_004_5/1062/progress.json,github_experiment_metadata,112,GitHub lightweight record or source
exp/e7_minimal_ablation/v1/dev/iiith_soccer_004_5/1063/codes/E0.pt,hf_tensor_artifacts_review,235983,"intermediate, redundant shard, synthetic diagnostic or local-only file"
exp/e7_minimal_ablation/v1/dev/iiith_soccer_004_5/1063/codes/E1.pt,hf_tensor_artifacts_review,12319139,"intermediate, redundant shard, synthetic diagnostic or local-only file"
exp/e7_minimal_ablation/v1/dev/iiith_soccer_004_5/1063/codes/E2.pt,hf_tensor_artifacts_review,235983,"intermediate, redundant shard, synthetic diagnostic or local-only file"
exp/e7_minimal_ablation/v1/dev/iiith_soccer_004_5/1063/codes/E3.pt,hf_tensor_artifacts_review,12319139,"intermediate, redundant shard, synthetic diagnostic or local-only file"
exp/e7_minimal_ablation/v1/dev/iiith_soccer_004_5/1063/metrics.pt,hf_tensor_artifacts_review,269429,"intermediate, redundant shard, synthetic diagnostic or local-only file"
exp/e7_minimal_ablation/v1/dev/iiith_soccer_004_5/1063/progress.json,github_experiment_metadata,112,GitHub lightweight record or source
exp/e7_minimal_ablation/v1/dev/iiith_soccer_004_5/1064/codes/E0.pt,hf_tensor_artifacts_review,235983,"intermediate, redundant shard, synthetic diagnostic or local-only file"
exp/e7_minimal_ablation/v1/dev/iiith_soccer_004_5/1064/codes/E1.pt,hf_tensor_artifacts_review,12319139,"intermediate, redundant shard, synthetic diagnostic or local-only file"
exp/e7_minimal_ablation/v1/dev/iiith_soccer_004_5/1064/codes/E2.pt,hf_tensor_artifacts_review,235983,"intermediate, redundant shard, synthetic diagnostic or local-only file"
exp/e7_minimal_ablation/v1/dev/iiith_soccer_004_5/1064/codes/E3.pt,hf_tensor_artifacts_review,12319139,"intermediate, redundant shard, synthetic diagnostic or local-only file"
exp/e7_minimal_ablation/v1/dev/iiith_soccer_004_5/1064/metrics.pt,hf_tensor_artifacts_review,269429,"intermediate, redundant shard, synthetic diagnostic or local-only file"
exp/e7_minimal_ablation/v1/dev/iiith_soccer_004_5/1064/progress.json,github_experiment_metadata,112,GitHub lightweight record or source
exp/e7_minimal_ablation/v1/dev/indiana_music_13_5/1062/codes/E0.pt,hf_tensor_artifacts_review,235983,"intermediate, redundant shard, synthetic diagnostic or local-only file"
exp/e7_minimal_ablation/v1/dev/indiana_music_13_5/1062/codes/E1.pt,hf_tensor_artifacts_review,12319139,"intermediate, redundant shard, synthetic diagnostic or local-only file"
exp/e7_minimal_ablation/v1/dev/indiana_music_13_5/1062/codes/E2.pt,hf_tensor_artifacts_review,235983,"intermediate, redundant shard, synthetic diagnostic or local-only file"
exp/e7_minimal_ablation/v1/dev/indiana_music_13_5/1062/codes/E3.pt,hf_tensor_artifacts_review,12319139,"intermediate, redundant shard, synthetic diagnostic or local-only file"
exp/e7_minimal_ablation/v1/dev/indiana_music_13_5/1062/metrics.pt,hf_tensor_artifacts_review,269429,"intermediate, redundant shard, synthetic diagnostic or local-only file"
exp/e7_minimal_ablation/v1/dev/indiana_music_13_5/1062/progress.json,github_experiment_metadata,112,GitHub lightweight record or source
exp/e7_minimal_ablation/v1/dev/indiana_music_13_5/1063/codes/E0.pt,hf_tensor_artifacts_review,235983,"intermediate, redundant shard, synthetic diagnostic or local-only file"
exp/e7_minimal_ablation/v1/dev/indiana_music_13_5/1063/codes/E1.pt,hf_tensor_artifacts_review,12319139,"intermediate, redundant shard, synthetic diagnostic or local-only file"
exp/e7_minimal_ablation/v1/dev/indiana_music_13_5/1063/codes/E2.pt,hf_tensor_artifacts_review,235983,"intermediate, redundant shard, synthetic diagnostic or local-only file"
exp/e7_minimal_ablation/v1/dev/indiana_music_13_5/1063/codes/E3.pt,hf_tensor_artifacts_review,12319139,"intermediate, redundant shard, synthetic diagnostic or local-only file"
exp/e7_minimal_ablation/v1/dev/indiana_music_13_5/1063/metrics.pt,hf_tensor_artifacts_review,269429,"intermediate, redundant shard, synthetic diagnostic or local-only file"
exp/e7_minimal_ablation/v1/dev/indiana_music_13_5/1063/progress.json,github_experiment_metadata,112,GitHub lightweight record or source
exp/e7_minimal_ablation/v1/dev/indiana_music_13_5/1064/codes/E0.pt,hf_tensor_artifacts_review,235983,"intermediate, redundant shard, synthetic diagnostic or local-only file"
exp/e7_minimal_ablation/v1/dev/indiana_music_13_5/1064/codes/E1.pt,hf_tensor_artifacts_review,12319139,"intermediate, redundant shard, synthetic diagnostic or local-only file"
exp/e7_minimal_ablation/v1/dev/indiana_music_13_5/1064/codes/E2.pt,hf_tensor_artifacts_review,235983,"intermediate, redundant shard, synthetic diagnostic or local-only file"
exp/e7_minimal_ablation/v1/dev/indiana_music_13_5/1064/codes/E3.pt,hf_tensor_artifacts_review,12319139,"intermediate, redundant shard, synthetic diagnostic or local-only file"
exp/e7_minimal_ablation/v1/dev/indiana_music_13_5/1064/metrics.pt,hf_tensor_artifacts_review,269429,"intermediate, redundant shard, synthetic diagnostic or local-only file"
exp/e7_minimal_ablation/v1/dev/indiana_music_13_5/1064/progress.json,github_experiment_metadata,112,GitHub lightweight record or source
exp/e7_minimal_ablation/v1/dev/nus_cpr_52_1/1062/codes/E0.pt,hf_tensor_artifacts_review,235983,"intermediate, redundant shard, synthetic diagnostic or local-only file"
exp/e7_minimal_ablation/v1/dev/nus_cpr_52_1/1062/codes/E1.pt,hf_tensor_artifacts_review,12319139,"intermediate, redundant shard, synthetic diagnostic or local-only file"
exp/e7_minimal_ablation/v1/dev/nus_cpr_52_1/1062/codes/E2.pt,hf_tensor_artifacts_review,235983,"intermediate, redundant shard, synthetic diagnostic or local-only file"
exp/e7_minimal_ablation/v1/dev/nus_cpr_52_1/1062/codes/E3.pt,hf_tensor_artifacts_review,12319139,"intermediate, redundant shard, synthetic diagnostic or local-only file"
exp/e7_minimal_ablation/v1/dev/nus_cpr_52_1/1062/metrics.pt,hf_tensor_artifacts_review,269429,"intermediate, redundant shard, synthetic diagnostic or local-only file"
exp/e7_minimal_ablation/v1/dev/nus_cpr_52_1/1062/progress.json,github_experiment_metadata,106,GitHub lightweight record or source
exp/e7_minimal_ablation/v1/dev/nus_cpr_52_1/1063/codes/E0.pt,hf_tensor_artifacts_review,235983,"intermediate, redundant shard, synthetic diagnostic or local-only file"
exp/e7_minimal_ablation/v1/dev/nus_cpr_52_1/1063/codes/E1.pt,hf_tensor_artifacts_review,12319139,"intermediate, redundant shard, synthetic diagnostic or local-only file"
exp/e7_minimal_ablation/v1/dev/nus_cpr_52_1/1063/codes/E2.pt,hf_tensor_artifacts_review,235983,"intermediate, redundant shard, synthetic diagnostic or local-only file"
exp/e7_minimal_ablation/v1/dev/nus_cpr_52_1/1063/codes/E3.pt,hf_tensor_artifacts_review,12319139,"intermediate, redundant shard, synthetic diagnostic or local-only file"
exp/e7_minimal_ablation/v1/dev/nus_cpr_52_1/1063/metrics.pt,hf_tensor_artifacts_review,269429,"intermediate, redundant shard, synthetic diagnostic or local-only file"
exp/e7_minimal_ablation/v1/dev/nus_cpr_52_1/1063/progress.json,github_experiment_metadata,106,GitHub lightweight record or source
exp/e7_minimal_ablation/v1/dev/nus_cpr_52_1/1064/codes/E0.pt,hf_tensor_artifacts_review,235983,"intermediate, redundant shard, synthetic diagnostic or local-only file"
exp/e7_minimal_ablation/v1/dev/nus_cpr_52_1/1064/codes/E1.pt,hf_tensor_artifacts_review,12319139,"intermediate, redundant shard, synthetic diagnostic or local-only file"
exp/e7_minimal_ablation/v1/dev/nus_cpr_52_1/1064/codes/E2.pt,hf_tensor_artifacts_review,235983,"intermediate, redundant shard, synthetic diagnostic or local-only file"
exp/e7_minimal_ablation/v1/dev/nus_cpr_52_1/1064/codes/E3.pt,hf_tensor_artifacts_review,12319139,"intermediate, redundant shard, synthetic diagnostic or local-only file"
exp/e7_minimal_ablation/v1/dev/nus_cpr_52_1/1064/metrics.pt,hf_tensor_artifacts_review,269429,"intermediate, redundant shard, synthetic diagnostic or local-only file"
exp/e7_minimal_ablation/v1/dev/nus_cpr_52_1/1064/progress.json,github_experiment_metadata,106,GitHub lightweight record or source
exp/e7_minimal_ablation/v1/dev/sfu_basketball_03_44/1062/codes/E0.pt,hf_tensor_artifacts_review,235983,"intermediate, redundant shard, synthetic diagnostic or local-only file"
exp/e7_minimal_ablation/v1/dev/sfu_basketball_03_44/1062/codes/E1.pt,hf_tensor_artifacts_review,12319139,"intermediate, redundant shard, synthetic diagnostic or local-only file"
exp/e7_minimal_ablation/v1/dev/sfu_basketball_03_44/1062/codes/E2.pt,hf_tensor_artifacts_review,235983,"intermediate, redundant shard, synthetic diagnostic or local-only file"
exp/e7_minimal_ablation/v1/dev/sfu_basketball_03_44/1062/codes/E3.pt,hf_tensor_artifacts_review,12319139,"intermediate, redundant shard, synthetic diagnostic or local-only file"
exp/e7_minimal_ablation/v1/dev/sfu_basketball_03_44/1062/metrics.pt,hf_tensor_artifacts_review,269429,"intermediate, redundant shard, synthetic diagnostic or local-only file"
exp/e7_minimal_ablation/v1/dev/sfu_basketball_03_44/1062/progress.json,github_experiment_metadata,114,GitHub lightweight record or source
exp/e7_minimal_ablation/v1/dev/sfu_basketball_03_44/1063/codes/E0.pt,hf_tensor_artifacts_review,235983,"intermediate, redundant shard, synthetic diagnostic or local-only file"
exp/e7_minimal_ablation/v1/dev/sfu_basketball_03_44/1063/codes/E1.pt,hf_tensor_artifacts_review,12319139,"intermediate, redundant shard, synthetic diagnostic or local-only file"
exp/e7_minimal_ablation/v1/dev/sfu_basketball_03_44/1063/codes/E2.pt,hf_tensor_artifacts_review,235983,"intermediate, redundant shard, synthetic diagnostic or local-only file"
exp/e7_minimal_ablation/v1/dev/sfu_basketball_03_44/1063/codes/E3.pt,hf_tensor_artifacts_review,12319139,"intermediate, redundant shard, synthetic diagnostic or local-only file"
exp/e7_minimal_ablation/v1/dev/sfu_basketball_03_44/1063/metrics.pt,hf_tensor_artifacts_review,269429,"intermediate, redundant shard, synthetic diagnostic or local-only file"
exp/e7_minimal_ablation/v1/dev/sfu_basketball_03_44/1063/progress.json,github_experiment_metadata,114,GitHub lightweight record or source
exp/e7_minimal_ablation/v1/dev/sfu_basketball_03_44/1064/codes/E0.pt,hf_tensor_artifacts_review,235983,"intermediate, redundant shard, synthetic diagnostic or local-only file"
exp/e7_minimal_ablation/v1/dev/sfu_basketball_03_44/1064/codes/E1.pt,hf_tensor_artifacts_review,12319139,"intermediate, redundant shard, synthetic diagnostic or local-only file"
exp/e7_minimal_ablation/v1/dev/sfu_basketball_03_44/1064/codes/E2.pt,hf_tensor_artifacts_review,235983,"intermediate, redundant shard, synthetic diagnostic or local-only file"
exp/e7_minimal_ablation/v1/dev/sfu_basketball_03_44/1064/codes/E3.pt,hf_tensor_artifacts_review,12319139,"intermediate, redundant shard, synthetic diagnostic or local-only file"
exp/e7_minimal_ablation/v1/dev/sfu_basketball_03_44/1064/metrics.pt,hf_tensor_artifacts_review,269429,"intermediate, redundant shard, synthetic diagnostic or local-only file"
exp/e7_minimal_ablation/v1/dev/sfu_basketball_03_44/1064/progress.json,github_experiment_metadata,114,GitHub lightweight record or source
exp/e7_minimal_ablation/v1/dev/sfu_basketball_08_15/1062/codes/E0.pt,hf_tensor_artifacts_review,235983,"intermediate, redundant shard, synthetic diagnostic or local-only file"
exp/e7_minimal_ablation/v1/dev/sfu_basketball_08_15/1062/codes/E1.pt,hf_tensor_artifacts_review,12319139,"intermediate, redundant shard, synthetic diagnostic or local-only file"
exp/e7_minimal_ablation/v1/dev/sfu_basketball_08_15/1062/codes/E2.pt,hf_tensor_artifacts_review,235983,"intermediate, redundant shard, synthetic diagnostic or local-only file"
exp/e7_minimal_ablation/v1/dev/sfu_basketball_08_15/1062/codes/E3.pt,hf_tensor_artifacts_review,12319139,"intermediate, redundant shard, synthetic diagnostic or local-only file"
exp/e7_minimal_ablation/v1/dev/sfu_basketball_08_15/1062/metrics.pt,hf_tensor_artifacts_review,269429,"intermediate, redundant shard, synthetic diagnostic or local-only file"
exp/e7_minimal_ablation/v1/dev/sfu_basketball_08_15/1062/progress.json,github_experiment_metadata,114,GitHub lightweight record or source
exp/e7_minimal_ablation/v1/dev/sfu_basketball_08_15/1063/codes/E0.pt,hf_tensor_artifacts_review,235983,"intermediate, redundant shard, synthetic diagnostic or local-only file"
exp/e7_minimal_ablation/v1/dev/sfu_basketball_08_15/1063/codes/E1.pt,hf_tensor_artifacts_review,12319139,"intermediate, redundant shard, synthetic diagnostic or local-only file"
exp/e7_minimal_ablation/v1/dev/sfu_basketball_08_15/1063/codes/E2.pt,hf_tensor_artifacts_review,235983,"intermediate, redundant shard, synthetic diagnostic or local-only file"
exp/e7_minimal_ablation/v1/dev/sfu_basketball_08_15/1063/codes/E3.pt,hf_tensor_artifacts_review,12319139,"intermediate, redundant shard, synthetic diagnostic or local-only file"
exp/e7_minimal_ablation/v1/dev/sfu_basketball_08_15/1063/metrics.pt,hf_tensor_artifacts_review,269429,"intermediate, redundant shard, synthetic diagnostic or local-only file"
exp/e7_minimal_ablation/v1/dev/sfu_basketball_08_15/1063/progress.json,github_experiment_metadata,114,GitHub lightweight record or source
exp/e7_minimal_ablation/v1/dev/sfu_basketball_08_15/1064/codes/E0.pt,hf_tensor_artifacts_review,235983,"intermediate, redundant shard, synthetic diagnostic or local-only file"
exp/e7_minimal_ablation/v1/dev/sfu_basketball_08_15/1064/codes/E1.pt,hf_tensor_artifacts_review,12319139,"intermediate, redundant shard, synthetic diagnostic or local-only file"
exp/e7_minimal_ablation/v1/dev/sfu_basketball_08_15/1064/codes/E2.pt,hf_tensor_artifacts_review,235983,"intermediate, redundant shard, synthetic diagnostic or local-only file"
exp/e7_minimal_ablation/v1/dev/sfu_basketball_08_15/1064/codes/E3.pt,hf_tensor_artifacts_review,12319139,"intermediate, redundant shard, synthetic diagnostic or local-only file"
exp/e7_minimal_ablation/v1/dev/sfu_basketball_08_15/1064/metrics.pt,hf_tensor_artifacts_review,269429,"intermediate, redundant shard, synthetic diagnostic or local-only file"
exp/e7_minimal_ablation/v1/dev/sfu_basketball_08_15/1064/progress.json,github_experiment_metadata,114,GitHub lightweight record or source
exp/e7_minimal_ablation/v1/dev/shard0.json,github_experiment_metadata,978,GitHub lightweight record or source
exp/e7_minimal_ablation/v1/dev/shard1.json,github_experiment_metadata,970,GitHub lightweight record or source
exp/e7_minimal_ablation/v1/dev/shard2.json,github_experiment_metadata,976,GitHub lightweight record or source
exp/e7_minimal_ablation/v1/dev/shard3.json,github_experiment_metadata,982,GitHub lightweight record or source
exp/e7_minimal_ablation/v1/dev/unc_basketball_03-16-23_01_18/1062/codes/E0.pt,hf_tensor_artifacts_review,235983,"intermediate, redundant shard, synthetic diagnostic or local-only file"
exp/e7_minimal_ablation/v1/dev/unc_basketball_03-16-23_01_18/1062/codes/E1.pt,hf_tensor_artifacts_review,12319139,"intermediate, redundant shard, synthetic diagnostic or local-only file"
exp/e7_minimal_ablation/v1/dev/unc_basketball_03-16-23_01_18/1062/codes/E2.pt,hf_tensor_artifacts_review,235983,"intermediate, redundant shard, synthetic diagnostic or local-only file"
exp/e7_minimal_ablation/v1/dev/unc_basketball_03-16-23_01_18/1062/codes/E3.pt,hf_tensor_artifacts_review,12319139,"intermediate, redundant shard, synthetic diagnostic or local-only file"
exp/e7_minimal_ablation/v1/dev/unc_basketball_03-16-23_01_18/1062/metrics.pt,hf_tensor_artifacts_review,269429,"intermediate, redundant shard, synthetic diagnostic or local-only file"
exp/e7_minimal_ablation/v1/dev/unc_basketball_03-16-23_01_18/1062/progress.json,github_experiment_metadata,123,GitHub lightweight record or source
exp/e7_minimal_ablation/v1/dev/unc_basketball_03-16-23_01_18/1063/codes/E0.pt,hf_tensor_artifacts_review,235983,"intermediate, redundant shard, synthetic diagnostic or local-only file"
exp/e7_minimal_ablation/v1/dev/unc_basketball_03-16-23_01_18/1063/codes/E1.pt,hf_tensor_artifacts_review,12319139,"intermediate, redundant shard, synthetic diagnostic or local-only file"
exp/e7_minimal_ablation/v1/dev/unc_basketball_03-16-23_01_18/1063/codes/E2.pt,hf_tensor_artifacts_review,235983,"intermediate, redundant shard, synthetic diagnostic or local-only file"
exp/e7_minimal_ablation/v1/dev/unc_basketball_03-16-23_01_18/1063/codes/E3.pt,hf_tensor_artifacts_review,12319139,"intermediate, redundant shard, synthetic diagnostic or local-only file"
exp/e7_minimal_ablation/v1/dev/unc_basketball_03-16-23_01_18/1063/metrics.pt,hf_tensor_artifacts_review,269429,"intermediate, redundant shard, synthetic diagnostic or local-only file"
exp/e7_minimal_ablation/v1/dev/unc_basketball_03-16-23_01_18/1063/progress.json,github_experiment_metadata,123,GitHub lightweight record or source
exp/e7_minimal_ablation/v1/dev/unc_basketball_03-16-23_01_18/1064/codes/E0.pt,hf_tensor_artifacts_review,235983,"intermediate, redundant shard, synthetic diagnostic or local-only file"
exp/e7_minimal_ablation/v1/dev/unc_basketball_03-16-23_01_18/1064/codes/E1.pt,hf_tensor_artifacts_review,12319139,"intermediate, redundant shard, synthetic diagnostic or local-only file"
exp/e7_minimal_ablation/v1/dev/unc_basketball_03-16-23_01_18/1064/codes/E2.pt,hf_tensor_artifacts_review,235983,"intermediate, redundant shard, synthetic diagnostic or local-only file"
exp/e7_minimal_ablation/v1/dev/unc_basketball_03-16-23_01_18/1064/codes/E3.pt,hf_tensor_artifacts_review,12319139,"intermediate, redundant shard, synthetic diagnostic or local-only file"
exp/e7_minimal_ablation/v1/dev/unc_basketball_03-16-23_01_18/1064/metrics.pt,hf_tensor_artifacts_review,269429,"intermediate, redundant shard, synthetic diagnostic or local-only file"
exp/e7_minimal_ablation/v1/dev/unc_basketball_03-16-23_01_18/1064/progress.json,github_experiment_metadata,123,GitHub lightweight record or source
exp/e7_minimal_ablation/v1/dev/uniandes_dance_011_27/1062/codes/E0.pt,hf_tensor_artifacts_review,235983,"intermediate, redundant shard, synthetic diagnostic or local-only file"
exp/e7_minimal_ablation/v1/dev/uniandes_dance_011_27/1062/codes/E1.pt,hf_tensor_artifacts_review,12319139,"intermediate, redundant shard, synthetic diagnostic or local-only file"
exp/e7_minimal_ablation/v1/dev/uniandes_dance_011_27/1062/codes/E2.pt,hf_tensor_artifacts_review,235983,"intermediate, redundant shard, synthetic diagnostic or local-only file"
exp/e7_minimal_ablation/v1/dev/uniandes_dance_011_27/1062/codes/E3.pt,hf_tensor_artifacts_review,12319139,"intermediate, redundant shard, synthetic diagnostic or local-only file"
exp/e7_minimal_ablation/v1/dev/uniandes_dance_011_27/1062/metrics.pt,hf_tensor_artifacts_review,269429,"intermediate, redundant shard, synthetic diagnostic or local-only file"
exp/e7_minimal_ablation/v1/dev/uniandes_dance_011_27/1062/progress.json,github_experiment_metadata,115,GitHub lightweight record or source
exp/e7_minimal_ablation/v1/dev/uniandes_dance_011_27/1063/codes/E0.pt,hf_tensor_artifacts_review,235983,"intermediate, redundant shard, synthetic diagnostic or local-only file"
exp/e7_minimal_ablation/v1/dev/uniandes_dance_011_27/1063/codes/E1.pt,hf_tensor_artifacts_review,12319139,"intermediate, redundant shard, synthetic diagnostic or local-only file"
exp/e7_minimal_ablation/v1/dev/uniandes_dance_011_27/1063/codes/E2.pt,hf_tensor_artifacts_review,235983,"intermediate, redundant shard, synthetic diagnostic or local-only file"
exp/e7_minimal_ablation/v1/dev/uniandes_dance_011_27/1063/codes/E3.pt,hf_tensor_artifacts_review,12319139,"intermediate, redundant shard, synthetic diagnostic or local-only file"
exp/e7_minimal_ablation/v1/dev/uniandes_dance_011_27/1063/metrics.pt,hf_tensor_artifacts_review,269429,"intermediate, redundant shard, synthetic diagnostic or local-only file"
exp/e7_minimal_ablation/v1/dev/uniandes_dance_011_27/1063/progress.json,github_experiment_metadata,115,GitHub lightweight record or source
exp/e7_minimal_ablation/v1/dev/uniandes_dance_011_27/1064/codes/E0.pt,hf_tensor_artifacts_review,235983,"intermediate, redundant shard, synthetic diagnostic or local-only file"
exp/e7_minimal_ablation/v1/dev/uniandes_dance_011_27/1064/codes/E1.pt,hf_tensor_artifacts_review,12319139,"intermediate, redundant shard, synthetic diagnostic or local-only file"
exp/e7_minimal_ablation/v1/dev/uniandes_dance_011_27/1064/codes/E2.pt,hf_tensor_artifacts_review,235983,"intermediate, redundant shard, synthetic diagnostic or local-only file"
exp/e7_minimal_ablation/v1/dev/uniandes_dance_011_27/1064/codes/E3.pt,hf_tensor_artifacts_review,12319139,"intermediate, redundant shard, synthetic diagnostic or local-only file"
exp/e7_minimal_ablation/v1/dev/uniandes_dance_011_27/1064/metrics.pt,hf_tensor_artifacts_review,269429,"intermediate, redundant shard, synthetic diagnostic or local-only file"
exp/e7_minimal_ablation/v1/dev/uniandes_dance_011_27/1064/progress.json,github_experiment_metadata,115,GitHub lightweight record or source
exp/e7_minimal_ablation/v1/dev/uniandes_dance_012_15/1062/codes/E0.pt,hf_tensor_artifacts_review,235983,"intermediate, redundant shard, synthetic diagnostic or local-only file"
exp/e7_minimal_ablation/v1/dev/uniandes_dance_012_15/1062/codes/E1.pt,hf_tensor_artifacts_review,12319139,"intermediate, redundant shard, synthetic diagnostic or local-only file"
exp/e7_minimal_ablation/v1/dev/uniandes_dance_012_15/1062/codes/E2.pt,hf_tensor_artifacts_review,235983,"intermediate, redundant shard, synthetic diagnostic or local-only file"
exp/e7_minimal_ablation/v1/dev/uniandes_dance_012_15/1062/codes/E3.pt,hf_tensor_artifacts_review,12319139,"intermediate, redundant shard, synthetic diagnostic or local-only file"
exp/e7_minimal_ablation/v1/dev/uniandes_dance_012_15/1062/metrics.pt,hf_tensor_artifacts_review,269429,"intermediate, redundant shard, synthetic diagnostic or local-only file"
exp/e7_minimal_ablation/v1/dev/uniandes_dance_012_15/1062/progress.json,github_experiment_metadata,115,GitHub lightweight record or source
exp/e7_minimal_ablation/v1/dev/uniandes_dance_012_15/1063/codes/E0.pt,hf_tensor_artifacts_review,235983,"intermediate, redundant shard, synthetic diagnostic or local-only file"
exp/e7_minimal_ablation/v1/dev/uniandes_dance_012_15/1063/codes/E1.pt,hf_tensor_artifacts_review,12319139,"intermediate, redundant shard, synthetic diagnostic or local-only file"
exp/e7_minimal_ablation/v1/dev/uniandes_dance_012_15/1063/codes/E2.pt,hf_tensor_artifacts_review,235983,"intermediate, redundant shard, synthetic diagnostic or local-only file"
exp/e7_minimal_ablation/v1/dev/uniandes_dance_012_15/1063/codes/E3.pt,hf_tensor_artifacts_review,12319139,"intermediate, redundant shard, synthetic diagnostic or local-only file"
exp/e7_minimal_ablation/v1/dev/uniandes_dance_012_15/1063/metrics.pt,hf_tensor_artifacts_review,269429,"intermediate, redundant shard, synthetic diagnostic or local-only file"
exp/e7_minimal_ablation/v1/dev/uniandes_dance_012_15/1063/progress.json,github_experiment_metadata,115,GitHub lightweight record or source
exp/e7_minimal_ablation/v1/dev/uniandes_dance_012_15/1064/codes/E0.pt,hf_tensor_artifacts_review,235983,"intermediate, redundant shard, synthetic diagnostic or local-only file"
exp/e7_minimal_ablation/v1/dev/uniandes_dance_012_15/1064/codes/E1.pt,hf_tensor_artifacts_review,12319139,"intermediate, redundant shard, synthetic diagnostic or local-only file"
exp/e7_minimal_ablation/v1/dev/uniandes_dance_012_15/1064/codes/E2.pt,hf_tensor_artifacts_review,235983,"intermediate, redundant shard, synthetic diagnostic or local-only file"
exp/e7_minimal_ablation/v1/dev/uniandes_dance_012_15/1064/codes/E3.pt,hf_tensor_artifacts_review,12319139,"intermediate, redundant shard, synthetic diagnostic or local-only file"
exp/e7_minimal_ablation/v1/dev/uniandes_dance_012_15/1064/metrics.pt,hf_tensor_artifacts_review,269429,"intermediate, redundant shard, synthetic diagnostic or local-only file"
exp/e7_minimal_ablation/v1/dev/uniandes_dance_012_15/1064/progress.json,github_experiment_metadata,115,GitHub lightweight record or source
exp/e7_minimal_ablation/v1/dev/upenn_0725_Duet_Violin_1_2_8/1062/codes/E0.pt,hf_tensor_artifacts_review,235983,"intermediate, redundant shard, synthetic diagnostic or local-only file"
exp/e7_minimal_ablation/v1/dev/upenn_0725_Duet_Violin_1_2_8/1062/codes/E1.pt,hf_tensor_artifacts_review,12319139,"intermediate, redundant shard, synthetic diagnostic or local-only file"
exp/e7_minimal_ablation/v1/dev/upenn_0725_Duet_Violin_1_2_8/1062/codes/E2.pt,hf_tensor_artifacts_review,235983,"intermediate, redundant shard, synthetic diagnostic or local-only file"
exp/e7_minimal_ablation/v1/dev/upenn_0725_Duet_Violin_1_2_8/1062/codes/E3.pt,hf_tensor_artifacts_review,12319139,"intermediate, redundant shard, synthetic diagnostic or local-only file"
exp/e7_minimal_ablation/v1/dev/upenn_0725_Duet_Violin_1_2_8/1062/metrics.pt,hf_tensor_artifacts_review,269429,"intermediate, redundant shard, synthetic diagnostic or local-only file"
exp/e7_minimal_ablation/v1/dev/upenn_0725_Duet_Violin_1_2_8/1062/progress.json,github_experiment_metadata,122,GitHub lightweight record or source
exp/e7_minimal_ablation/v1/dev/upenn_0725_Duet_Violin_1_2_8/1063/codes/E0.pt,hf_tensor_artifacts_review,235983,"intermediate, redundant shard, synthetic diagnostic or local-only file"
exp/e7_minimal_ablation/v1/dev/upenn_0725_Duet_Violin_1_2_8/1063/codes/E1.pt,hf_tensor_artifacts_review,12319139,"intermediate, redundant shard, synthetic diagnostic or local-only file"
exp/e7_minimal_ablation/v1/dev/upenn_0725_Duet_Violin_1_2_8/1063/codes/E2.pt,hf_tensor_artifacts_review,235983,"intermediate, redundant shard, synthetic diagnostic or local-only file"
exp/e7_minimal_ablation/v1/dev/upenn_0725_Duet_Violin_1_2_8/1063/codes/E3.pt,hf_tensor_artifacts_review,12319139,"intermediate, redundant shard, synthetic diagnostic or local-only file"
exp/e7_minimal_ablation/v1/dev/upenn_0725_Duet_Violin_1_2_8/1063/metrics.pt,hf_tensor_artifacts_review,269429,"intermediate, redundant shard, synthetic diagnostic or local-only file"
exp/e7_minimal_ablation/v1/dev/upenn_0725_Duet_Violin_1_2_8/1063/progress.json,github_experiment_metadata,122,GitHub lightweight record or source
exp/e7_minimal_ablation/v1/dev/upenn_0725_Duet_Violin_1_2_8/1064/codes/E0.pt,hf_tensor_artifacts_review,235983,"intermediate, redundant shard, synthetic diagnostic or local-only file"
exp/e7_minimal_ablation/v1/dev/upenn_0725_Duet_Violin_1_2_8/1064/codes/E1.pt,hf_tensor_artifacts_review,12319139,"intermediate, redundant shard, synthetic diagnostic or local-only file"
exp/e7_minimal_ablation/v1/dev/upenn_0725_Duet_Violin_1_2_8/1064/codes/E2.pt,hf_tensor_artifacts_review,235983,"intermediate, redundant shard, synthetic diagnostic or local-only file"
exp/e7_minimal_ablation/v1/dev/upenn_0725_Duet_Violin_1_2_8/1064/codes/E3.pt,hf_tensor_artifacts_review,12319139,"intermediate, redundant shard, synthetic diagnostic or local-only file"
exp/e7_minimal_ablation/v1/dev/upenn_0725_Duet_Violin_1_2_8/1064/metrics.pt,hf_tensor_artifacts_review,269429,"intermediate, redundant shard, synthetic diagnostic or local-only file"
exp/e7_minimal_ablation/v1/dev/upenn_0725_Duet_Violin_1_2_8/1064/progress.json,github_experiment_metadata,122,GitHub lightweight record or source
exp/e7_minimal_ablation/v1/jobs/shard0.log,hf_logs_private,1723,GitHub lightweight record or source
exp/e7_minimal_ablation/v1/jobs/shard1.log,hf_logs_private,1627,GitHub lightweight record or source
exp/e7_minimal_ablation/v1/jobs/shard2.log,hf_logs_private,1699,GitHub lightweight record or source
exp/e7_minimal_ablation/v1/jobs/shard3.log,hf_logs_private,1771,GitHub lightweight record or source
exp/e7_minimal_ablation/v1/jobs/smoke.log,hf_logs_private,3050,GitHub lightweight record or source
exp/e7_minimal_ablation/v1/jobs/summarize.log,hf_logs_private,0,GitHub lightweight record or source
exp/e7_minimal_ablation/v1/jobs/verify.log,hf_logs_private,5859,GitHub lightweight record or source
exp/e7_minimal_ablation/v1/matrix.json,github_experiment_metadata,891,GitHub lightweight record or source
exp/e7_minimal_ablation/v1/queue.json,github_experiment_metadata,532,GitHub lightweight record or source
exp/e7_minimal_ablation/v1/smoke/cmu_soccer07_1/1062/codes/E0.pt,hf_tensor_artifacts_review,235983,"intermediate, redundant shard, synthetic diagnostic or local-only file"
exp/e7_minimal_ablation/v1/smoke/cmu_soccer07_1/1062/codes/E1.pt,hf_tensor_artifacts_review,451575,"intermediate, redundant shard, synthetic diagnostic or local-only file"
exp/e7_minimal_ablation/v1/smoke/cmu_soccer07_1/1062/codes/E2.pt,hf_tensor_artifacts_review,235983,"intermediate, redundant shard, synthetic diagnostic or local-only file"
exp/e7_minimal_ablation/v1/smoke/cmu_soccer07_1/1062/codes/E3.pt,hf_tensor_artifacts_review,451575,"intermediate, redundant shard, synthetic diagnostic or local-only file"
exp/e7_minimal_ablation/v1/smoke/cmu_soccer07_1/1062/metrics.pt,hf_tensor_artifacts_review,19829,"intermediate, redundant shard, synthetic diagnostic or local-only file"
exp/e7_minimal_ablation/v1/smoke/cmu_soccer07_1/1062/progress.json,github_experiment_metadata,108,GitHub lightweight record or source
exp/e7_minimal_ablation/v1/smoke/cmu_soccer11_2/1062/codes/E0.pt,hf_tensor_artifacts_review,235983,"intermediate, redundant shard, synthetic diagnostic or local-only file"
exp/e7_minimal_ablation/v1/smoke/cmu_soccer11_2/1062/codes/E1.pt,hf_tensor_artifacts_review,451575,"intermediate, redundant shard, synthetic diagnostic or local-only file"
exp/e7_minimal_ablation/v1/smoke/cmu_soccer11_2/1062/codes/E2.pt,hf_tensor_artifacts_review,235983,"intermediate, redundant shard, synthetic diagnostic or local-only file"
exp/e7_minimal_ablation/v1/smoke/cmu_soccer11_2/1062/codes/E3.pt,hf_tensor_artifacts_review,451575,"intermediate, redundant shard, synthetic diagnostic or local-only file"
exp/e7_minimal_ablation/v1/smoke/cmu_soccer11_2/1062/metrics.pt,hf_tensor_artifacts_review,19829,"intermediate, redundant shard, synthetic diagnostic or local-only file"
exp/e7_minimal_ablation/v1/smoke/cmu_soccer11_2/1062/progress.json,github_experiment_metadata,108,GitHub lightweight record or source
exp/e7_minimal_ablation/v1/smoke/shard0.json,github_experiment_metadata,915,GitHub lightweight record or source
exp/e7_minimal_ablation/v1/summary.json,github_experiment_metadata,92046,GitHub lightweight record or source
exp/e7_minimal_ablation/v1/verification.json,github_experiment_metadata,2919,GitHub lightweight record or source
exp/egorecover_closed_loop_v0/report.json,github_experiment_metadata,1381,GitHub lightweight record or source
exp/egorecover_closed_loop_v0_diagnosis/report.json,github_experiment_metadata,556,GitHub lightweight record or source
exp/egorecover_closed_loop_v1/report.json,github_experiment_metadata,1783,GitHub lightweight record or source
exp/egorecover_closed_loop_v1_numeric_diagnosis/report.json,github_experiment_metadata,616,GitHub lightweight record or source
exp/egorecover_closed_loop_v1_planar_production/gaussian_clean.pt,hf_tensor_artifacts_review,414310,"intermediate, redundant shard, synthetic diagnostic or local-only file"
exp/egorecover_closed_loop_v1_planar_production/gaussian_drift_0p03mps.pt,hf_tensor_artifacts_review,414462,"intermediate, redundant shard, synthetic diagnostic or local-only file"
exp/egorecover_closed_loop_v1_planar_production/gaussian_freeze_3s.pt,hf_tensor_artifacts_review,414354,"intermediate, redundant shard, synthetic diagnostic or local-only file"
exp/egorecover_closed_loop_v1_planar_production/history_clean.pt,hf_tensor_artifacts_review,414299,"intermediate, redundant shard, synthetic diagnostic or local-only file"
exp/egorecover_closed_loop_v1_planar_production/history_drift_0p03mps.pt,hf_tensor_artifacts_review,414387,"intermediate, redundant shard, synthetic diagnostic or local-only file"
exp/egorecover_closed_loop_v1_planar_production/history_freeze_3s.pt,hf_tensor_artifacts_review,414343,"intermediate, redundant shard, synthetic diagnostic or local-only file"
exp/egorecover_closed_loop_v1_planar_production/report.json,github_experiment_metadata,4021,GitHub lightweight record or source
exp/egorecover_closed_loop_v1_projection_fix/report.json,github_experiment_metadata,510,GitHub lightweight record or source
exp/egorecover_closed_loop_v2_clean/body_baselines.json,github_experiment_metadata,586,GitHub lightweight record or source
exp/egorecover_closed_loop_v2_clean/gaussian_clean.pt,hf_tensor_artifacts_review,419817,"intermediate, redundant shard, synthetic diagnostic or local-only file"
exp/egorecover_closed_loop_v2_clean/history_clean.pt,hf_tensor_artifacts_review,419805,"intermediate, redundant shard, synthetic diagnostic or local-only file"
exp/egorecover_closed_loop_v2_clean/report.json,github_experiment_metadata,1718,GitHub lightweight record or source
exp/egorecover_closed_loop_v3_take0/body_baselines.json,github_experiment_metadata,586,GitHub lightweight record or source
exp/egorecover_closed_loop_v3_take0/gaussian_clean.pt,hf_tensor_artifacts_review,419817,"intermediate, redundant shard, synthetic diagnostic or local-only file"
exp/egorecover_closed_loop_v3_take0/gaussian_drift_0p03mps.pt,hf_tensor_artifacts_review,419977,"intermediate, redundant shard, synthetic diagnostic or local-only file"
exp/egorecover_closed_loop_v3_take0/gaussian_freeze_3s.pt,hf_tensor_artifacts_review,419865,"intermediate, redundant shard, synthetic diagnostic or local-only file"
exp/egorecover_closed_loop_v3_take0/history_clean.pt,hf_tensor_artifacts_review,419805,"intermediate, redundant shard, synthetic diagnostic or local-only file"
exp/egorecover_closed_loop_v3_take0/history_drift_0p03mps.pt,hf_tensor_artifacts_review,419901,"intermediate, redundant shard, synthetic diagnostic or local-only file"
exp/egorecover_closed_loop_v3_take0/history_freeze_3s.pt,hf_tensor_artifacts_review,419853,"intermediate, redundant shard, synthetic diagnostic or local-only file"
exp/egorecover_closed_loop_v3_take0/report.json,github_experiment_metadata,4316,GitHub lightweight record or source
exp/egorecover_closed_loop_v3_take0/smplx_geometry.json,github_experiment_metadata,25150,GitHub lightweight record or source
exp/egorecover_closed_loop_v3_take1/body_baselines.json,github_experiment_metadata,591,GitHub lightweight record or source
exp/egorecover_closed_loop_v3_take1/gaussian_clean.pt,hf_tensor_artifacts_review,419817,"intermediate, redundant shard, synthetic diagnostic or local-only file"
exp/egorecover_closed_loop_v3_take1/gaussian_drift_0p03mps.pt,hf_tensor_artifacts_review,419977,"intermediate, redundant shard, synthetic diagnostic or local-only file"
exp/egorecover_closed_loop_v3_take1/gaussian_freeze_3s.pt,hf_tensor_artifacts_review,419865,"intermediate, redundant shard, synthetic diagnostic or local-only file"
exp/egorecover_closed_loop_v3_take1/history_clean.pt,hf_tensor_artifacts_review,419805,"intermediate, redundant shard, synthetic diagnostic or local-only file"
exp/egorecover_closed_loop_v3_take1/history_drift_0p03mps.pt,hf_tensor_artifacts_review,419901,"intermediate, redundant shard, synthetic diagnostic or local-only file"
exp/egorecover_closed_loop_v3_take1/history_freeze_3s.pt,hf_tensor_artifacts_review,419853,"intermediate, redundant shard, synthetic diagnostic or local-only file"
exp/egorecover_closed_loop_v3_take1/report.json,github_experiment_metadata,4302,GitHub lightweight record or source
exp/egorecover_closed_loop_v3_take1/smplx_geometry.json,github_experiment_metadata,25301,GitHub lightweight record or source
exp/egorecover_diagnosis_dev_geometry_v1/report.json,github_experiment_metadata,12219,GitHub lightweight record or source
exp/egorecover_diagnosis_geometry_v1/report.json,github_experiment_metadata,436928,GitHub lightweight record or source
exp/egorecover_diagnosis_planar_seed63/report.json,github_experiment_metadata,235234,GitHub lightweight record or source
exp/egorecover_diagnosis_planar_take2/report.json,github_experiment_metadata,231876,GitHub lightweight record or source
exp/egorecover_diagnosis_train_v1/report.json,github_experiment_metadata,12261,GitHub lightweight record or source
exp/egorecover_diagnosis_v1/report.json,github_experiment_metadata,522907,GitHub lightweight record or source
exp/egorecover_engineering_v0/baselines.json,github_experiment_metadata,616,GitHub lightweight record or source
exp/egorecover_engineering_v0/report.json,github_experiment_metadata,8748,GitHub lightweight record or source
exp/egorecover_engineering_v1/baselines.json,github_experiment_metadata,617,GitHub lightweight record or source
exp/egorecover_engineering_v1/report.json,github_experiment_metadata,16684,GitHub lightweight record or source
exp/egorecover_engineering_v2/baselines.json,github_experiment_metadata,647,GitHub lightweight record or source
exp/egorecover_engineering_v2/report.json,github_experiment_metadata,18783,GitHub lightweight record or source
exp/egorecover_engineering_v3/baselines.json,github_experiment_metadata,647,GitHub lightweight record or source
exp/egorecover_engineering_v3/report.json,github_experiment_metadata,20317,GitHub lightweight record or source
exp/egorecover_g_observation/v2/verification/e7_observation_length.json,github_experiment_metadata,36181,GitHub lightweight record or source
exp/egorecover_g_observation/v2/verification/e7_observation_length.log,hf_logs_private,1178,GitHub lightweight record or source
exp/egorecover_g_observation/v2/verification/e7_observation_length.protocol.json,github_experiment_metadata,1009,GitHub lightweight record or source
exp/egorecover_g_pretraining/v1/RESULTS.md,github_experiment_metadata,2047,GitHub lightweight record or source
exp/egorecover_g_pretraining/v1/T0/seed62/dev/10000.pt,hf_tensor_artifacts_review,1558909,"intermediate, redundant shard, synthetic diagnostic or local-only file"
exp/egorecover_g_pretraining/v1/T0/seed62/dev/12000.pt,hf_tensor_artifacts_review,1558909,"intermediate, redundant shard, synthetic diagnostic or local-only file"
exp/egorecover_g_pretraining/v1/T0/seed62/dev/14000.pt,hf_tensor_artifacts_review,1558909,"intermediate, redundant shard, synthetic diagnostic or local-only file"
exp/egorecover_g_pretraining/v1/T0/seed62/dev/16000.pt,hf_tensor_artifacts_review,1558909,"intermediate, redundant shard, synthetic diagnostic or local-only file"
exp/egorecover_g_pretraining/v1/T0/seed62/dev/18000.pt,hf_tensor_artifacts_review,1558909,"intermediate, redundant shard, synthetic diagnostic or local-only file"
exp/egorecover_g_pretraining/v1/T0/seed62/dev/2000.pt,hf_tensor_artifacts_review,1558689,"intermediate, redundant shard, synthetic diagnostic or local-only file"
exp/egorecover_g_pretraining/v1/T0/seed62/dev/20000.pt,hf_tensor_artifacts_review,1558909,"intermediate, redundant shard, synthetic diagnostic or local-only file"
exp/egorecover_g_pretraining/v1/T0/seed62/dev/22000.pt,hf_tensor_artifacts_review,1558909,"intermediate, redundant shard, synthetic diagnostic or local-only file"
exp/egorecover_g_pretraining/v1/T0/seed62/dev/24000.pt,hf_tensor_artifacts_review,1558909,"intermediate, redundant shard, synthetic diagnostic or local-only file"
exp/egorecover_g_pretraining/v1/T0/seed62/dev/4000.pt,hf_tensor_artifacts_review,1558689,"intermediate, redundant shard, synthetic diagnostic or local-only file"
exp/egorecover_g_pretraining/v1/T0/seed62/dev/6000.pt,hf_tensor_artifacts_review,1558689,"intermediate, redundant shard, synthetic diagnostic or local-only file"
exp/egorecover_g_pretraining/v1/T0/seed62/dev/8000.pt,hf_tensor_artifacts_review,1558689,"intermediate, redundant shard, synthetic diagnostic or local-only file"
exp/egorecover_g_pretraining/v1/T0/seed62/identity.json,github_experiment_metadata,1779,GitHub lightweight record or source
exp/egorecover_g_pretraining/v1/T0/seed62/last.pt,hf_model_checkpoints,386078239,initial/last/smoke/failed/interrupted or inactive optimizer state
exp/egorecover_g_pretraining/v1/T0/seed62/progress.json,github_experiment_metadata,302,GitHub lightweight record or source
exp/egorecover_g_pretraining/v1/T0/seed62/report.json,github_experiment_metadata,2214,GitHub lightweight record or source
exp/egorecover_g_pretraining/v1/T0/seed62/resume.pt,hf_training_resume,1462906632,initial/last/smoke/failed/interrupted or inactive optimizer state
exp/egorecover_g_pretraining/v1/T0/seed62/selection.json,github_experiment_metadata,136187,GitHub lightweight record or source
exp/egorecover_g_pretraining/v1/T0/seed62/test/last_nfe10_draw1062.pt,hf_tensor_artifacts_review,21644387,"intermediate, redundant shard, synthetic diagnostic or local-only file"
exp/egorecover_g_pretraining/v1/T0/seed62/test/minimal_report.json,github_experiment_metadata,200,GitHub lightweight record or source
exp/egorecover_g_pretraining/v1/T0/seed63/dev/10000.pt,hf_tensor_artifacts_review,1558909,"intermediate, redundant shard, synthetic diagnostic or local-only file"
exp/egorecover_g_pretraining/v1/T0/seed63/dev/12000.pt,hf_tensor_artifacts_review,1558909,"intermediate, redundant shard, synthetic diagnostic or local-only file"
exp/egorecover_g_pretraining/v1/T0/seed63/dev/14000.pt,hf_tensor_artifacts_review,1558909,"intermediate, redundant shard, synthetic diagnostic or local-only file"
exp/egorecover_g_pretraining/v1/T0/seed63/dev/16000.pt,hf_tensor_artifacts_review,1558909,"intermediate, redundant shard, synthetic diagnostic or local-only file"
exp/egorecover_g_pretraining/v1/T0/seed63/dev/18000.pt,hf_tensor_artifacts_review,1558909,"intermediate, redundant shard, synthetic diagnostic or local-only file"
exp/egorecover_g_pretraining/v1/T0/seed63/dev/2000.pt,hf_tensor_artifacts_review,1558689,"intermediate, redundant shard, synthetic diagnostic or local-only file"
exp/egorecover_g_pretraining/v1/T0/seed63/dev/20000.pt,hf_tensor_artifacts_review,1558909,"intermediate, redundant shard, synthetic diagnostic or local-only file"
exp/egorecover_g_pretraining/v1/T0/seed63/dev/22000.pt,hf_tensor_artifacts_review,1558909,"intermediate, redundant shard, synthetic diagnostic or local-only file"
exp/egorecover_g_pretraining/v1/T0/seed63/dev/24000.pt,hf_tensor_artifacts_review,1558909,"intermediate, redundant shard, synthetic diagnostic or local-only file"
exp/egorecover_g_pretraining/v1/T0/seed63/dev/4000.pt,hf_tensor_artifacts_review,1558689,"intermediate, redundant shard, synthetic diagnostic or local-only file"
exp/egorecover_g_pretraining/v1/T0/seed63/dev/6000.pt,hf_tensor_artifacts_review,1558689,"intermediate, redundant shard, synthetic diagnostic or local-only file"
exp/egorecover_g_pretraining/v1/T0/seed63/dev/8000.pt,hf_tensor_artifacts_review,1558689,"intermediate, redundant shard, synthetic diagnostic or local-only file"
exp/egorecover_g_pretraining/v1/T0/seed63/identity.json,github_experiment_metadata,1779,GitHub lightweight record or source
exp/egorecover_g_pretraining/v1/T0/seed63/last.pt,hf_model_checkpoints,386078239,initial/last/smoke/failed/interrupted or inactive optimizer state
exp/egorecover_g_pretraining/v1/T0/seed63/progress.json,github_experiment_metadata,302,GitHub lightweight record or source
exp/egorecover_g_pretraining/v1/T0/seed63/report.json,github_experiment_metadata,2213,GitHub lightweight record or source
exp/egorecover_g_pretraining/v1/T0/seed63/resume.pt,hf_training_resume,1462906632,initial/last/smoke/failed/interrupted or inactive optimizer state
exp/egorecover_g_pretraining/v1/T0/seed63/selection.json,github_experiment_metadata,136246,GitHub lightweight record or source
exp/egorecover_g_pretraining/v1/T0/seed63/test/minimal_report.json,github_experiment_metadata,200,GitHub lightweight record or source
exp/egorecover_g_pretraining/v1/T0/seed64/dev/10000.pt,hf_tensor_artifacts_review,1558909,"intermediate, redundant shard, synthetic diagnostic or local-only file"
exp/egorecover_g_pretraining/v1/T0/seed64/dev/12000.pt,hf_tensor_artifacts_review,1558909,"intermediate, redundant shard, synthetic diagnostic or local-only file"
exp/egorecover_g_pretraining/v1/T0/seed64/dev/14000.pt,hf_tensor_artifacts_review,1558909,"intermediate, redundant shard, synthetic diagnostic or local-only file"
exp/egorecover_g_pretraining/v1/T0/seed64/dev/16000.pt,hf_tensor_artifacts_review,1558909,"intermediate, redundant shard, synthetic diagnostic or local-only file"
exp/egorecover_g_pretraining/v1/T0/seed64/dev/18000.pt,hf_tensor_artifacts_review,1558909,"intermediate, redundant shard, synthetic diagnostic or local-only file"
exp/egorecover_g_pretraining/v1/T0/seed64/dev/2000.pt,hf_tensor_artifacts_review,1558689,"intermediate, redundant shard, synthetic diagnostic or local-only file"
exp/egorecover_g_pretraining/v1/T0/seed64/dev/20000.pt,hf_tensor_artifacts_review,1558909,"intermediate, redundant shard, synthetic diagnostic or local-only file"
exp/egorecover_g_pretraining/v1/T0/seed64/dev/22000.pt,hf_tensor_artifacts_review,1558909,"intermediate, redundant shard, synthetic diagnostic or local-only file"
exp/egorecover_g_pretraining/v1/T0/seed64/dev/24000.pt,hf_tensor_artifacts_review,1558909,"intermediate, redundant shard, synthetic diagnostic or local-only file"
exp/egorecover_g_pretraining/v1/T0/seed64/dev/4000.pt,hf_tensor_artifacts_review,1558689,"intermediate, redundant shard, synthetic diagnostic or local-only file"
exp/egorecover_g_pretraining/v1/T0/seed64/dev/6000.pt,hf_tensor_artifacts_review,1558689,"intermediate, redundant shard, synthetic diagnostic or local-only file"
exp/egorecover_g_pretraining/v1/T0/seed64/dev/8000.pt,hf_tensor_artifacts_review,1558689,"intermediate, redundant shard, synthetic diagnostic or local-only file"
exp/egorecover_g_pretraining/v1/T0/seed64/identity.json,github_experiment_metadata,1779,GitHub lightweight record or source
exp/egorecover_g_pretraining/v1/T0/seed64/last.pt,hf_model_checkpoints,386078239,initial/last/smoke/failed/interrupted or inactive optimizer state
exp/egorecover_g_pretraining/v1/T0/seed64/progress.json,github_experiment_metadata,299,GitHub lightweight record or source
exp/egorecover_g_pretraining/v1/T0/seed64/report.json,github_experiment_metadata,2214,GitHub lightweight record or source
exp/egorecover_g_pretraining/v1/T0/seed64/resume.pt,hf_training_resume,1462906632,initial/last/smoke/failed/interrupted or inactive optimizer state
exp/egorecover_g_pretraining/v1/T0/seed64/selection.json,github_experiment_metadata,136278,GitHub lightweight record or source
exp/egorecover_g_pretraining/v1/T0/seed64/test/minimal_report.json,github_experiment_metadata,198,GitHub lightweight record or source
exp/egorecover_g_pretraining/v1/T1/seed62/dev/10000.pt,hf_tensor_artifacts_review,1558909,"intermediate, redundant shard, synthetic diagnostic or local-only file"
exp/egorecover_g_pretraining/v1/T1/seed62/dev/12000.pt,hf_tensor_artifacts_review,1558909,"intermediate, redundant shard, synthetic diagnostic or local-only file"
exp/egorecover_g_pretraining/v1/T1/seed62/dev/14000.pt,hf_tensor_artifacts_review,1558909,"intermediate, redundant shard, synthetic diagnostic or local-only file"
exp/egorecover_g_pretraining/v1/T1/seed62/dev/16000.pt,hf_tensor_artifacts_review,1558909,"intermediate, redundant shard, synthetic diagnostic or local-only file"
exp/egorecover_g_pretraining/v1/T1/seed62/dev/18000.pt,hf_tensor_artifacts_review,1558909,"intermediate, redundant shard, synthetic diagnostic or local-only file"
exp/egorecover_g_pretraining/v1/T1/seed62/dev/2000.pt,hf_tensor_artifacts_review,1558689,"intermediate, redundant shard, synthetic diagnostic or local-only file"
exp/egorecover_g_pretraining/v1/T1/seed62/dev/20000.pt,hf_tensor_artifacts_review,1558909,"intermediate, redundant shard, synthetic diagnostic or local-only file"
exp/egorecover_g_pretraining/v1/T1/seed62/dev/22000.pt,hf_tensor_artifacts_review,1558909,"intermediate, redundant shard, synthetic diagnostic or local-only file"
exp/egorecover_g_pretraining/v1/T1/seed62/dev/24000.pt,hf_tensor_artifacts_review,1558909,"intermediate, redundant shard, synthetic diagnostic or local-only file"
exp/egorecover_g_pretraining/v1/T1/seed62/dev/4000.pt,hf_tensor_artifacts_review,1558689,"intermediate, redundant shard, synthetic diagnostic or local-only file"
exp/egorecover_g_pretraining/v1/T1/seed62/dev/6000.pt,hf_tensor_artifacts_review,1558689,"intermediate, redundant shard, synthetic diagnostic or local-only file"
exp/egorecover_g_pretraining/v1/T1/seed62/dev/8000.pt,hf_tensor_artifacts_review,1558689,"intermediate, redundant shard, synthetic diagnostic or local-only file"
exp/egorecover_g_pretraining/v1/T1/seed62/identity.json,github_experiment_metadata,1779,GitHub lightweight record or source
exp/egorecover_g_pretraining/v1/T1/seed62/last.pt,hf_model_checkpoints,386078239,initial/last/smoke/failed/interrupted or inactive optimizer state
exp/egorecover_g_pretraining/v1/T1/seed62/progress.json,github_experiment_metadata,303,GitHub lightweight record or source
exp/egorecover_g_pretraining/v1/T1/seed62/report.json,github_experiment_metadata,2214,GitHub lightweight record or source
exp/egorecover_g_pretraining/v1/T1/seed62/resume.pt,hf_training_resume,1462906632,initial/last/smoke/failed/interrupted or inactive optimizer state
exp/egorecover_g_pretraining/v1/T1/seed62/selection.json,github_experiment_metadata,136310,GitHub lightweight record or source
exp/egorecover_g_pretraining/v1/T1/seed62/test/last_nfe10_draw1062.pt,hf_tensor_artifacts_review,21644387,"intermediate, redundant shard, synthetic diagnostic or local-only file"
exp/egorecover_g_pretraining/v1/T1/seed62/test/minimal_report.json,github_experiment_metadata,198,GitHub lightweight record or source
exp/egorecover_g_pretraining/v1/T1/seed63/dev/10000.pt,hf_tensor_artifacts_review,1558909,"intermediate, redundant shard, synthetic diagnostic or local-only file"
exp/egorecover_g_pretraining/v1/T1/seed63/dev/12000.pt,hf_tensor_artifacts_review,1558909,"intermediate, redundant shard, synthetic diagnostic or local-only file"
exp/egorecover_g_pretraining/v1/T1/seed63/dev/14000.pt,hf_tensor_artifacts_review,1558909,"intermediate, redundant shard, synthetic diagnostic or local-only file"
exp/egorecover_g_pretraining/v1/T1/seed63/dev/16000.pt,hf_tensor_artifacts_review,1558909,"intermediate, redundant shard, synthetic diagnostic or local-only file"
exp/egorecover_g_pretraining/v1/T1/seed63/dev/18000.pt,hf_tensor_artifacts_review,1558909,"intermediate, redundant shard, synthetic diagnostic or local-only file"
exp/egorecover_g_pretraining/v1/T1/seed63/dev/2000.pt,hf_tensor_artifacts_review,1558689,"intermediate, redundant shard, synthetic diagnostic or local-only file"
exp/egorecover_g_pretraining/v1/T1/seed63/dev/20000.pt,hf_tensor_artifacts_review,1558909,"intermediate, redundant shard, synthetic diagnostic or local-only file"
exp/egorecover_g_pretraining/v1/T1/seed63/dev/22000.pt,hf_tensor_artifacts_review,1558909,"intermediate, redundant shard, synthetic diagnostic or local-only file"
exp/egorecover_g_pretraining/v1/T1/seed63/dev/24000.pt,hf_tensor_artifacts_review,1558909,"intermediate, redundant shard, synthetic diagnostic or local-only file"
exp/egorecover_g_pretraining/v1/T1/seed63/dev/4000.pt,hf_tensor_artifacts_review,1558689,"intermediate, redundant shard, synthetic diagnostic or local-only file"
exp/egorecover_g_pretraining/v1/T1/seed63/dev/6000.pt,hf_tensor_artifacts_review,1558689,"intermediate, redundant shard, synthetic diagnostic or local-only file"
exp/egorecover_g_pretraining/v1/T1/seed63/dev/8000.pt,hf_tensor_artifacts_review,1558689,"intermediate, redundant shard, synthetic diagnostic or local-only file"
exp/egorecover_g_pretraining/v1/T1/seed63/identity.json,github_experiment_metadata,1779,GitHub lightweight record or source
exp/egorecover_g_pretraining/v1/T1/seed63/last.pt,hf_model_checkpoints,386078239,initial/last/smoke/failed/interrupted or inactive optimizer state
exp/egorecover_g_pretraining/v1/T1/seed63/progress.json,github_experiment_metadata,301,GitHub lightweight record or source
exp/egorecover_g_pretraining/v1/T1/seed63/report.json,github_experiment_metadata,2213,GitHub lightweight record or source
exp/egorecover_g_pretraining/v1/T1/seed63/resume.pt,hf_training_resume,1462906632,initial/last/smoke/failed/interrupted or inactive optimizer state
exp/egorecover_g_pretraining/v1/T1/seed63/selection.json,github_experiment_metadata,136273,GitHub lightweight record or source
exp/egorecover_g_pretraining/v1/T1/seed63/test/minimal_report.json,github_experiment_metadata,200,GitHub lightweight record or source
exp/egorecover_g_pretraining/v1/T1/seed64/dev/10000.pt,hf_tensor_artifacts_review,1558909,"intermediate, redundant shard, synthetic diagnostic or local-only file"
exp/egorecover_g_pretraining/v1/T1/seed64/dev/12000.pt,hf_tensor_artifacts_review,1558909,"intermediate, redundant shard, synthetic diagnostic or local-only file"
exp/egorecover_g_pretraining/v1/T1/seed64/dev/14000.pt,hf_tensor_artifacts_review,1558909,"intermediate, redundant shard, synthetic diagnostic or local-only file"
exp/egorecover_g_pretraining/v1/T1/seed64/dev/16000.pt,hf_tensor_artifacts_review,1558909,"intermediate, redundant shard, synthetic diagnostic or local-only file"
exp/egorecover_g_pretraining/v1/T1/seed64/dev/18000.pt,hf_tensor_artifacts_review,1558909,"intermediate, redundant shard, synthetic diagnostic or local-only file"
exp/egorecover_g_pretraining/v1/T1/seed64/dev/2000.pt,hf_tensor_artifacts_review,1558689,"intermediate, redundant shard, synthetic diagnostic or local-only file"
exp/egorecover_g_pretraining/v1/T1/seed64/dev/20000.pt,hf_tensor_artifacts_review,1558909,"intermediate, redundant shard, synthetic diagnostic or local-only file"
exp/egorecover_g_pretraining/v1/T1/seed64/dev/22000.pt,hf_tensor_artifacts_review,1558909,"intermediate, redundant shard, synthetic diagnostic or local-only file"
exp/egorecover_g_pretraining/v1/T1/seed64/dev/24000.pt,hf_tensor_artifacts_review,1558909,"intermediate, redundant shard, synthetic diagnostic or local-only file"
exp/egorecover_g_pretraining/v1/T1/seed64/dev/4000.pt,hf_tensor_artifacts_review,1558689,"intermediate, redundant shard, synthetic diagnostic or local-only file"
exp/egorecover_g_pretraining/v1/T1/seed64/dev/6000.pt,hf_tensor_artifacts_review,1558689,"intermediate, redundant shard, synthetic diagnostic or local-only file"
exp/egorecover_g_pretraining/v1/T1/seed64/dev/8000.pt,hf_tensor_artifacts_review,1558689,"intermediate, redundant shard, synthetic diagnostic or local-only file"
exp/egorecover_g_pretraining/v1/T1/seed64/identity.json,github_experiment_metadata,1779,GitHub lightweight record or source
exp/egorecover_g_pretraining/v1/T1/seed64/last.pt,hf_model_checkpoints,386078239,initial/last/smoke/failed/interrupted or inactive optimizer state
exp/egorecover_g_pretraining/v1/T1/seed64/progress.json,github_experiment_metadata,302,GitHub lightweight record or source
exp/egorecover_g_pretraining/v1/T1/seed64/report.json,github_experiment_metadata,2214,GitHub lightweight record or source
exp/egorecover_g_pretraining/v1/T1/seed64/resume.pt,hf_training_resume,1462906632,initial/last/smoke/failed/interrupted or inactive optimizer state
exp/egorecover_g_pretraining/v1/T1/seed64/selection.json,github_experiment_metadata,136288,GitHub lightweight record or source
exp/egorecover_g_pretraining/v1/T1/seed64/test/minimal_report.json,github_experiment_metadata,199,GitHub lightweight record or source
exp/egorecover_g_pretraining/v1/T2/seed62/dev/10000.pt,hf_tensor_artifacts_review,1558909,"intermediate, redundant shard, synthetic diagnostic or local-only file"
exp/egorecover_g_pretraining/v1/T2/seed62/dev/12000.pt,hf_tensor_artifacts_review,1558909,"intermediate, redundant shard, synthetic diagnostic or local-only file"
exp/egorecover_g_pretraining/v1/T2/seed62/dev/14000.pt,hf_tensor_artifacts_review,1558909,"intermediate, redundant shard, synthetic diagnostic or local-only file"
exp/egorecover_g_pretraining/v1/T2/seed62/dev/16000.pt,hf_tensor_artifacts_review,1558909,"intermediate, redundant shard, synthetic diagnostic or local-only file"
exp/egorecover_g_pretraining/v1/T2/seed62/dev/18000.pt,hf_tensor_artifacts_review,1558909,"intermediate, redundant shard, synthetic diagnostic or local-only file"
exp/egorecover_g_pretraining/v1/T2/seed62/dev/2000.pt,hf_tensor_artifacts_review,1558689,"intermediate, redundant shard, synthetic diagnostic or local-only file"
exp/egorecover_g_pretraining/v1/T2/seed62/dev/20000.pt,hf_tensor_artifacts_review,1558909,"intermediate, redundant shard, synthetic diagnostic or local-only file"
exp/egorecover_g_pretraining/v1/T2/seed62/dev/22000.pt,hf_tensor_artifacts_review,1558909,"intermediate, redundant shard, synthetic diagnostic or local-only file"
exp/egorecover_g_pretraining/v1/T2/seed62/dev/24000.pt,hf_tensor_artifacts_review,1558909,"intermediate, redundant shard, synthetic diagnostic or local-only file"
exp/egorecover_g_pretraining/v1/T2/seed62/dev/4000.pt,hf_tensor_artifacts_review,1558689,"intermediate, redundant shard, synthetic diagnostic or local-only file"
exp/egorecover_g_pretraining/v1/T2/seed62/dev/6000.pt,hf_tensor_artifacts_review,1558689,"intermediate, redundant shard, synthetic diagnostic or local-only file"
exp/egorecover_g_pretraining/v1/T2/seed62/dev/8000.pt,hf_tensor_artifacts_review,1558689,"intermediate, redundant shard, synthetic diagnostic or local-only file"
exp/egorecover_g_pretraining/v1/T2/seed62/identity.json,github_experiment_metadata,1779,GitHub lightweight record or source
exp/egorecover_g_pretraining/v1/T2/seed62/last.pt,hf_model_checkpoints,386078239,initial/last/smoke/failed/interrupted or inactive optimizer state
exp/egorecover_g_pretraining/v1/T2/seed62/progress.json,github_experiment_metadata,306,GitHub lightweight record or source
exp/egorecover_g_pretraining/v1/T2/seed62/report.json,github_experiment_metadata,2214,GitHub lightweight record or source
exp/egorecover_g_pretraining/v1/T2/seed62/resume.pt,hf_training_resume,1462906632,initial/last/smoke/failed/interrupted or inactive optimizer state
exp/egorecover_g_pretraining/v1/T2/seed62/selection.json,github_experiment_metadata,136171,GitHub lightweight record or source
exp/egorecover_g_pretraining/v1/T2/seed62/test/last_nfe10_draw1062.pt,hf_tensor_artifacts_review,21644387,"intermediate, redundant shard, synthetic diagnostic or local-only file"
exp/egorecover_g_pretraining/v1/T2/seed62/test/minimal_report.json,github_experiment_metadata,200,GitHub lightweight record or source
exp/egorecover_g_pretraining/v1/T2/seed63/dev/10000.pt,hf_tensor_artifacts_review,1558909,"intermediate, redundant shard, synthetic diagnostic or local-only file"
exp/egorecover_g_pretraining/v1/T2/seed63/dev/12000.pt,hf_tensor_artifacts_review,1558909,"intermediate, redundant shard, synthetic diagnostic or local-only file"
exp/egorecover_g_pretraining/v1/T2/seed63/dev/14000.pt,hf_tensor_artifacts_review,1558909,"intermediate, redundant shard, synthetic diagnostic or local-only file"
exp/egorecover_g_pretraining/v1/T2/seed63/dev/16000.pt,hf_tensor_artifacts_review,1558909,"intermediate, redundant shard, synthetic diagnostic or local-only file"
exp/egorecover_g_pretraining/v1/T2/seed63/dev/18000.pt,hf_tensor_artifacts_review,1558909,"intermediate, redundant shard, synthetic diagnostic or local-only file"
exp/egorecover_g_pretraining/v1/T2/seed63/dev/2000.pt,hf_tensor_artifacts_review,1558689,"intermediate, redundant shard, synthetic diagnostic or local-only file"
exp/egorecover_g_pretraining/v1/T2/seed63/dev/20000.pt,hf_tensor_artifacts_review,1558909,"intermediate, redundant shard, synthetic diagnostic or local-only file"
exp/egorecover_g_pretraining/v1/T2/seed63/dev/22000.pt,hf_tensor_artifacts_review,1558909,"intermediate, redundant shard, synthetic diagnostic or local-only file"
exp/egorecover_g_pretraining/v1/T2/seed63/dev/24000.pt,hf_tensor_artifacts_review,1558909,"intermediate, redundant shard, synthetic diagnostic or local-only file"
exp/egorecover_g_pretraining/v1/T2/seed63/dev/4000.pt,hf_tensor_artifacts_review,1558689,"intermediate, redundant shard, synthetic diagnostic or local-only file"
exp/egorecover_g_pretraining/v1/T2/seed63/dev/6000.pt,hf_tensor_artifacts_review,1558689,"intermediate, redundant shard, synthetic diagnostic or local-only file"
exp/egorecover_g_pretraining/v1/T2/seed63/dev/8000.pt,hf_tensor_artifacts_review,1558689,"intermediate, redundant shard, synthetic diagnostic or local-only file"
exp/egorecover_g_pretraining/v1/T2/seed63/identity.json,github_experiment_metadata,1779,GitHub lightweight record or source
exp/egorecover_g_pretraining/v1/T2/seed63/last.pt,hf_model_checkpoints,386078239,initial/last/smoke/failed/interrupted or inactive optimizer state
exp/egorecover_g_pretraining/v1/T2/seed63/progress.json,github_experiment_metadata,303,GitHub lightweight record or source
exp/egorecover_g_pretraining/v1/T2/seed63/report.json,github_experiment_metadata,2214,GitHub lightweight record or source
exp/egorecover_g_pretraining/v1/T2/seed63/resume.pt,hf_training_resume,1462906632,initial/last/smoke/failed/interrupted or inactive optimizer state
exp/egorecover_g_pretraining/v1/T2/seed63/selection.json,github_experiment_metadata,136287,GitHub lightweight record or source
exp/egorecover_g_pretraining/v1/T2/seed63/test/minimal_report.json,github_experiment_metadata,200,GitHub lightweight record or source
exp/egorecover_g_pretraining/v1/T2/seed64/dev/10000.pt,hf_tensor_artifacts_review,1558909,"intermediate, redundant shard, synthetic diagnostic or local-only file"
exp/egorecover_g_pretraining/v1/T2/seed64/dev/12000.pt,hf_tensor_artifacts_review,1558909,"intermediate, redundant shard, synthetic diagnostic or local-only file"
exp/egorecover_g_pretraining/v1/T2/seed64/dev/14000.pt,hf_tensor_artifacts_review,1558909,"intermediate, redundant shard, synthetic diagnostic or local-only file"
exp/egorecover_g_pretraining/v1/T2/seed64/dev/16000.pt,hf_tensor_artifacts_review,1558909,"intermediate, redundant shard, synthetic diagnostic or local-only file"
exp/egorecover_g_pretraining/v1/T2/seed64/dev/18000.pt,hf_tensor_artifacts_review,1558909,"intermediate, redundant shard, synthetic diagnostic or local-only file"
exp/egorecover_g_pretraining/v1/T2/seed64/dev/2000.pt,hf_tensor_artifacts_review,1558689,"intermediate, redundant shard, synthetic diagnostic or local-only file"
exp/egorecover_g_pretraining/v1/T2/seed64/dev/20000.pt,hf_tensor_artifacts_review,1558909,"intermediate, redundant shard, synthetic diagnostic or local-only file"
exp/egorecover_g_pretraining/v1/T2/seed64/dev/22000.pt,hf_tensor_artifacts_review,1558909,"intermediate, redundant shard, synthetic diagnostic or local-only file"
exp/egorecover_g_pretraining/v1/T2/seed64/dev/24000.pt,hf_tensor_artifacts_review,1558909,"intermediate, redundant shard, synthetic diagnostic or local-only file"
exp/egorecover_g_pretraining/v1/T2/seed64/dev/4000.pt,hf_tensor_artifacts_review,1558689,"intermediate, redundant shard, synthetic diagnostic or local-only file"
exp/egorecover_g_pretraining/v1/T2/seed64/dev/6000.pt,hf_tensor_artifacts_review,1558689,"intermediate, redundant shard, synthetic diagnostic or local-only file"
exp/egorecover_g_pretraining/v1/T2/seed64/dev/8000.pt,hf_tensor_artifacts_review,1558689,"intermediate, redundant shard, synthetic diagnostic or local-only file"
exp/egorecover_g_pretraining/v1/T2/seed64/identity.json,github_experiment_metadata,1779,GitHub lightweight record or source
exp/egorecover_g_pretraining/v1/T2/seed64/last.pt,hf_model_checkpoints,386078239,initial/last/smoke/failed/interrupted or inactive optimizer state
exp/egorecover_g_pretraining/v1/T2/seed64/progress.json,github_experiment_metadata,306,GitHub lightweight record or source
exp/egorecover_g_pretraining/v1/T2/seed64/report.json,github_experiment_metadata,2214,GitHub lightweight record or source
exp/egorecover_g_pretraining/v1/T2/seed64/resume.pt,hf_training_resume,1462906632,initial/last/smoke/failed/interrupted or inactive optimizer state
exp/egorecover_g_pretraining/v1/T2/seed64/selection.json,github_experiment_metadata,136270,GitHub lightweight record or source
exp/egorecover_g_pretraining/v1/T2/seed64/test/minimal_report.json,github_experiment_metadata,199,GitHub lightweight record or source
exp/egorecover_g_pretraining/v1/T3/seed62/dev/10000.pt,hf_tensor_artifacts_review,1558909,"intermediate, redundant shard, synthetic diagnostic or local-only file"
exp/egorecover_g_pretraining/v1/T3/seed62/dev/12000.pt,hf_tensor_artifacts_review,1558909,"intermediate, redundant shard, synthetic diagnostic or local-only file"
exp/egorecover_g_pretraining/v1/T3/seed62/dev/14000.pt,hf_tensor_artifacts_review,1558909,"intermediate, redundant shard, synthetic diagnostic or local-only file"
exp/egorecover_g_pretraining/v1/T3/seed62/dev/16000.pt,hf_tensor_artifacts_review,1558909,"intermediate, redundant shard, synthetic diagnostic or local-only file"
exp/egorecover_g_pretraining/v1/T3/seed62/dev/18000.pt,hf_tensor_artifacts_review,1558909,"intermediate, redundant shard, synthetic diagnostic or local-only file"
exp/egorecover_g_pretraining/v1/T3/seed62/dev/2000.pt,hf_tensor_artifacts_review,1558689,"intermediate, redundant shard, synthetic diagnostic or local-only file"
exp/egorecover_g_pretraining/v1/T3/seed62/dev/20000.pt,hf_tensor_artifacts_review,1558909,"intermediate, redundant shard, synthetic diagnostic or local-only file"
exp/egorecover_g_pretraining/v1/T3/seed62/dev/22000.pt,hf_tensor_artifacts_review,1558909,"intermediate, redundant shard, synthetic diagnostic or local-only file"
exp/egorecover_g_pretraining/v1/T3/seed62/dev/24000.pt,hf_tensor_artifacts_review,1558909,"intermediate, redundant shard, synthetic diagnostic or local-only file"
exp/egorecover_g_pretraining/v1/T3/seed62/dev/4000.pt,hf_tensor_artifacts_review,1558689,"intermediate, redundant shard, synthetic diagnostic or local-only file"
exp/egorecover_g_pretraining/v1/T3/seed62/dev/6000.pt,hf_tensor_artifacts_review,1558689,"intermediate, redundant shard, synthetic diagnostic or local-only file"
exp/egorecover_g_pretraining/v1/T3/seed62/dev/8000.pt,hf_tensor_artifacts_review,1558689,"intermediate, redundant shard, synthetic diagnostic or local-only file"
exp/egorecover_g_pretraining/v1/T3/seed62/identity.json,github_experiment_metadata,1779,GitHub lightweight record or source
exp/egorecover_g_pretraining/v1/T3/seed62/last.pt,hf_model_checkpoints,386078239,initial/last/smoke/failed/interrupted or inactive optimizer state
exp/egorecover_g_pretraining/v1/T3/seed62/progress.json,github_experiment_metadata,306,GitHub lightweight record or source
exp/egorecover_g_pretraining/v1/T3/seed62/report.json,github_experiment_metadata,2214,GitHub lightweight record or source
exp/egorecover_g_pretraining/v1/T3/seed62/resume.pt,hf_training_resume,1462906632,initial/last/smoke/failed/interrupted or inactive optimizer state
exp/egorecover_g_pretraining/v1/T3/seed62/selection.json,github_experiment_metadata,136239,GitHub lightweight record or source
exp/egorecover_g_pretraining/v1/T3/seed62/test/last_nfe10_draw1062.pt,hf_tensor_artifacts_review,21644387,"intermediate, redundant shard, synthetic diagnostic or local-only file"
exp/egorecover_g_pretraining/v1/T3/seed62/test/minimal_report.json,github_experiment_metadata,200,GitHub lightweight record or source
exp/egorecover_g_pretraining/v1/T3/seed63/dev/10000.pt,hf_tensor_artifacts_review,1558909,"intermediate, redundant shard, synthetic diagnostic or local-only file"
exp/egorecover_g_pretraining/v1/T3/seed63/dev/12000.pt,hf_tensor_artifacts_review,1558909,"intermediate, redundant shard, synthetic diagnostic or local-only file"
exp/egorecover_g_pretraining/v1/T3/seed63/dev/14000.pt,hf_tensor_artifacts_review,1558909,"intermediate, redundant shard, synthetic diagnostic or local-only file"
exp/egorecover_g_pretraining/v1/T3/seed63/dev/16000.pt,hf_tensor_artifacts_review,1558909,"intermediate, redundant shard, synthetic diagnostic or local-only file"
exp/egorecover_g_pretraining/v1/T3/seed63/dev/18000.pt,hf_tensor_artifacts_review,1558909,"intermediate, redundant shard, synthetic diagnostic or local-only file"
exp/egorecover_g_pretraining/v1/T3/seed63/dev/2000.pt,hf_tensor_artifacts_review,1558689,"intermediate, redundant shard, synthetic diagnostic or local-only file"
exp/egorecover_g_pretraining/v1/T3/seed63/dev/20000.pt,hf_tensor_artifacts_review,1558909,"intermediate, redundant shard, synthetic diagnostic or local-only file"
exp/egorecover_g_pretraining/v1/T3/seed63/dev/22000.pt,hf_tensor_artifacts_review,1558909,"intermediate, redundant shard, synthetic diagnostic or local-only file"
exp/egorecover_g_pretraining/v1/T3/seed63/dev/24000.pt,hf_tensor_artifacts_review,1558909,"intermediate, redundant shard, synthetic diagnostic or local-only file"
exp/egorecover_g_pretraining/v1/T3/seed63/dev/4000.pt,hf_tensor_artifacts_review,1558689,"intermediate, redundant shard, synthetic diagnostic or local-only file"
exp/egorecover_g_pretraining/v1/T3/seed63/dev/6000.pt,hf_tensor_artifacts_review,1558689,"intermediate, redundant shard, synthetic diagnostic or local-only file"
exp/egorecover_g_pretraining/v1/T3/seed63/dev/8000.pt,hf_tensor_artifacts_review,1558689,"intermediate, redundant shard, synthetic diagnostic or local-only file"
exp/egorecover_g_pretraining/v1/T3/seed63/identity.json,github_experiment_metadata,1779,GitHub lightweight record or source
exp/egorecover_g_pretraining/v1/T3/seed63/last.pt,hf_model_checkpoints,386078239,initial/last/smoke/failed/interrupted or inactive optimizer state
exp/egorecover_g_pretraining/v1/T3/seed63/progress.json,github_experiment_metadata,307,GitHub lightweight record or source
exp/egorecover_g_pretraining/v1/T3/seed63/report.json,github_experiment_metadata,2212,GitHub lightweight record or source
exp/egorecover_g_pretraining/v1/T3/seed63/resume.pt,hf_training_resume,1462906632,initial/last/smoke/failed/interrupted or inactive optimizer state
exp/egorecover_g_pretraining/v1/T3/seed63/selection.json,github_experiment_metadata,136333,GitHub lightweight record or source
exp/egorecover_g_pretraining/v1/T3/seed63/test/minimal_report.json,github_experiment_metadata,200,GitHub lightweight record or source
exp/egorecover_g_pretraining/v1/T3/seed64/dev/10000.pt,hf_tensor_artifacts_review,1558909,"intermediate, redundant shard, synthetic diagnostic or local-only file"
exp/egorecover_g_pretraining/v1/T3/seed64/dev/12000.pt,hf_tensor_artifacts_review,1558909,"intermediate, redundant shard, synthetic diagnostic or local-only file"
exp/egorecover_g_pretraining/v1/T3/seed64/dev/14000.pt,hf_tensor_artifacts_review,1558909,"intermediate, redundant shard, synthetic diagnostic or local-only file"
exp/egorecover_g_pretraining/v1/T3/seed64/dev/16000.pt,hf_tensor_artifacts_review,1558909,"intermediate, redundant shard, synthetic diagnostic or local-only file"
exp/egorecover_g_pretraining/v1/T3/seed64/dev/18000.pt,hf_tensor_artifacts_review,1558909,"intermediate, redundant shard, synthetic diagnostic or local-only file"
exp/egorecover_g_pretraining/v1/T3/seed64/dev/2000.pt,hf_tensor_artifacts_review,1558689,"intermediate, redundant shard, synthetic diagnostic or local-only file"
exp/egorecover_g_pretraining/v1/T3/seed64/dev/20000.pt,hf_tensor_artifacts_review,1558909,"intermediate, redundant shard, synthetic diagnostic or local-only file"
exp/egorecover_g_pretraining/v1/T3/seed64/dev/22000.pt,hf_tensor_artifacts_review,1558909,"intermediate, redundant shard, synthetic diagnostic or local-only file"
exp/egorecover_g_pretraining/v1/T3/seed64/dev/24000.pt,hf_tensor_artifacts_review,1558909,"intermediate, redundant shard, synthetic diagnostic or local-only file"
exp/egorecover_g_pretraining/v1/T3/seed64/dev/4000.pt,hf_tensor_artifacts_review,1558689,"intermediate, redundant shard, synthetic diagnostic or local-only file"
exp/egorecover_g_pretraining/v1/T3/seed64/dev/6000.pt,hf_tensor_artifacts_review,1558689,"intermediate, redundant shard, synthetic diagnostic or local-only file"
exp/egorecover_g_pretraining/v1/T3/seed64/dev/8000.pt,hf_tensor_artifacts_review,1558689,"intermediate, redundant shard, synthetic diagnostic or local-only file"
exp/egorecover_g_pretraining/v1/T3/seed64/identity.json,github_experiment_metadata,1779,GitHub lightweight record or source
exp/egorecover_g_pretraining/v1/T3/seed64/last.pt,hf_model_checkpoints,386078239,initial/last/smoke/failed/interrupted or inactive optimizer state
exp/egorecover_g_pretraining/v1/T3/seed64/progress.json,github_experiment_metadata,307,GitHub lightweight record or source
exp/egorecover_g_pretraining/v1/T3/seed64/report.json,github_experiment_metadata,2214,GitHub lightweight record or source
exp/egorecover_g_pretraining/v1/T3/seed64/resume.pt,hf_training_resume,1462906632,initial/last/smoke/failed/interrupted or inactive optimizer state
exp/egorecover_g_pretraining/v1/T3/seed64/selection.json,github_experiment_metadata,136232,GitHub lightweight record or source
exp/egorecover_g_pretraining/v1/T3/seed64/test/minimal_report.json,github_experiment_metadata,200,GitHub lightweight record or source
exp/egorecover_g_pretraining/v1/analysis/20260930-0124-progress.json,github_experiment_metadata,4286,GitHub lightweight record or source
exp/egorecover_g_pretraining/v1/analysis/20260930-1008-dev-summary.json,github_experiment_metadata,7728,GitHub lightweight record or source
exp/egorecover_g_pretraining/v1/analysis/20260930-1008-dev-summary.md,github_experiment_metadata,3006,GitHub lightweight record or source
exp/egorecover_g_pretraining/v1/analysis/minimal-evaluation-conclusions.md,github_experiment_metadata,5076,GitHub lightweight record or source
exp/egorecover_g_pretraining/v1/code_snapshot/config/egorecover_g_pretraining_v1.json,github_experiment_metadata,742,GitHub lightweight record or source
exp/egorecover_g_pretraining/v1/code_snapshot/egorecover/annotations.py,github_experiment_metadata,2806,GitHub lightweight record or source
exp/egorecover_g_pretraining/v1/code_snapshot/egorecover/codec.py,github_experiment_metadata,10103,GitHub lightweight record or source
exp/egorecover_g_pretraining/v1/code_snapshot/egorecover/conditioning.py,github_experiment_metadata,5335,GitHub lightweight record or source
exp/egorecover_g_pretraining/v1/code_snapshot/egorecover/e7_ablation.py,github_experiment_metadata,5909,GitHub lightweight record or source
exp/egorecover_g_pretraining/v1/code_snapshot/egorecover/fk.py,github_experiment_metadata,4713,GitHub lightweight record or source
exp/egorecover_g_pretraining/v1/code_snapshot/egorecover/g_pretraining.py,github_experiment_metadata,7116,GitHub lightweight record or source
exp/egorecover_g_pretraining/v1/code_snapshot/egorecover/history_flow.py,github_experiment_metadata,3884,GitHub lightweight record or source
exp/egorecover_g_pretraining/v1/code_snapshot/egorecover/losses.py,github_experiment_metadata,4088,GitHub lightweight record or source
exp/egorecover_g_pretraining/v1/code_snapshot/egorecover/prior.py,github_experiment_metadata,2266,GitHub lightweight record or source
exp/egorecover_g_pretraining/v1/code_snapshot/egorecover/prior_cv_residual.py,github_experiment_metadata,5927,GitHub lightweight record or source
exp/egorecover_g_pretraining/v1/code_snapshot/egorecover/prior_two_forward.py,github_experiment_metadata,11381,GitHub lightweight record or source
exp/egorecover_g_pretraining/v1/code_snapshot/model/history_uniegomotion.py,github_experiment_metadata,5454,GitHub lightweight record or source
exp/egorecover_g_pretraining/v1/code_snapshot/model/uniegomotion.py,github_experiment_metadata,8289,GitHub lightweight record or source
exp/egorecover_g_pretraining/v1/code_snapshot/mydiffusion/flow_matching.py,github_experiment_metadata,11660,GitHub lightweight record or source
exp/egorecover_g_pretraining/v1/code_snapshot/run/g_pretraining_data.py,github_experiment_metadata,14035,GitHub lightweight record or source
exp/egorecover_g_pretraining/v1/code_snapshot/run/g_pretraining_experiment.py,github_experiment_metadata,12531,GitHub lightweight record or source
exp/egorecover_g_pretraining/v1/code_snapshot/run/train_g_pretraining.py,github_experiment_metadata,22592,GitHub lightweight record or source
exp/egorecover_g_pretraining/v1/controller.log,hf_logs_private,1071,GitHub lightweight record or source
exp/egorecover_g_pretraining/v1/controller.pid,local_ephemeral,8,"intermediate, redundant shard, synthetic diagnostic or local-only file"
exp/egorecover_g_pretraining/v1/data/shard0.lock,local_ephemeral,0,"intermediate, redundant shard, synthetic diagnostic or local-only file"
exp/egorecover_g_pretraining/v1/data/shard1.lock,local_ephemeral,0,"intermediate, redundant shard, synthetic diagnostic or local-only file"
exp/egorecover_g_pretraining/v1/data/shard2.lock,local_ephemeral,0,"intermediate, redundant shard, synthetic diagnostic or local-only file"
exp/egorecover_g_pretraining/v1/data/shard3.lock,local_ephemeral,0,"intermediate, redundant shard, synthetic diagnostic or local-only file"
exp/egorecover_g_pretraining/v1/evaluation/e7_baseline.json,github_experiment_metadata,144242,GitHub lightweight record or source
exp/egorecover_g_pretraining/v1/evaluation/minimal_plan.json,github_experiment_metadata,1434,GitHub lightweight record or source
exp/egorecover_g_pretraining/v1/evaluation/queue.before_minimal.json,github_experiment_metadata,492,GitHub lightweight record or source
exp/egorecover_g_pretraining/v1/jobs/T0_seed62.log,hf_logs_private,332747,GitHub lightweight record or source
exp/egorecover_g_pretraining/v1/jobs/T0_seed63.log,hf_logs_private,331431,GitHub lightweight record or source
exp/egorecover_g_pretraining/v1/jobs/T0_seed64.log,hf_logs_private,331404,GitHub lightweight record or source
exp/egorecover_g_pretraining/v1/jobs/T0_smoke.log,hf_logs_private,2926,GitHub lightweight record or source
exp/egorecover_g_pretraining/v1/jobs/T1_seed62.log,hf_logs_private,332549,GitHub lightweight record or source
exp/egorecover_g_pretraining/v1/jobs/T1_seed63.log,hf_logs_private,331353,GitHub lightweight record or source
exp/egorecover_g_pretraining/v1/jobs/T1_seed64.log,hf_logs_private,331405,GitHub lightweight record or source
exp/egorecover_g_pretraining/v1/jobs/T1_smoke.log,hf_logs_private,2921,GitHub lightweight record or source
exp/egorecover_g_pretraining/v1/jobs/T2_seed62.log,hf_logs_private,336817,GitHub lightweight record or source
exp/egorecover_g_pretraining/v1/jobs/T2_seed63.log,hf_logs_private,335346,GitHub lightweight record or source
exp/egorecover_g_pretraining/v1/jobs/T2_seed64.log,hf_logs_private,335451,GitHub lightweight record or source
exp/egorecover_g_pretraining/v1/jobs/T2_smoke.log,hf_logs_private,2941,GitHub lightweight record or source
exp/egorecover_g_pretraining/v1/jobs/T3_seed62.log,hf_logs_private,336624,GitHub lightweight record or source
exp/egorecover_g_pretraining/v1/jobs/T3_seed63.log,hf_logs_private,335276,GitHub lightweight record or source
exp/egorecover_g_pretraining/v1/jobs/T3_seed64.log,hf_logs_private,335353,GitHub lightweight record or source
exp/egorecover_g_pretraining/v1/jobs/T3_smoke.log,hf_logs_private,2938,GitHub lightweight record or source
exp/egorecover_g_pretraining/v1/jobs/e7_reference.log,hf_logs_private,96,GitHub lightweight record or source
exp/egorecover_g_pretraining/v1/jobs/eval_T0_seed62.log,hf_logs_private,138,GitHub lightweight record or source
exp/egorecover_g_pretraining/v1/jobs/eval_T1_seed62.log,hf_logs_private,137,GitHub lightweight record or source
exp/egorecover_g_pretraining/v1/jobs/eval_T2_seed62.log,hf_logs_private,138,GitHub lightweight record or source
exp/egorecover_g_pretraining/v1/jobs/eval_T3_seed62.log,hf_logs_private,139,GitHub lightweight record or source
exp/egorecover_g_pretraining/v1/jobs/minimal_eval_T0_seed62.log,hf_logs_private,134,GitHub lightweight record or source
exp/egorecover_g_pretraining/v1/jobs/minimal_eval_T0_seed63.log,hf_logs_private,134,GitHub lightweight record or source
exp/egorecover_g_pretraining/v1/jobs/minimal_eval_T0_seed64.log,hf_logs_private,132,GitHub lightweight record or source
exp/egorecover_g_pretraining/v1/jobs/minimal_eval_T1_seed62.log,hf_logs_private,132,GitHub lightweight record or source
exp/egorecover_g_pretraining/v1/jobs/minimal_eval_T1_seed63.log,hf_logs_private,134,GitHub lightweight record or source
exp/egorecover_g_pretraining/v1/jobs/minimal_eval_T1_seed64.log,hf_logs_private,133,GitHub lightweight record or source
exp/egorecover_g_pretraining/v1/jobs/minimal_eval_T2_seed62.log,hf_logs_private,134,GitHub lightweight record or source
exp/egorecover_g_pretraining/v1/jobs/minimal_eval_T2_seed63.log,hf_logs_private,134,GitHub lightweight record or source
exp/egorecover_g_pretraining/v1/jobs/minimal_eval_T2_seed64.log,hf_logs_private,133,GitHub lightweight record or source
exp/egorecover_g_pretraining/v1/jobs/minimal_eval_T3_seed62.log,hf_logs_private,134,GitHub lightweight record or source
exp/egorecover_g_pretraining/v1/jobs/minimal_eval_T3_seed63.log,hf_logs_private,134,GitHub lightweight record or source
exp/egorecover_g_pretraining/v1/jobs/minimal_eval_T3_seed64.log,hf_logs_private,134,GitHub lightweight record or source
exp/egorecover_g_pretraining/v1/jobs/plan.log,hf_logs_private,110,GitHub lightweight record or source
exp/egorecover_g_pretraining/v1/jobs/prepare_gpu4.log,hf_logs_private,74436,GitHub lightweight record or source
exp/egorecover_g_pretraining/v1/jobs/prepare_gpu5.log,hf_logs_private,74364,GitHub lightweight record or source
exp/egorecover_g_pretraining/v1/jobs/prepare_gpu6.log,hf_logs_private,74380,GitHub lightweight record or source
exp/egorecover_g_pretraining/v1/jobs/prepare_gpu7.log,hf_logs_private,74320,GitHub lightweight record or source
exp/egorecover_g_pretraining/v1/jobs/prepare_smoke.log,hf_logs_private,412,GitHub lightweight record or source
exp/egorecover_g_pretraining/v1/jobs/prepare_smoke_v2.log,hf_logs_private,492,GitHub lightweight record or source
exp/egorecover_g_pretraining/v1/jobs/prior_calibration.log,hf_logs_private,5286,GitHub lightweight record or source
exp/egorecover_g_pretraining/v1/jobs/prior_smoke.log,hf_logs_private,134,GitHub lightweight record or source
exp/egorecover_g_pretraining/v1/jobs/tests.log,hf_logs_private,100,GitHub lightweight record or source
exp/egorecover_g_pretraining/v1/locks/baseline_T0_62_False.lock,local_ephemeral,0,"intermediate, redundant shard, synthetic diagnostic or local-only file"
exp/egorecover_g_pretraining/v1/locks/evaluate_T0_62_False.lock,local_ephemeral,0,"intermediate, redundant shard, synthetic diagnostic or local-only file"
exp/egorecover_g_pretraining/v1/locks/evaluate_T1_62_False.lock,local_ephemeral,0,"intermediate, redundant shard, synthetic diagnostic or local-only file"
exp/egorecover_g_pretraining/v1/locks/evaluate_T2_62_False.lock,local_ephemeral,0,"intermediate, redundant shard, synthetic diagnostic or local-only file"
exp/egorecover_g_pretraining/v1/locks/evaluate_T3_62_False.lock,local_ephemeral,0,"intermediate, redundant shard, synthetic diagnostic or local-only file"
exp/egorecover_g_pretraining/v1/locks/prior_T0_62_False.lock,local_ephemeral,0,"intermediate, redundant shard, synthetic diagnostic or local-only file"
exp/egorecover_g_pretraining/v1/locks/prior_T0_62_True.lock,local_ephemeral,0,"intermediate, redundant shard, synthetic diagnostic or local-only file"
exp/egorecover_g_pretraining/v1/locks/train_T0_62_False.lock,local_ephemeral,0,"intermediate, redundant shard, synthetic diagnostic or local-only file"
exp/egorecover_g_pretraining/v1/locks/train_T0_62_True.lock,local_ephemeral,0,"intermediate, redundant shard, synthetic diagnostic or local-only file"
exp/egorecover_g_pretraining/v1/locks/train_T0_63_False.lock,local_ephemeral,0,"intermediate, redundant shard, synthetic diagnostic or local-only file"
exp/egorecover_g_pretraining/v1/locks/train_T0_64_False.lock,local_ephemeral,0,"intermediate, redundant shard, synthetic diagnostic or local-only file"
exp/egorecover_g_pretraining/v1/locks/train_T1_62_False.lock,local_ephemeral,0,"intermediate, redundant shard, synthetic diagnostic or local-only file"
exp/egorecover_g_pretraining/v1/locks/train_T1_62_True.lock,local_ephemeral,0,"intermediate, redundant shard, synthetic diagnostic or local-only file"
exp/egorecover_g_pretraining/v1/locks/train_T1_63_False.lock,local_ephemeral,0,"intermediate, redundant shard, synthetic diagnostic or local-only file"
exp/egorecover_g_pretraining/v1/locks/train_T1_64_False.lock,local_ephemeral,0,"intermediate, redundant shard, synthetic diagnostic or local-only file"
exp/egorecover_g_pretraining/v1/locks/train_T2_62_False.lock,local_ephemeral,0,"intermediate, redundant shard, synthetic diagnostic or local-only file"
exp/egorecover_g_pretraining/v1/locks/train_T2_62_True.lock,local_ephemeral,0,"intermediate, redundant shard, synthetic diagnostic or local-only file"
exp/egorecover_g_pretraining/v1/locks/train_T2_63_False.lock,local_ephemeral,0,"intermediate, redundant shard, synthetic diagnostic or local-only file"
exp/egorecover_g_pretraining/v1/locks/train_T2_64_False.lock,local_ephemeral,0,"intermediate, redundant shard, synthetic diagnostic or local-only file"
exp/egorecover_g_pretraining/v1/locks/train_T3_62_False.lock,local_ephemeral,0,"intermediate, redundant shard, synthetic diagnostic or local-only file"
exp/egorecover_g_pretraining/v1/locks/train_T3_62_True.lock,local_ephemeral,0,"intermediate, redundant shard, synthetic diagnostic or local-only file"
exp/egorecover_g_pretraining/v1/locks/train_T3_63_False.lock,local_ephemeral,0,"intermediate, redundant shard, synthetic diagnostic or local-only file"
exp/egorecover_g_pretraining/v1/locks/train_T3_64_False.lock,local_ephemeral,0,"intermediate, redundant shard, synthetic diagnostic or local-only file"
exp/egorecover_g_pretraining/v1/minimal_controller.log,hf_logs_private,888,GitHub lightweight record or source
exp/egorecover_g_pretraining/v1/minimal_summary.json,github_experiment_metadata,1827540,GitHub lightweight record or source
exp/egorecover_g_pretraining/v1/plan.json,github_experiment_metadata,833,GitHub lightweight record or source
exp/egorecover_g_pretraining/v1/prior/progress.json,github_experiment_metadata,84,GitHub lightweight record or source
exp/egorecover_g_pretraining/v1/prior/report.json,github_experiment_metadata,400,GitHub lightweight record or source
exp/egorecover_g_pretraining/v1/prior/selection.json,github_experiment_metadata,6610,GitHub lightweight record or source
exp/egorecover_g_pretraining/v1/queue.json,github_experiment_metadata,194,GitHub lightweight record or source
exp/egorecover_g_pretraining/v1/queue.lock,local_ephemeral,0,"intermediate, redundant shard, synthetic diagnostic or local-only file"
exp/egorecover_g_pretraining/v1/verification/T0_smoke/best.pt,hf_model_checkpoints,386078239,initial/last/smoke/failed/interrupted or inactive optimizer state
exp/egorecover_g_pretraining/v1/verification/T0_smoke/dev/2.pt,hf_tensor_artifacts_review,5311,"intermediate, redundant shard, synthetic diagnostic or local-only file"
exp/egorecover_g_pretraining/v1/verification/T0_smoke/identity.json,github_experiment_metadata,1779,GitHub lightweight record or source
exp/egorecover_g_pretraining/v1/verification/T0_smoke/last.pt,hf_model_checkpoints,386078239,initial/last/smoke/failed/interrupted or inactive optimizer state
exp/egorecover_g_pretraining/v1/verification/T0_smoke/progress.json,github_experiment_metadata,289,GitHub lightweight record or source
exp/egorecover_g_pretraining/v1/verification/T0_smoke/report.json,github_experiment_metadata,2205,GitHub lightweight record or source
exp/egorecover_g_pretraining/v1/verification/T0_smoke/resume.pt,hf_training_resume,1462871240,initial/last/smoke/failed/interrupted or inactive optimizer state
exp/egorecover_g_pretraining/v1/verification/T0_smoke/selection.json,github_experiment_metadata,2059,GitHub lightweight record or source
exp/egorecover_g_pretraining/v1/verification/T0_smoke_attempt1/identity.json,github_experiment_metadata,1779,GitHub lightweight record or source
exp/egorecover_g_pretraining/v1/verification/T0_smoke_attempt1/progress.json,github_experiment_metadata,289,GitHub lightweight record or source
exp/egorecover_g_pretraining/v1/verification/T1_smoke/best.pt,hf_model_checkpoints,386078239,initial/last/smoke/failed/interrupted or inactive optimizer state
exp/egorecover_g_pretraining/v1/verification/T1_smoke/dev/2.pt,hf_tensor_artifacts_review,5311,"intermediate, redundant shard, synthetic diagnostic or local-only file"
exp/egorecover_g_pretraining/v1/verification/T1_smoke/identity.json,github_experiment_metadata,1779,GitHub lightweight record or source
exp/egorecover_g_pretraining/v1/verification/T1_smoke/last.pt,hf_model_checkpoints,386078239,initial/last/smoke/failed/interrupted or inactive optimizer state
exp/egorecover_g_pretraining/v1/verification/T1_smoke/progress.json,github_experiment_metadata,287,GitHub lightweight record or source
exp/egorecover_g_pretraining/v1/verification/T1_smoke/report.json,github_experiment_metadata,2204,GitHub lightweight record or source
exp/egorecover_g_pretraining/v1/verification/T1_smoke/resume.pt,hf_training_resume,1462871240,initial/last/smoke/failed/interrupted or inactive optimizer state
exp/egorecover_g_pretraining/v1/verification/T1_smoke/selection.json,github_experiment_metadata,2042,GitHub lightweight record or source
exp/egorecover_g_pretraining/v1/verification/T1_smoke_attempt1/identity.json,github_experiment_metadata,1779,GitHub lightweight record or source
exp/egorecover_g_pretraining/v1/verification/T1_smoke_attempt1/progress.json,github_experiment_metadata,288,GitHub lightweight record or source
exp/egorecover_g_pretraining/v1/verification/T2_smoke/best.pt,hf_model_checkpoints,386078239,initial/last/smoke/failed/interrupted or inactive optimizer state
exp/egorecover_g_pretraining/v1/verification/T2_smoke/dev/2.pt,hf_tensor_artifacts_review,5311,"intermediate, redundant shard, synthetic diagnostic or local-only file"
exp/egorecover_g_pretraining/v1/verification/T2_smoke/identity.json,github_experiment_metadata,1779,GitHub lightweight record or source
exp/egorecover_g_pretraining/v1/verification/T2_smoke/last.pt,hf_model_checkpoints,386078239,initial/last/smoke/failed/interrupted or inactive optimizer state
exp/egorecover_g_pretraining/v1/verification/T2_smoke/progress.json,github_experiment_metadata,293,GitHub lightweight record or source
exp/egorecover_g_pretraining/v1/verification/T2_smoke/report.json,github_experiment_metadata,2205,GitHub lightweight record or source
exp/egorecover_g_pretraining/v1/verification/T2_smoke/resume.pt,hf_training_resume,1462871240,initial/last/smoke/failed/interrupted or inactive optimizer state
exp/egorecover_g_pretraining/v1/verification/T2_smoke/selection.json,github_experiment_metadata,2053,GitHub lightweight record or source
exp/egorecover_g_pretraining/v1/verification/T2_smoke_attempt1/identity.json,github_experiment_metadata,1779,GitHub lightweight record or source
exp/egorecover_g_pretraining/v1/verification/T2_smoke_attempt1/progress.json,github_experiment_metadata,292,GitHub lightweight record or source
exp/egorecover_g_pretraining/v1/verification/T3_smoke/best.pt,hf_model_checkpoints,386078239,initial/last/smoke/failed/interrupted or inactive optimizer state
exp/egorecover_g_pretraining/v1/verification/T3_smoke/dev/2.pt,hf_tensor_artifacts_review,5311,"intermediate, redundant shard, synthetic diagnostic or local-only file"
exp/egorecover_g_pretraining/v1/verification/T3_smoke/identity.json,github_experiment_metadata,1779,GitHub lightweight record or source
exp/egorecover_g_pretraining/v1/verification/T3_smoke/last.pt,hf_model_checkpoints,386078239,initial/last/smoke/failed/interrupted or inactive optimizer state
exp/egorecover_g_pretraining/v1/verification/T3_smoke/progress.json,github_experiment_metadata,293,GitHub lightweight record or source
exp/egorecover_g_pretraining/v1/verification/T3_smoke/report.json,github_experiment_metadata,2204,GitHub lightweight record or source
exp/egorecover_g_pretraining/v1/verification/T3_smoke/resume.pt,hf_training_resume,1462871240,initial/last/smoke/failed/interrupted or inactive optimizer state
exp/egorecover_g_pretraining/v1/verification/T3_smoke/selection.json,github_experiment_metadata,2040,GitHub lightweight record or source
exp/egorecover_g_pretraining/v1/verification/T3_smoke_attempt1/identity.json,github_experiment_metadata,1779,GitHub lightweight record or source
exp/egorecover_g_pretraining/v1/verification/T3_smoke_attempt1/progress.json,github_experiment_metadata,293,GitHub lightweight record or source
exp/egorecover_g_pretraining/v1/verification/smoke.json,github_experiment_metadata,2660,GitHub lightweight record or source
exp/egorecover_g_pretraining/v1/verification/smoke_processes.json,github_experiment_metadata,247,GitHub lightweight record or source
exp/egorecover_loss_ablation/g00_g11_v1/PLAN.md,github_experiment_metadata,1993,GitHub lightweight record or source
exp/egorecover_loss_ablation/g00_g11_v1/controller.log,hf_logs_private,2250,GitHub lightweight record or source
exp/egorecover_loss_ablation/g00_g11_v1/controller.pid,local_ephemeral,8,"intermediate, redundant shard, synthetic diagnostic or local-only file"
exp/egorecover_loss_ablation/g00_g11_v1/eval/g0f0_gaussian/progress.json,github_experiment_metadata,77965,GitHub lightweight record or source
exp/egorecover_loss_ablation/g00_g11_v1/eval/g0f0_gaussian/report.json,github_experiment_metadata,1131,GitHub lightweight record or source
exp/egorecover_loss_ablation/g00_g11_v1/eval/g0f0_history/g0f0_history_history_fair_bike_01_12_clean.pt,hf_tensor_artifacts_review,441097,"intermediate, redundant shard, synthetic diagnostic or local-only file"
exp/egorecover_loss_ablation/g00_g11_v1/eval/g0f0_history/progress.json,github_experiment_metadata,78035,GitHub lightweight record or source
exp/egorecover_loss_ablation/g00_g11_v1/eval/g0f0_history/report.json,github_experiment_metadata,1128,GitHub lightweight record or source
exp/egorecover_loss_ablation/g00_g11_v1/eval/g1f1_gaussian/progress.json,github_experiment_metadata,77965,GitHub lightweight record or source
exp/egorecover_loss_ablation/g00_g11_v1/eval/g1f1_gaussian/report.json,github_experiment_metadata,1131,GitHub lightweight record or source
exp/egorecover_loss_ablation/g00_g11_v1/eval/g1f1_history/progress.json,github_experiment_metadata,77888,GitHub lightweight record or source
exp/egorecover_loss_ablation/g00_g11_v1/eval/g1f1_history/report.json,github_experiment_metadata,1128,GitHub lightweight record or source
exp/egorecover_loss_ablation/g00_g11_v1/experiment.json,github_experiment_metadata,2794,GitHub lightweight record or source
exp/egorecover_loss_ablation/g00_g11_v1/jobs/eval_g0f0_gaussian.1.json,github_experiment_metadata,677,GitHub lightweight record or source
exp/egorecover_loss_ablation/g00_g11_v1/jobs/eval_g0f0_gaussian.1.log,hf_logs_private,96,GitHub lightweight record or source
exp/egorecover_loss_ablation/g00_g11_v1/jobs/eval_g0f0_gaussian.1.status.json,github_experiment_metadata,841,GitHub lightweight record or source
exp/egorecover_loss_ablation/g00_g11_v1/jobs/eval_g0f0_history.1.json,github_experiment_metadata,673,GitHub lightweight record or source
exp/egorecover_loss_ablation/g00_g11_v1/jobs/eval_g0f0_history.1.log,hf_logs_private,1612,GitHub lightweight record or source
exp/egorecover_loss_ablation/g00_g11_v1/jobs/eval_g0f0_history.1.status.json,github_experiment_metadata,835,GitHub lightweight record or source
exp/egorecover_loss_ablation/g00_g11_v1/jobs/eval_g0f0_history.2.json,github_experiment_metadata,673,GitHub lightweight record or source
exp/egorecover_loss_ablation/g00_g11_v1/jobs/eval_g0f0_history.2.log,hf_logs_private,145,GitHub lightweight record or source
exp/egorecover_loss_ablation/g00_g11_v1/jobs/eval_g0f0_history.2.status.json,github_experiment_metadata,837,GitHub lightweight record or source
exp/egorecover_loss_ablation/g00_g11_v1/jobs/eval_g1f1_gaussian.1.json,github_experiment_metadata,677,GitHub lightweight record or source
exp/egorecover_loss_ablation/g00_g11_v1/jobs/eval_g1f1_gaussian.1.log,hf_logs_private,96,GitHub lightweight record or source
exp/egorecover_loss_ablation/g00_g11_v1/jobs/eval_g1f1_gaussian.1.status.json,github_experiment_metadata,841,GitHub lightweight record or source
exp/egorecover_loss_ablation/g00_g11_v1/jobs/eval_g1f1_history.1.json,github_experiment_metadata,673,GitHub lightweight record or source
exp/egorecover_loss_ablation/g00_g11_v1/jobs/eval_g1f1_history.1.log,hf_logs_private,96,GitHub lightweight record or source
exp/egorecover_loss_ablation/g00_g11_v1/jobs/eval_g1f1_history.1.status.json,github_experiment_metadata,837,GitHub lightweight record or source
exp/egorecover_loss_ablation/g00_g11_v1/jobs/train_g0f0_gaussian.1.json,github_experiment_metadata,1070,GitHub lightweight record or source
exp/egorecover_loss_ablation/g00_g11_v1/jobs/train_g0f0_gaussian.1.log,hf_logs_private,53713,GitHub lightweight record or source
exp/egorecover_loss_ablation/g00_g11_v1/jobs/train_g0f0_gaussian.1.status.json,github_experiment_metadata,1232,GitHub lightweight record or source
exp/egorecover_loss_ablation/g00_g11_v1/jobs/train_g0f0_history.1.json,github_experiment_metadata,1068,GitHub lightweight record or source
exp/egorecover_loss_ablation/g00_g11_v1/jobs/train_g0f0_history.1.log,hf_logs_private,53573,GitHub lightweight record or source
exp/egorecover_loss_ablation/g00_g11_v1/jobs/train_g0f0_history.1.status.json,github_experiment_metadata,1230,GitHub lightweight record or source
exp/egorecover_loss_ablation/g00_g11_v1/jobs/train_g1f1_gaussian.1.json,github_experiment_metadata,1070,GitHub lightweight record or source
exp/egorecover_loss_ablation/g00_g11_v1/jobs/train_g1f1_gaussian.1.log,hf_logs_private,60953,GitHub lightweight record or source
exp/egorecover_loss_ablation/g00_g11_v1/jobs/train_g1f1_gaussian.1.status.json,github_experiment_metadata,1232,GitHub lightweight record or source
exp/egorecover_loss_ablation/g00_g11_v1/jobs/train_g1f1_history.1.json,github_experiment_metadata,1068,GitHub lightweight record or source
exp/egorecover_loss_ablation/g00_g11_v1/jobs/train_g1f1_history.1.log,hf_logs_private,60793,GitHub lightweight record or source
exp/egorecover_loss_ablation/g00_g11_v1/jobs/train_g1f1_history.1.status.json,github_experiment_metadata,1230,GitHub lightweight record or source
exp/egorecover_loss_ablation/g00_g11_v1/launch.json,github_experiment_metadata,249,GitHub lightweight record or source
exp/egorecover_loss_ablation/g00_g11_v1/queue.before_eval_repair_20260929.json,github_experiment_metadata,12707,GitHub lightweight record or source
exp/egorecover_loss_ablation/g00_g11_v1/queue.before_user_stop_20260929.json,github_experiment_metadata,13405,GitHub lightweight record or source
exp/egorecover_loss_ablation/g00_g11_v1/queue.json,github_experiment_metadata,14203,GitHub lightweight record or source
exp/egorecover_loss_ablation/g00_g11_v1/queue.lock,local_ephemeral,0,"intermediate, redundant shard, synthetic diagnostic or local-only file"
exp/egorecover_loss_ablation/g00_g11_v1/startup_verified.json,github_experiment_metadata,1117,GitHub lightweight record or source
exp/egorecover_loss_ablation/g00_g11_v1/train/g0f0_gaussian/report.json,github_experiment_metadata,81709,GitHub lightweight record or source
exp/egorecover_loss_ablation/g00_g11_v1/train/g0f0_gaussian/utility_diagnostic_gaussian.pt,hf_tensor_artifacts_review,9429,"intermediate, redundant shard, synthetic diagnostic or local-only file"
exp/egorecover_loss_ablation/g00_g11_v1/train/g0f0_history/report.json,github_experiment_metadata,81776,GitHub lightweight record or source
exp/egorecover_loss_ablation/g00_g11_v1/train/g0f0_history/utility_diagnostic_history.pt,hf_tensor_artifacts_review,9420,"intermediate, redundant shard, synthetic diagnostic or local-only file"
exp/egorecover_loss_ablation/g00_g11_v1/train/g1f1_gaussian/report.json,github_experiment_metadata,85280,GitHub lightweight record or source
exp/egorecover_loss_ablation/g00_g11_v1/train/g1f1_gaussian/utility_diagnostic_gaussian.pt,hf_tensor_artifacts_review,9429,"intermediate, redundant shard, synthetic diagnostic or local-only file"
exp/egorecover_loss_ablation/g00_g11_v1/train/g1f1_history/report.json,github_experiment_metadata,85334,GitHub lightweight record or source
exp/egorecover_loss_ablation/g00_g11_v1/train/g1f1_history/utility_diagnostic_history.pt,hf_tensor_artifacts_review,9420,"intermediate, redundant shard, synthetic diagnostic or local-only file"
exp/egorecover_observation_reference/v1/R0/seed62/identity.json,github_experiment_metadata,1671,GitHub lightweight record or source
exp/egorecover_observation_reference/v1/R0/seed62/progress.json,github_experiment_metadata,290,GitHub lightweight record or source
exp/egorecover_observation_reference/v1/R1/seed62/identity.json,github_experiment_metadata,1671,GitHub lightweight record or source
exp/egorecover_observation_reference/v1/R1/seed62/progress.json,github_experiment_metadata,294,GitHub lightweight record or source
exp/egorecover_observation_reference/v1/R2/seed62/identity.json,github_experiment_metadata,1671,GitHub lightweight record or source
exp/egorecover_observation_reference/v1/R2/seed62/progress.json,github_experiment_metadata,292,GitHub lightweight record or source
exp/egorecover_observation_reference/v1/R3/seed62/identity.json,github_experiment_metadata,1671,GitHub lightweight record or source
exp/egorecover_observation_reference/v1/R3/seed62/progress.json,github_experiment_metadata,296,GitHub lightweight record or source
exp/egorecover_observation_reference/v1/controller.log,hf_logs_private,1111,GitHub lightweight record or source
exp/egorecover_observation_reference/v1/data,hf_cache_review,64,"intermediate, redundant shard, synthetic diagnostic or local-only file"
exp/egorecover_observation_reference/v1/diagnostic/progress.json,github_experiment_metadata,1875,GitHub lightweight record or source
exp/egorecover_observation_reference/v1/diagnostic/report.json,github_experiment_metadata,2148,GitHub lightweight record or source
exp/egorecover_observation_reference/v1/evaluation/e7_baseline.json,github_experiment_metadata,144242,GitHub lightweight record or source
exp/egorecover_observation_reference/v1/identity.json,github_experiment_metadata,1769,GitHub lightweight record or source
exp/egorecover_observation_reference/v1/jobs/R0_seed62.log,hf_logs_private,20458,GitHub lightweight record or source
exp/egorecover_observation_reference/v1/jobs/R1_seed62.log,hf_logs_private,19245,GitHub lightweight record or source
exp/egorecover_observation_reference/v1/jobs/R2_seed62.log,hf_logs_private,22621,GitHub lightweight record or source
exp/egorecover_observation_reference/v1/jobs/R3_seed62.log,hf_logs_private,20808,GitHub lightweight record or source
exp/egorecover_observation_reference/v1/jobs/e7_context_diagnostic.log,hf_logs_private,1611,GitHub lightweight record or source
exp/egorecover_observation_reference/v1/jobs/smoke_R0.log,hf_logs_private,637,GitHub lightweight record or source
exp/egorecover_observation_reference/v1/jobs/smoke_R1.log,hf_logs_private,634,GitHub lightweight record or source
exp/egorecover_observation_reference/v1/jobs/smoke_R2.log,hf_logs_private,633,GitHub lightweight record or source
exp/egorecover_observation_reference/v1/jobs/smoke_R3.log,hf_logs_private,634,GitHub lightweight record or source
exp/egorecover_observation_reference/v1/plan.json,github_experiment_metadata,998,GitHub lightweight record or source
exp/egorecover_observation_reference/v1/prior,hf_other_artifacts_review,65,"intermediate, redundant shard, synthetic diagnostic or local-only file"
exp/egorecover_observation_reference/v1/queue.json,github_experiment_metadata,160,GitHub lightweight record or source
exp/egorecover_observation_reference/v1/queue.lock,local_ephemeral,0,"intermediate, redundant shard, synthetic diagnostic or local-only file"
exp/egorecover_observation_reference/v1/source/config/egorecover_g_pretraining_v1.json,hf_source_snapshots,742,GitHub lightweight record or source
exp/egorecover_observation_reference/v1/source/egorecover/annotations.py,hf_source_snapshots,2806,GitHub lightweight record or source
exp/egorecover_observation_reference/v1/source/egorecover/codec.py,hf_source_snapshots,10103,GitHub lightweight record or source
exp/egorecover_observation_reference/v1/source/egorecover/conditioning.py,hf_source_snapshots,5335,GitHub lightweight record or source
exp/egorecover_observation_reference/v1/source/egorecover/e7_ablation.py,hf_source_snapshots,5909,GitHub lightweight record or source
exp/egorecover_observation_reference/v1/source/egorecover/fk.py,hf_source_snapshots,4713,GitHub lightweight record or source
exp/egorecover_observation_reference/v1/source/egorecover/g_pretraining.py,hf_source_snapshots,7116,GitHub lightweight record or source
exp/egorecover_observation_reference/v1/source/egorecover/history_flow.py,hf_source_snapshots,3884,GitHub lightweight record or source
exp/egorecover_observation_reference/v1/source/egorecover/losses.py,hf_source_snapshots,4088,GitHub lightweight record or source
exp/egorecover_observation_reference/v1/source/egorecover/observation_reference.py,hf_source_snapshots,6446,GitHub lightweight record or source
exp/egorecover_observation_reference/v1/source/egorecover/prior.py,hf_source_snapshots,2266,GitHub lightweight record or source
exp/egorecover_observation_reference/v1/source/egorecover/prior_cv_residual.py,hf_source_snapshots,5927,GitHub lightweight record or source
exp/egorecover_observation_reference/v1/source/egorecover/prior_two_forward.py,hf_source_snapshots,11381,GitHub lightweight record or source
exp/egorecover_observation_reference/v1/source/model/history_uniegomotion.py,hf_source_snapshots,5454,GitHub lightweight record or source
exp/egorecover_observation_reference/v1/source/model/observation_reference_g.py,hf_source_snapshots,2947,GitHub lightweight record or source
exp/egorecover_observation_reference/v1/source/model/uniegomotion.py,hf_source_snapshots,8289,GitHub lightweight record or source
exp/egorecover_observation_reference/v1/source/mydiffusion/flow_matching.py,hf_source_snapshots,11660,GitHub lightweight record or source
exp/egorecover_observation_reference/v1/source/run/g_pretraining_data.py,hf_source_snapshots,14035,GitHub lightweight record or source
exp/egorecover_observation_reference/v1/source/run/g_pretraining_experiment.py,hf_source_snapshots,12531,GitHub lightweight record or source
exp/egorecover_observation_reference/v1/source/run/observation_reference_experiment.py,hf_source_snapshots,10988,GitHub lightweight record or source
exp/egorecover_observation_reference/v1/source/run/train_g_pretraining.py,hf_source_snapshots,22592,GitHub lightweight record or source
exp/egorecover_observation_reference/v1/source/run/train_observation_reference.py,hf_source_snapshots,16267,GitHub lightweight record or source
exp/egorecover_observation_reference/v1/verification/R0_smoke/best.pt,hf_model_checkpoints,386078175,initial/last/smoke/failed/interrupted or inactive optimizer state
exp/egorecover_observation_reference/v1/verification/R0_smoke/dev/2.pt,hf_tensor_artifacts_review,43839,"intermediate, redundant shard, synthetic diagnostic or local-only file"
exp/egorecover_observation_reference/v1/verification/R0_smoke/identity.json,github_experiment_metadata,1671,GitHub lightweight record or source
exp/egorecover_observation_reference/v1/verification/R0_smoke/last.pt,hf_model_checkpoints,386078175,initial/last/smoke/failed/interrupted or inactive optimizer state
exp/egorecover_observation_reference/v1/verification/R0_smoke/progress.json,github_experiment_metadata,294,GitHub lightweight record or source
exp/egorecover_observation_reference/v1/verification/R0_smoke/report.json,github_experiment_metadata,2092,GitHub lightweight record or source
exp/egorecover_observation_reference/v1/verification/R0_smoke/resume.pt,hf_training_resume,1462857218,initial/last/smoke/failed/interrupted or inactive optimizer state
exp/egorecover_observation_reference/v1/verification/R0_smoke/selection.json,github_experiment_metadata,1937,GitHub lightweight record or source
exp/egorecover_observation_reference/v1/verification/R1_smoke/best.pt,hf_model_checkpoints,386078175,initial/last/smoke/failed/interrupted or inactive optimizer state
exp/egorecover_observation_reference/v1/verification/R1_smoke/dev/2.pt,hf_tensor_artifacts_review,43839,"intermediate, redundant shard, synthetic diagnostic or local-only file"
exp/egorecover_observation_reference/v1/verification/R1_smoke/identity.json,github_experiment_metadata,1671,GitHub lightweight record or source
exp/egorecover_observation_reference/v1/verification/R1_smoke/last.pt,hf_model_checkpoints,386078175,initial/last/smoke/failed/interrupted or inactive optimizer state
exp/egorecover_observation_reference/v1/verification/R1_smoke/progress.json,github_experiment_metadata,293,GitHub lightweight record or source
exp/egorecover_observation_reference/v1/verification/R1_smoke/report.json,github_experiment_metadata,2093,GitHub lightweight record or source
exp/egorecover_observation_reference/v1/verification/R1_smoke/resume.pt,hf_training_resume,1462857218,initial/last/smoke/failed/interrupted or inactive optimizer state
exp/egorecover_observation_reference/v1/verification/R1_smoke/selection.json,github_experiment_metadata,1972,GitHub lightweight record or source
exp/egorecover_observation_reference/v1/verification/R2_smoke/best.pt,hf_model_checkpoints,386078175,initial/last/smoke/failed/interrupted or inactive optimizer state
exp/egorecover_observation_reference/v1/verification/R2_smoke/dev/2.pt,hf_tensor_artifacts_review,43839,"intermediate, redundant shard, synthetic diagnostic or local-only file"
exp/egorecover_observation_reference/v1/verification/R2_smoke/identity.json,github_experiment_metadata,1671,GitHub lightweight record or source
exp/egorecover_observation_reference/v1/verification/R2_smoke/last.pt,hf_model_checkpoints,386078175,initial/last/smoke/failed/interrupted or inactive optimizer state
exp/egorecover_observation_reference/v1/verification/R2_smoke/progress.json,github_experiment_metadata,293,GitHub lightweight record or source
exp/egorecover_observation_reference/v1/verification/R2_smoke/report.json,github_experiment_metadata,2090,GitHub lightweight record or source
exp/egorecover_observation_reference/v1/verification/R2_smoke/resume.pt,hf_training_resume,1462857218,initial/last/smoke/failed/interrupted or inactive optimizer state
exp/egorecover_observation_reference/v1/verification/R2_smoke/selection.json,github_experiment_metadata,1947,GitHub lightweight record or source
exp/egorecover_observation_reference/v1/verification/R3_smoke/best.pt,hf_model_checkpoints,386078175,initial/last/smoke/failed/interrupted or inactive optimizer state
exp/egorecover_observation_reference/v1/verification/R3_smoke/dev/2.pt,hf_tensor_artifacts_review,43839,"intermediate, redundant shard, synthetic diagnostic or local-only file"
exp/egorecover_observation_reference/v1/verification/R3_smoke/identity.json,github_experiment_metadata,1671,GitHub lightweight record or source
exp/egorecover_observation_reference/v1/verification/R3_smoke/last.pt,hf_model_checkpoints,386078175,initial/last/smoke/failed/interrupted or inactive optimizer state
exp/egorecover_observation_reference/v1/verification/R3_smoke/progress.json,github_experiment_metadata,293,GitHub lightweight record or source
exp/egorecover_observation_reference/v1/verification/R3_smoke/report.json,github_experiment_metadata,2090,GitHub lightweight record or source
exp/egorecover_observation_reference/v1/verification/R3_smoke/resume.pt,hf_training_resume,1462857218,initial/last/smoke/failed/interrupted or inactive optimizer state
exp/egorecover_observation_reference/v1/verification/R3_smoke/selection.json,github_experiment_metadata,1933,GitHub lightweight record or source
exp/egorecover_observation_reference/v1/verification/report.json,github_experiment_metadata,702,GitHub lightweight record or source
exp/egorecover_observation_reference/v2/R0/seed62/dev/10000.pt,hf_tensor_artifacts_review,1558909,"intermediate, redundant shard, synthetic diagnostic or local-only file"
exp/egorecover_observation_reference/v2/R0/seed62/dev/12000.pt,hf_tensor_artifacts_review,1558909,"intermediate, redundant shard, synthetic diagnostic or local-only file"
exp/egorecover_observation_reference/v2/R0/seed62/dev/14000.pt,hf_tensor_artifacts_review,1558909,"intermediate, redundant shard, synthetic diagnostic or local-only file"
exp/egorecover_observation_reference/v2/R0/seed62/dev/16000.pt,hf_tensor_artifacts_review,1558909,"intermediate, redundant shard, synthetic diagnostic or local-only file"
exp/egorecover_observation_reference/v2/R0/seed62/dev/18000.pt,hf_tensor_artifacts_review,1558909,"intermediate, redundant shard, synthetic diagnostic or local-only file"
exp/egorecover_observation_reference/v2/R0/seed62/dev/2000.pt,hf_tensor_artifacts_review,1558689,"intermediate, redundant shard, synthetic diagnostic or local-only file"
exp/egorecover_observation_reference/v2/R0/seed62/dev/20000.pt,hf_tensor_artifacts_review,1558909,"intermediate, redundant shard, synthetic diagnostic or local-only file"
exp/egorecover_observation_reference/v2/R0/seed62/dev/22000.pt,hf_tensor_artifacts_review,1558909,"intermediate, redundant shard, synthetic diagnostic or local-only file"
exp/egorecover_observation_reference/v2/R0/seed62/dev/24000.pt,hf_tensor_artifacts_review,1558909,"intermediate, redundant shard, synthetic diagnostic or local-only file"
exp/egorecover_observation_reference/v2/R0/seed62/dev/4000.pt,hf_tensor_artifacts_review,1558689,"intermediate, redundant shard, synthetic diagnostic or local-only file"
exp/egorecover_observation_reference/v2/R0/seed62/dev/6000.pt,hf_tensor_artifacts_review,1558689,"intermediate, redundant shard, synthetic diagnostic or local-only file"
exp/egorecover_observation_reference/v2/R0/seed62/dev/8000.pt,hf_tensor_artifacts_review,1558689,"intermediate, redundant shard, synthetic diagnostic or local-only file"
exp/egorecover_observation_reference/v2/R0/seed62/identity.json,github_experiment_metadata,1788,GitHub lightweight record or source
exp/egorecover_observation_reference/v2/R0/seed62/last.pt,hf_model_checkpoints,386137243,initial/last/smoke/failed/interrupted or inactive optimizer state
exp/egorecover_observation_reference/v2/R0/seed62/progress.json,github_experiment_metadata,305,GitHub lightweight record or source
exp/egorecover_observation_reference/v2/R0/seed62/report.json,github_experiment_metadata,2227,GitHub lightweight record or source
exp/egorecover_observation_reference/v2/R0/seed62/selection.json,github_experiment_metadata,136111,GitHub lightweight record or source
exp/egorecover_observation_reference/v2/R0/seed62/test/report.json,github_experiment_metadata,57,GitHub lightweight record or source
exp/egorecover_observation_reference/v2/R0/seed63/dev/10000.pt,hf_tensor_artifacts_review,1558909,"intermediate, redundant shard, synthetic diagnostic or local-only file"
exp/egorecover_observation_reference/v2/R0/seed63/dev/12000.pt,hf_tensor_artifacts_review,1558909,"intermediate, redundant shard, synthetic diagnostic or local-only file"
exp/egorecover_observation_reference/v2/R0/seed63/dev/14000.pt,hf_tensor_artifacts_review,1558909,"intermediate, redundant shard, synthetic diagnostic or local-only file"
exp/egorecover_observation_reference/v2/R0/seed63/dev/16000.pt,hf_tensor_artifacts_review,1558909,"intermediate, redundant shard, synthetic diagnostic or local-only file"
exp/egorecover_observation_reference/v2/R0/seed63/dev/18000.pt,hf_tensor_artifacts_review,1558909,"intermediate, redundant shard, synthetic diagnostic or local-only file"
exp/egorecover_observation_reference/v2/R0/seed63/dev/2000.pt,hf_tensor_artifacts_review,1558689,"intermediate, redundant shard, synthetic diagnostic or local-only file"
exp/egorecover_observation_reference/v2/R0/seed63/dev/20000.pt,hf_tensor_artifacts_review,1558909,"intermediate, redundant shard, synthetic diagnostic or local-only file"
exp/egorecover_observation_reference/v2/R0/seed63/dev/22000.pt,hf_tensor_artifacts_review,1558909,"intermediate, redundant shard, synthetic diagnostic or local-only file"
exp/egorecover_observation_reference/v2/R0/seed63/dev/24000.pt,hf_tensor_artifacts_review,1558909,"intermediate, redundant shard, synthetic diagnostic or local-only file"
exp/egorecover_observation_reference/v2/R0/seed63/dev/4000.pt,hf_tensor_artifacts_review,1558689,"intermediate, redundant shard, synthetic diagnostic or local-only file"
exp/egorecover_observation_reference/v2/R0/seed63/dev/6000.pt,hf_tensor_artifacts_review,1558689,"intermediate, redundant shard, synthetic diagnostic or local-only file"
exp/egorecover_observation_reference/v2/R0/seed63/dev/8000.pt,hf_tensor_artifacts_review,1558689,"intermediate, redundant shard, synthetic diagnostic or local-only file"
exp/egorecover_observation_reference/v2/R0/seed63/identity.json,github_experiment_metadata,1788,GitHub lightweight record or source
exp/egorecover_observation_reference/v2/R0/seed63/last.pt,hf_model_checkpoints,386137243,initial/last/smoke/failed/interrupted or inactive optimizer state
exp/egorecover_observation_reference/v2/R0/seed63/progress.json,github_experiment_metadata,307,GitHub lightweight record or source
exp/egorecover_observation_reference/v2/R0/seed63/report.json,github_experiment_metadata,2227,GitHub lightweight record or source
exp/egorecover_observation_reference/v2/R0/seed63/selection.json,github_experiment_metadata,136163,GitHub lightweight record or source
exp/egorecover_observation_reference/v2/R0/seed63/test/report.json,github_experiment_metadata,57,GitHub lightweight record or source
exp/egorecover_observation_reference/v2/R0/seed64/dev/10000.pt,hf_tensor_artifacts_review,1558909,"intermediate, redundant shard, synthetic diagnostic or local-only file"
exp/egorecover_observation_reference/v2/R0/seed64/dev/12000.pt,hf_tensor_artifacts_review,1558909,"intermediate, redundant shard, synthetic diagnostic or local-only file"
exp/egorecover_observation_reference/v2/R0/seed64/dev/14000.pt,hf_tensor_artifacts_review,1558909,"intermediate, redundant shard, synthetic diagnostic or local-only file"
exp/egorecover_observation_reference/v2/R0/seed64/dev/16000.pt,hf_tensor_artifacts_review,1558909,"intermediate, redundant shard, synthetic diagnostic or local-only file"
exp/egorecover_observation_reference/v2/R0/seed64/dev/18000.pt,hf_tensor_artifacts_review,1558909,"intermediate, redundant shard, synthetic diagnostic or local-only file"
exp/egorecover_observation_reference/v2/R0/seed64/dev/2000.pt,hf_tensor_artifacts_review,1558689,"intermediate, redundant shard, synthetic diagnostic or local-only file"
exp/egorecover_observation_reference/v2/R0/seed64/dev/20000.pt,hf_tensor_artifacts_review,1558909,"intermediate, redundant shard, synthetic diagnostic or local-only file"
exp/egorecover_observation_reference/v2/R0/seed64/dev/22000.pt,hf_tensor_artifacts_review,1558909,"intermediate, redundant shard, synthetic diagnostic or local-only file"
exp/egorecover_observation_reference/v2/R0/seed64/dev/24000.pt,hf_tensor_artifacts_review,1558909,"intermediate, redundant shard, synthetic diagnostic or local-only file"
exp/egorecover_observation_reference/v2/R0/seed64/dev/4000.pt,hf_tensor_artifacts_review,1558689,"intermediate, redundant shard, synthetic diagnostic or local-only file"
exp/egorecover_observation_reference/v2/R0/seed64/dev/6000.pt,hf_tensor_artifacts_review,1558689,"intermediate, redundant shard, synthetic diagnostic or local-only file"
exp/egorecover_observation_reference/v2/R0/seed64/dev/8000.pt,hf_tensor_artifacts_review,1558689,"intermediate, redundant shard, synthetic diagnostic or local-only file"
exp/egorecover_observation_reference/v2/R0/seed64/identity.json,github_experiment_metadata,1788,GitHub lightweight record or source
exp/egorecover_observation_reference/v2/R0/seed64/last.pt,hf_model_checkpoints,386137243,initial/last/smoke/failed/interrupted or inactive optimizer state
exp/egorecover_observation_reference/v2/R0/seed64/progress.json,github_experiment_metadata,306,GitHub lightweight record or source
exp/egorecover_observation_reference/v2/R0/seed64/report.json,github_experiment_metadata,2227,GitHub lightweight record or source
exp/egorecover_observation_reference/v2/R0/seed64/selection.json,github_experiment_metadata,136249,GitHub lightweight record or source
exp/egorecover_observation_reference/v2/R0/seed64/test/report.json,github_experiment_metadata,56,GitHub lightweight record or source
exp/egorecover_observation_reference/v2/R1/seed62/dev/10000.pt,hf_tensor_artifacts_review,1558909,"intermediate, redundant shard, synthetic diagnostic or local-only file"
exp/egorecover_observation_reference/v2/R1/seed62/dev/12000.pt,hf_tensor_artifacts_review,1558909,"intermediate, redundant shard, synthetic diagnostic or local-only file"
exp/egorecover_observation_reference/v2/R1/seed62/dev/14000.pt,hf_tensor_artifacts_review,1558909,"intermediate, redundant shard, synthetic diagnostic or local-only file"
exp/egorecover_observation_reference/v2/R1/seed62/dev/16000.pt,hf_tensor_artifacts_review,1558909,"intermediate, redundant shard, synthetic diagnostic or local-only file"
exp/egorecover_observation_reference/v2/R1/seed62/dev/18000.pt,hf_tensor_artifacts_review,1558909,"intermediate, redundant shard, synthetic diagnostic or local-only file"
exp/egorecover_observation_reference/v2/R1/seed62/dev/2000.pt,hf_tensor_artifacts_review,1558689,"intermediate, redundant shard, synthetic diagnostic or local-only file"
exp/egorecover_observation_reference/v2/R1/seed62/dev/20000.pt,hf_tensor_artifacts_review,1558909,"intermediate, redundant shard, synthetic diagnostic or local-only file"
exp/egorecover_observation_reference/v2/R1/seed62/dev/22000.pt,hf_tensor_artifacts_review,1558909,"intermediate, redundant shard, synthetic diagnostic or local-only file"
exp/egorecover_observation_reference/v2/R1/seed62/dev/24000.pt,hf_tensor_artifacts_review,1558909,"intermediate, redundant shard, synthetic diagnostic or local-only file"
exp/egorecover_observation_reference/v2/R1/seed62/dev/4000.pt,hf_tensor_artifacts_review,1558689,"intermediate, redundant shard, synthetic diagnostic or local-only file"
exp/egorecover_observation_reference/v2/R1/seed62/dev/6000.pt,hf_tensor_artifacts_review,1558689,"intermediate, redundant shard, synthetic diagnostic or local-only file"
exp/egorecover_observation_reference/v2/R1/seed62/dev/8000.pt,hf_tensor_artifacts_review,1558689,"intermediate, redundant shard, synthetic diagnostic or local-only file"
exp/egorecover_observation_reference/v2/R1/seed62/identity.json,github_experiment_metadata,1788,GitHub lightweight record or source
exp/egorecover_observation_reference/v2/R1/seed62/last.pt,hf_model_checkpoints,386137243,initial/last/smoke/failed/interrupted or inactive optimizer state
exp/egorecover_observation_reference/v2/R1/seed62/progress.json,github_experiment_metadata,305,GitHub lightweight record or source
exp/egorecover_observation_reference/v2/R1/seed62/report.json,github_experiment_metadata,2227,GitHub lightweight record or source
exp/egorecover_observation_reference/v2/R1/seed62/resume.pt,hf_training_resume,1463129164,initial/last/smoke/failed/interrupted or inactive optimizer state
exp/egorecover_observation_reference/v2/R1/seed62/selection.json,github_experiment_metadata,136163,GitHub lightweight record or source
exp/egorecover_observation_reference/v2/R1/seed62/test/report.json,github_experiment_metadata,57,GitHub lightweight record or source
exp/egorecover_observation_reference/v2/R1/seed63/dev/10000.pt,hf_tensor_artifacts_review,1558909,"intermediate, redundant shard, synthetic diagnostic or local-only file"
exp/egorecover_observation_reference/v2/R1/seed63/dev/12000.pt,hf_tensor_artifacts_review,1558909,"intermediate, redundant shard, synthetic diagnostic or local-only file"
exp/egorecover_observation_reference/v2/R1/seed63/dev/14000.pt,hf_tensor_artifacts_review,1558909,"intermediate, redundant shard, synthetic diagnostic or local-only file"
exp/egorecover_observation_reference/v2/R1/seed63/dev/16000.pt,hf_tensor_artifacts_review,1558909,"intermediate, redundant shard, synthetic diagnostic or local-only file"
exp/egorecover_observation_reference/v2/R1/seed63/dev/18000.pt,hf_tensor_artifacts_review,1558909,"intermediate, redundant shard, synthetic diagnostic or local-only file"
exp/egorecover_observation_reference/v2/R1/seed63/dev/2000.pt,hf_tensor_artifacts_review,1558689,"intermediate, redundant shard, synthetic diagnostic or local-only file"
exp/egorecover_observation_reference/v2/R1/seed63/dev/20000.pt,hf_tensor_artifacts_review,1558909,"intermediate, redundant shard, synthetic diagnostic or local-only file"
exp/egorecover_observation_reference/v2/R1/seed63/dev/22000.pt,hf_tensor_artifacts_review,1558909,"intermediate, redundant shard, synthetic diagnostic or local-only file"
exp/egorecover_observation_reference/v2/R1/seed63/dev/24000.pt,hf_tensor_artifacts_review,1558909,"intermediate, redundant shard, synthetic diagnostic or local-only file"
exp/egorecover_observation_reference/v2/R1/seed63/dev/4000.pt,hf_tensor_artifacts_review,1558689,"intermediate, redundant shard, synthetic diagnostic or local-only file"
exp/egorecover_observation_reference/v2/R1/seed63/dev/6000.pt,hf_tensor_artifacts_review,1558689,"intermediate, redundant shard, synthetic diagnostic or local-only file"
exp/egorecover_observation_reference/v2/R1/seed63/dev/8000.pt,hf_tensor_artifacts_review,1558689,"intermediate, redundant shard, synthetic diagnostic or local-only file"
exp/egorecover_observation_reference/v2/R1/seed63/identity.json,github_experiment_metadata,1788,GitHub lightweight record or source
exp/egorecover_observation_reference/v2/R1/seed63/last.pt,hf_model_checkpoints,386137243,initial/last/smoke/failed/interrupted or inactive optimizer state
exp/egorecover_observation_reference/v2/R1/seed63/progress.json,github_experiment_metadata,306,GitHub lightweight record or source
exp/egorecover_observation_reference/v2/R1/seed63/report.json,github_experiment_metadata,2226,GitHub lightweight record or source
exp/egorecover_observation_reference/v2/R1/seed63/resume.pt,hf_training_resume,1463129164,initial/last/smoke/failed/interrupted or inactive optimizer state
exp/egorecover_observation_reference/v2/R1/seed63/selection.json,github_experiment_metadata,136240,GitHub lightweight record or source
exp/egorecover_observation_reference/v2/R1/seed63/test/report.json,github_experiment_metadata,57,GitHub lightweight record or source
exp/egorecover_observation_reference/v2/R1/seed64/dev/10000.pt,hf_tensor_artifacts_review,1558909,"intermediate, redundant shard, synthetic diagnostic or local-only file"
exp/egorecover_observation_reference/v2/R1/seed64/dev/12000.pt,hf_tensor_artifacts_review,1558909,"intermediate, redundant shard, synthetic diagnostic or local-only file"
exp/egorecover_observation_reference/v2/R1/seed64/dev/14000.pt,hf_tensor_artifacts_review,1558909,"intermediate, redundant shard, synthetic diagnostic or local-only file"
exp/egorecover_observation_reference/v2/R1/seed64/dev/16000.pt,hf_tensor_artifacts_review,1558909,"intermediate, redundant shard, synthetic diagnostic or local-only file"
exp/egorecover_observation_reference/v2/R1/seed64/dev/18000.pt,hf_tensor_artifacts_review,1558909,"intermediate, redundant shard, synthetic diagnostic or local-only file"
exp/egorecover_observation_reference/v2/R1/seed64/dev/2000.pt,hf_tensor_artifacts_review,1558689,"intermediate, redundant shard, synthetic diagnostic or local-only file"
exp/egorecover_observation_reference/v2/R1/seed64/dev/20000.pt,hf_tensor_artifacts_review,1558909,"intermediate, redundant shard, synthetic diagnostic or local-only file"
exp/egorecover_observation_reference/v2/R1/seed64/dev/22000.pt,hf_tensor_artifacts_review,1558909,"intermediate, redundant shard, synthetic diagnostic or local-only file"
exp/egorecover_observation_reference/v2/R1/seed64/dev/24000.pt,hf_tensor_artifacts_review,1558909,"intermediate, redundant shard, synthetic diagnostic or local-only file"
exp/egorecover_observation_reference/v2/R1/seed64/dev/4000.pt,hf_tensor_artifacts_review,1558689,"intermediate, redundant shard, synthetic diagnostic or local-only file"
exp/egorecover_observation_reference/v2/R1/seed64/dev/6000.pt,hf_tensor_artifacts_review,1558689,"intermediate, redundant shard, synthetic diagnostic or local-only file"
exp/egorecover_observation_reference/v2/R1/seed64/dev/8000.pt,hf_tensor_artifacts_review,1558689,"intermediate, redundant shard, synthetic diagnostic or local-only file"
exp/egorecover_observation_reference/v2/R1/seed64/identity.json,github_experiment_metadata,1788,GitHub lightweight record or source
exp/egorecover_observation_reference/v2/R1/seed64/last.pt,hf_model_checkpoints,386137243,initial/last/smoke/failed/interrupted or inactive optimizer state
exp/egorecover_observation_reference/v2/R1/seed64/progress.json,github_experiment_metadata,305,GitHub lightweight record or source
exp/egorecover_observation_reference/v2/R1/seed64/report.json,github_experiment_metadata,2226,GitHub lightweight record or source
exp/egorecover_observation_reference/v2/R1/seed64/resume.pt,hf_training_resume,1463129164,initial/last/smoke/failed/interrupted or inactive optimizer state
exp/egorecover_observation_reference/v2/R1/seed64/selection.json,github_experiment_metadata,136261,GitHub lightweight record or source
exp/egorecover_observation_reference/v2/R1/seed64/test/report.json,github_experiment_metadata,57,GitHub lightweight record or source
exp/egorecover_observation_reference/v2/R2/seed62/dev/10000.pt,hf_tensor_artifacts_review,1558909,"intermediate, redundant shard, synthetic diagnostic or local-only file"
exp/egorecover_observation_reference/v2/R2/seed62/dev/12000.pt,hf_tensor_artifacts_review,1558909,"intermediate, redundant shard, synthetic diagnostic or local-only file"
exp/egorecover_observation_reference/v2/R2/seed62/dev/14000.pt,hf_tensor_artifacts_review,1558909,"intermediate, redundant shard, synthetic diagnostic or local-only file"
exp/egorecover_observation_reference/v2/R2/seed62/dev/16000.pt,hf_tensor_artifacts_review,1558909,"intermediate, redundant shard, synthetic diagnostic or local-only file"
exp/egorecover_observation_reference/v2/R2/seed62/dev/18000.pt,hf_tensor_artifacts_review,1558909,"intermediate, redundant shard, synthetic diagnostic or local-only file"
exp/egorecover_observation_reference/v2/R2/seed62/dev/2000.pt,hf_tensor_artifacts_review,1558689,"intermediate, redundant shard, synthetic diagnostic or local-only file"
exp/egorecover_observation_reference/v2/R2/seed62/dev/20000.pt,hf_tensor_artifacts_review,1558909,"intermediate, redundant shard, synthetic diagnostic or local-only file"
exp/egorecover_observation_reference/v2/R2/seed62/dev/22000.pt,hf_tensor_artifacts_review,1558909,"intermediate, redundant shard, synthetic diagnostic or local-only file"
exp/egorecover_observation_reference/v2/R2/seed62/dev/24000.pt,hf_tensor_artifacts_review,1558909,"intermediate, redundant shard, synthetic diagnostic or local-only file"
exp/egorecover_observation_reference/v2/R2/seed62/dev/4000.pt,hf_tensor_artifacts_review,1558689,"intermediate, redundant shard, synthetic diagnostic or local-only file"
exp/egorecover_observation_reference/v2/R2/seed62/dev/6000.pt,hf_tensor_artifacts_review,1558689,"intermediate, redundant shard, synthetic diagnostic or local-only file"
exp/egorecover_observation_reference/v2/R2/seed62/dev/8000.pt,hf_tensor_artifacts_review,1558689,"intermediate, redundant shard, synthetic diagnostic or local-only file"
exp/egorecover_observation_reference/v2/R2/seed62/identity.json,github_experiment_metadata,1788,GitHub lightweight record or source
exp/egorecover_observation_reference/v2/R2/seed62/last.pt,hf_model_checkpoints,386137243,initial/last/smoke/failed/interrupted or inactive optimizer state
exp/egorecover_observation_reference/v2/R2/seed62/progress.json,github_experiment_metadata,304,GitHub lightweight record or source
exp/egorecover_observation_reference/v2/R2/seed62/report.json,github_experiment_metadata,2226,GitHub lightweight record or source
exp/egorecover_observation_reference/v2/R2/seed62/resume.pt,hf_training_resume,1463129164,initial/last/smoke/failed/interrupted or inactive optimizer state
exp/egorecover_observation_reference/v2/R2/seed62/selection.json,github_experiment_metadata,136254,GitHub lightweight record or source
exp/egorecover_observation_reference/v2/R2/seed62/test/report.json,github_experiment_metadata,57,GitHub lightweight record or source
exp/egorecover_observation_reference/v2/R2/seed63/dev/10000.pt,hf_tensor_artifacts_review,1558909,"intermediate, redundant shard, synthetic diagnostic or local-only file"
exp/egorecover_observation_reference/v2/R2/seed63/dev/12000.pt,hf_tensor_artifacts_review,1558909,"intermediate, redundant shard, synthetic diagnostic or local-only file"
exp/egorecover_observation_reference/v2/R2/seed63/dev/14000.pt,hf_tensor_artifacts_review,1558909,"intermediate, redundant shard, synthetic diagnostic or local-only file"
exp/egorecover_observation_reference/v2/R2/seed63/dev/16000.pt,hf_tensor_artifacts_review,1558909,"intermediate, redundant shard, synthetic diagnostic or local-only file"
exp/egorecover_observation_reference/v2/R2/seed63/dev/18000.pt,hf_tensor_artifacts_review,1558909,"intermediate, redundant shard, synthetic diagnostic or local-only file"
exp/egorecover_observation_reference/v2/R2/seed63/dev/2000.pt,hf_tensor_artifacts_review,1558689,"intermediate, redundant shard, synthetic diagnostic or local-only file"
exp/egorecover_observation_reference/v2/R2/seed63/dev/20000.pt,hf_tensor_artifacts_review,1558909,"intermediate, redundant shard, synthetic diagnostic or local-only file"
exp/egorecover_observation_reference/v2/R2/seed63/dev/22000.pt,hf_tensor_artifacts_review,1558909,"intermediate, redundant shard, synthetic diagnostic or local-only file"
exp/egorecover_observation_reference/v2/R2/seed63/dev/24000.pt,hf_tensor_artifacts_review,1558909,"intermediate, redundant shard, synthetic diagnostic or local-only file"
exp/egorecover_observation_reference/v2/R2/seed63/dev/4000.pt,hf_tensor_artifacts_review,1558689,"intermediate, redundant shard, synthetic diagnostic or local-only file"
exp/egorecover_observation_reference/v2/R2/seed63/dev/6000.pt,hf_tensor_artifacts_review,1558689,"intermediate, redundant shard, synthetic diagnostic or local-only file"
exp/egorecover_observation_reference/v2/R2/seed63/dev/8000.pt,hf_tensor_artifacts_review,1558689,"intermediate, redundant shard, synthetic diagnostic or local-only file"
exp/egorecover_observation_reference/v2/R2/seed63/identity.json,github_experiment_metadata,1788,GitHub lightweight record or source
exp/egorecover_observation_reference/v2/R2/seed63/last.pt,hf_model_checkpoints,386137243,initial/last/smoke/failed/interrupted or inactive optimizer state
exp/egorecover_observation_reference/v2/R2/seed63/progress.json,github_experiment_metadata,305,GitHub lightweight record or source
exp/egorecover_observation_reference/v2/R2/seed63/report.json,github_experiment_metadata,2227,GitHub lightweight record or source
exp/egorecover_observation_reference/v2/R2/seed63/resume.pt,hf_training_resume,1463129164,initial/last/smoke/failed/interrupted or inactive optimizer state
exp/egorecover_observation_reference/v2/R2/seed63/selection.json,github_experiment_metadata,136264,GitHub lightweight record or source
exp/egorecover_observation_reference/v2/R2/seed63/test/report.json,github_experiment_metadata,56,GitHub lightweight record or source
exp/egorecover_observation_reference/v2/R2/seed64/dev/10000.pt,hf_tensor_artifacts_review,1558909,"intermediate, redundant shard, synthetic diagnostic or local-only file"
exp/egorecover_observation_reference/v2/R2/seed64/dev/12000.pt,hf_tensor_artifacts_review,1558909,"intermediate, redundant shard, synthetic diagnostic or local-only file"
exp/egorecover_observation_reference/v2/R2/seed64/dev/14000.pt,hf_tensor_artifacts_review,1558909,"intermediate, redundant shard, synthetic diagnostic or local-only file"
exp/egorecover_observation_reference/v2/R2/seed64/dev/16000.pt,hf_tensor_artifacts_review,1558909,"intermediate, redundant shard, synthetic diagnostic or local-only file"
exp/egorecover_observation_reference/v2/R2/seed64/dev/18000.pt,hf_tensor_artifacts_review,1558909,"intermediate, redundant shard, synthetic diagnostic or local-only file"
exp/egorecover_observation_reference/v2/R2/seed64/dev/2000.pt,hf_tensor_artifacts_review,1558689,"intermediate, redundant shard, synthetic diagnostic or local-only file"
exp/egorecover_observation_reference/v2/R2/seed64/dev/20000.pt,hf_tensor_artifacts_review,1558909,"intermediate, redundant shard, synthetic diagnostic or local-only file"
exp/egorecover_observation_reference/v2/R2/seed64/dev/22000.pt,hf_tensor_artifacts_review,1558909,"intermediate, redundant shard, synthetic diagnostic or local-only file"
exp/egorecover_observation_reference/v2/R2/seed64/dev/24000.pt,hf_tensor_artifacts_review,1558909,"intermediate, redundant shard, synthetic diagnostic or local-only file"
exp/egorecover_observation_reference/v2/R2/seed64/dev/4000.pt,hf_tensor_artifacts_review,1558689,"intermediate, redundant shard, synthetic diagnostic or local-only file"
exp/egorecover_observation_reference/v2/R2/seed64/dev/6000.pt,hf_tensor_artifacts_review,1558689,"intermediate, redundant shard, synthetic diagnostic or local-only file"
exp/egorecover_observation_reference/v2/R2/seed64/dev/8000.pt,hf_tensor_artifacts_review,1558689,"intermediate, redundant shard, synthetic diagnostic or local-only file"
exp/egorecover_observation_reference/v2/R2/seed64/identity.json,github_experiment_metadata,1788,GitHub lightweight record or source
exp/egorecover_observation_reference/v2/R2/seed64/last.pt,hf_model_checkpoints,386137243,initial/last/smoke/failed/interrupted or inactive optimizer state
exp/egorecover_observation_reference/v2/R2/seed64/progress.json,github_experiment_metadata,307,GitHub lightweight record or source
exp/egorecover_observation_reference/v2/R2/seed64/report.json,github_experiment_metadata,2227,GitHub lightweight record or source
exp/egorecover_observation_reference/v2/R2/seed64/resume.pt,hf_training_resume,1463129164,initial/last/smoke/failed/interrupted or inactive optimizer state
exp/egorecover_observation_reference/v2/R2/seed64/selection.json,github_experiment_metadata,136212,GitHub lightweight record or source
exp/egorecover_observation_reference/v2/R2/seed64/test/report.json,github_experiment_metadata,57,GitHub lightweight record or source
exp/egorecover_observation_reference/v2/R3/seed62/dev/10000.pt,hf_tensor_artifacts_review,1558909,"intermediate, redundant shard, synthetic diagnostic or local-only file"
exp/egorecover_observation_reference/v2/R3/seed62/dev/12000.pt,hf_tensor_artifacts_review,1558909,"intermediate, redundant shard, synthetic diagnostic or local-only file"
exp/egorecover_observation_reference/v2/R3/seed62/dev/14000.pt,hf_tensor_artifacts_review,1558909,"intermediate, redundant shard, synthetic diagnostic or local-only file"
exp/egorecover_observation_reference/v2/R3/seed62/dev/16000.pt,hf_tensor_artifacts_review,1558909,"intermediate, redundant shard, synthetic diagnostic or local-only file"
exp/egorecover_observation_reference/v2/R3/seed62/dev/18000.pt,hf_tensor_artifacts_review,1558909,"intermediate, redundant shard, synthetic diagnostic or local-only file"
exp/egorecover_observation_reference/v2/R3/seed62/dev/2000.pt,hf_tensor_artifacts_review,1558689,"intermediate, redundant shard, synthetic diagnostic or local-only file"
exp/egorecover_observation_reference/v2/R3/seed62/dev/20000.pt,hf_tensor_artifacts_review,1558909,"intermediate, redundant shard, synthetic diagnostic or local-only file"
exp/egorecover_observation_reference/v2/R3/seed62/dev/22000.pt,hf_tensor_artifacts_review,1558909,"intermediate, redundant shard, synthetic diagnostic or local-only file"
exp/egorecover_observation_reference/v2/R3/seed62/dev/24000.pt,hf_tensor_artifacts_review,1558909,"intermediate, redundant shard, synthetic diagnostic or local-only file"
exp/egorecover_observation_reference/v2/R3/seed62/dev/4000.pt,hf_tensor_artifacts_review,1558689,"intermediate, redundant shard, synthetic diagnostic or local-only file"
exp/egorecover_observation_reference/v2/R3/seed62/dev/6000.pt,hf_tensor_artifacts_review,1558689,"intermediate, redundant shard, synthetic diagnostic or local-only file"
exp/egorecover_observation_reference/v2/R3/seed62/dev/8000.pt,hf_tensor_artifacts_review,1558689,"intermediate, redundant shard, synthetic diagnostic or local-only file"
exp/egorecover_observation_reference/v2/R3/seed62/identity.json,github_experiment_metadata,1788,GitHub lightweight record or source
exp/egorecover_observation_reference/v2/R3/seed62/last.pt,hf_model_checkpoints,386137243,initial/last/smoke/failed/interrupted or inactive optimizer state
exp/egorecover_observation_reference/v2/R3/seed62/progress.json,github_experiment_metadata,306,GitHub lightweight record or source
exp/egorecover_observation_reference/v2/R3/seed62/report.json,github_experiment_metadata,2225,GitHub lightweight record or source
exp/egorecover_observation_reference/v2/R3/seed62/resume.pt,hf_training_resume,1463129164,initial/last/smoke/failed/interrupted or inactive optimizer state
exp/egorecover_observation_reference/v2/R3/seed62/selection.json,github_experiment_metadata,136308,GitHub lightweight record or source
exp/egorecover_observation_reference/v2/R3/seed62/test/report.json,github_experiment_metadata,57,GitHub lightweight record or source
exp/egorecover_observation_reference/v2/R3/seed63/dev/10000.pt,hf_tensor_artifacts_review,1558909,"intermediate, redundant shard, synthetic diagnostic or local-only file"
exp/egorecover_observation_reference/v2/R3/seed63/dev/12000.pt,hf_tensor_artifacts_review,1558909,"intermediate, redundant shard, synthetic diagnostic or local-only file"
exp/egorecover_observation_reference/v2/R3/seed63/dev/14000.pt,hf_tensor_artifacts_review,1558909,"intermediate, redundant shard, synthetic diagnostic or local-only file"
exp/egorecover_observation_reference/v2/R3/seed63/dev/16000.pt,hf_tensor_artifacts_review,1558909,"intermediate, redundant shard, synthetic diagnostic or local-only file"
exp/egorecover_observation_reference/v2/R3/seed63/dev/18000.pt,hf_tensor_artifacts_review,1558909,"intermediate, redundant shard, synthetic diagnostic or local-only file"
exp/egorecover_observation_reference/v2/R3/seed63/dev/2000.pt,hf_tensor_artifacts_review,1558689,"intermediate, redundant shard, synthetic diagnostic or local-only file"
exp/egorecover_observation_reference/v2/R3/seed63/dev/20000.pt,hf_tensor_artifacts_review,1558909,"intermediate, redundant shard, synthetic diagnostic or local-only file"
exp/egorecover_observation_reference/v2/R3/seed63/dev/22000.pt,hf_tensor_artifacts_review,1558909,"intermediate, redundant shard, synthetic diagnostic or local-only file"
exp/egorecover_observation_reference/v2/R3/seed63/dev/24000.pt,hf_tensor_artifacts_review,1558909,"intermediate, redundant shard, synthetic diagnostic or local-only file"
exp/egorecover_observation_reference/v2/R3/seed63/dev/4000.pt,hf_tensor_artifacts_review,1558689,"intermediate, redundant shard, synthetic diagnostic or local-only file"
exp/egorecover_observation_reference/v2/R3/seed63/dev/6000.pt,hf_tensor_artifacts_review,1558689,"intermediate, redundant shard, synthetic diagnostic or local-only file"
exp/egorecover_observation_reference/v2/R3/seed63/dev/8000.pt,hf_tensor_artifacts_review,1558689,"intermediate, redundant shard, synthetic diagnostic or local-only file"
exp/egorecover_observation_reference/v2/R3/seed63/identity.json,github_experiment_metadata,1788,GitHub lightweight record or source
exp/egorecover_observation_reference/v2/R3/seed63/last.pt,hf_model_checkpoints,386137243,initial/last/smoke/failed/interrupted or inactive optimizer state
exp/egorecover_observation_reference/v2/R3/seed63/progress.json,github_experiment_metadata,306,GitHub lightweight record or source
exp/egorecover_observation_reference/v2/R3/seed63/report.json,github_experiment_metadata,2226,GitHub lightweight record or source
exp/egorecover_observation_reference/v2/R3/seed63/resume.pt,hf_training_resume,1463129164,initial/last/smoke/failed/interrupted or inactive optimizer state
exp/egorecover_observation_reference/v2/R3/seed63/selection.json,github_experiment_metadata,136267,GitHub lightweight record or source
exp/egorecover_observation_reference/v2/R3/seed63/test/report.json,github_experiment_metadata,57,GitHub lightweight record or source
exp/egorecover_observation_reference/v2/R3/seed64/dev/10000.pt,hf_tensor_artifacts_review,1558909,"intermediate, redundant shard, synthetic diagnostic or local-only file"
exp/egorecover_observation_reference/v2/R3/seed64/dev/12000.pt,hf_tensor_artifacts_review,1558909,"intermediate, redundant shard, synthetic diagnostic or local-only file"
exp/egorecover_observation_reference/v2/R3/seed64/dev/14000.pt,hf_tensor_artifacts_review,1558909,"intermediate, redundant shard, synthetic diagnostic or local-only file"
exp/egorecover_observation_reference/v2/R3/seed64/dev/16000.pt,hf_tensor_artifacts_review,1558909,"intermediate, redundant shard, synthetic diagnostic or local-only file"
exp/egorecover_observation_reference/v2/R3/seed64/dev/18000.pt,hf_tensor_artifacts_review,1558909,"intermediate, redundant shard, synthetic diagnostic or local-only file"
exp/egorecover_observation_reference/v2/R3/seed64/dev/2000.pt,hf_tensor_artifacts_review,1558689,"intermediate, redundant shard, synthetic diagnostic or local-only file"
exp/egorecover_observation_reference/v2/R3/seed64/dev/20000.pt,hf_tensor_artifacts_review,1558909,"intermediate, redundant shard, synthetic diagnostic or local-only file"
exp/egorecover_observation_reference/v2/R3/seed64/dev/22000.pt,hf_tensor_artifacts_review,1558909,"intermediate, redundant shard, synthetic diagnostic or local-only file"
exp/egorecover_observation_reference/v2/R3/seed64/dev/24000.pt,hf_tensor_artifacts_review,1558909,"intermediate, redundant shard, synthetic diagnostic or local-only file"
exp/egorecover_observation_reference/v2/R3/seed64/dev/4000.pt,hf_tensor_artifacts_review,1558689,"intermediate, redundant shard, synthetic diagnostic or local-only file"
exp/egorecover_observation_reference/v2/R3/seed64/dev/6000.pt,hf_tensor_artifacts_review,1558689,"intermediate, redundant shard, synthetic diagnostic or local-only file"
exp/egorecover_observation_reference/v2/R3/seed64/dev/8000.pt,hf_tensor_artifacts_review,1558689,"intermediate, redundant shard, synthetic diagnostic or local-only file"
exp/egorecover_observation_reference/v2/R3/seed64/identity.json,github_experiment_metadata,1788,GitHub lightweight record or source
exp/egorecover_observation_reference/v2/R3/seed64/last.pt,hf_model_checkpoints,386137243,initial/last/smoke/failed/interrupted or inactive optimizer state
exp/egorecover_observation_reference/v2/R3/seed64/progress.json,github_experiment_metadata,307,GitHub lightweight record or source
exp/egorecover_observation_reference/v2/R3/seed64/report.json,github_experiment_metadata,2226,GitHub lightweight record or source
exp/egorecover_observation_reference/v2/R3/seed64/resume.pt,hf_training_resume,1463129164,initial/last/smoke/failed/interrupted or inactive optimizer state
exp/egorecover_observation_reference/v2/R3/seed64/selection.json,github_experiment_metadata,136199,GitHub lightweight record or source
exp/egorecover_observation_reference/v2/R3/seed64/test/report.json,github_experiment_metadata,57,GitHub lightweight record or source
exp/egorecover_observation_reference/v2/RESULTS.md,github_experiment_metadata,2106,GitHub lightweight record or source
exp/egorecover_observation_reference/v2/analysis/cross-round-comparisons.json,github_experiment_metadata,870,GitHub lightweight record or source
exp/egorecover_observation_reference/v2/analysis/final-conclusions.md,github_experiment_metadata,5421,GitHub lightweight record or source
exp/egorecover_observation_reference/v2/controller.log,hf_logs_private,1512,GitHub lightweight record or source
exp/egorecover_observation_reference/v2/data,hf_cache_review,64,"intermediate, redundant shard, synthetic diagnostic or local-only file"
exp/egorecover_observation_reference/v2/diagnostic/report.json,github_experiment_metadata,2148,GitHub lightweight record or source
exp/egorecover_observation_reference/v2/evaluation/e7_baseline.json,github_experiment_metadata,144242,GitHub lightweight record or source
exp/egorecover_observation_reference/v2/evaluation/selected_checkpoints.json,github_experiment_metadata,999,GitHub lightweight record or source
exp/egorecover_observation_reference/v2/identity.json,github_experiment_metadata,1886,GitHub lightweight record or source
exp/egorecover_observation_reference/v2/interim/seed62_step18000.json,github_experiment_metadata,44703,GitHub lightweight record or source
exp/egorecover_observation_reference/v2/jobs/R0_seed62.log,hf_logs_private,336507,GitHub lightweight record or source
exp/egorecover_observation_reference/v2/jobs/R0_seed63.log,hf_logs_private,336596,GitHub lightweight record or source
exp/egorecover_observation_reference/v2/jobs/R0_seed64.log,hf_logs_private,336584,GitHub lightweight record or source
exp/egorecover_observation_reference/v2/jobs/R1_seed62.log,hf_logs_private,336542,GitHub lightweight record or source
exp/egorecover_observation_reference/v2/jobs/R1_seed63.log,hf_logs_private,336640,GitHub lightweight record or source
exp/egorecover_observation_reference/v2/jobs/R1_seed64.log,hf_logs_private,336609,GitHub lightweight record or source
exp/egorecover_observation_reference/v2/jobs/R2_seed62.log,hf_logs_private,336559,GitHub lightweight record or source
exp/egorecover_observation_reference/v2/jobs/R2_seed63.log,hf_logs_private,336813,GitHub lightweight record or source
exp/egorecover_observation_reference/v2/jobs/R2_seed64.log,hf_logs_private,336736,GitHub lightweight record or source
exp/egorecover_observation_reference/v2/jobs/R3_seed62.log,hf_logs_private,336629,GitHub lightweight record or source
exp/egorecover_observation_reference/v2/jobs/R3_seed63.log,hf_logs_private,336576,GitHub lightweight record or source
exp/egorecover_observation_reference/v2/jobs/R3_seed64.log,hf_logs_private,336674,GitHub lightweight record or source
exp/egorecover_observation_reference/v2/jobs/eval_R0_seed62.log,hf_logs_private,126,GitHub lightweight record or source
exp/egorecover_observation_reference/v2/jobs/eval_R0_seed63.log,hf_logs_private,126,GitHub lightweight record or source
exp/egorecover_observation_reference/v2/jobs/eval_R0_seed64.log,hf_logs_private,125,GitHub lightweight record or source
exp/egorecover_observation_reference/v2/jobs/eval_R1_seed62.log,hf_logs_private,126,GitHub lightweight record or source
exp/egorecover_observation_reference/v2/jobs/eval_R1_seed63.log,hf_logs_private,126,GitHub lightweight record or source
exp/egorecover_observation_reference/v2/jobs/eval_R1_seed64.log,hf_logs_private,126,GitHub lightweight record or source
exp/egorecover_observation_reference/v2/jobs/eval_R2_seed62.log,hf_logs_private,126,GitHub lightweight record or source
exp/egorecover_observation_reference/v2/jobs/eval_R2_seed63.log,hf_logs_private,125,GitHub lightweight record or source
exp/egorecover_observation_reference/v2/jobs/eval_R2_seed64.log,hf_logs_private,126,GitHub lightweight record or source
exp/egorecover_observation_reference/v2/jobs/eval_R3_seed62.log,hf_logs_private,126,GitHub lightweight record or source
exp/egorecover_observation_reference/v2/jobs/eval_R3_seed63.log,hf_logs_private,126,GitHub lightweight record or source
exp/egorecover_observation_reference/v2/jobs/eval_R3_seed64.log,hf_logs_private,126,GitHub lightweight record or source
exp/egorecover_observation_reference/v2/jobs/smoke_R0.log,hf_logs_private,635,GitHub lightweight record or source
exp/egorecover_observation_reference/v2/jobs/smoke_R1.log,hf_logs_private,638,GitHub lightweight record or source
exp/egorecover_observation_reference/v2/jobs/smoke_R2.log,hf_logs_private,637,GitHub lightweight record or source
exp/egorecover_observation_reference/v2/jobs/smoke_R3.log,hf_logs_private,637,GitHub lightweight record or source
exp/egorecover_observation_reference/v2/plan.json,github_experiment_metadata,1113,GitHub lightweight record or source
exp/egorecover_observation_reference/v2/prior,hf_other_artifacts_review,65,"intermediate, redundant shard, synthetic diagnostic or local-only file"
exp/egorecover_observation_reference/v2/queue.json,github_experiment_metadata,77,GitHub lightweight record or source
exp/egorecover_observation_reference/v2/queue.lock,local_ephemeral,0,"intermediate, redundant shard, synthetic diagnostic or local-only file"
exp/egorecover_observation_reference/v2/source/config/egorecover_g_pretraining_v1.json,hf_source_snapshots,742,GitHub lightweight record or source
exp/egorecover_observation_reference/v2/source/egorecover/annotations.py,hf_source_snapshots,2806,GitHub lightweight record or source
exp/egorecover_observation_reference/v2/source/egorecover/codec.py,hf_source_snapshots,10103,GitHub lightweight record or source
exp/egorecover_observation_reference/v2/source/egorecover/conditioning.py,hf_source_snapshots,5335,GitHub lightweight record or source
exp/egorecover_observation_reference/v2/source/egorecover/e7_ablation.py,hf_source_snapshots,5909,GitHub lightweight record or source
exp/egorecover_observation_reference/v2/source/egorecover/fk.py,hf_source_snapshots,4713,GitHub lightweight record or source
exp/egorecover_observation_reference/v2/source/egorecover/g_pretraining.py,hf_source_snapshots,7116,GitHub lightweight record or source
exp/egorecover_observation_reference/v2/source/egorecover/history_flow.py,hf_source_snapshots,3884,GitHub lightweight record or source
exp/egorecover_observation_reference/v2/source/egorecover/losses.py,hf_source_snapshots,4088,GitHub lightweight record or source
exp/egorecover_observation_reference/v2/source/egorecover/observation_reference.py,hf_source_snapshots,6687,GitHub lightweight record or source
exp/egorecover_observation_reference/v2/source/egorecover/prior.py,hf_source_snapshots,2266,GitHub lightweight record or source
exp/egorecover_observation_reference/v2/source/egorecover/prior_cv_residual.py,hf_source_snapshots,5927,GitHub lightweight record or source
exp/egorecover_observation_reference/v2/source/egorecover/prior_two_forward.py,hf_source_snapshots,11381,GitHub lightweight record or source
exp/egorecover_observation_reference/v2/source/model/history_uniegomotion.py,hf_source_snapshots,5454,GitHub lightweight record or source
exp/egorecover_observation_reference/v2/source/model/observation_reference_g.py,hf_source_snapshots,4106,GitHub lightweight record or source
exp/egorecover_observation_reference/v2/source/model/uniegomotion.py,hf_source_snapshots,8289,GitHub lightweight record or source
exp/egorecover_observation_reference/v2/source/mydiffusion/flow_matching.py,hf_source_snapshots,11660,GitHub lightweight record or source
exp/egorecover_observation_reference/v2/source/run/g_pretraining_data.py,hf_source_snapshots,14035,GitHub lightweight record or source
exp/egorecover_observation_reference/v2/source/run/g_pretraining_experiment.py,hf_source_snapshots,12531,GitHub lightweight record or source
exp/egorecover_observation_reference/v2/source/run/observation_reference_experiment.py,hf_source_snapshots,11746,GitHub lightweight record or source
exp/egorecover_observation_reference/v2/source/run/train_g_pretraining.py,hf_source_snapshots,22592,GitHub lightweight record or source
exp/egorecover_observation_reference/v2/source/run/train_observation_reference.py,hf_source_snapshots,16245,GitHub lightweight record or source
exp/egorecover_observation_reference/v2/summary.json,github_experiment_metadata,1827289,GitHub lightweight record or source
exp/egorecover_observation_reference/v2/verification/R0_smoke/best.pt,hf_model_checkpoints,386137243,initial/last/smoke/failed/interrupted or inactive optimizer state
exp/egorecover_observation_reference/v2/verification/R0_smoke/dev/2.pt,hf_tensor_artifacts_review,43839,"intermediate, redundant shard, synthetic diagnostic or local-only file"
exp/egorecover_observation_reference/v2/verification/R0_smoke/identity.json,github_experiment_metadata,1788,GitHub lightweight record or source
exp/egorecover_observation_reference/v2/verification/R0_smoke/last.pt,hf_model_checkpoints,386137243,initial/last/smoke/failed/interrupted or inactive optimizer state
exp/egorecover_observation_reference/v2/verification/R0_smoke/progress.json,github_experiment_metadata,294,GitHub lightweight record or source
exp/egorecover_observation_reference/v2/verification/R0_smoke/report.json,github_experiment_metadata,2218,GitHub lightweight record or source
exp/egorecover_observation_reference/v2/verification/R0_smoke/resume.pt,hf_training_resume,1463093772,initial/last/smoke/failed/interrupted or inactive optimizer state
exp/egorecover_observation_reference/v2/verification/R0_smoke/selection.json,github_experiment_metadata,2044,GitHub lightweight record or source
exp/egorecover_observation_reference/v2/verification/R1_smoke/best.pt,hf_model_checkpoints,386137243,initial/last/smoke/failed/interrupted or inactive optimizer state
exp/egorecover_observation_reference/v2/verification/R1_smoke/dev/2.pt,hf_tensor_artifacts_review,43839,"intermediate, redundant shard, synthetic diagnostic or local-only file"
exp/egorecover_observation_reference/v2/verification/R1_smoke/identity.json,github_experiment_metadata,1788,GitHub lightweight record or source
exp/egorecover_observation_reference/v2/verification/R1_smoke/last.pt,hf_model_checkpoints,386137243,initial/last/smoke/failed/interrupted or inactive optimizer state
exp/egorecover_observation_reference/v2/verification/R1_smoke/progress.json,github_experiment_metadata,295,GitHub lightweight record or source
exp/egorecover_observation_reference/v2/verification/R1_smoke/report.json,github_experiment_metadata,2217,GitHub lightweight record or source
exp/egorecover_observation_reference/v2/verification/R1_smoke/resume.pt,hf_training_resume,1463093772,initial/last/smoke/failed/interrupted or inactive optimizer state
exp/egorecover_observation_reference/v2/verification/R1_smoke/selection.json,github_experiment_metadata,2049,GitHub lightweight record or source
exp/egorecover_observation_reference/v2/verification/R2_smoke/best.pt,hf_model_checkpoints,386137243,initial/last/smoke/failed/interrupted or inactive optimizer state
exp/egorecover_observation_reference/v2/verification/R2_smoke/dev/2.pt,hf_tensor_artifacts_review,43839,"intermediate, redundant shard, synthetic diagnostic or local-only file"
exp/egorecover_observation_reference/v2/verification/R2_smoke/identity.json,github_experiment_metadata,1788,GitHub lightweight record or source
exp/egorecover_observation_reference/v2/verification/R2_smoke/last.pt,hf_model_checkpoints,386137243,initial/last/smoke/failed/interrupted or inactive optimizer state
exp/egorecover_observation_reference/v2/verification/R2_smoke/progress.json,github_experiment_metadata,294,GitHub lightweight record or source
exp/egorecover_observation_reference/v2/verification/R2_smoke/report.json,github_experiment_metadata,2218,GitHub lightweight record or source
exp/egorecover_observation_reference/v2/verification/R2_smoke/resume.pt,hf_training_resume,1463093772,initial/last/smoke/failed/interrupted or inactive optimizer state
exp/egorecover_observation_reference/v2/verification/R2_smoke/selection.json,github_experiment_metadata,2054,GitHub lightweight record or source
exp/egorecover_observation_reference/v2/verification/R3_smoke/best.pt,hf_model_checkpoints,386137243,initial/last/smoke/failed/interrupted or inactive optimizer state
exp/egorecover_observation_reference/v2/verification/R3_smoke/dev/2.pt,hf_tensor_artifacts_review,43839,"intermediate, redundant shard, synthetic diagnostic or local-only file"
exp/egorecover_observation_reference/v2/verification/R3_smoke/identity.json,github_experiment_metadata,1788,GitHub lightweight record or source
exp/egorecover_observation_reference/v2/verification/R3_smoke/last.pt,hf_model_checkpoints,386137243,initial/last/smoke/failed/interrupted or inactive optimizer state
exp/egorecover_observation_reference/v2/verification/R3_smoke/progress.json,github_experiment_metadata,295,GitHub lightweight record or source
exp/egorecover_observation_reference/v2/verification/R3_smoke/report.json,github_experiment_metadata,2217,GitHub lightweight record or source
exp/egorecover_observation_reference/v2/verification/R3_smoke/resume.pt,hf_training_resume,1463093772,initial/last/smoke/failed/interrupted or inactive optimizer state
exp/egorecover_observation_reference/v2/verification/R3_smoke/selection.json,github_experiment_metadata,2052,GitHub lightweight record or source
exp/egorecover_observation_reference/v2/verification/interface_diagnostic.json,github_experiment_metadata,313,GitHub lightweight record or source
exp/egorecover_observation_reference/v2/verification/interface_diagnostic.py,github_experiment_metadata,2952,GitHub lightweight record or source
exp/egorecover_observation_reference/v2/verification/report.json,github_experiment_metadata,702,GitHub lightweight record or source
exp/egorecover_predicted_train_v1/report.json,github_experiment_metadata,2306,GitHub lightweight record or source
exp/egorecover_prior_adaptation/v1/controller.lock,local_ephemeral,0,"intermediate, redundant shard, synthetic diagnostic or local-only file"
exp/egorecover_prior_adaptation/v1/controller.log,hf_logs_private,255,GitHub lightweight record or source
exp/egorecover_prior_adaptation/v1/controller.pid,local_ephemeral,8,"intermediate, redundant shard, synthetic diagnostic or local-only file"
exp/egorecover_prior_adaptation/v1/plan.json,github_experiment_metadata,653,GitHub lightweight record or source
exp/egorecover_prior_adaptation/v1/status.json,github_experiment_metadata,689,GitHub lightweight record or source
exp/egorecover_prior_cv_residual/v1/RESULTS.md,github_experiment_metadata,1594,GitHub lightweight record or source
exp/egorecover_prior_cv_residual/v1/SCREENING.md,github_experiment_metadata,2119,GitHub lightweight record or source
exp/egorecover_prior_cv_residual/v1/controller.log,hf_logs_private,2442,GitHub lightweight record or source
exp/egorecover_prior_cv_residual/v1/figures/rollout_errors.pdf,hf_other_artifacts_review,18806,"intermediate, redundant shard, synthetic diagnostic or local-only file"
exp/egorecover_prior_cv_residual/v1/figures/rollout_errors.png,hf_other_artifacts_review,113588,"intermediate, redundant shard, synthetic diagnostic or local-only file"
exp/egorecover_prior_cv_residual/v1/jobs/H0_hold_dense_s62.1.json,github_experiment_metadata,387,GitHub lightweight record or source
exp/egorecover_prior_cv_residual/v1/jobs/H0_hold_dense_s62.1.log,hf_logs_private,20763,GitHub lightweight record or source
exp/egorecover_prior_cv_residual/v1/jobs/H0_hold_dense_s62.1.status.json,github_experiment_metadata,549,GitHub lightweight record or source
exp/egorecover_prior_cv_residual/v1/jobs/H0_hold_dense_s63.1.json,github_experiment_metadata,368,GitHub lightweight record or source
exp/egorecover_prior_cv_residual/v1/jobs/H0_hold_dense_s63.1.log,hf_logs_private,20757,GitHub lightweight record or source
exp/egorecover_prior_cv_residual/v1/jobs/H0_hold_dense_s63.1.status.json,github_experiment_metadata,530,GitHub lightweight record or source
exp/egorecover_prior_cv_residual/v1/jobs/H0_hold_dense_s64.1.json,github_experiment_metadata,368,GitHub lightweight record or source
exp/egorecover_prior_cv_residual/v1/jobs/H0_hold_dense_s64.1.log,hf_logs_private,20726,GitHub lightweight record or source
exp/egorecover_prior_cv_residual/v1/jobs/H0_hold_dense_s64.1.status.json,github_experiment_metadata,530,GitHub lightweight record or source
exp/egorecover_prior_cv_residual/v1/jobs/H1_hold_fk_s62.1.json,github_experiment_metadata,365,GitHub lightweight record or source
exp/egorecover_prior_cv_residual/v1/jobs/H1_hold_fk_s62.1.log,hf_logs_private,22591,GitHub lightweight record or source
exp/egorecover_prior_cv_residual/v1/jobs/H1_hold_fk_s62.1.status.json,github_experiment_metadata,527,GitHub lightweight record or source
exp/egorecover_prior_cv_residual/v1/jobs/H1_hold_fk_s63.1.json,github_experiment_metadata,365,GitHub lightweight record or source
exp/egorecover_prior_cv_residual/v1/jobs/H1_hold_fk_s63.1.log,hf_logs_private,22613,GitHub lightweight record or source
exp/egorecover_prior_cv_residual/v1/jobs/H1_hold_fk_s63.1.status.json,github_experiment_metadata,527,GitHub lightweight record or source
exp/egorecover_prior_cv_residual/v1/jobs/H1_hold_fk_s64.1.json,github_experiment_metadata,365,GitHub lightweight record or source
exp/egorecover_prior_cv_residual/v1/jobs/H1_hold_fk_s64.1.log,hf_logs_private,22597,GitHub lightweight record or source
exp/egorecover_prior_cv_residual/v1/jobs/H1_hold_fk_s64.1.status.json,github_experiment_metadata,527,GitHub lightweight record or source
exp/egorecover_prior_cv_residual/v1/jobs/V0_cv_dense_s62.1.json,github_experiment_metadata,379,GitHub lightweight record or source
exp/egorecover_prior_cv_residual/v1/jobs/V0_cv_dense_s62.1.log,hf_logs_private,20774,GitHub lightweight record or source
exp/egorecover_prior_cv_residual/v1/jobs/V0_cv_dense_s62.1.status.json,github_experiment_metadata,541,GitHub lightweight record or source
exp/egorecover_prior_cv_residual/v1/jobs/V0_cv_dense_s63.1.json,github_experiment_metadata,379,GitHub lightweight record or source
exp/egorecover_prior_cv_residual/v1/jobs/V0_cv_dense_s63.1.log,hf_logs_private,20774,GitHub lightweight record or source
exp/egorecover_prior_cv_residual/v1/jobs/V0_cv_dense_s63.1.status.json,github_experiment_metadata,541,GitHub lightweight record or source
exp/egorecover_prior_cv_residual/v1/jobs/V0_cv_dense_s64.1.json,github_experiment_metadata,379,GitHub lightweight record or source
exp/egorecover_prior_cv_residual/v1/jobs/V0_cv_dense_s64.1.log,hf_logs_private,20746,GitHub lightweight record or source
exp/egorecover_prior_cv_residual/v1/jobs/V0_cv_dense_s64.1.status.json,github_experiment_metadata,541,GitHub lightweight record or source
exp/egorecover_prior_cv_residual/v1/jobs/V1_cv_fk_s62.1.json,github_experiment_metadata,376,GitHub lightweight record or source
exp/egorecover_prior_cv_residual/v1/jobs/V1_cv_fk_s62.1.log,hf_logs_private,22633,GitHub lightweight record or source
exp/egorecover_prior_cv_residual/v1/jobs/V1_cv_fk_s62.1.status.json,github_experiment_metadata,538,GitHub lightweight record or source
exp/egorecover_prior_cv_residual/v1/jobs/V1_cv_fk_s63.1.json,github_experiment_metadata,376,GitHub lightweight record or source
exp/egorecover_prior_cv_residual/v1/jobs/V1_cv_fk_s63.1.log,hf_logs_private,22640,GitHub lightweight record or source
exp/egorecover_prior_cv_residual/v1/jobs/V1_cv_fk_s63.1.status.json,github_experiment_metadata,538,GitHub lightweight record or source
exp/egorecover_prior_cv_residual/v1/jobs/V1_cv_fk_s64.1.json,github_experiment_metadata,376,GitHub lightweight record or source
exp/egorecover_prior_cv_residual/v1/jobs/V1_cv_fk_s64.1.log,hf_logs_private,22619,GitHub lightweight record or source
exp/egorecover_prior_cv_residual/v1/jobs/V1_cv_fk_s64.1.status.json,github_experiment_metadata,538,GitHub lightweight record or source
exp/egorecover_prior_cv_residual/v1/plan.json,github_experiment_metadata,475,GitHub lightweight record or source
exp/egorecover_prior_cv_residual/v1/queue.json,github_experiment_metadata,12730,GitHub lightweight record or source
exp/egorecover_prior_cv_residual/v1/queue.lock,local_ephemeral,0,"intermediate, redundant shard, synthetic diagnostic or local-only file"
exp/egorecover_prior_cv_residual/v1/screening.json,github_experiment_metadata,333711,GitHub lightweight record or source
exp/egorecover_prior_cv_residual/v1/summary.json,github_experiment_metadata,948298,GitHub lightweight record or source
exp/egorecover_prior_cv_residual/v1/train/H0_hold_dense_s62/experiment.json,github_experiment_metadata,4853,GitHub lightweight record or source
exp/egorecover_prior_cv_residual/v1/train/H0_hold_dense_s62/progress.json,github_experiment_metadata,178,GitHub lightweight record or source
exp/egorecover_prior_cv_residual/v1/train/H0_hold_dense_s62/report.json,github_experiment_metadata,399868,GitHub lightweight record or source
exp/egorecover_prior_cv_residual/v1/train/H0_hold_dense_s62/resume.pt,hf_training_resume,62946315,initial/last/smoke/failed/interrupted or inactive optimizer state
exp/egorecover_prior_cv_residual/v1/train/H0_hold_dense_s62/selection.json,github_experiment_metadata,211439,GitHub lightweight record or source
exp/egorecover_prior_cv_residual/v1/train/H0_hold_dense_s63/experiment.json,github_experiment_metadata,4854,GitHub lightweight record or source
exp/egorecover_prior_cv_residual/v1/train/H0_hold_dense_s63/progress.json,github_experiment_metadata,178,GitHub lightweight record or source
exp/egorecover_prior_cv_residual/v1/train/H0_hold_dense_s63/report.json,github_experiment_metadata,289803,GitHub lightweight record or source
exp/egorecover_prior_cv_residual/v1/train/H0_hold_dense_s63/resume.pt,hf_training_resume,62946315,initial/last/smoke/failed/interrupted or inactive optimizer state
exp/egorecover_prior_cv_residual/v1/train/H0_hold_dense_s63/selection.json,github_experiment_metadata,211414,GitHub lightweight record or source
exp/egorecover_prior_cv_residual/v1/train/H0_hold_dense_s64/experiment.json,github_experiment_metadata,4854,GitHub lightweight record or source
exp/egorecover_prior_cv_residual/v1/train/H0_hold_dense_s64/progress.json,github_experiment_metadata,178,GitHub lightweight record or source
exp/egorecover_prior_cv_residual/v1/train/H0_hold_dense_s64/report.json,github_experiment_metadata,289687,GitHub lightweight record or source
exp/egorecover_prior_cv_residual/v1/train/H0_hold_dense_s64/resume.pt,hf_training_resume,62946315,initial/last/smoke/failed/interrupted or inactive optimizer state
exp/egorecover_prior_cv_residual/v1/train/H0_hold_dense_s64/selection.json,github_experiment_metadata,211324,GitHub lightweight record or source
exp/egorecover_prior_cv_residual/v1/train/H1_hold_fk_s62/experiment.json,github_experiment_metadata,4854,GitHub lightweight record or source
exp/egorecover_prior_cv_residual/v1/train/H1_hold_fk_s62/progress.json,github_experiment_metadata,177,GitHub lightweight record or source
exp/egorecover_prior_cv_residual/v1/train/H1_hold_fk_s62/report.json,github_experiment_metadata,290027,GitHub lightweight record or source
exp/egorecover_prior_cv_residual/v1/train/H1_hold_fk_s62/resume.pt,hf_training_resume,62946315,initial/last/smoke/failed/interrupted or inactive optimizer state
exp/egorecover_prior_cv_residual/v1/train/H1_hold_fk_s62/selection.json,github_experiment_metadata,211683,GitHub lightweight record or source
exp/egorecover_prior_cv_residual/v1/train/H1_hold_fk_s63/experiment.json,github_experiment_metadata,4854,GitHub lightweight record or source
exp/egorecover_prior_cv_residual/v1/train/H1_hold_fk_s63/progress.json,github_experiment_metadata,177,GitHub lightweight record or source
exp/egorecover_prior_cv_residual/v1/train/H1_hold_fk_s63/report.json,github_experiment_metadata,289958,GitHub lightweight record or source
exp/egorecover_prior_cv_residual/v1/train/H1_hold_fk_s63/resume.pt,hf_training_resume,62946315,initial/last/smoke/failed/interrupted or inactive optimizer state
exp/egorecover_prior_cv_residual/v1/train/H1_hold_fk_s63/selection.json,github_experiment_metadata,211613,GitHub lightweight record or source
exp/egorecover_prior_cv_residual/v1/train/H1_hold_fk_s64/experiment.json,github_experiment_metadata,4854,GitHub lightweight record or source
exp/egorecover_prior_cv_residual/v1/train/H1_hold_fk_s64/progress.json,github_experiment_metadata,178,GitHub lightweight record or source
exp/egorecover_prior_cv_residual/v1/train/H1_hold_fk_s64/report.json,github_experiment_metadata,290068,GitHub lightweight record or source
exp/egorecover_prior_cv_residual/v1/train/H1_hold_fk_s64/resume.pt,hf_training_resume,62946315,initial/last/smoke/failed/interrupted or inactive optimizer state
exp/egorecover_prior_cv_residual/v1/train/H1_hold_fk_s64/selection.json,github_experiment_metadata,211718,GitHub lightweight record or source
exp/egorecover_prior_cv_residual/v1/train/V0_cv_dense_s62/experiment.json,github_experiment_metadata,4867,GitHub lightweight record or source
exp/egorecover_prior_cv_residual/v1/train/V0_cv_dense_s62/progress.json,github_experiment_metadata,178,GitHub lightweight record or source
exp/egorecover_prior_cv_residual/v1/train/V0_cv_dense_s62/report.json,github_experiment_metadata,289788,GitHub lightweight record or source
exp/egorecover_prior_cv_residual/v1/train/V0_cv_dense_s62/resume.pt,hf_training_resume,62946315,initial/last/smoke/failed/interrupted or inactive optimizer state
exp/egorecover_prior_cv_residual/v1/train/V0_cv_dense_s62/selection.json,github_experiment_metadata,211428,GitHub lightweight record or source
exp/egorecover_prior_cv_residual/v1/train/V0_cv_dense_s63/experiment.json,github_experiment_metadata,4867,GitHub lightweight record or source
exp/egorecover_prior_cv_residual/v1/train/V0_cv_dense_s63/progress.json,github_experiment_metadata,177,GitHub lightweight record or source
exp/egorecover_prior_cv_residual/v1/train/V0_cv_dense_s63/report.json,github_experiment_metadata,289674,GitHub lightweight record or source
exp/egorecover_prior_cv_residual/v1/train/V0_cv_dense_s63/resume.pt,hf_training_resume,62946315,initial/last/smoke/failed/interrupted or inactive optimizer state
exp/egorecover_prior_cv_residual/v1/train/V0_cv_dense_s63/selection.json,github_experiment_metadata,211320,GitHub lightweight record or source
exp/egorecover_prior_cv_residual/v1/train/V0_cv_dense_s64/experiment.json,github_experiment_metadata,4867,GitHub lightweight record or source
exp/egorecover_prior_cv_residual/v1/train/V0_cv_dense_s64/progress.json,github_experiment_metadata,177,GitHub lightweight record or source
exp/egorecover_prior_cv_residual/v1/train/V0_cv_dense_s64/report.json,github_experiment_metadata,289714,GitHub lightweight record or source
exp/egorecover_prior_cv_residual/v1/train/V0_cv_dense_s64/resume.pt,hf_training_resume,62946315,initial/last/smoke/failed/interrupted or inactive optimizer state
exp/egorecover_prior_cv_residual/v1/train/V0_cv_dense_s64/selection.json,github_experiment_metadata,211408,GitHub lightweight record or source
exp/egorecover_prior_cv_residual/v1/train/V1_cv_fk_s62/experiment.json,github_experiment_metadata,4867,GitHub lightweight record or source
exp/egorecover_prior_cv_residual/v1/train/V1_cv_fk_s62/progress.json,github_experiment_metadata,177,GitHub lightweight record or source
exp/egorecover_prior_cv_residual/v1/train/V1_cv_fk_s62/report.json,github_experiment_metadata,290152,GitHub lightweight record or source
exp/egorecover_prior_cv_residual/v1/train/V1_cv_fk_s62/resume.pt,hf_training_resume,62946315,initial/last/smoke/failed/interrupted or inactive optimizer state
exp/egorecover_prior_cv_residual/v1/train/V1_cv_fk_s62/selection.json,github_experiment_metadata,211794,GitHub lightweight record or source
exp/egorecover_prior_cv_residual/v1/train/V1_cv_fk_s63/experiment.json,github_experiment_metadata,4867,GitHub lightweight record or source
exp/egorecover_prior_cv_residual/v1/train/V1_cv_fk_s63/progress.json,github_experiment_metadata,178,GitHub lightweight record or source
exp/egorecover_prior_cv_residual/v1/train/V1_cv_fk_s63/report.json,github_experiment_metadata,290166,GitHub lightweight record or source
exp/egorecover_prior_cv_residual/v1/train/V1_cv_fk_s63/resume.pt,hf_training_resume,62946315,initial/last/smoke/failed/interrupted or inactive optimizer state
exp/egorecover_prior_cv_residual/v1/train/V1_cv_fk_s63/selection.json,github_experiment_metadata,211807,GitHub lightweight record or source
exp/egorecover_prior_cv_residual/v1/train/V1_cv_fk_s64/experiment.json,github_experiment_metadata,4867,GitHub lightweight record or source
exp/egorecover_prior_cv_residual/v1/train/V1_cv_fk_s64/progress.json,github_experiment_metadata,177,GitHub lightweight record or source
exp/egorecover_prior_cv_residual/v1/train/V1_cv_fk_s64/report.json,github_experiment_metadata,290056,GitHub lightweight record or source
exp/egorecover_prior_cv_residual/v1/train/V1_cv_fk_s64/resume.pt,hf_training_resume,62946315,initial/last/smoke/failed/interrupted or inactive optimizer state
exp/egorecover_prior_cv_residual/v1/train/V1_cv_fk_s64/selection.json,github_experiment_metadata,211742,GitHub lightweight record or source
exp/egorecover_prior_data_budget/v1/RESULTS.md,github_experiment_metadata,713,GitHub lightweight record or source
exp/egorecover_prior_data_budget/v1/controller.log,hf_logs_private,721,GitHub lightweight record or source
exp/egorecover_prior_data_budget/v1/data_shards/cmu_bike01_7.json,github_experiment_metadata,172,GitHub lightweight record or source
exp/egorecover_prior_data_budget/v1/data_shards/cmu_bike01_7.pt,hf_tensor_artifacts_review,1316209,"intermediate, redundant shard, synthetic diagnostic or local-only file"
exp/egorecover_prior_data_budget/v1/data_shards/cmu_bike02_6.json,github_experiment_metadata,172,GitHub lightweight record or source
exp/egorecover_prior_data_budget/v1/data_shards/cmu_bike02_6.pt,hf_tensor_artifacts_review,1316209,"intermediate, redundant shard, synthetic diagnostic or local-only file"
exp/egorecover_prior_data_budget/v1/data_shards/cmu_bike05_4.json,github_experiment_metadata,172,GitHub lightweight record or source
exp/egorecover_prior_data_budget/v1/data_shards/cmu_bike05_4.pt,hf_tensor_artifacts_review,1316209,"intermediate, redundant shard, synthetic diagnostic or local-only file"
exp/egorecover_prior_data_budget/v1/data_shards/cmu_bike19_2.json,github_experiment_metadata,172,GitHub lightweight record or source
exp/egorecover_prior_data_budget/v1/data_shards/cmu_bike19_2.pt,hf_tensor_artifacts_review,669425,"intermediate, redundant shard, synthetic diagnostic or local-only file"
exp/egorecover_prior_data_budget/v1/data_shards/cmu_soccer06_4.json,github_experiment_metadata,172,GitHub lightweight record or source
exp/egorecover_prior_data_budget/v1/data_shards/cmu_soccer06_4.pt,hf_tensor_artifacts_review,1316231,"intermediate, redundant shard, synthetic diagnostic or local-only file"
exp/egorecover_prior_data_budget/v1/data_shards/cmu_soccer06_5.json,github_experiment_metadata,172,GitHub lightweight record or source
exp/egorecover_prior_data_budget/v1/data_shards/cmu_soccer06_5.pt,hf_tensor_artifacts_review,1316231,"intermediate, redundant shard, synthetic diagnostic or local-only file"
exp/egorecover_prior_data_budget/v1/data_shards/cmu_soccer07_1.json,github_experiment_metadata,172,GitHub lightweight record or source
exp/egorecover_prior_data_budget/v1/data_shards/cmu_soccer07_1.pt,hf_tensor_artifacts_review,1324633,"intermediate, redundant shard, synthetic diagnostic or local-only file"
exp/egorecover_prior_data_budget/v1/data_shards/cmu_soccer07_3.json,github_experiment_metadata,172,GitHub lightweight record or source
exp/egorecover_prior_data_budget/v1/data_shards/cmu_soccer07_3.pt,hf_tensor_artifacts_review,1316295,"intermediate, redundant shard, synthetic diagnostic or local-only file"
exp/egorecover_prior_data_budget/v1/data_shards/cmu_soccer08_1.json,github_experiment_metadata,172,GitHub lightweight record or source
exp/egorecover_prior_data_budget/v1/data_shards/cmu_soccer08_1.pt,hf_tensor_artifacts_review,346055,"intermediate, redundant shard, synthetic diagnostic or local-only file"
exp/egorecover_prior_data_budget/v1/data_shards/cmu_soccer09_1.json,github_experiment_metadata,172,GitHub lightweight record or source
exp/egorecover_prior_data_budget/v1/data_shards/cmu_soccer09_1.pt,hf_tensor_artifacts_review,1316359,"intermediate, redundant shard, synthetic diagnostic or local-only file"
exp/egorecover_prior_data_budget/v1/data_shards/cmu_soccer11_2.json,github_experiment_metadata,172,GitHub lightweight record or source
exp/egorecover_prior_data_budget/v1/data_shards/cmu_soccer11_2.pt,hf_tensor_artifacts_review,354137,"intermediate, redundant shard, synthetic diagnostic or local-only file"
exp/egorecover_prior_data_budget/v1/data_shards/cmu_soccer16_4.json,github_experiment_metadata,172,GitHub lightweight record or source
exp/egorecover_prior_data_budget/v1/data_shards/cmu_soccer16_4.pt,hf_tensor_artifacts_review,345991,"intermediate, redundant shard, synthetic diagnostic or local-only file"
exp/egorecover_prior_data_budget/v1/data_shards/fair_bike_01_10.json,github_experiment_metadata,172,GitHub lightweight record or source
exp/egorecover_prior_data_budget/v1/data_shards/fair_bike_01_10.pt,hf_tensor_artifacts_review,669458,"intermediate, redundant shard, synthetic diagnostic or local-only file"
exp/egorecover_prior_data_budget/v1/data_shards/fair_bike_01_14.json,github_experiment_metadata,172,GitHub lightweight record or source
exp/egorecover_prior_data_budget/v1/data_shards/fair_bike_01_14.pt,hf_tensor_artifacts_review,354151,"intermediate, redundant shard, synthetic diagnostic or local-only file"
exp/egorecover_prior_data_budget/v1/data_shards/fair_bike_01_16.json,github_experiment_metadata,172,GitHub lightweight record or source
exp/egorecover_prior_data_budget/v1/data_shards/fair_bike_01_16.pt,hf_tensor_artifacts_review,1316242,"intermediate, redundant shard, synthetic diagnostic or local-only file"
exp/egorecover_prior_data_budget/v1/data_shards/fair_bike_01_7.json,github_experiment_metadata,172,GitHub lightweight record or source
exp/egorecover_prior_data_budget/v1/data_shards/fair_bike_01_7.pt,hf_tensor_artifacts_review,1316295,"intermediate, redundant shard, synthetic diagnostic or local-only file"
exp/egorecover_prior_data_budget/v1/data_shards/fair_bike_06_2.json,github_experiment_metadata,172,GitHub lightweight record or source
exp/egorecover_prior_data_budget/v1/data_shards/fair_bike_06_2.pt,hf_tensor_artifacts_review,345991,"intermediate, redundant shard, synthetic diagnostic or local-only file"
exp/egorecover_prior_data_budget/v1/data_shards/fair_bike_08_10.json,github_experiment_metadata,172,GitHub lightweight record or source
exp/egorecover_prior_data_budget/v1/data_shards/fair_bike_08_10.pt,hf_tensor_artifacts_review,1324647,"intermediate, redundant shard, synthetic diagnostic or local-only file"
exp/egorecover_prior_data_budget/v1/data_shards/fair_bike_08_2.json,github_experiment_metadata,172,GitHub lightweight record or source
exp/egorecover_prior_data_budget/v1/data_shards/fair_bike_08_2.pt,hf_tensor_artifacts_review,992903,"intermediate, redundant shard, synthetic diagnostic or local-only file"
exp/egorecover_prior_data_budget/v1/data_shards/fair_bike_09_2.json,github_experiment_metadata,172,GitHub lightweight record or source
exp/egorecover_prior_data_budget/v1/data_shards/fair_bike_09_2.pt,hf_tensor_artifacts_review,1316295,"intermediate, redundant shard, synthetic diagnostic or local-only file"
exp/egorecover_prior_data_budget/v1/data_shards/georgiatech_bike_04_8.json,github_experiment_metadata,172,GitHub lightweight record or source
exp/egorecover_prior_data_budget/v1/data_shards/georgiatech_bike_04_8.pt,hf_tensor_artifacts_review,354427,"intermediate, redundant shard, synthetic diagnostic or local-only file"
exp/egorecover_prior_data_budget/v1/data_shards/georgiatech_bike_05_7.json,github_experiment_metadata,172,GitHub lightweight record or source
exp/egorecover_prior_data_budget/v1/data_shards/georgiatech_bike_05_7.pt,hf_tensor_artifacts_review,993108,"intermediate, redundant shard, synthetic diagnostic or local-only file"
exp/egorecover_prior_data_budget/v1/data_shards/georgiatech_bike_08_14.json,github_experiment_metadata,172,GitHub lightweight record or source
exp/egorecover_prior_data_budget/v1/data_shards/georgiatech_bike_08_14.pt,hf_tensor_artifacts_review,1324937,"intermediate, redundant shard, synthetic diagnostic or local-only file"
exp/egorecover_prior_data_budget/v1/data_shards/georgiatech_bike_09_8.json,github_experiment_metadata,172,GitHub lightweight record or source
exp/egorecover_prior_data_budget/v1/data_shards/georgiatech_bike_09_8.pt,hf_tensor_artifacts_review,1324923,"intermediate, redundant shard, synthetic diagnostic or local-only file"
exp/egorecover_prior_data_budget/v1/data_shards/georgiatech_bike_11_4.json,github_experiment_metadata,172,GitHub lightweight record or source
exp/egorecover_prior_data_budget/v1/data_shards/georgiatech_bike_11_4.pt,hf_tensor_artifacts_review,1316500,"intermediate, redundant shard, synthetic diagnostic or local-only file"
exp/egorecover_prior_data_budget/v1/data_shards/georgiatech_bike_11_8.json,github_experiment_metadata,172,GitHub lightweight record or source
exp/egorecover_prior_data_budget/v1/data_shards/georgiatech_bike_11_8.pt,hf_tensor_artifacts_review,1316564,"intermediate, redundant shard, synthetic diagnostic or local-only file"
exp/egorecover_prior_data_budget/v1/data_shards/georgiatech_cooking_01_02_2.json,github_experiment_metadata,172,GitHub lightweight record or source
exp/egorecover_prior_data_budget/v1/data_shards/georgiatech_cooking_01_02_2.pt,hf_tensor_artifacts_review,1316694,"intermediate, redundant shard, synthetic diagnostic or local-only file"
exp/egorecover_prior_data_budget/v1/data_shards/georgiatech_cooking_04_01_2.json,github_experiment_metadata,172,GitHub lightweight record or source
exp/egorecover_prior_data_budget/v1/data_shards/georgiatech_cooking_04_01_2.pt,hf_tensor_artifacts_review,1316694,"intermediate, redundant shard, synthetic diagnostic or local-only file"
exp/egorecover_prior_data_budget/v1/data_shards/georgiatech_covid_03_14.json,github_experiment_metadata,172,GitHub lightweight record or source
exp/egorecover_prior_data_budget/v1/data_shards/georgiatech_covid_03_14.pt,hf_tensor_artifacts_review,1324887,"intermediate, redundant shard, synthetic diagnostic or local-only file"
exp/egorecover_prior_data_budget/v1/data_shards/georgiatech_covid_03_2.json,github_experiment_metadata,172,GitHub lightweight record or source
exp/egorecover_prior_data_budget/v1/data_shards/georgiatech_covid_03_2.pt,hf_tensor_artifacts_review,1324937,"intermediate, redundant shard, synthetic diagnostic or local-only file"
exp/egorecover_prior_data_budget/v1/data_shards/georgiatech_covid_03_6.json,github_experiment_metadata,172,GitHub lightweight record or source
exp/egorecover_prior_data_budget/v1/data_shards/georgiatech_covid_03_6.pt,hf_tensor_artifacts_review,1316575,"intermediate, redundant shard, synthetic diagnostic or local-only file"
exp/egorecover_prior_data_budget/v1/data_shards/georgiatech_covid_05_12.json,github_experiment_metadata,172,GitHub lightweight record or source
exp/egorecover_prior_data_budget/v1/data_shards/georgiatech_covid_05_12.pt,hf_tensor_artifacts_review,1316522,"intermediate, redundant shard, synthetic diagnostic or local-only file"
exp/egorecover_prior_data_budget/v1/data_shards/georgiatech_covid_05_2.json,github_experiment_metadata,172,GitHub lightweight record or source
exp/egorecover_prior_data_budget/v1/data_shards/georgiatech_covid_05_2.pt,hf_tensor_artifacts_review,1316575,"intermediate, redundant shard, synthetic diagnostic or local-only file"
exp/egorecover_prior_data_budget/v1/data_shards/georgiatech_covid_09_10.json,github_experiment_metadata,172,GitHub lightweight record or source
exp/egorecover_prior_data_budget/v1/data_shards/georgiatech_covid_09_10.pt,hf_tensor_artifacts_review,993066,"intermediate, redundant shard, synthetic diagnostic or local-only file"
exp/egorecover_prior_data_budget/v1/data_shards/georgiatech_covid_09_8.json,github_experiment_metadata,172,GitHub lightweight record or source
exp/egorecover_prior_data_budget/v1/data_shards/georgiatech_covid_09_8.pt,hf_tensor_artifacts_review,1324937,"intermediate, redundant shard, synthetic diagnostic or local-only file"
exp/egorecover_prior_data_budget/v1/data_shards/georgiatech_covid_12_13.json,github_experiment_metadata,172,GitHub lightweight record or source
exp/egorecover_prior_data_budget/v1/data_shards/georgiatech_covid_12_13.pt,hf_tensor_artifacts_review,1324951,"intermediate, redundant shard, synthetic diagnostic or local-only file"
exp/egorecover_prior_data_budget/v1/data_shards/georgiatech_covid_12_5.json,github_experiment_metadata,172,GitHub lightweight record or source
exp/egorecover_prior_data_budget/v1/data_shards/georgiatech_covid_12_5.pt,hf_tensor_artifacts_review,1316575,"intermediate, redundant shard, synthetic diagnostic or local-only file"
exp/egorecover_prior_data_budget/v1/data_shards/georgiatech_covid_13_10.json,github_experiment_metadata,172,GitHub lightweight record or source
exp/egorecover_prior_data_budget/v1/data_shards/georgiatech_covid_13_10.pt,hf_tensor_artifacts_review,1316522,"intermediate, redundant shard, synthetic diagnostic or local-only file"
exp/egorecover_prior_data_budget/v1/data_shards/georgiatech_covid_14_8.json,github_experiment_metadata,172,GitHub lightweight record or source
exp/egorecover_prior_data_budget/v1/data_shards/georgiatech_covid_14_8.pt,hf_tensor_artifacts_review,1316447,"intermediate, redundant shard, synthetic diagnostic or local-only file"
exp/egorecover_prior_data_budget/v1/data_shards/georgiatech_covid_16_10.json,github_experiment_metadata,172,GitHub lightweight record or source
exp/egorecover_prior_data_budget/v1/data_shards/georgiatech_covid_16_10.pt,hf_tensor_artifacts_review,1316586,"intermediate, redundant shard, synthetic diagnostic or local-only file"
exp/egorecover_prior_data_budget/v1/data_shards/georgiatech_covid_16_4.json,github_experiment_metadata,172,GitHub lightweight record or source
exp/egorecover_prior_data_budget/v1/data_shards/georgiatech_covid_16_4.pt,hf_tensor_artifacts_review,1316447,"intermediate, redundant shard, synthetic diagnostic or local-only file"
exp/egorecover_prior_data_budget/v1/data_shards/georgiatech_covid_16_8.json,github_experiment_metadata,172,GitHub lightweight record or source
exp/egorecover_prior_data_budget/v1/data_shards/georgiatech_covid_16_8.pt,hf_tensor_artifacts_review,1316575,"intermediate, redundant shard, synthetic diagnostic or local-only file"
exp/egorecover_prior_data_budget/v1/data_shards/iiith_cooking_112_4.json,github_experiment_metadata,172,GitHub lightweight record or source
exp/egorecover_prior_data_budget/v1/data_shards/iiith_cooking_112_4.pt,hf_tensor_artifacts_review,992958,"intermediate, redundant shard, synthetic diagnostic or local-only file"
exp/egorecover_prior_data_budget/v1/data_shards/iiith_cooking_116_4.json,github_experiment_metadata,172,GitHub lightweight record or source
exp/egorecover_prior_data_budget/v1/data_shards/iiith_cooking_116_4.pt,hf_tensor_artifacts_review,669566,"intermediate, redundant shard, synthetic diagnostic or local-only file"
exp/egorecover_prior_data_budget/v1/data_shards/iiith_cooking_146_2.json,github_experiment_metadata,172,GitHub lightweight record or source
exp/egorecover_prior_data_budget/v1/data_shards/iiith_cooking_146_2.pt,hf_tensor_artifacts_review,1324767,"intermediate, redundant shard, synthetic diagnostic or local-only file"
exp/egorecover_prior_data_budget/v1/data_shards/iiith_cooking_18_1.json,github_experiment_metadata,172,GitHub lightweight record or source
exp/egorecover_prior_data_budget/v1/data_shards/iiith_cooking_18_1.pt,hf_tensor_artifacts_review,346099,"intermediate, redundant shard, synthetic diagnostic or local-only file"
exp/egorecover_prior_data_budget/v1/data_shards/iiith_cooking_77_2.json,github_experiment_metadata,172,GitHub lightweight record or source
exp/egorecover_prior_data_budget/v1/data_shards/iiith_cooking_77_2.pt,hf_tensor_artifacts_review,1316339,"intermediate, redundant shard, synthetic diagnostic or local-only file"
exp/egorecover_prior_data_budget/v1/data_shards/iiith_cooking_85_2.json,github_experiment_metadata,172,GitHub lightweight record or source
exp/egorecover_prior_data_budget/v1/data_shards/iiith_cooking_85_2.pt,hf_tensor_artifacts_review,1316339,"intermediate, redundant shard, synthetic diagnostic or local-only file"
exp/egorecover_prior_data_budget/v1/data_shards/iiith_piano_001_8.json,github_experiment_metadata,172,GitHub lightweight record or source
exp/egorecover_prior_data_budget/v1/data_shards/iiith_piano_001_8.pt,hf_tensor_artifacts_review,354179,"intermediate, redundant shard, synthetic diagnostic or local-only file"
exp/egorecover_prior_data_budget/v1/data_shards/iiith_soccer_004_2.json,github_experiment_metadata,172,GitHub lightweight record or source
exp/egorecover_prior_data_budget/v1/data_shards/iiith_soccer_004_2.pt,hf_tensor_artifacts_review,1316275,"intermediate, redundant shard, synthetic diagnostic or local-only file"
exp/egorecover_prior_data_budget/v1/data_shards/iiith_soccer_014_3.json,github_experiment_metadata,172,GitHub lightweight record or source
exp/egorecover_prior_data_budget/v1/data_shards/iiith_soccer_014_3.pt,hf_tensor_artifacts_review,1316339,"intermediate, redundant shard, synthetic diagnostic or local-only file"
exp/egorecover_prior_data_budget/v1/data_shards/iiith_soccer_016_2.json,github_experiment_metadata,172,GitHub lightweight record or source
exp/egorecover_prior_data_budget/v1/data_shards/iiith_soccer_016_2.pt,hf_tensor_artifacts_review,1316339,"intermediate, redundant shard, synthetic diagnostic or local-only file"
exp/egorecover_prior_data_budget/v1/data_shards/iiith_soccer_020_3.json,github_experiment_metadata,172,GitHub lightweight record or source
exp/egorecover_prior_data_budget/v1/data_shards/iiith_soccer_020_3.pt,hf_tensor_artifacts_review,1324753,"intermediate, redundant shard, synthetic diagnostic or local-only file"
exp/egorecover_prior_data_budget/v1/data_shards/iiith_soccer_020_6.json,github_experiment_metadata,172,GitHub lightweight record or source
exp/egorecover_prior_data_budget/v1/data_shards/iiith_soccer_020_6.pt,hf_tensor_artifacts_review,1324689,"intermediate, redundant shard, synthetic diagnostic or local-only file"
exp/egorecover_prior_data_budget/v1/data_shards/iiith_soccer_029_3.json,github_experiment_metadata,172,GitHub lightweight record or source
exp/egorecover_prior_data_budget/v1/data_shards/iiith_soccer_029_3.pt,hf_tensor_artifacts_review,346099,"intermediate, redundant shard, synthetic diagnostic or local-only file"
exp/egorecover_prior_data_budget/v1/data_shards/iiith_soccer_034_2.json,github_experiment_metadata,172,GitHub lightweight record or source
exp/egorecover_prior_data_budget/v1/data_shards/iiith_soccer_034_2.pt,hf_tensor_artifacts_review,1316275,"intermediate, redundant shard, synthetic diagnostic or local-only file"
exp/egorecover_prior_data_budget/v1/data_shards/iiith_soccer_034_4.json,github_experiment_metadata,172,GitHub lightweight record or source
exp/egorecover_prior_data_budget/v1/data_shards/iiith_soccer_034_4.pt,hf_tensor_artifacts_review,669491,"intermediate, redundant shard, synthetic diagnostic or local-only file"
exp/egorecover_prior_data_budget/v1/data_shards/iiith_soccer_035_3.json,github_experiment_metadata,172,GitHub lightweight record or source
exp/egorecover_prior_data_budget/v1/data_shards/iiith_soccer_035_3.pt,hf_tensor_artifacts_review,1001297,"intermediate, redundant shard, synthetic diagnostic or local-only file"
exp/egorecover_prior_data_budget/v1/data_shards/iiith_soccer_035_5.json,github_experiment_metadata,172,GitHub lightweight record or source
exp/egorecover_prior_data_budget/v1/data_shards/iiith_soccer_035_5.pt,hf_tensor_artifacts_review,1316339,"intermediate, redundant shard, synthetic diagnostic or local-only file"
exp/egorecover_prior_data_budget/v1/data_shards/iiith_soccer_036_2.json,github_experiment_metadata,172,GitHub lightweight record or source
exp/egorecover_prior_data_budget/v1/data_shards/iiith_soccer_036_2.pt,hf_tensor_artifacts_review,1316339,"intermediate, redundant shard, synthetic diagnostic or local-only file"
exp/egorecover_prior_data_budget/v1/data_shards/iiith_soccer_036_3.json,github_experiment_metadata,172,GitHub lightweight record or source
exp/egorecover_prior_data_budget/v1/data_shards/iiith_soccer_036_3.pt,hf_tensor_artifacts_review,669491,"intermediate, redundant shard, synthetic diagnostic or local-only file"
exp/egorecover_prior_data_budget/v1/data_shards/iiith_soccer_041_4.json,github_experiment_metadata,172,GitHub lightweight record or source
exp/egorecover_prior_data_budget/v1/data_shards/iiith_soccer_041_4.pt,hf_tensor_artifacts_review,669491,"intermediate, redundant shard, synthetic diagnostic or local-only file"
exp/egorecover_prior_data_budget/v1/data_shards/iiith_soccer_052_4.json,github_experiment_metadata,172,GitHub lightweight record or source
exp/egorecover_prior_data_budget/v1/data_shards/iiith_soccer_052_4.pt,hf_tensor_artifacts_review,1316275,"intermediate, redundant shard, synthetic diagnostic or local-only file"
exp/egorecover_prior_data_budget/v1/data_shards/iiith_soccer_061_6.json,github_experiment_metadata,172,GitHub lightweight record or source
exp/egorecover_prior_data_budget/v1/data_shards/iiith_soccer_061_6.pt,hf_tensor_artifacts_review,669491,"intermediate, redundant shard, synthetic diagnostic or local-only file"
exp/egorecover_prior_data_budget/v1/data_shards/indiana_bike_04_2.json,github_experiment_metadata,172,GitHub lightweight record or source
exp/egorecover_prior_data_budget/v1/data_shards/indiana_bike_04_2.pt,hf_tensor_artifacts_review,1316328,"intermediate, redundant shard, synthetic diagnostic or local-only file"
exp/egorecover_prior_data_budget/v1/data_shards/indiana_bike_04_7.json,github_experiment_metadata,172,GitHub lightweight record or source
exp/egorecover_prior_data_budget/v1/data_shards/indiana_bike_04_7.pt,hf_tensor_artifacts_review,1324675,"intermediate, redundant shard, synthetic diagnostic or local-only file"
exp/egorecover_prior_data_budget/v1/data_shards/indiana_bike_06_7.json,github_experiment_metadata,172,GitHub lightweight record or source
exp/egorecover_prior_data_budget/v1/data_shards/indiana_bike_06_7.pt,hf_tensor_artifacts_review,1316392,"intermediate, redundant shard, synthetic diagnostic or local-only file"
exp/egorecover_prior_data_budget/v1/data_shards/indiana_bike_06_9.json,github_experiment_metadata,172,GitHub lightweight record or source
exp/egorecover_prior_data_budget/v1/data_shards/indiana_bike_06_9.pt,hf_tensor_artifacts_review,1316328,"intermediate, redundant shard, synthetic diagnostic or local-only file"
exp/egorecover_prior_data_budget/v1/data_shards/indiana_bike_12_15.json,github_experiment_metadata,172,GitHub lightweight record or source
exp/egorecover_prior_data_budget/v1/data_shards/indiana_bike_12_15.pt,hf_tensor_artifacts_review,346099,"intermediate, redundant shard, synthetic diagnostic or local-only file"
exp/egorecover_prior_data_budget/v1/data_shards/indiana_bike_13_4.json,github_experiment_metadata,172,GitHub lightweight record or source
exp/egorecover_prior_data_budget/v1/data_shards/indiana_bike_13_4.pt,hf_tensor_artifacts_review,992872,"intermediate, redundant shard, synthetic diagnostic or local-only file"
exp/egorecover_prior_data_budget/v1/data_shards/indiana_bike_15_20.json,github_experiment_metadata,172,GitHub lightweight record or source
exp/egorecover_prior_data_budget/v1/data_shards/indiana_bike_15_20.pt,hf_tensor_artifacts_review,346099,"intermediate, redundant shard, synthetic diagnostic or local-only file"
exp/egorecover_prior_data_budget/v1/data_shards/indiana_bike_15_4.json,github_experiment_metadata,172,GitHub lightweight record or source
exp/egorecover_prior_data_budget/v1/data_shards/indiana_bike_15_4.pt,hf_tensor_artifacts_review,669480,"intermediate, redundant shard, synthetic diagnostic or local-only file"
exp/egorecover_prior_data_budget/v1/data_shards/indiana_cooking_03_2.json,github_experiment_metadata,172,GitHub lightweight record or source
exp/egorecover_prior_data_budget/v1/data_shards/indiana_cooking_03_2.pt,hf_tensor_artifacts_review,1324845,"intermediate, redundant shard, synthetic diagnostic or local-only file"
exp/egorecover_prior_data_budget/v1/data_shards/indiana_cooking_03_3.json,github_experiment_metadata,172,GitHub lightweight record or source
exp/egorecover_prior_data_budget/v1/data_shards/indiana_cooking_03_3.pt,hf_tensor_artifacts_review,1316489,"intermediate, redundant shard, synthetic diagnostic or local-only file"
exp/egorecover_prior_data_budget/v1/data_shards/indiana_cooking_10_4.json,github_experiment_metadata,172,GitHub lightweight record or source
exp/egorecover_prior_data_budget/v1/data_shards/indiana_cooking_10_4.pt,hf_tensor_artifacts_review,1324845,"intermediate, redundant shard, synthetic diagnostic or local-only file"
exp/egorecover_prior_data_budget/v1/data_shards/indiana_cooking_21_4.json,github_experiment_metadata,172,GitHub lightweight record or source
exp/egorecover_prior_data_budget/v1/data_shards/indiana_cooking_21_4.pt,hf_tensor_artifacts_review,1316489,"intermediate, redundant shard, synthetic diagnostic or local-only file"
exp/egorecover_prior_data_budget/v1/data_shards/indiana_music_06_4.json,github_experiment_metadata,172,GitHub lightweight record or source
exp/egorecover_prior_data_budget/v1/data_shards/indiana_music_06_4.pt,hf_tensor_artifacts_review,1316339,"intermediate, redundant shard, synthetic diagnostic or local-only file"
exp/egorecover_prior_data_budget/v1/data_shards/indiana_music_09_5.json,github_experiment_metadata,172,GitHub lightweight record or source
exp/egorecover_prior_data_budget/v1/data_shards/indiana_music_09_5.pt,hf_tensor_artifacts_review,1316339,"intermediate, redundant shard, synthetic diagnostic or local-only file"
exp/egorecover_prior_data_budget/v1/data_shards/indiana_music_11_5.json,github_experiment_metadata,172,GitHub lightweight record or source
exp/egorecover_prior_data_budget/v1/data_shards/indiana_music_11_5.pt,hf_tensor_artifacts_review,346099,"intermediate, redundant shard, synthetic diagnostic or local-only file"
exp/egorecover_prior_data_budget/v1/data_shards/indiana_music_14_3.json,github_experiment_metadata,172,GitHub lightweight record or source
exp/egorecover_prior_data_budget/v1/data_shards/indiana_music_14_3.pt,hf_tensor_artifacts_review,1316275,"intermediate, redundant shard, synthetic diagnostic or local-only file"
exp/egorecover_prior_data_budget/v1/data_shards/indiana_music_14_4.json,github_experiment_metadata,172,GitHub lightweight record or source
exp/egorecover_prior_data_budget/v1/data_shards/indiana_music_14_4.pt,hf_tensor_artifacts_review,669491,"intermediate, redundant shard, synthetic diagnostic or local-only file"
exp/egorecover_prior_data_budget/v1/data_shards/manifest.json,github_experiment_metadata,213060,GitHub lightweight record or source
exp/egorecover_prior_data_budget/v1/data_shards/minnesota_cooking_023_2.json,github_experiment_metadata,172,GitHub lightweight record or source
exp/egorecover_prior_data_budget/v1/data_shards/minnesota_cooking_023_2.pt,hf_tensor_artifacts_review,1325015,"intermediate, redundant shard, synthetic diagnostic or local-only file"
exp/egorecover_prior_data_budget/v1/data_shards/nus_cpr_08_2.json,github_experiment_metadata,172,GitHub lightweight record or source
exp/egorecover_prior_data_budget/v1/data_shards/nus_cpr_08_2.pt,hf_tensor_artifacts_review,345969,"intermediate, redundant shard, synthetic diagnostic or local-only file"
exp/egorecover_prior_data_budget/v1/data_shards/nus_cpr_09_2.json,github_experiment_metadata,172,GitHub lightweight record or source
exp/egorecover_prior_data_budget/v1/data_shards/nus_cpr_09_2.pt,hf_tensor_artifacts_review,1001149,"intermediate, redundant shard, synthetic diagnostic or local-only file"
exp/egorecover_prior_data_budget/v1/data_shards/nus_cpr_29_2.json,github_experiment_metadata,172,GitHub lightweight record or source
exp/egorecover_prior_data_budget/v1/data_shards/nus_cpr_29_2.pt,hf_tensor_artifacts_review,992817,"intermediate, redundant shard, synthetic diagnostic or local-only file"
exp/egorecover_prior_data_budget/v1/data_shards/nus_cpr_47_1.json,github_experiment_metadata,172,GitHub lightweight record or source
exp/egorecover_prior_data_budget/v1/data_shards/nus_cpr_47_1.pt,hf_tensor_artifacts_review,345969,"intermediate, redundant shard, synthetic diagnostic or local-only file"
exp/egorecover_prior_data_budget/v1/data_shards/nus_cpr_48_1.json,github_experiment_metadata,172,GitHub lightweight record or source
exp/egorecover_prior_data_budget/v1/data_shards/nus_cpr_48_1.pt,hf_tensor_artifacts_review,677757,"intermediate, redundant shard, synthetic diagnostic or local-only file"
exp/egorecover_prior_data_budget/v1/data_shards/nus_cpr_50_1.json,github_experiment_metadata,172,GitHub lightweight record or source
exp/egorecover_prior_data_budget/v1/data_shards/nus_cpr_50_1.pt,hf_tensor_artifacts_review,345969,"intermediate, redundant shard, synthetic diagnostic or local-only file"
exp/egorecover_prior_data_budget/v1/data_shards/sfu_basketball013_28.json,github_experiment_metadata,172,GitHub lightweight record or source
exp/egorecover_prior_data_budget/v1/data_shards/sfu_basketball013_28.pt,hf_tensor_artifacts_review,669641,"intermediate, redundant shard, synthetic diagnostic or local-only file"
exp/egorecover_prior_data_budget/v1/data_shards/sfu_basketball013_7.json,github_experiment_metadata,172,GitHub lightweight record or source
exp/egorecover_prior_data_budget/v1/data_shards/sfu_basketball013_7.pt,hf_tensor_artifacts_review,669566,"intermediate, redundant shard, synthetic diagnostic or local-only file"
exp/egorecover_prior_data_budget/v1/data_shards/sfu_basketball015_28.json,github_experiment_metadata,172,GitHub lightweight record or source
exp/egorecover_prior_data_budget/v1/data_shards/sfu_basketball015_28.pt,hf_tensor_artifacts_review,669577,"intermediate, redundant shard, synthetic diagnostic or local-only file"
exp/egorecover_prior_data_budget/v1/data_shards/sfu_basketball017_18.json,github_experiment_metadata,172,GitHub lightweight record or source
exp/egorecover_prior_data_budget/v1/data_shards/sfu_basketball017_18.pt,hf_tensor_artifacts_review,992969,"intermediate, redundant shard, synthetic diagnostic or local-only file"
exp/egorecover_prior_data_budget/v1/data_shards/sfu_basketball_02_26.json,github_experiment_metadata,172,GitHub lightweight record or source
exp/egorecover_prior_data_budget/v1/data_shards/sfu_basketball_02_26.pt,hf_tensor_artifacts_review,354349,"intermediate, redundant shard, synthetic diagnostic or local-only file"
exp/egorecover_prior_data_budget/v1/data_shards/sfu_basketball_11_29.json,github_experiment_metadata,172,GitHub lightweight record or source
exp/egorecover_prior_data_budget/v1/data_shards/sfu_basketball_11_29.pt,hf_tensor_artifacts_review,346185,"intermediate, redundant shard, synthetic diagnostic or local-only file"
exp/egorecover_prior_data_budget/v1/data_shards/sfu_cooking023_6.json,github_experiment_metadata,172,GitHub lightweight record or source
exp/egorecover_prior_data_budget/v1/data_shards/sfu_cooking023_6.pt,hf_tensor_artifacts_review,1316317,"intermediate, redundant shard, synthetic diagnostic or local-only file"
exp/egorecover_prior_data_budget/v1/data_shards/sfu_cooking_001_8.json,github_experiment_metadata,172,GitHub lightweight record or source
exp/egorecover_prior_data_budget/v1/data_shards/sfu_cooking_001_8.pt,hf_tensor_artifacts_review,1316328,"intermediate, redundant shard, synthetic diagnostic or local-only file"
exp/egorecover_prior_data_budget/v1/data_shards/sfu_cooking_002_5.json,github_experiment_metadata,172,GitHub lightweight record or source
exp/egorecover_prior_data_budget/v1/data_shards/sfu_cooking_002_5.pt,hf_tensor_artifacts_review,669480,"intermediate, redundant shard, synthetic diagnostic or local-only file"
exp/egorecover_prior_data_budget/v1/data_shards/sfu_cooking_005_2.json,github_experiment_metadata,172,GitHub lightweight record or source
exp/egorecover_prior_data_budget/v1/data_shards/sfu_cooking_005_2.pt,hf_tensor_artifacts_review,1324739,"intermediate, redundant shard, synthetic diagnostic or local-only file"
exp/egorecover_prior_data_budget/v1/data_shards/sfu_cooking_006_1.json,github_experiment_metadata,172,GitHub lightweight record or source
exp/egorecover_prior_data_budget/v1/data_shards/sfu_cooking_006_1.pt,hf_tensor_artifacts_review,1316392,"intermediate, redundant shard, synthetic diagnostic or local-only file"
exp/egorecover_prior_data_budget/v1/data_shards/sfu_covid_001_4.json,github_experiment_metadata,172,GitHub lightweight record or source
exp/egorecover_prior_data_budget/v1/data_shards/sfu_covid_001_4.pt,hf_tensor_artifacts_review,1316306,"intermediate, redundant shard, synthetic diagnostic or local-only file"
exp/egorecover_prior_data_budget/v1/data_shards/sfu_covid_002_10.json,github_experiment_metadata,172,GitHub lightweight record or source
exp/egorecover_prior_data_budget/v1/data_shards/sfu_covid_002_10.pt,hf_tensor_artifacts_review,669469,"intermediate, redundant shard, synthetic diagnostic or local-only file"
exp/egorecover_prior_data_budget/v1/data_shards/sfu_covid_010_6.json,github_experiment_metadata,172,GitHub lightweight record or source
exp/egorecover_prior_data_budget/v1/data_shards/sfu_covid_010_6.pt,hf_tensor_artifacts_review,992850,"intermediate, redundant shard, synthetic diagnostic or local-only file"
exp/egorecover_prior_data_budget/v1/data_shards/unc_basketball_02-24-23_01_28.json,github_experiment_metadata,172,GitHub lightweight record or source
exp/egorecover_prior_data_budget/v1/data_shards/unc_basketball_02-24-23_01_28.pt,hf_tensor_artifacts_review,346412,"intermediate, redundant shard, synthetic diagnostic or local-only file"
exp/egorecover_prior_data_budget/v1/data_shards/unc_basketball_02-24-23_01_40.json,github_experiment_metadata,172,GitHub lightweight record or source
exp/egorecover_prior_data_budget/v1/data_shards/unc_basketball_02-24-23_01_40.pt,hf_tensor_artifacts_review,346412,"intermediate, redundant shard, synthetic diagnostic or local-only file"
exp/egorecover_prior_data_budget/v1/data_shards/unc_basketball_03-09-23_01_32.json,github_experiment_metadata,172,GitHub lightweight record or source
exp/egorecover_prior_data_budget/v1/data_shards/unc_basketball_03-09-23_01_32.pt,hf_tensor_artifacts_review,346412,"intermediate, redundant shard, synthetic diagnostic or local-only file"
exp/egorecover_prior_data_budget/v1/data_shards/unc_basketball_03-09-23_02_5.json,github_experiment_metadata,172,GitHub lightweight record or source
exp/egorecover_prior_data_budget/v1/data_shards/unc_basketball_03-09-23_02_5.pt,hf_tensor_artifacts_review,354525,"intermediate, redundant shard, synthetic diagnostic or local-only file"
exp/egorecover_prior_data_budget/v1/data_shards/unc_basketball_03-16-23_01_37.json,github_experiment_metadata,172,GitHub lightweight record or source
exp/egorecover_prior_data_budget/v1/data_shards/unc_basketball_03-16-23_01_37.pt,hf_tensor_artifacts_review,669804,"intermediate, redundant shard, synthetic diagnostic or local-only file"
exp/egorecover_prior_data_budget/v1/data_shards/unc_basketball_03-16-23_02_28.json,github_experiment_metadata,172,GitHub lightweight record or source
exp/egorecover_prior_data_budget/v1/data_shards/unc_basketball_03-16-23_02_28.pt,hf_tensor_artifacts_review,993260,"intermediate, redundant shard, synthetic diagnostic or local-only file"
exp/egorecover_prior_data_budget/v1/data_shards/unc_basketball_03-30-23_02_32.json,github_experiment_metadata,172,GitHub lightweight record or source
exp/egorecover_prior_data_budget/v1/data_shards/unc_basketball_03-30-23_02_32.pt,hf_tensor_artifacts_review,993260,"intermediate, redundant shard, synthetic diagnostic or local-only file"
exp/egorecover_prior_data_budget/v1/data_shards/unc_basketball_03-31-23_01_13.json,github_experiment_metadata,172,GitHub lightweight record or source
exp/egorecover_prior_data_budget/v1/data_shards/unc_basketball_03-31-23_01_13.pt,hf_tensor_artifacts_review,669804,"intermediate, redundant shard, synthetic diagnostic or local-only file"
exp/egorecover_prior_data_budget/v1/data_shards/unc_basketball_03-31-23_01_42.json,github_experiment_metadata,172,GitHub lightweight record or source
exp/egorecover_prior_data_budget/v1/data_shards/unc_basketball_03-31-23_01_42.pt,hf_tensor_artifacts_review,669804,"intermediate, redundant shard, synthetic diagnostic or local-only file"
exp/egorecover_prior_data_budget/v1/data_shards/unc_basketball_03-31-23_02_23.json,github_experiment_metadata,172,GitHub lightweight record or source
exp/egorecover_prior_data_budget/v1/data_shards/unc_basketball_03-31-23_02_23.pt,hf_tensor_artifacts_review,1325099,"intermediate, redundant shard, synthetic diagnostic or local-only file"
exp/egorecover_prior_data_budget/v1/data_shards/unc_soccer_09-21-23_01_45.json,github_experiment_metadata,172,GitHub lightweight record or source
exp/egorecover_prior_data_budget/v1/data_shards/unc_soccer_09-21-23_01_45.pt,hf_tensor_artifacts_review,346304,"intermediate, redundant shard, synthetic diagnostic or local-only file"
exp/egorecover_prior_data_budget/v1/data_shards/unc_soccer_09-22-23_01_10.json,github_experiment_metadata,172,GitHub lightweight record or source
exp/egorecover_prior_data_budget/v1/data_shards/unc_soccer_09-22-23_01_10.pt,hf_tensor_artifacts_review,346304,"intermediate, redundant shard, synthetic diagnostic or local-only file"
exp/egorecover_prior_data_budget/v1/data_shards/unc_soccer_09-22-23_01_9.json,github_experiment_metadata,172,GitHub lightweight record or source
exp/egorecover_prior_data_budget/v1/data_shards/unc_soccer_09-22-23_01_9.pt,hf_tensor_artifacts_review,346293,"intermediate, redundant shard, synthetic diagnostic or local-only file"
exp/egorecover_prior_data_budget/v1/data_shards/uniandes_basketball_001_7.json,github_experiment_metadata,172,GitHub lightweight record or source
exp/egorecover_prior_data_budget/v1/data_shards/uniandes_basketball_001_7.pt,hf_tensor_artifacts_review,993088,"intermediate, redundant shard, synthetic diagnostic or local-only file"
exp/egorecover_prior_data_budget/v1/data_shards/uniandes_basketball_002_23.json,github_experiment_metadata,172,GitHub lightweight record or source
exp/egorecover_prior_data_budget/v1/data_shards/uniandes_basketball_002_23.pt,hf_tensor_artifacts_review,346315,"intermediate, redundant shard, synthetic diagnostic or local-only file"
exp/egorecover_prior_data_budget/v1/data_shards/uniandes_basketball_002_4.json,github_experiment_metadata,172,GitHub lightweight record or source
exp/egorecover_prior_data_budget/v1/data_shards/uniandes_basketball_002_4.pt,hf_tensor_artifacts_review,993088,"intermediate, redundant shard, synthetic diagnostic or local-only file"
exp/egorecover_prior_data_budget/v1/data_shards/uniandes_basketball_002_9.json,github_experiment_metadata,172,GitHub lightweight record or source
exp/egorecover_prior_data_budget/v1/data_shards/uniandes_basketball_002_9.pt,hf_tensor_artifacts_review,346304,"intermediate, redundant shard, synthetic diagnostic or local-only file"
exp/egorecover_prior_data_budget/v1/data_shards/uniandes_basketball_003_23.json,github_experiment_metadata,172,GitHub lightweight record or source
exp/egorecover_prior_data_budget/v1/data_shards/uniandes_basketball_003_23.pt,hf_tensor_artifacts_review,346315,"intermediate, redundant shard, synthetic diagnostic or local-only file"
exp/egorecover_prior_data_budget/v1/data_shards/uniandes_basketball_003_29.json,github_experiment_metadata,172,GitHub lightweight record or source
exp/egorecover_prior_data_budget/v1/data_shards/uniandes_basketball_003_29.pt,hf_tensor_artifacts_review,993099,"intermediate, redundant shard, synthetic diagnostic or local-only file"
exp/egorecover_prior_data_budget/v1/data_shards/uniandes_basketball_003_32.json,github_experiment_metadata,172,GitHub lightweight record or source
exp/egorecover_prior_data_budget/v1/data_shards/uniandes_basketball_003_32.pt,hf_tensor_artifacts_review,669771,"intermediate, redundant shard, synthetic diagnostic or local-only file"
exp/egorecover_prior_data_budget/v1/data_shards/uniandes_basketball_003_35.json,github_experiment_metadata,172,GitHub lightweight record or source
exp/egorecover_prior_data_budget/v1/data_shards/uniandes_basketball_003_35.pt,hf_tensor_artifacts_review,354497,"intermediate, redundant shard, synthetic diagnostic or local-only file"
exp/egorecover_prior_data_budget/v1/data_shards/uniandes_basketball_003_36.json,github_experiment_metadata,172,GitHub lightweight record or source
exp/egorecover_prior_data_budget/v1/data_shards/uniandes_basketball_003_36.pt,hf_tensor_artifacts_review,354497,"intermediate, redundant shard, synthetic diagnostic or local-only file"
exp/egorecover_prior_data_budget/v1/data_shards/uniandes_basketball_004_6.json,github_experiment_metadata,172,GitHub lightweight record or source
exp/egorecover_prior_data_budget/v1/data_shards/uniandes_basketball_004_6.pt,hf_tensor_artifacts_review,354483,"intermediate, redundant shard, synthetic diagnostic or local-only file"
exp/egorecover_prior_data_budget/v1/data_shards/uniandes_cooking_005_4.json,github_experiment_metadata,172,GitHub lightweight record or source
exp/egorecover_prior_data_budget/v1/data_shards/uniandes_cooking_005_4.pt,hf_tensor_artifacts_review,1316575,"intermediate, redundant shard, synthetic diagnostic or local-only file"
exp/egorecover_prior_data_budget/v1/data_shards/uniandes_cooking_005_8.json,github_experiment_metadata,172,GitHub lightweight record or source
exp/egorecover_prior_data_budget/v1/data_shards/uniandes_cooking_005_8.pt,hf_tensor_artifacts_review,1316575,"intermediate, redundant shard, synthetic diagnostic or local-only file"
exp/egorecover_prior_data_budget/v1/data_shards/uniandes_cooking_006_10.json,github_experiment_metadata,172,GitHub lightweight record or source
exp/egorecover_prior_data_budget/v1/data_shards/uniandes_cooking_006_10.pt,hf_tensor_artifacts_review,1316586,"intermediate, redundant shard, synthetic diagnostic or local-only file"
exp/egorecover_prior_data_budget/v1/data_shards/uniandes_cooking_008_8.json,github_experiment_metadata,172,GitHub lightweight record or source
exp/egorecover_prior_data_budget/v1/data_shards/uniandes_cooking_008_8.pt,hf_tensor_artifacts_review,1316575,"intermediate, redundant shard, synthetic diagnostic or local-only file"
exp/egorecover_prior_data_budget/v1/data_shards/uniandes_cooking_009_2.json,github_experiment_metadata,172,GitHub lightweight record or source
exp/egorecover_prior_data_budget/v1/data_shards/uniandes_cooking_009_2.pt,hf_tensor_artifacts_review,1316575,"intermediate, redundant shard, synthetic diagnostic or local-only file"
exp/egorecover_prior_data_budget/v1/data_shards/uniandes_cooking_009_4.json,github_experiment_metadata,172,GitHub lightweight record or source
exp/egorecover_prior_data_budget/v1/data_shards/uniandes_cooking_009_4.pt,hf_tensor_artifacts_review,1325001,"intermediate, redundant shard, synthetic diagnostic or local-only file"
exp/egorecover_prior_data_budget/v1/data_shards/uniandes_cooking_009_6.json,github_experiment_metadata,172,GitHub lightweight record or source
exp/egorecover_prior_data_budget/v1/data_shards/uniandes_cooking_009_6.pt,hf_tensor_artifacts_review,1324937,"intermediate, redundant shard, synthetic diagnostic or local-only file"
exp/egorecover_prior_data_budget/v1/data_shards/uniandes_dance_008_22.json,github_experiment_metadata,172,GitHub lightweight record or source
exp/egorecover_prior_data_budget/v1/data_shards/uniandes_dance_008_22.pt,hf_tensor_artifacts_review,354427,"intermediate, redundant shard, synthetic diagnostic or local-only file"
exp/egorecover_prior_data_budget/v1/data_shards/uniandes_dance_008_25.json,github_experiment_metadata,172,GitHub lightweight record or source
exp/egorecover_prior_data_budget/v1/data_shards/uniandes_dance_008_25.pt,hf_tensor_artifacts_review,669652,"intermediate, redundant shard, synthetic diagnostic or local-only file"
exp/egorecover_prior_data_budget/v1/data_shards/uniandes_dance_008_27.json,github_experiment_metadata,172,GitHub lightweight record or source
exp/egorecover_prior_data_budget/v1/data_shards/uniandes_dance_008_27.pt,hf_tensor_artifacts_review,669652,"intermediate, redundant shard, synthetic diagnostic or local-only file"
exp/egorecover_prior_data_budget/v1/data_shards/uniandes_dance_012_28.json,github_experiment_metadata,172,GitHub lightweight record or source
exp/egorecover_prior_data_budget/v1/data_shards/uniandes_dance_012_28.pt,hf_tensor_artifacts_review,669652,"intermediate, redundant shard, synthetic diagnostic or local-only file"
exp/egorecover_prior_data_budget/v1/data_shards/uniandes_dance_012_5.json,github_experiment_metadata,172,GitHub lightweight record or source
exp/egorecover_prior_data_budget/v1/data_shards/uniandes_dance_012_5.pt,hf_tensor_artifacts_review,346185,"intermediate, redundant shard, synthetic diagnostic or local-only file"
exp/egorecover_prior_data_budget/v1/data_shards/uniandes_dance_012_7.json,github_experiment_metadata,172,GitHub lightweight record or source
exp/egorecover_prior_data_budget/v1/data_shards/uniandes_dance_012_7.pt,hf_tensor_artifacts_review,669577,"intermediate, redundant shard, synthetic diagnostic or local-only file"
exp/egorecover_prior_data_budget/v1/data_shards/uniandes_dance_013_19.json,github_experiment_metadata,172,GitHub lightweight record or source
exp/egorecover_prior_data_budget/v1/data_shards/uniandes_dance_013_19.pt,hf_tensor_artifacts_review,678075,"intermediate, redundant shard, synthetic diagnostic or local-only file"
exp/egorecover_prior_data_budget/v1/data_shards/uniandes_dance_015_13.json,github_experiment_metadata,172,GitHub lightweight record or source
exp/egorecover_prior_data_budget/v1/data_shards/uniandes_dance_015_13.pt,hf_tensor_artifacts_review,346260,"intermediate, redundant shard, synthetic diagnostic or local-only file"
exp/egorecover_prior_data_budget/v1/data_shards/uniandes_dance_017_57.json,github_experiment_metadata,172,GitHub lightweight record or source
exp/egorecover_prior_data_budget/v1/data_shards/uniandes_dance_017_57.pt,hf_tensor_artifacts_review,678075,"intermediate, redundant shard, synthetic diagnostic or local-only file"
exp/egorecover_prior_data_budget/v1/data_shards/uniandes_dance_019_36.json,github_experiment_metadata,172,GitHub lightweight record or source
exp/egorecover_prior_data_budget/v1/data_shards/uniandes_dance_019_36.pt,hf_tensor_artifacts_review,354427,"intermediate, redundant shard, synthetic diagnostic or local-only file"
exp/egorecover_prior_data_budget/v1/data_shards/uniandes_dance_019_5.json,github_experiment_metadata,172,GitHub lightweight record or source
exp/egorecover_prior_data_budget/v1/data_shards/uniandes_dance_019_5.pt,hf_tensor_artifacts_review,669577,"intermediate, redundant shard, synthetic diagnostic or local-only file"
exp/egorecover_prior_data_budget/v1/data_shards/uniandes_dance_020_13.json,github_experiment_metadata,172,GitHub lightweight record or source
exp/egorecover_prior_data_budget/v1/data_shards/uniandes_dance_020_13.pt,hf_tensor_artifacts_review,678075,"intermediate, redundant shard, synthetic diagnostic or local-only file"
exp/egorecover_prior_data_budget/v1/data_shards/uniandes_dance_020_33.json,github_experiment_metadata,172,GitHub lightweight record or source
exp/egorecover_prior_data_budget/v1/data_shards/uniandes_dance_020_33.pt,hf_tensor_artifacts_review,669652,"intermediate, redundant shard, synthetic diagnostic or local-only file"
exp/egorecover_prior_data_budget/v1/data_shards/uniandes_dance_020_50.json,github_experiment_metadata,172,GitHub lightweight record or source
exp/egorecover_prior_data_budget/v1/data_shards/uniandes_dance_020_50.pt,hf_tensor_artifacts_review,678075,"intermediate, redundant shard, synthetic diagnostic or local-only file"
exp/egorecover_prior_data_budget/v1/data_shards/uniandes_dance_020_61.json,github_experiment_metadata,172,GitHub lightweight record or source
exp/egorecover_prior_data_budget/v1/data_shards/uniandes_dance_020_61.pt,hf_tensor_artifacts_review,993044,"intermediate, redundant shard, synthetic diagnostic or local-only file"
exp/egorecover_prior_data_budget/v1/data_shards/uniandes_dance_021_35.json,github_experiment_metadata,172,GitHub lightweight record or source
exp/egorecover_prior_data_budget/v1/data_shards/uniandes_dance_021_35.pt,hf_tensor_artifacts_review,993044,"intermediate, redundant shard, synthetic diagnostic or local-only file"
exp/egorecover_prior_data_budget/v1/data_shards/uniandes_dance_022_22.json,github_experiment_metadata,172,GitHub lightweight record or source
exp/egorecover_prior_data_budget/v1/data_shards/uniandes_dance_022_22.pt,hf_tensor_artifacts_review,678075,"intermediate, redundant shard, synthetic diagnostic or local-only file"
exp/egorecover_prior_data_budget/v1/data_shards/uniandes_dance_022_24.json,github_experiment_metadata,172,GitHub lightweight record or source
exp/egorecover_prior_data_budget/v1/data_shards/uniandes_dance_022_24.pt,hf_tensor_artifacts_review,346260,"intermediate, redundant shard, synthetic diagnostic or local-only file"
exp/egorecover_prior_data_budget/v1/data_shards/uniandes_dance_022_30.json,github_experiment_metadata,172,GitHub lightweight record or source
exp/egorecover_prior_data_budget/v1/data_shards/uniandes_dance_022_30.pt,hf_tensor_artifacts_review,346260,"intermediate, redundant shard, synthetic diagnostic or local-only file"
exp/egorecover_prior_data_budget/v1/data_shards/uniandes_dance_022_5.json,github_experiment_metadata,172,GitHub lightweight record or source
exp/egorecover_prior_data_budget/v1/data_shards/uniandes_dance_022_5.pt,hf_tensor_artifacts_review,992969,"intermediate, redundant shard, synthetic diagnostic or local-only file"
exp/egorecover_prior_data_budget/v1/data_shards/uniandes_dance_022_8.json,github_experiment_metadata,172,GitHub lightweight record or source
exp/egorecover_prior_data_budget/v1/data_shards/uniandes_dance_022_8.pt,hf_tensor_artifacts_review,992969,"intermediate, redundant shard, synthetic diagnostic or local-only file"
exp/egorecover_prior_data_budget/v1/data_shards/uniandes_dance_023_15.json,github_experiment_metadata,172,GitHub lightweight record or source
exp/egorecover_prior_data_budget/v1/data_shards/uniandes_dance_023_15.pt,hf_tensor_artifacts_review,993044,"intermediate, redundant shard, synthetic diagnostic or local-only file"
exp/egorecover_prior_data_budget/v1/data_shards/uniandes_dance_024_3.json,github_experiment_metadata,172,GitHub lightweight record or source
exp/egorecover_prior_data_budget/v1/data_shards/uniandes_dance_024_3.pt,hf_tensor_artifacts_review,992969,"intermediate, redundant shard, synthetic diagnostic or local-only file"
exp/egorecover_prior_data_budget/v1/data_shards/uniandes_dance_024_4.json,github_experiment_metadata,172,GitHub lightweight record or source
exp/egorecover_prior_data_budget/v1/data_shards/uniandes_dance_024_4.pt,hf_tensor_artifacts_review,992969,"intermediate, redundant shard, synthetic diagnostic or local-only file"
exp/egorecover_prior_data_budget/v1/data_shards/upenn_0324_Piano_1_3.json,github_experiment_metadata,172,GitHub lightweight record or source
exp/egorecover_prior_data_budget/v1/data_shards/upenn_0324_Piano_1_3.pt,hf_tensor_artifacts_review,1316425,"intermediate, redundant shard, synthetic diagnostic or local-only file"
exp/egorecover_prior_data_budget/v1/data_shards/upenn_0407_Violin_1_3.json,github_experiment_metadata,172,GitHub lightweight record or source
exp/egorecover_prior_data_budget/v1/data_shards/upenn_0407_Violin_1_3.pt,hf_tensor_artifacts_review,1324923,"intermediate, redundant shard, synthetic diagnostic or local-only file"
exp/egorecover_prior_data_budget/v1/data_shards/upenn_0407_Violin_1_4.json,github_experiment_metadata,172,GitHub lightweight record or source
exp/egorecover_prior_data_budget/v1/data_shards/upenn_0407_Violin_1_4.pt,hf_tensor_artifacts_review,1316436,"intermediate, redundant shard, synthetic diagnostic or local-only file"
exp/egorecover_prior_data_budget/v1/data_shards/upenn_0407_Violin_1_5.json,github_experiment_metadata,172,GitHub lightweight record or source
exp/egorecover_prior_data_budget/v1/data_shards/upenn_0407_Violin_1_5.pt,hf_tensor_artifacts_review,1316564,"intermediate, redundant shard, synthetic diagnostic or local-only file"
exp/egorecover_prior_data_budget/v1/data_shards/upenn_0407_Violin_2_3.json,github_experiment_metadata,172,GitHub lightweight record or source
exp/egorecover_prior_data_budget/v1/data_shards/upenn_0407_Violin_2_3.pt,hf_tensor_artifacts_review,1324923,"intermediate, redundant shard, synthetic diagnostic or local-only file"
exp/egorecover_prior_data_budget/v1/data_shards/upenn_0706_Dance_1_3.json,github_experiment_metadata,172,GitHub lightweight record or source
exp/egorecover_prior_data_budget/v1/data_shards/upenn_0706_Dance_1_3.pt,hf_tensor_artifacts_review,1316361,"intermediate, redundant shard, synthetic diagnostic or local-only file"
exp/egorecover_prior_data_budget/v1/data_shards/upenn_0706_Dance_5_3.json,github_experiment_metadata,172,GitHub lightweight record or source
exp/egorecover_prior_data_budget/v1/data_shards/upenn_0706_Dance_5_3.pt,hf_tensor_artifacts_review,1316361,"intermediate, redundant shard, synthetic diagnostic or local-only file"
exp/egorecover_prior_data_budget/v1/data_shards/upenn_0706_Dance_5_6.json,github_experiment_metadata,172,GitHub lightweight record or source
exp/egorecover_prior_data_budget/v1/data_shards/upenn_0706_Dance_5_6.pt,hf_tensor_artifacts_review,1316361,"intermediate, redundant shard, synthetic diagnostic or local-only file"
exp/egorecover_prior_data_budget/v1/data_shards/upenn_0714_Cooking_1_4.json,github_experiment_metadata,172,GitHub lightweight record or source
exp/egorecover_prior_data_budget/v1/data_shards/upenn_0714_Cooking_1_4.pt,hf_tensor_artifacts_review,1316575,"intermediate, redundant shard, synthetic diagnostic or local-only file"
exp/egorecover_prior_data_budget/v1/data_shards/upenn_0714_Cooking_7_2.json,github_experiment_metadata,172,GitHub lightweight record or source
exp/egorecover_prior_data_budget/v1/data_shards/upenn_0714_Cooking_7_2.pt,hf_tensor_artifacts_review,346271,"intermediate, redundant shard, synthetic diagnostic or local-only file"
exp/egorecover_prior_data_budget/v1/data_shards/upenn_0717_Piano_1_5.json,github_experiment_metadata,172,GitHub lightweight record or source
exp/egorecover_prior_data_budget/v1/data_shards/upenn_0717_Piano_1_5.pt,hf_tensor_artifacts_review,1316425,"intermediate, redundant shard, synthetic diagnostic or local-only file"
exp/egorecover_prior_data_budget/v1/data_shards/upenn_0718_Violin_2_6.json,github_experiment_metadata,172,GitHub lightweight record or source
exp/egorecover_prior_data_budget/v1/data_shards/upenn_0718_Violin_2_6.pt,hf_tensor_artifacts_review,1316436,"intermediate, redundant shard, synthetic diagnostic or local-only file"
exp/egorecover_prior_data_budget/v1/data_shards/upenn_0719_Piano_2_3.json,github_experiment_metadata,172,GitHub lightweight record or source
exp/egorecover_prior_data_budget/v1/data_shards/upenn_0719_Piano_2_3.pt,hf_tensor_artifacts_review,1324845,"intermediate, redundant shard, synthetic diagnostic or local-only file"
exp/egorecover_prior_data_budget/v1/data_shards/upenn_0722_Piano_2_2.json,github_experiment_metadata,172,GitHub lightweight record or source
exp/egorecover_prior_data_budget/v1/data_shards/upenn_0722_Piano_2_2.pt,hf_tensor_artifacts_review,993033,"intermediate, redundant shard, synthetic diagnostic or local-only file"
exp/egorecover_prior_data_budget/v1/data_shards/upenn_0722_Piano_2_3.json,github_experiment_metadata,172,GitHub lightweight record or source
exp/egorecover_prior_data_budget/v1/data_shards/upenn_0722_Piano_2_3.pt,hf_tensor_artifacts_review,1316361,"intermediate, redundant shard, synthetic diagnostic or local-only file"
exp/egorecover_prior_data_budget/v1/data_shards/upenn_0722_Piano_2_4.json,github_experiment_metadata,172,GitHub lightweight record or source
exp/egorecover_prior_data_budget/v1/data_shards/upenn_0722_Piano_2_4.pt,hf_tensor_artifacts_review,1316489,"intermediate, redundant shard, synthetic diagnostic or local-only file"
exp/egorecover_prior_data_budget/v1/data_shards/upenn_0722_Piano_2_5.json,github_experiment_metadata,172,GitHub lightweight record or source
exp/egorecover_prior_data_budget/v1/data_shards/upenn_0722_Piano_2_5.pt,hf_tensor_artifacts_review,1316425,"intermediate, redundant shard, synthetic diagnostic or local-only file"
exp/egorecover_prior_data_budget/v1/data_shards/upenn_0724_Piano_1_4.json,github_experiment_metadata,172,GitHub lightweight record or source
exp/egorecover_prior_data_budget/v1/data_shards/upenn_0724_Piano_1_4.pt,hf_tensor_artifacts_review,1316361,"intermediate, redundant shard, synthetic diagnostic or local-only file"
exp/egorecover_prior_data_budget/v1/data_shards/upenn_0724_Piano_1_5.json,github_experiment_metadata,172,GitHub lightweight record or source
exp/egorecover_prior_data_budget/v1/data_shards/upenn_0724_Piano_1_5.pt,hf_tensor_artifacts_review,1316489,"intermediate, redundant shard, synthetic diagnostic or local-only file"
exp/egorecover_prior_data_budget/v1/data_shards/upenn_0725_Duet_Violin_1_1_4.json,github_experiment_metadata,172,GitHub lightweight record or source
exp/egorecover_prior_data_budget/v1/data_shards/upenn_0725_Duet_Violin_1_1_4.pt,hf_tensor_artifacts_review,1316641,"intermediate, redundant shard, synthetic diagnostic or local-only file"
exp/egorecover_prior_data_budget/v1/data_shards/upenn_0725_Duet_Violin_1_2_3.json,github_experiment_metadata,172,GitHub lightweight record or source
exp/egorecover_prior_data_budget/v1/data_shards/upenn_0725_Duet_Violin_1_2_3.pt,hf_tensor_artifacts_review,669729,"intermediate, redundant shard, synthetic diagnostic or local-only file"
exp/egorecover_prior_data_budget/v1/data_shards/upenn_0725_Duet_Violin_1_2_9.json,github_experiment_metadata,172,GitHub lightweight record or source
exp/egorecover_prior_data_budget/v1/data_shards/upenn_0725_Duet_Violin_1_2_9.pt,hf_tensor_artifacts_review,1325085,"intermediate, redundant shard, synthetic diagnostic or local-only file"
exp/egorecover_prior_data_budget/v1/data_shards/upenn_0725_Violin_1_2.json,github_experiment_metadata,172,GitHub lightweight record or source
exp/egorecover_prior_data_budget/v1/data_shards/upenn_0725_Violin_1_2.pt,hf_tensor_artifacts_review,1316436,"intermediate, redundant shard, synthetic diagnostic or local-only file"
exp/egorecover_prior_data_budget/v1/data_shards/upenn_0726_Duet_Violin_1_2_3.json,github_experiment_metadata,172,GitHub lightweight record or source
exp/egorecover_prior_data_budget/v1/data_shards/upenn_0726_Duet_Violin_1_2_3.pt,hf_tensor_artifacts_review,1316641,"intermediate, redundant shard, synthetic diagnostic or local-only file"
exp/egorecover_prior_data_budget/v1/data_shards/upenn_0726_Piano_1_3.json,github_experiment_metadata,172,GitHub lightweight record or source
exp/egorecover_prior_data_budget/v1/data_shards/upenn_0726_Piano_1_3.pt,hf_tensor_artifacts_review,1324781,"intermediate, redundant shard, synthetic diagnostic or local-only file"
exp/egorecover_prior_data_budget/v1/data_shards/upenn_0726_Piano_1_4.json,github_experiment_metadata,172,GitHub lightweight record or source
exp/egorecover_prior_data_budget/v1/data_shards/upenn_0726_Piano_1_4.pt,hf_tensor_artifacts_review,1324781,"intermediate, redundant shard, synthetic diagnostic or local-only file"
exp/egorecover_prior_data_budget/v1/data_shards/upenn_0726_Piano_2_2.json,github_experiment_metadata,172,GitHub lightweight record or source
exp/egorecover_prior_data_budget/v1/data_shards/upenn_0726_Piano_2_2.pt,hf_tensor_artifacts_review,1316361,"intermediate, redundant shard, synthetic diagnostic or local-only file"
exp/egorecover_prior_data_budget/v1/data_shards/upenn_0727_Partner_Dance_2_1_3.json,github_experiment_metadata,172,GitHub lightweight record or source
exp/egorecover_prior_data_budget/v1/data_shards/upenn_0727_Partner_Dance_2_1_3.pt,hf_tensor_artifacts_review,993271,"intermediate, redundant shard, synthetic diagnostic or local-only file"
exp/egorecover_prior_data_budget/v1/data_shards/upenn_0727_Partner_Dance_2_1_4.json,github_experiment_metadata,172,GitHub lightweight record or source
exp/egorecover_prior_data_budget/v1/data_shards/upenn_0727_Partner_Dance_2_1_4.pt,hf_tensor_artifacts_review,1001721,"intermediate, redundant shard, synthetic diagnostic or local-only file"
exp/egorecover_prior_data_budget/v1/data_shards/utokyo_cpr_2005_25_2.json,github_experiment_metadata,172,GitHub lightweight record or source
exp/egorecover_prior_data_budget/v1/data_shards/utokyo_cpr_2005_25_2.pt,hf_tensor_artifacts_review,1316361,"intermediate, redundant shard, synthetic diagnostic or local-only file"
exp/egorecover_prior_data_budget/v1/data_shards/utokyo_omelet_12_1001_2.json,github_experiment_metadata,172,GitHub lightweight record or source
exp/egorecover_prior_data_budget/v1/data_shards/utokyo_omelet_12_1001_2.pt,hf_tensor_artifacts_review,1324951,"intermediate, redundant shard, synthetic diagnostic or local-only file"
exp/egorecover_prior_data_budget/v1/data_shards/utokyo_omelet_6_1001_4.json,github_experiment_metadata,172,GitHub lightweight record or source
exp/egorecover_prior_data_budget/v1/data_shards/utokyo_omelet_6_1001_4.pt,hf_tensor_artifacts_review,1324873,"intermediate, redundant shard, synthetic diagnostic or local-only file"
exp/egorecover_prior_data_budget/v1/data_shards/utokyo_omelet_9_1001_2.json,github_experiment_metadata,172,GitHub lightweight record or source
exp/egorecover_prior_data_budget/v1/data_shards/utokyo_omelet_9_1001_2.pt,hf_tensor_artifacts_review,1316575,"intermediate, redundant shard, synthetic diagnostic or local-only file"
exp/egorecover_prior_data_budget/v1/data_shards/utokyo_pcr_2001_31_6.json,github_experiment_metadata,172,GitHub lightweight record or source
exp/egorecover_prior_data_budget/v1/data_shards/utokyo_pcr_2001_31_6.pt,hf_tensor_artifacts_review,669641,"intermediate, redundant shard, synthetic diagnostic or local-only file"
exp/egorecover_prior_data_budget/v1/data_shards/utokyo_pcr_2001_33_6.json,github_experiment_metadata,172,GitHub lightweight record or source
exp/egorecover_prior_data_budget/v1/data_shards/utokyo_pcr_2001_33_6.pt,hf_tensor_artifacts_review,354349,"intermediate, redundant shard, synthetic diagnostic or local-only file"
exp/egorecover_prior_data_budget/v1/data_shards/utokyo_pcr_2001_34_6.json,github_experiment_metadata,172,GitHub lightweight record or source
exp/egorecover_prior_data_budget/v1/data_shards/utokyo_pcr_2001_34_6.pt,hf_tensor_artifacts_review,346185,"intermediate, redundant shard, synthetic diagnostic or local-only file"
exp/egorecover_prior_data_budget/v1/jobs/D_s62.1.json,github_experiment_metadata,294,GitHub lightweight record or source
exp/egorecover_prior_data_budget/v1/jobs/D_s62.1.log,hf_logs_private,83067,GitHub lightweight record or source
exp/egorecover_prior_data_budget/v1/jobs/D_s62.1.status.json,github_experiment_metadata,456,GitHub lightweight record or source
exp/egorecover_prior_data_budget/v1/jobs/D_s63.1.json,github_experiment_metadata,294,GitHub lightweight record or source
exp/egorecover_prior_data_budget/v1/jobs/D_s63.1.log,hf_logs_private,83110,GitHub lightweight record or source
exp/egorecover_prior_data_budget/v1/jobs/D_s63.1.status.json,github_experiment_metadata,456,GitHub lightweight record or source
exp/egorecover_prior_data_budget/v1/jobs/D_s64.1.json,github_experiment_metadata,294,GitHub lightweight record or source
exp/egorecover_prior_data_budget/v1/jobs/D_s64.1.log,hf_logs_private,83075,GitHub lightweight record or source
exp/egorecover_prior_data_budget/v1/jobs/D_s64.1.status.json,github_experiment_metadata,456,GitHub lightweight record or source
exp/egorecover_prior_data_budget/v1/jobs/prepare_data.1.json,github_experiment_metadata,274,GitHub lightweight record or source
exp/egorecover_prior_data_budget/v1/jobs/prepare_data.1.log,hf_logs_private,8964,GitHub lightweight record or source
exp/egorecover_prior_data_budget/v1/jobs/prepare_data.1.status.json,github_experiment_metadata,436,GitHub lightweight record or source
exp/egorecover_prior_data_budget/v1/plan.json,github_experiment_metadata,419,GitHub lightweight record or source
exp/egorecover_prior_data_budget/v1/queue.json,github_experiment_metadata,4190,GitHub lightweight record or source
exp/egorecover_prior_data_budget/v1/queue.lock,local_ephemeral,0,"intermediate, redundant shard, synthetic diagnostic or local-only file"
exp/egorecover_prior_data_budget/v1/summary.json,github_experiment_metadata,108275,GitHub lightweight record or source
exp/egorecover_prior_data_budget/v1/train/D_s62/experiment.json,github_experiment_metadata,28405,GitHub lightweight record or source
exp/egorecover_prior_data_budget/v1/train/D_s62/progress.json,github_experiment_metadata,177,GitHub lightweight record or source
exp/egorecover_prior_data_budget/v1/train/D_s62/report.json,github_experiment_metadata,951591,GitHub lightweight record or source
exp/egorecover_prior_data_budget/v1/train/D_s62/selection.json,github_experiment_metadata,820922,GitHub lightweight record or source
exp/egorecover_prior_data_budget/v1/train/D_s63/experiment.json,github_experiment_metadata,28405,GitHub lightweight record or source
exp/egorecover_prior_data_budget/v1/train/D_s63/progress.json,github_experiment_metadata,178,GitHub lightweight record or source
exp/egorecover_prior_data_budget/v1/train/D_s63/report.json,github_experiment_metadata,951514,GitHub lightweight record or source
exp/egorecover_prior_data_budget/v1/train/D_s63/selection.json,github_experiment_metadata,820785,GitHub lightweight record or source
exp/egorecover_prior_data_budget/v1/train/D_s64/experiment.json,github_experiment_metadata,28405,GitHub lightweight record or source
exp/egorecover_prior_data_budget/v1/train/D_s64/progress.json,github_experiment_metadata,177,GitHub lightweight record or source
exp/egorecover_prior_data_budget/v1/train/D_s64/report.json,github_experiment_metadata,951608,GitHub lightweight record or source
exp/egorecover_prior_data_budget/v1/train/D_s64/selection.json,github_experiment_metadata,820945,GitHub lightweight record or source
exp/egorecover_prior_real_history/v1/RESULTS.md,github_experiment_metadata,2565,GitHub lightweight record or source
exp/egorecover_prior_real_history/v1/controller.log,hf_logs_private,1149,GitHub lightweight record or source
exp/egorecover_prior_real_history/v1/evaluation/frames.pt,hf_tensor_artifacts_review,5617166,"intermediate, redundant shard, synthetic diagnostic or local-only file"
exp/egorecover_prior_real_history/v1/figures/history_quality.png,hf_other_artifacts_review,311526,"intermediate, redundant shard, synthetic diagnostic or local-only file"
exp/egorecover_prior_real_history/v1/history_input_summary.json,github_experiment_metadata,1929,GitHub lightweight record or source
exp/egorecover_prior_real_history/v1/jobs/eval_shard0.1.json,github_experiment_metadata,468,GitHub lightweight record or source
exp/egorecover_prior_real_history/v1/jobs/eval_shard0.1.log,hf_logs_private,802,GitHub lightweight record or source
exp/egorecover_prior_real_history/v1/jobs/eval_shard0.1.status.json,github_experiment_metadata,630,GitHub lightweight record or source
exp/egorecover_prior_real_history/v1/jobs/eval_shard1.1.json,github_experiment_metadata,468,GitHub lightweight record or source
exp/egorecover_prior_real_history/v1/jobs/eval_shard1.1.log,hf_logs_private,802,GitHub lightweight record or source
exp/egorecover_prior_real_history/v1/jobs/eval_shard1.1.status.json,github_experiment_metadata,630,GitHub lightweight record or source
exp/egorecover_prior_real_history/v1/jobs/eval_shard2.1.json,github_experiment_metadata,468,GitHub lightweight record or source
exp/egorecover_prior_real_history/v1/jobs/eval_shard2.1.log,hf_logs_private,802,GitHub lightweight record or source
exp/egorecover_prior_real_history/v1/jobs/eval_shard2.1.status.json,github_experiment_metadata,630,GitHub lightweight record or source
exp/egorecover_prior_real_history/v1/jobs/eval_shard3.1.json,github_experiment_metadata,468,GitHub lightweight record or source
exp/egorecover_prior_real_history/v1/jobs/eval_shard3.1.log,hf_logs_private,802,GitHub lightweight record or source
exp/egorecover_prior_real_history/v1/jobs/eval_shard3.1.status.json,github_experiment_metadata,630,GitHub lightweight record or source
exp/egorecover_prior_real_history/v1/jobs/prepare_data.1.json,github_experiment_metadata,276,GitHub lightweight record or source
exp/egorecover_prior_real_history/v1/jobs/prepare_data.1.log,hf_logs_private,1735,GitHub lightweight record or source
exp/egorecover_prior_real_history/v1/jobs/prepare_data.1.status.json,github_experiment_metadata,438,GitHub lightweight record or source
exp/egorecover_prior_real_history/v1/jobs/smoke.1.json,github_experiment_metadata,425,GitHub lightweight record or source
exp/egorecover_prior_real_history/v1/jobs/smoke.1.log,hf_logs_private,506,GitHub lightweight record or source
exp/egorecover_prior_real_history/v1/jobs/smoke.1.status.json,github_experiment_metadata,587,GitHub lightweight record or source
exp/egorecover_prior_real_history/v1/plan.json,github_experiment_metadata,5172,GitHub lightweight record or source
exp/egorecover_prior_real_history/v1/queue.json,github_experiment_metadata,6960,GitHub lightweight record or source
exp/egorecover_prior_real_history/v1/queue.lock,local_ephemeral,0,"intermediate, redundant shard, synthetic diagnostic or local-only file"
exp/egorecover_prior_real_history/v1/shards/shard0/frames.pt,hf_tensor_artifacts_review,15311030,"intermediate, redundant shard, synthetic diagnostic or local-only file"
exp/egorecover_prior_real_history/v1/shards/shard0/identity.json,github_experiment_metadata,2774,GitHub lightweight record or source
exp/egorecover_prior_real_history/v1/shards/shard0/progress.json,github_experiment_metadata,100,GitHub lightweight record or source
exp/egorecover_prior_real_history/v1/shards/shard0/report.json,github_experiment_metadata,3489,GitHub lightweight record or source
exp/egorecover_prior_real_history/v1/shards/shard1/frames.pt,hf_tensor_artifacts_review,15310902,"intermediate, redundant shard, synthetic diagnostic or local-only file"
exp/egorecover_prior_real_history/v1/shards/shard1/identity.json,github_experiment_metadata,2702,GitHub lightweight record or source
exp/egorecover_prior_real_history/v1/shards/shard1/progress.json,github_experiment_metadata,100,GitHub lightweight record or source
exp/egorecover_prior_real_history/v1/shards/shard1/report.json,github_experiment_metadata,3415,GitHub lightweight record or source
exp/egorecover_prior_real_history/v1/shards/shard2/frames.pt,hf_tensor_artifacts_review,15310966,"intermediate, redundant shard, synthetic diagnostic or local-only file"
exp/egorecover_prior_real_history/v1/shards/shard2/identity.json,github_experiment_metadata,2756,GitHub lightweight record or source
exp/egorecover_prior_real_history/v1/shards/shard2/progress.json,github_experiment_metadata,100,GitHub lightweight record or source
exp/egorecover_prior_real_history/v1/shards/shard2/report.json,github_experiment_metadata,3471,GitHub lightweight record or source
exp/egorecover_prior_real_history/v1/shards/shard3/frames.pt,hf_tensor_artifacts_review,15311094,"intermediate, redundant shard, synthetic diagnostic or local-only file"
exp/egorecover_prior_real_history/v1/shards/shard3/identity.json,github_experiment_metadata,2810,GitHub lightweight record or source
exp/egorecover_prior_real_history/v1/shards/shard3/progress.json,github_experiment_metadata,100,GitHub lightweight record or source
exp/egorecover_prior_real_history/v1/shards/shard3/report.json,github_experiment_metadata,3523,GitHub lightweight record or source
exp/egorecover_prior_real_history/v1/smoke/frames.pt,hf_tensor_artifacts_review,428918,"intermediate, redundant shard, synthetic diagnostic or local-only file"
exp/egorecover_prior_real_history/v1/smoke/identity.json,github_experiment_metadata,910,GitHub lightweight record or source
exp/egorecover_prior_real_history/v1/smoke/progress.json,github_experiment_metadata,99,GitHub lightweight record or source
exp/egorecover_prior_real_history/v1/smoke/report.json,github_experiment_metadata,1372,GitHub lightweight record or source
exp/egorecover_prior_real_history/v1/summary.json,github_experiment_metadata,1561657,GitHub lightweight record or source
exp/egorecover_prior_real_history/v1/work/shard0/histories.json,github_experiment_metadata,3168,GitHub lightweight record or source
exp/egorecover_prior_real_history/v1/work/shard0/histories.pt,hf_tensor_artifacts_review,8734352,"intermediate, redundant shard, synthetic diagnostic or local-only file"
exp/egorecover_prior_real_history/v1/work/shard0/history_resume.pt,hf_tensor_artifacts_review,8730875,"intermediate, redundant shard, synthetic diagnostic or local-only file"
exp/egorecover_prior_real_history/v1/work/shard1/histories.json,github_experiment_metadata,3096,GitHub lightweight record or source
exp/egorecover_prior_real_history/v1/work/shard1/histories.pt,hf_tensor_artifacts_review,8734288,"intermediate, redundant shard, synthetic diagnostic or local-only file"
exp/egorecover_prior_real_history/v1/work/shard1/history_resume.pt,hf_tensor_artifacts_review,8730811,"intermediate, redundant shard, synthetic diagnostic or local-only file"
exp/egorecover_prior_real_history/v1/work/shard2/histories.json,github_experiment_metadata,3150,GitHub lightweight record or source
exp/egorecover_prior_real_history/v1/work/shard2/histories.pt,hf_tensor_artifacts_review,8734352,"intermediate, redundant shard, synthetic diagnostic or local-only file"
exp/egorecover_prior_real_history/v1/work/shard2/history_resume.pt,hf_tensor_artifacts_review,8730875,"intermediate, redundant shard, synthetic diagnostic or local-only file"
exp/egorecover_prior_real_history/v1/work/shard3/histories.json,github_experiment_metadata,3204,GitHub lightweight record or source
exp/egorecover_prior_real_history/v1/work/shard3/histories.pt,hf_tensor_artifacts_review,8734416,"intermediate, redundant shard, synthetic diagnostic or local-only file"
exp/egorecover_prior_real_history/v1/work/shard3/history_resume.pt,hf_tensor_artifacts_review,8730939,"intermediate, redundant shard, synthetic diagnostic or local-only file"
exp/egorecover_prior_real_history/v1/work/smoke/histories.json,github_experiment_metadata,1054,GitHub lightweight record or source
exp/egorecover_prior_real_history/v1/work/smoke/histories.pt,hf_tensor_artifacts_review,278992,"intermediate, redundant shard, synthetic diagnostic or local-only file"
exp/egorecover_prior_real_history/v1/work/smoke/history_resume.pt,hf_tensor_artifacts_review,277883,"intermediate, redundant shard, synthetic diagnostic or local-only file"
exp/egorecover_prior_same_shape/v1/RESULTS.md,github_experiment_metadata,1773,GitHub lightweight record or source
exp/egorecover_prior_same_shape/v1/controller.log,hf_logs_private,2277,GitHub lightweight record or source
exp/egorecover_prior_same_shape/v1/figures/single_step.pdf,hf_other_artifacts_review,17641,"intermediate, redundant shard, synthetic diagnostic or local-only file"
exp/egorecover_prior_same_shape/v1/figures/single_step.png,hf_other_artifacts_review,114594,"intermediate, redundant shard, synthetic diagnostic or local-only file"
exp/egorecover_prior_same_shape/v1/jobs/control_s62.1.json,github_experiment_metadata,358,GitHub lightweight record or source
exp/egorecover_prior_same_shape/v1/jobs/control_s62.1.log,hf_logs_private,24494,GitHub lightweight record or source
exp/egorecover_prior_same_shape/v1/jobs/control_s62.1.status.json,github_experiment_metadata,520,GitHub lightweight record or source
exp/egorecover_prior_same_shape/v1/jobs/control_s63.1.json,github_experiment_metadata,339,GitHub lightweight record or source
exp/egorecover_prior_same_shape/v1/jobs/control_s63.1.log,hf_logs_private,24494,GitHub lightweight record or source
exp/egorecover_prior_same_shape/v1/jobs/control_s63.1.status.json,github_experiment_metadata,501,GitHub lightweight record or source
exp/egorecover_prior_same_shape/v1/jobs/control_s64.1.json,github_experiment_metadata,339,GitHub lightweight record or source
exp/egorecover_prior_same_shape/v1/jobs/control_s64.1.log,hf_logs_private,24466,GitHub lightweight record or source
exp/egorecover_prior_same_shape/v1/jobs/control_s64.1.status.json,github_experiment_metadata,501,GitHub lightweight record or source
exp/egorecover_prior_same_shape/v1/jobs/pose01_s62.1.json,github_experiment_metadata,338,GitHub lightweight record or source
exp/egorecover_prior_same_shape/v1/jobs/pose01_s62.1.log,hf_logs_private,26506,GitHub lightweight record or source
exp/egorecover_prior_same_shape/v1/jobs/pose01_s62.1.status.json,github_experiment_metadata,500,GitHub lightweight record or source
exp/egorecover_prior_same_shape/v1/jobs/pose01_s63.1.json,github_experiment_metadata,338,GitHub lightweight record or source
exp/egorecover_prior_same_shape/v1/jobs/pose01_s63.1.log,hf_logs_private,26513,GitHub lightweight record or source
exp/egorecover_prior_same_shape/v1/jobs/pose01_s63.1.status.json,github_experiment_metadata,500,GitHub lightweight record or source
exp/egorecover_prior_same_shape/v1/jobs/pose01_s64.1.json,github_experiment_metadata,338,GitHub lightweight record or source
exp/egorecover_prior_same_shape/v1/jobs/pose01_s64.1.log,hf_logs_private,26469,GitHub lightweight record or source
exp/egorecover_prior_same_shape/v1/jobs/pose01_s64.1.status.json,github_experiment_metadata,500,GitHub lightweight record or source
exp/egorecover_prior_same_shape/v1/jobs/pose03_s62.1.json,github_experiment_metadata,338,GitHub lightweight record or source
exp/egorecover_prior_same_shape/v1/jobs/pose03_s62.1.log,hf_logs_private,26479,GitHub lightweight record or source
exp/egorecover_prior_same_shape/v1/jobs/pose03_s62.1.status.json,github_experiment_metadata,500,GitHub lightweight record or source
exp/egorecover_prior_same_shape/v1/jobs/pose03_s63.1.json,github_experiment_metadata,338,GitHub lightweight record or source
exp/egorecover_prior_same_shape/v1/jobs/pose03_s63.1.log,hf_logs_private,26471,GitHub lightweight record or source
exp/egorecover_prior_same_shape/v1/jobs/pose03_s63.1.status.json,github_experiment_metadata,500,GitHub lightweight record or source
exp/egorecover_prior_same_shape/v1/jobs/pose03_s64.1.json,github_experiment_metadata,338,GitHub lightweight record or source
exp/egorecover_prior_same_shape/v1/jobs/pose03_s64.1.log,hf_logs_private,26423,GitHub lightweight record or source
exp/egorecover_prior_same_shape/v1/jobs/pose03_s64.1.status.json,github_experiment_metadata,500,GitHub lightweight record or source
exp/egorecover_prior_same_shape/v1/jobs/pose10_s62.1.json,github_experiment_metadata,338,GitHub lightweight record or source
exp/egorecover_prior_same_shape/v1/jobs/pose10_s62.1.log,hf_logs_private,26401,GitHub lightweight record or source
exp/egorecover_prior_same_shape/v1/jobs/pose10_s62.1.status.json,github_experiment_metadata,500,GitHub lightweight record or source
exp/egorecover_prior_same_shape/v1/jobs/pose10_s63.1.json,github_experiment_metadata,338,GitHub lightweight record or source
exp/egorecover_prior_same_shape/v1/jobs/pose10_s63.1.log,hf_logs_private,26389,GitHub lightweight record or source
exp/egorecover_prior_same_shape/v1/jobs/pose10_s63.1.status.json,github_experiment_metadata,500,GitHub lightweight record or source
exp/egorecover_prior_same_shape/v1/jobs/pose10_s64.1.json,github_experiment_metadata,338,GitHub lightweight record or source
exp/egorecover_prior_same_shape/v1/jobs/pose10_s64.1.log,hf_logs_private,26331,GitHub lightweight record or source
exp/egorecover_prior_same_shape/v1/jobs/pose10_s64.1.status.json,github_experiment_metadata,500,GitHub lightweight record or source
exp/egorecover_prior_same_shape/v1/plan.json,github_experiment_metadata,506,GitHub lightweight record or source
exp/egorecover_prior_same_shape/v1/queue.json,github_experiment_metadata,11956,GitHub lightweight record or source
exp/egorecover_prior_same_shape/v1/queue.lock,local_ephemeral,0,"intermediate, redundant shard, synthetic diagnostic or local-only file"
exp/egorecover_prior_same_shape/v1/summary.json,github_experiment_metadata,954681,GitHub lightweight record or source
exp/egorecover_prior_same_shape/v1/train/control_s62/experiment.json,github_experiment_metadata,5080,GitHub lightweight record or source
exp/egorecover_prior_same_shape/v1/train/control_s62/progress.json,github_experiment_metadata,177,GitHub lightweight record or source
exp/egorecover_prior_same_shape/v1/train/control_s62/report.json,github_experiment_metadata,401050,GitHub lightweight record or source
exp/egorecover_prior_same_shape/v1/train/control_s62/resume.pt,hf_training_resume,62946891,initial/last/smoke/failed/interrupted or inactive optimizer state
exp/egorecover_prior_same_shape/v1/train/control_s62/selection.json,github_experiment_metadata,212316,GitHub lightweight record or source
exp/egorecover_prior_same_shape/v1/train/control_s63/experiment.json,github_experiment_metadata,5081,GitHub lightweight record or source
exp/egorecover_prior_same_shape/v1/train/control_s63/progress.json,github_experiment_metadata,177,GitHub lightweight record or source
exp/egorecover_prior_same_shape/v1/train/control_s63/report.json,github_experiment_metadata,290818,GitHub lightweight record or source
exp/egorecover_prior_same_shape/v1/train/control_s63/resume.pt,hf_training_resume,62946891,initial/last/smoke/failed/interrupted or inactive optimizer state
exp/egorecover_prior_same_shape/v1/train/control_s63/selection.json,github_experiment_metadata,212208,GitHub lightweight record or source
exp/egorecover_prior_same_shape/v1/train/control_s64/experiment.json,github_experiment_metadata,5081,GitHub lightweight record or source
exp/egorecover_prior_same_shape/v1/train/control_s64/progress.json,github_experiment_metadata,177,GitHub lightweight record or source
exp/egorecover_prior_same_shape/v1/train/control_s64/report.json,github_experiment_metadata,290859,GitHub lightweight record or source
exp/egorecover_prior_same_shape/v1/train/control_s64/resume.pt,hf_training_resume,62946891,initial/last/smoke/failed/interrupted or inactive optimizer state
exp/egorecover_prior_same_shape/v1/train/control_s64/selection.json,github_experiment_metadata,212296,GitHub lightweight record or source
exp/egorecover_prior_same_shape/v1/train/pose01_s62/experiment.json,github_experiment_metadata,5081,GitHub lightweight record or source
exp/egorecover_prior_same_shape/v1/train/pose01_s62/progress.json,github_experiment_metadata,178,GitHub lightweight record or source
exp/egorecover_prior_same_shape/v1/train/pose01_s62/report.json,github_experiment_metadata,291303,GitHub lightweight record or source
exp/egorecover_prior_same_shape/v1/train/pose01_s62/resume.pt,hf_training_resume,62946891,initial/last/smoke/failed/interrupted or inactive optimizer state
exp/egorecover_prior_same_shape/v1/train/pose01_s62/selection.json,github_experiment_metadata,212709,GitHub lightweight record or source
exp/egorecover_prior_same_shape/v1/train/pose01_s63/experiment.json,github_experiment_metadata,5081,GitHub lightweight record or source
exp/egorecover_prior_same_shape/v1/train/pose01_s63/progress.json,github_experiment_metadata,178,GitHub lightweight record or source
exp/egorecover_prior_same_shape/v1/train/pose01_s63/report.json,github_experiment_metadata,291296,GitHub lightweight record or source
exp/egorecover_prior_same_shape/v1/train/pose01_s63/resume.pt,hf_training_resume,62946891,initial/last/smoke/failed/interrupted or inactive optimizer state
exp/egorecover_prior_same_shape/v1/train/pose01_s63/selection.json,github_experiment_metadata,212683,GitHub lightweight record or source
exp/egorecover_prior_same_shape/v1/train/pose01_s64/experiment.json,github_experiment_metadata,5081,GitHub lightweight record or source
exp/egorecover_prior_same_shape/v1/train/pose01_s64/progress.json,github_experiment_metadata,176,GitHub lightweight record or source
exp/egorecover_prior_same_shape/v1/train/pose01_s64/report.json,github_experiment_metadata,291271,GitHub lightweight record or source
exp/egorecover_prior_same_shape/v1/train/pose01_s64/resume.pt,hf_training_resume,62946891,initial/last/smoke/failed/interrupted or inactive optimizer state
exp/egorecover_prior_same_shape/v1/train/pose01_s64/selection.json,github_experiment_metadata,212633,GitHub lightweight record or source
exp/egorecover_prior_same_shape/v1/train/pose03_s62/experiment.json,github_experiment_metadata,5081,GitHub lightweight record or source
exp/egorecover_prior_same_shape/v1/train/pose03_s62/progress.json,github_experiment_metadata,178,GitHub lightweight record or source
exp/egorecover_prior_same_shape/v1/train/pose03_s62/report.json,github_experiment_metadata,291227,GitHub lightweight record or source
exp/egorecover_prior_same_shape/v1/train/pose03_s62/resume.pt,hf_training_resume,62946891,initial/last/smoke/failed/interrupted or inactive optimizer state
exp/egorecover_prior_same_shape/v1/train/pose03_s62/selection.json,github_experiment_metadata,212614,GitHub lightweight record or source
exp/egorecover_prior_same_shape/v1/train/pose03_s63/experiment.json,github_experiment_metadata,5081,GitHub lightweight record or source
exp/egorecover_prior_same_shape/v1/train/pose03_s63/progress.json,github_experiment_metadata,178,GitHub lightweight record or source
exp/egorecover_prior_same_shape/v1/train/pose03_s63/report.json,github_experiment_metadata,291278,GitHub lightweight record or source
exp/egorecover_prior_same_shape/v1/train/pose03_s63/resume.pt,hf_training_resume,62946891,initial/last/smoke/failed/interrupted or inactive optimizer state
exp/egorecover_prior_same_shape/v1/train/pose03_s63/selection.json,github_experiment_metadata,212666,GitHub lightweight record or source
exp/egorecover_prior_same_shape/v1/train/pose03_s64/experiment.json,github_experiment_metadata,5081,GitHub lightweight record or source
exp/egorecover_prior_same_shape/v1/train/pose03_s64/progress.json,github_experiment_metadata,177,GitHub lightweight record or source
exp/egorecover_prior_same_shape/v1/train/pose03_s64/report.json,github_experiment_metadata,291384,GitHub lightweight record or source
exp/egorecover_prior_same_shape/v1/train/pose03_s64/resume.pt,hf_training_resume,62946891,initial/last/smoke/failed/interrupted or inactive optimizer state
exp/egorecover_prior_same_shape/v1/train/pose03_s64/selection.json,github_experiment_metadata,212733,GitHub lightweight record or source
exp/egorecover_prior_same_shape/v1/train/pose10_s62/experiment.json,github_experiment_metadata,5081,GitHub lightweight record or source
exp/egorecover_prior_same_shape/v1/train/pose10_s62/progress.json,github_experiment_metadata,179,GitHub lightweight record or source
exp/egorecover_prior_same_shape/v1/train/pose10_s62/report.json,github_experiment_metadata,291221,GitHub lightweight record or source
exp/egorecover_prior_same_shape/v1/train/pose10_s62/resume.pt,hf_training_resume,62946891,initial/last/smoke/failed/interrupted or inactive optimizer state
exp/egorecover_prior_same_shape/v1/train/pose10_s62/selection.json,github_experiment_metadata,212634,GitHub lightweight record or source
exp/egorecover_prior_same_shape/v1/train/pose10_s63/experiment.json,github_experiment_metadata,5081,GitHub lightweight record or source
exp/egorecover_prior_same_shape/v1/train/pose10_s63/progress.json,github_experiment_metadata,178,GitHub lightweight record or source
exp/egorecover_prior_same_shape/v1/train/pose10_s63/report.json,github_experiment_metadata,291242,GitHub lightweight record or source
exp/egorecover_prior_same_shape/v1/train/pose10_s63/resume.pt,hf_training_resume,62946891,initial/last/smoke/failed/interrupted or inactive optimizer state
exp/egorecover_prior_same_shape/v1/train/pose10_s63/selection.json,github_experiment_metadata,212625,GitHub lightweight record or source
exp/egorecover_prior_same_shape/v1/train/pose10_s64/experiment.json,github_experiment_metadata,5081,GitHub lightweight record or source
exp/egorecover_prior_same_shape/v1/train/pose10_s64/progress.json,github_experiment_metadata,178,GitHub lightweight record or source
exp/egorecover_prior_same_shape/v1/train/pose10_s64/report.json,github_experiment_metadata,291254,GitHub lightweight record or source
exp/egorecover_prior_same_shape/v1/train/pose10_s64/resume.pt,hf_training_resume,62946891,initial/last/smoke/failed/interrupted or inactive optimizer state
exp/egorecover_prior_same_shape/v1/train/pose10_s64/selection.json,github_experiment_metadata,212635,GitHub lightweight record or source
exp/egorecover_prior_two_forward/v1/RESULTS.md,github_experiment_metadata,1124,GitHub lightweight record or source
exp/egorecover_prior_two_forward/v1/SCREENING.md,github_experiment_metadata,1773,GitHub lightweight record or source
exp/egorecover_prior_two_forward/v1/controller.log,hf_logs_private,3556,GitHub lightweight record or source
exp/egorecover_prior_two_forward/v1/controller.pid,local_ephemeral,8,"intermediate, redundant shard, synthetic diagnostic or local-only file"
exp/egorecover_prior_two_forward/v1/diagnostics/shape_reference.json,github_experiment_metadata,17727,GitHub lightweight record or source
exp/egorecover_prior_two_forward/v1/diagnostics/shape_reference.py,github_experiment_metadata,2302,GitHub lightweight record or source
exp/egorecover_prior_two_forward/v1/figures/pose_examples.pdf,hf_other_artifacts_review,59567,"intermediate, redundant shard, synthetic diagnostic or local-only file"
exp/egorecover_prior_two_forward/v1/figures/pose_examples.png,hf_other_artifacts_review,1466725,"intermediate, redundant shard, synthetic diagnostic or local-only file"
exp/egorecover_prior_two_forward/v1/figures/rollout_errors.pdf,hf_other_artifacts_review,23787,"intermediate, redundant shard, synthetic diagnostic or local-only file"
exp/egorecover_prior_two_forward/v1/figures/rollout_errors.png,hf_other_artifacts_review,135405,"intermediate, redundant shard, synthetic diagnostic or local-only file"
exp/egorecover_prior_two_forward/v1/jobs/A_gt_dense_s62.1.json,github_experiment_metadata,456,GitHub lightweight record or source
exp/egorecover_prior_two_forward/v1/jobs/A_gt_dense_s62.1.log,hf_logs_private,20763,GitHub lightweight record or source
exp/egorecover_prior_two_forward/v1/jobs/A_gt_dense_s62.1.status.json,github_experiment_metadata,618,GitHub lightweight record or source
exp/egorecover_prior_two_forward/v1/jobs/A_gt_dense_s63.1.json,github_experiment_metadata,334,GitHub lightweight record or source
exp/egorecover_prior_two_forward/v1/jobs/A_gt_dense_s63.1.log,hf_logs_private,20757,GitHub lightweight record or source
exp/egorecover_prior_two_forward/v1/jobs/A_gt_dense_s63.1.status.json,github_experiment_metadata,496,GitHub lightweight record or source
exp/egorecover_prior_two_forward/v1/jobs/A_gt_dense_s64.1.json,github_experiment_metadata,334,GitHub lightweight record or source
exp/egorecover_prior_two_forward/v1/jobs/A_gt_dense_s64.1.log,hf_logs_private,20726,GitHub lightweight record or source
exp/egorecover_prior_two_forward/v1/jobs/A_gt_dense_s64.1.status.json,github_experiment_metadata,496,GitHub lightweight record or source
exp/egorecover_prior_two_forward/v1/jobs/B_two_forward_dense_s62.1.json,github_experiment_metadata,364,GitHub lightweight record or source
exp/egorecover_prior_two_forward/v1/jobs/B_two_forward_dense_s62.1.log,hf_logs_private,20690,GitHub lightweight record or source
exp/egorecover_prior_two_forward/v1/jobs/B_two_forward_dense_s62.1.status.json,github_experiment_metadata,526,GitHub lightweight record or source
exp/egorecover_prior_two_forward/v1/jobs/C_gt_fk_s62.1.json,github_experiment_metadata,331,GitHub lightweight record or source
exp/egorecover_prior_two_forward/v1/jobs/C_gt_fk_s62.1.log,hf_logs_private,22591,GitHub lightweight record or source
exp/egorecover_prior_two_forward/v1/jobs/C_gt_fk_s62.1.status.json,github_experiment_metadata,493,GitHub lightweight record or source
exp/egorecover_prior_two_forward/v1/jobs/C_gt_fk_s63.1.json,github_experiment_metadata,331,GitHub lightweight record or source
exp/egorecover_prior_two_forward/v1/jobs/C_gt_fk_s63.1.log,hf_logs_private,22613,GitHub lightweight record or source
exp/egorecover_prior_two_forward/v1/jobs/C_gt_fk_s63.1.status.json,github_experiment_metadata,493,GitHub lightweight record or source
exp/egorecover_prior_two_forward/v1/jobs/C_gt_fk_s64.1.json,github_experiment_metadata,331,GitHub lightweight record or source
exp/egorecover_prior_two_forward/v1/jobs/C_gt_fk_s64.1.log,hf_logs_private,22597,GitHub lightweight record or source
exp/egorecover_prior_two_forward/v1/jobs/C_gt_fk_s64.1.status.json,github_experiment_metadata,493,GitHub lightweight record or source
exp/egorecover_prior_two_forward/v1/jobs/D_two_forward_fk_s62.1.json,github_experiment_metadata,361,GitHub lightweight record or source
exp/egorecover_prior_two_forward/v1/jobs/D_two_forward_fk_s62.1.log,hf_logs_private,22527,GitHub lightweight record or source
exp/egorecover_prior_two_forward/v1/jobs/D_two_forward_fk_s62.1.status.json,github_experiment_metadata,523,GitHub lightweight record or source
exp/egorecover_prior_two_forward/v1/jobs/prepare_data.1.json,github_experiment_metadata,204,GitHub lightweight record or source
exp/egorecover_prior_two_forward/v1/jobs/prepare_data.1.log,hf_logs_private,1871,GitHub lightweight record or source
exp/egorecover_prior_two_forward/v1/jobs/prepare_data.1.status.json,github_experiment_metadata,366,GitHub lightweight record or source
exp/egorecover_prior_two_forward/v1/log_cleanup.log,hf_logs_private,34,GitHub lightweight record or source
exp/egorecover_prior_two_forward/v1/plan.before_schedule_change_1790654924194035158.json,github_experiment_metadata,854,GitHub lightweight record or source
exp/egorecover_prior_two_forward/v1/plan.before_schedule_change_1790655518306863321.json,github_experiment_metadata,796,GitHub lightweight record or source
exp/egorecover_prior_two_forward/v1/plan.json,github_experiment_metadata,796,GitHub lightweight record or source
exp/egorecover_prior_two_forward/v1/queue.json,github_experiment_metadata,9813,GitHub lightweight record or source
exp/egorecover_prior_two_forward/v1/queue.lock,local_ephemeral,0,"intermediate, redundant shard, synthetic diagnostic or local-only file"
exp/egorecover_prior_two_forward/v1/screening.json,github_experiment_metadata,62042,GitHub lightweight record or source
exp/egorecover_prior_two_forward/v1/summary.json,github_experiment_metadata,98474,GitHub lightweight record or source
exp/egorecover_prior_two_forward/v1/train/A_gt_dense_s62/dev_original_prior.pt,hf_tensor_artifacts_review,1519807,"intermediate, redundant shard, synthetic diagnostic or local-only file"
exp/egorecover_prior_two_forward/v1/train/A_gt_dense_s62/experiment.json,github_experiment_metadata,4694,GitHub lightweight record or source
exp/egorecover_prior_two_forward/v1/train/A_gt_dense_s62/progress.json,github_experiment_metadata,178,GitHub lightweight record or source
exp/egorecover_prior_two_forward/v1/train/A_gt_dense_s62/report.json,github_experiment_metadata,164199,GitHub lightweight record or source
exp/egorecover_prior_two_forward/v1/train/A_gt_dense_s62/resume.pt,hf_training_resume,62920011,initial/last/smoke/failed/interrupted or inactive optimizer state
exp/egorecover_prior_two_forward/v1/train/A_gt_dense_s62/selection.json,github_experiment_metadata,118181,GitHub lightweight record or source
exp/egorecover_prior_two_forward/v1/train/A_gt_dense_s63/experiment.json,github_experiment_metadata,4633,GitHub lightweight record or source
exp/egorecover_prior_two_forward/v1/train/A_gt_dense_s63/progress.json,github_experiment_metadata,177,GitHub lightweight record or source
exp/egorecover_prior_two_forward/v1/train/A_gt_dense_s63/report.json,github_experiment_metadata,137882,GitHub lightweight record or source
exp/egorecover_prior_two_forward/v1/train/A_gt_dense_s63/resume.pt,hf_training_resume,62919947,initial/last/smoke/failed/interrupted or inactive optimizer state
exp/egorecover_prior_two_forward/v1/train/A_gt_dense_s63/selection.json,github_experiment_metadata,118155,GitHub lightweight record or source
exp/egorecover_prior_two_forward/v1/train/A_gt_dense_s64/experiment.json,github_experiment_metadata,4633,GitHub lightweight record or source
exp/egorecover_prior_two_forward/v1/train/A_gt_dense_s64/progress.json,github_experiment_metadata,179,GitHub lightweight record or source
exp/egorecover_prior_two_forward/v1/train/A_gt_dense_s64/report.json,github_experiment_metadata,137819,GitHub lightweight record or source
exp/egorecover_prior_two_forward/v1/train/A_gt_dense_s64/resume.pt,hf_training_resume,62919947,initial/last/smoke/failed/interrupted or inactive optimizer state
exp/egorecover_prior_two_forward/v1/train/A_gt_dense_s64/selection.json,github_experiment_metadata,118097,GitHub lightweight record or source
exp/egorecover_prior_two_forward/v1/train/B_two_forward_dense_s62/experiment.json,github_experiment_metadata,4632,GitHub lightweight record or source
exp/egorecover_prior_two_forward/v1/train/B_two_forward_dense_s62/progress.json,github_experiment_metadata,178,GitHub lightweight record or source
exp/egorecover_prior_two_forward/v1/train/B_two_forward_dense_s62/report.json,github_experiment_metadata,138404,GitHub lightweight record or source
exp/egorecover_prior_two_forward/v1/train/B_two_forward_dense_s62/resume.pt,hf_training_resume,62919947,initial/last/smoke/failed/interrupted or inactive optimizer state
exp/egorecover_prior_two_forward/v1/train/B_two_forward_dense_s62/selection.json,github_experiment_metadata,118669,GitHub lightweight record or source
exp/egorecover_prior_two_forward/v1/train/C_gt_fk_s62/experiment.json,github_experiment_metadata,4633,GitHub lightweight record or source
exp/egorecover_prior_two_forward/v1/train/C_gt_fk_s62/progress.json,github_experiment_metadata,178,GitHub lightweight record or source
exp/egorecover_prior_two_forward/v1/train/C_gt_fk_s62/report.json,github_experiment_metadata,138243,GitHub lightweight record or source
exp/egorecover_prior_two_forward/v1/train/C_gt_fk_s62/resume.pt,hf_training_resume,62919947,initial/last/smoke/failed/interrupted or inactive optimizer state
exp/egorecover_prior_two_forward/v1/train/C_gt_fk_s62/selection.json,github_experiment_metadata,118524,GitHub lightweight record or source
exp/egorecover_prior_two_forward/v1/train/C_gt_fk_s63/experiment.json,github_experiment_metadata,4633,GitHub lightweight record or source
exp/egorecover_prior_two_forward/v1/train/C_gt_fk_s63/progress.json,github_experiment_metadata,176,GitHub lightweight record or source
exp/egorecover_prior_two_forward/v1/train/C_gt_fk_s63/report.json,github_experiment_metadata,138189,GitHub lightweight record or source
exp/egorecover_prior_two_forward/v1/train/C_gt_fk_s63/resume.pt,hf_training_resume,62919947,initial/last/smoke/failed/interrupted or inactive optimizer state
exp/egorecover_prior_two_forward/v1/train/C_gt_fk_s63/selection.json,github_experiment_metadata,118482,GitHub lightweight record or source
exp/egorecover_prior_two_forward/v1/train/C_gt_fk_s64/experiment.json,github_experiment_metadata,4633,GitHub lightweight record or source
exp/egorecover_prior_two_forward/v1/train/C_gt_fk_s64/progress.json,github_experiment_metadata,178,GitHub lightweight record or source
exp/egorecover_prior_two_forward/v1/train/C_gt_fk_s64/report.json,github_experiment_metadata,138224,GitHub lightweight record or source
exp/egorecover_prior_two_forward/v1/train/C_gt_fk_s64/resume.pt,hf_training_resume,62919947,initial/last/smoke/failed/interrupted or inactive optimizer state
exp/egorecover_prior_two_forward/v1/train/C_gt_fk_s64/selection.json,github_experiment_metadata,118516,GitHub lightweight record or source
exp/egorecover_prior_two_forward/v1/train/D_two_forward_fk_s62/experiment.json,github_experiment_metadata,4632,GitHub lightweight record or source
exp/egorecover_prior_two_forward/v1/train/D_two_forward_fk_s62/progress.json,github_experiment_metadata,177,GitHub lightweight record or source
exp/egorecover_prior_two_forward/v1/train/D_two_forward_fk_s62/report.json,github_experiment_metadata,138705,GitHub lightweight record or source
exp/egorecover_prior_two_forward/v1/train/D_two_forward_fk_s62/resume.pt,hf_training_resume,62919947,initial/last/smoke/failed/interrupted or inactive optimizer state
exp/egorecover_prior_two_forward/v1/train/D_two_forward_fk_s62/selection.json,github_experiment_metadata,118974,GitHub lightweight record or source
exp/egorecover_prior_velocity/v1/RESULTS.md,github_experiment_metadata,1157,GitHub lightweight record or source
exp/egorecover_prior_velocity/v1/controller.log,hf_logs_private,1149,GitHub lightweight record or source
exp/egorecover_prior_velocity/v1/figures/single_step.pdf,hf_other_artifacts_review,17448,"intermediate, redundant shard, synthetic diagnostic or local-only file"
exp/egorecover_prior_velocity/v1/figures/single_step.png,hf_other_artifacts_review,105535,"intermediate, redundant shard, synthetic diagnostic or local-only file"
exp/egorecover_prior_velocity/v1/jobs/control_s62.1.json,github_experiment_metadata,316,GitHub lightweight record or source
exp/egorecover_prior_velocity/v1/jobs/control_s62.1.log,hf_logs_private,20774,GitHub lightweight record or source
exp/egorecover_prior_velocity/v1/jobs/control_s62.1.status.json,github_experiment_metadata,478,GitHub lightweight record or source
exp/egorecover_prior_velocity/v1/jobs/control_s63.1.json,github_experiment_metadata,297,GitHub lightweight record or source
exp/egorecover_prior_velocity/v1/jobs/control_s63.1.log,hf_logs_private,20774,GitHub lightweight record or source
exp/egorecover_prior_velocity/v1/jobs/control_s63.1.status.json,github_experiment_metadata,459,GitHub lightweight record or source
exp/egorecover_prior_velocity/v1/jobs/control_s64.1.json,github_experiment_metadata,297,GitHub lightweight record or source
exp/egorecover_prior_velocity/v1/jobs/control_s64.1.log,hf_logs_private,20746,GitHub lightweight record or source
exp/egorecover_prior_velocity/v1/jobs/control_s64.1.status.json,github_experiment_metadata,459,GitHub lightweight record or source
exp/egorecover_prior_velocity/v1/jobs/velocity_s62.1.json,github_experiment_metadata,322,GitHub lightweight record or source
exp/egorecover_prior_velocity/v1/jobs/velocity_s62.1.log,hf_logs_private,20772,GitHub lightweight record or source
exp/egorecover_prior_velocity/v1/jobs/velocity_s62.1.status.json,github_experiment_metadata,484,GitHub lightweight record or source
exp/egorecover_prior_velocity/v1/jobs/velocity_s63.1.json,github_experiment_metadata,322,GitHub lightweight record or source
exp/egorecover_prior_velocity/v1/jobs/velocity_s63.1.log,hf_logs_private,20763,GitHub lightweight record or source
exp/egorecover_prior_velocity/v1/jobs/velocity_s63.1.status.json,github_experiment_metadata,484,GitHub lightweight record or source
exp/egorecover_prior_velocity/v1/jobs/velocity_s64.1.json,github_experiment_metadata,322,GitHub lightweight record or source
exp/egorecover_prior_velocity/v1/jobs/velocity_s64.1.log,hf_logs_private,20746,GitHub lightweight record or source
exp/egorecover_prior_velocity/v1/jobs/velocity_s64.1.status.json,github_experiment_metadata,484,GitHub lightweight record or source
exp/egorecover_prior_velocity/v1/plan.json,github_experiment_metadata,457,GitHub lightweight record or source
exp/egorecover_prior_velocity/v1/queue.json,github_experiment_metadata,6156,GitHub lightweight record or source
exp/egorecover_prior_velocity/v1/queue.lock,local_ephemeral,0,"intermediate, redundant shard, synthetic diagnostic or local-only file"
exp/egorecover_prior_velocity/v1/summary.json,github_experiment_metadata,519686,GitHub lightweight record or source
exp/egorecover_prior_velocity/v1/train/control_s62/experiment.json,github_experiment_metadata,5190,GitHub lightweight record or source
exp/egorecover_prior_velocity/v1/train/control_s62/progress.json,github_experiment_metadata,177,GitHub lightweight record or source
exp/egorecover_prior_velocity/v1/train/control_s62/report.json,github_experiment_metadata,400246,GitHub lightweight record or source
exp/egorecover_prior_velocity/v1/train/control_s62/resume.pt,hf_training_resume,62946635,initial/last/smoke/failed/interrupted or inactive optimizer state
exp/egorecover_prior_velocity/v1/train/control_s62/selection.json,github_experiment_metadata,211428,GitHub lightweight record or source
exp/egorecover_prior_velocity/v1/train/control_s63/experiment.json,github_experiment_metadata,5191,GitHub lightweight record or source
exp/egorecover_prior_velocity/v1/train/control_s63/progress.json,github_experiment_metadata,177,GitHub lightweight record or source
exp/egorecover_prior_velocity/v1/train/control_s63/report.json,github_experiment_metadata,290018,GitHub lightweight record or source
exp/egorecover_prior_velocity/v1/train/control_s63/resume.pt,hf_training_resume,62946635,initial/last/smoke/failed/interrupted or inactive optimizer state
exp/egorecover_prior_velocity/v1/train/control_s63/selection.json,github_experiment_metadata,211320,GitHub lightweight record or source
exp/egorecover_prior_velocity/v1/train/control_s64/experiment.json,github_experiment_metadata,5191,GitHub lightweight record or source
exp/egorecover_prior_velocity/v1/train/control_s64/progress.json,github_experiment_metadata,178,GitHub lightweight record or source
exp/egorecover_prior_velocity/v1/train/control_s64/report.json,github_experiment_metadata,290058,GitHub lightweight record or source
exp/egorecover_prior_velocity/v1/train/control_s64/resume.pt,hf_training_resume,62946635,initial/last/smoke/failed/interrupted or inactive optimizer state
exp/egorecover_prior_velocity/v1/train/control_s64/selection.json,github_experiment_metadata,211408,GitHub lightweight record or source
exp/egorecover_prior_velocity/v1/train/velocity_s62/experiment.json,github_experiment_metadata,5190,GitHub lightweight record or source
exp/egorecover_prior_velocity/v1/train/velocity_s62/progress.json,github_experiment_metadata,178,GitHub lightweight record or source
exp/egorecover_prior_velocity/v1/train/velocity_s62/report.json,github_experiment_metadata,290066,GitHub lightweight record or source
exp/egorecover_prior_velocity/v1/train/velocity_s62/resume.pt,hf_training_resume,63241419,initial/last/smoke/failed/interrupted or inactive optimizer state
exp/egorecover_prior_velocity/v1/train/velocity_s62/selection.json,github_experiment_metadata,211364,GitHub lightweight record or source
exp/egorecover_prior_velocity/v1/train/velocity_s63/experiment.json,github_experiment_metadata,5190,GitHub lightweight record or source
exp/egorecover_prior_velocity/v1/train/velocity_s63/progress.json,github_experiment_metadata,178,GitHub lightweight record or source
exp/egorecover_prior_velocity/v1/train/velocity_s63/report.json,github_experiment_metadata,290079,GitHub lightweight record or source
exp/egorecover_prior_velocity/v1/train/velocity_s63/resume.pt,hf_training_resume,63241419,initial/last/smoke/failed/interrupted or inactive optimizer state
exp/egorecover_prior_velocity/v1/train/velocity_s63/selection.json,github_experiment_metadata,211331,GitHub lightweight record or source
exp/egorecover_prior_velocity/v1/train/velocity_s64/experiment.json,github_experiment_metadata,5190,GitHub lightweight record or source
exp/egorecover_prior_velocity/v1/train/velocity_s64/progress.json,github_experiment_metadata,178,GitHub lightweight record or source
exp/egorecover_prior_velocity/v1/train/velocity_s64/report.json,github_experiment_metadata,290063,GitHub lightweight record or source
exp/egorecover_prior_velocity/v1/train/velocity_s64/resume.pt,hf_training_resume,63241419,initial/last/smoke/failed/interrupted or inactive optimizer state
exp/egorecover_prior_velocity/v1/train/velocity_s64/selection.json,github_experiment_metadata,211384,GitHub lightweight record or source
exp/egorecover_stages_1_4/continuation_v1/controller.log,hf_logs_private,7327,GitHub lightweight record or source
exp/egorecover_stages_1_4/continuation_v1/histories/dev_shard0/frames.pt,hf_cache_review,87196905,"intermediate, redundant shard, synthetic diagnostic or local-only file"
exp/egorecover_stages_1_4/continuation_v1/histories/dev_shard0/report.json,hf_cache_review,5174,"intermediate, redundant shard, synthetic diagnostic or local-only file"
exp/egorecover_stages_1_4/continuation_v1/histories/dev_shard1/frames.pt,hf_cache_review,87196905,"intermediate, redundant shard, synthetic diagnostic or local-only file"
exp/egorecover_stages_1_4/continuation_v1/histories/dev_shard1/report.json,hf_cache_review,5168,"intermediate, redundant shard, synthetic diagnostic or local-only file"
exp/egorecover_stages_1_4/continuation_v1/histories/dev_shard2/frames.pt,hf_cache_review,87196905,"intermediate, redundant shard, synthetic diagnostic or local-only file"
exp/egorecover_stages_1_4/continuation_v1/histories/dev_shard2/report.json,hf_cache_review,5172,"intermediate, redundant shard, synthetic diagnostic or local-only file"
exp/egorecover_stages_1_4/continuation_v1/histories/dev_shard3/frames.pt,hf_cache_review,87196905,"intermediate, redundant shard, synthetic diagnostic or local-only file"
exp/egorecover_stages_1_4/continuation_v1/histories/dev_shard3/report.json,hf_cache_review,5181,"intermediate, redundant shard, synthetic diagnostic or local-only file"
exp/egorecover_stages_1_4/continuation_v1/histories/train_shard0/frames.pt,hf_cache_review,348803689,"intermediate, redundant shard, synthetic diagnostic or local-only file"
exp/egorecover_stages_1_4/continuation_v1/histories/train_shard0/report.json,hf_cache_review,6560,"intermediate, redundant shard, synthetic diagnostic or local-only file"
exp/egorecover_stages_1_4/continuation_v1/histories/train_shard1/frames.pt,hf_cache_review,348803689,"intermediate, redundant shard, synthetic diagnostic or local-only file"
exp/egorecover_stages_1_4/continuation_v1/histories/train_shard1/report.json,hf_cache_review,6564,"intermediate, redundant shard, synthetic diagnostic or local-only file"
exp/egorecover_stages_1_4/continuation_v1/histories/train_shard2/frames.pt,hf_cache_review,348803689,"intermediate, redundant shard, synthetic diagnostic or local-only file"
exp/egorecover_stages_1_4/continuation_v1/histories/train_shard2/report.json,hf_cache_review,6561,"intermediate, redundant shard, synthetic diagnostic or local-only file"
exp/egorecover_stages_1_4/continuation_v1/histories/train_shard3/frames.pt,hf_cache_review,348803689,"intermediate, redundant shard, synthetic diagnostic or local-only file"
exp/egorecover_stages_1_4/continuation_v1/histories/train_shard3/report.json,hf_cache_review,6559,"intermediate, redundant shard, synthetic diagnostic or local-only file"
exp/egorecover_stages_1_4/continuation_v1/jobs/cache_dev_0.1.json,hf_cache_review,653,"intermediate, redundant shard, synthetic diagnostic or local-only file"
exp/egorecover_stages_1_4/continuation_v1/jobs/cache_dev_0.1.log,hf_cache_review,1146,"intermediate, redundant shard, synthetic diagnostic or local-only file"
exp/egorecover_stages_1_4/continuation_v1/jobs/cache_dev_0.1.status.json,hf_cache_review,815,"intermediate, redundant shard, synthetic diagnostic or local-only file"
exp/egorecover_stages_1_4/continuation_v1/jobs/cache_dev_1.1.json,hf_cache_review,653,"intermediate, redundant shard, synthetic diagnostic or local-only file"
exp/egorecover_stages_1_4/continuation_v1/jobs/cache_dev_1.1.log,hf_cache_review,1148,"intermediate, redundant shard, synthetic diagnostic or local-only file"
exp/egorecover_stages_1_4/continuation_v1/jobs/cache_dev_1.1.status.json,hf_cache_review,815,"intermediate, redundant shard, synthetic diagnostic or local-only file"
exp/egorecover_stages_1_4/continuation_v1/jobs/cache_dev_2.1.json,hf_cache_review,653,"intermediate, redundant shard, synthetic diagnostic or local-only file"
exp/egorecover_stages_1_4/continuation_v1/jobs/cache_dev_2.1.log,hf_cache_review,1146,"intermediate, redundant shard, synthetic diagnostic or local-only file"
exp/egorecover_stages_1_4/continuation_v1/jobs/cache_dev_2.1.status.json,hf_cache_review,815,"intermediate, redundant shard, synthetic diagnostic or local-only file"
exp/egorecover_stages_1_4/continuation_v1/jobs/cache_dev_3.1.json,hf_cache_review,653,"intermediate, redundant shard, synthetic diagnostic or local-only file"
exp/egorecover_stages_1_4/continuation_v1/jobs/cache_dev_3.1.log,hf_cache_review,1149,"intermediate, redundant shard, synthetic diagnostic or local-only file"
exp/egorecover_stages_1_4/continuation_v1/jobs/cache_dev_3.1.status.json,hf_cache_review,815,"intermediate, redundant shard, synthetic diagnostic or local-only file"
exp/egorecover_stages_1_4/continuation_v1/jobs/cache_train_0.1.json,hf_cache_review,657,"intermediate, redundant shard, synthetic diagnostic or local-only file"
exp/egorecover_stages_1_4/continuation_v1/jobs/cache_train_0.1.log,hf_cache_review,1171,"intermediate, redundant shard, synthetic diagnostic or local-only file"
exp/egorecover_stages_1_4/continuation_v1/jobs/cache_train_0.1.status.json,hf_cache_review,819,"intermediate, redundant shard, synthetic diagnostic or local-only file"
exp/egorecover_stages_1_4/continuation_v1/jobs/cache_train_1.1.json,hf_cache_review,657,"intermediate, redundant shard, synthetic diagnostic or local-only file"
exp/egorecover_stages_1_4/continuation_v1/jobs/cache_train_1.1.log,hf_cache_review,1171,"intermediate, redundant shard, synthetic diagnostic or local-only file"
exp/egorecover_stages_1_4/continuation_v1/jobs/cache_train_1.1.status.json,hf_cache_review,819,"intermediate, redundant shard, synthetic diagnostic or local-only file"
exp/egorecover_stages_1_4/continuation_v1/jobs/cache_train_2.1.json,hf_cache_review,657,"intermediate, redundant shard, synthetic diagnostic or local-only file"
exp/egorecover_stages_1_4/continuation_v1/jobs/cache_train_2.1.log,hf_cache_review,1171,"intermediate, redundant shard, synthetic diagnostic or local-only file"
exp/egorecover_stages_1_4/continuation_v1/jobs/cache_train_2.1.status.json,hf_cache_review,819,"intermediate, redundant shard, synthetic diagnostic or local-only file"
exp/egorecover_stages_1_4/continuation_v1/jobs/cache_train_3.1.json,hf_cache_review,657,"intermediate, redundant shard, synthetic diagnostic or local-only file"
exp/egorecover_stages_1_4/continuation_v1/jobs/cache_train_3.1.log,hf_cache_review,1174,"intermediate, redundant shard, synthetic diagnostic or local-only file"
exp/egorecover_stages_1_4/continuation_v1/jobs/cache_train_3.1.status.json,hf_cache_review,819,"intermediate, redundant shard, synthetic diagnostic or local-only file"
exp/egorecover_stages_1_4/continuation_v1/jobs/diagnose_dev.1.json,github_experiment_metadata,691,GitHub lightweight record or source
exp/egorecover_stages_1_4/continuation_v1/jobs/diagnose_dev.1.log,hf_logs_private,610,GitHub lightweight record or source
exp/egorecover_stages_1_4/continuation_v1/jobs/diagnose_dev.1.status.json,github_experiment_metadata,853,GitHub lightweight record or source
exp/egorecover_stages_1_4/continuation_v1/jobs/diagnose_train.1.json,github_experiment_metadata,697,GitHub lightweight record or source
exp/egorecover_stages_1_4/continuation_v1/jobs/diagnose_train.1.log,hf_logs_private,1936,GitHub lightweight record or source
exp/egorecover_stages_1_4/continuation_v1/jobs/diagnose_train.1.status.json,github_experiment_metadata,859,GitHub lightweight record or source
exp/egorecover_stages_1_4/continuation_v1/jobs/eval_12take_1200.1.json,github_experiment_metadata,636,GitHub lightweight record or source
exp/egorecover_stages_1_4/continuation_v1/jobs/eval_12take_1200.1.log,hf_logs_private,1658,GitHub lightweight record or source
exp/egorecover_stages_1_4/continuation_v1/jobs/eval_12take_1200.1.status.json,github_experiment_metadata,798,GitHub lightweight record or source
exp/egorecover_stages_1_4/continuation_v1/jobs/eval_12take_1200.2.json,github_experiment_metadata,636,GitHub lightweight record or source
exp/egorecover_stages_1_4/continuation_v1/jobs/eval_12take_1200.2.log,hf_logs_private,13380,GitHub lightweight record or source
exp/egorecover_stages_1_4/continuation_v1/jobs/eval_12take_1200.2.status.json,github_experiment_metadata,798,GitHub lightweight record or source
exp/egorecover_stages_1_4/continuation_v1/jobs/eval_12take_2400.1.json,github_experiment_metadata,652,GitHub lightweight record or source
exp/egorecover_stages_1_4/continuation_v1/jobs/eval_12take_2400.1.log,hf_logs_private,13380,GitHub lightweight record or source
exp/egorecover_stages_1_4/continuation_v1/jobs/eval_12take_2400.1.status.json,github_experiment_metadata,814,GitHub lightweight record or source
exp/egorecover_stages_1_4/continuation_v1/jobs/eval_12take_400.1.json,github_experiment_metadata,633,GitHub lightweight record or source
exp/egorecover_stages_1_4/continuation_v1/jobs/eval_12take_400.1.log,hf_logs_private,1658,GitHub lightweight record or source
exp/egorecover_stages_1_4/continuation_v1/jobs/eval_12take_400.1.status.json,github_experiment_metadata,795,GitHub lightweight record or source
exp/egorecover_stages_1_4/continuation_v1/jobs/eval_12take_400.2.json,github_experiment_metadata,633,GitHub lightweight record or source
exp/egorecover_stages_1_4/continuation_v1/jobs/eval_12take_400.2.log,hf_logs_private,13164,GitHub lightweight record or source
exp/egorecover_stages_1_4/continuation_v1/jobs/eval_12take_400.2.status.json,github_experiment_metadata,795,GitHub lightweight record or source
exp/egorecover_stages_1_4/continuation_v1/jobs/eval_72take_1200.1.json,github_experiment_metadata,636,GitHub lightweight record or source
exp/egorecover_stages_1_4/continuation_v1/jobs/eval_72take_1200.1.log,hf_logs_private,13389,GitHub lightweight record or source
exp/egorecover_stages_1_4/continuation_v1/jobs/eval_72take_1200.1.status.json,github_experiment_metadata,798,GitHub lightweight record or source
exp/egorecover_stages_1_4/continuation_v1/jobs/eval_72take_2400.1.json,github_experiment_metadata,652,GitHub lightweight record or source
exp/egorecover_stages_1_4/continuation_v1/jobs/eval_72take_2400.1.log,hf_logs_private,13383,GitHub lightweight record or source
exp/egorecover_stages_1_4/continuation_v1/jobs/eval_72take_2400.1.status.json,github_experiment_metadata,814,GitHub lightweight record or source
exp/egorecover_stages_1_4/continuation_v1/jobs/eval_72take_400.1.json,github_experiment_metadata,619,GitHub lightweight record or source
exp/egorecover_stages_1_4/continuation_v1/jobs/eval_72take_400.1.log,hf_logs_private,13167,GitHub lightweight record or source
exp/egorecover_stages_1_4/continuation_v1/jobs/eval_72take_400.1.status.json,github_experiment_metadata,781,GitHub lightweight record or source
exp/egorecover_stages_1_4/continuation_v1/jobs/eval_replay_0.1.json,github_experiment_metadata,642,GitHub lightweight record or source
exp/egorecover_stages_1_4/continuation_v1/jobs/eval_replay_0.1.log,hf_logs_private,12735,GitHub lightweight record or source
exp/egorecover_stages_1_4/continuation_v1/jobs/eval_replay_0.1.status.json,github_experiment_metadata,804,GitHub lightweight record or source
exp/egorecover_stages_1_4/continuation_v1/jobs/eval_replay_0p25.1.json,github_experiment_metadata,651,GitHub lightweight record or source
exp/egorecover_stages_1_4/continuation_v1/jobs/eval_replay_0p25.1.log,hf_logs_private,13383,GitHub lightweight record or source
exp/egorecover_stages_1_4/continuation_v1/jobs/eval_replay_0p25.1.status.json,github_experiment_metadata,813,GitHub lightweight record or source
exp/egorecover_stages_1_4/continuation_v1/jobs/eval_replay_0p5.1.json,github_experiment_metadata,648,GitHub lightweight record or source
exp/egorecover_stages_1_4/continuation_v1/jobs/eval_replay_0p5.1.log,hf_logs_private,13167,GitHub lightweight record or source
exp/egorecover_stages_1_4/continuation_v1/jobs/eval_replay_0p5.1.status.json,github_experiment_metadata,810,GitHub lightweight record or source
exp/egorecover_stages_1_4/continuation_v1/jobs/train_12take_2400.1.json,github_experiment_metadata,1168,GitHub lightweight record or source
exp/egorecover_stages_1_4/continuation_v1/jobs/train_12take_2400.1.log,hf_logs_private,1454,GitHub lightweight record or source
exp/egorecover_stages_1_4/continuation_v1/jobs/train_12take_2400.1.status.json,github_experiment_metadata,1330,GitHub lightweight record or source
exp/egorecover_stages_1_4/continuation_v1/jobs/train_12take_2400.2.json,github_experiment_metadata,1168,GitHub lightweight record or source
exp/egorecover_stages_1_4/continuation_v1/jobs/train_12take_2400.2.log,hf_logs_private,38804,GitHub lightweight record or source
exp/egorecover_stages_1_4/continuation_v1/jobs/train_12take_2400.2.status.json,github_experiment_metadata,1330,GitHub lightweight record or source
exp/egorecover_stages_1_4/continuation_v1/jobs/train_72take_2400.1.json,github_experiment_metadata,1269,GitHub lightweight record or source
exp/egorecover_stages_1_4/continuation_v1/jobs/train_72take_2400.1.log,hf_logs_private,1455,GitHub lightweight record or source
exp/egorecover_stages_1_4/continuation_v1/jobs/train_72take_2400.1.status.json,github_experiment_metadata,1431,GitHub lightweight record or source
exp/egorecover_stages_1_4/continuation_v1/jobs/train_72take_2400.2.json,github_experiment_metadata,1269,GitHub lightweight record or source
exp/egorecover_stages_1_4/continuation_v1/jobs/train_72take_2400.2.log,hf_logs_private,15961,GitHub lightweight record or source
exp/egorecover_stages_1_4/continuation_v1/jobs/train_72take_2400.2.status.json,github_experiment_metadata,1431,GitHub lightweight record or source
exp/egorecover_stages_1_4/continuation_v1/jobs/train_replay_0.1.json,github_experiment_metadata,1363,GitHub lightweight record or source
exp/egorecover_stages_1_4/continuation_v1/jobs/train_replay_0.1.log,hf_logs_private,7377,GitHub lightweight record or source
exp/egorecover_stages_1_4/continuation_v1/jobs/train_replay_0.1.status.json,github_experiment_metadata,1525,GitHub lightweight record or source
exp/egorecover_stages_1_4/continuation_v1/jobs/train_replay_0p25.1.json,github_experiment_metadata,1367,GitHub lightweight record or source
exp/egorecover_stages_1_4/continuation_v1/jobs/train_replay_0p25.1.log,hf_logs_private,7344,GitHub lightweight record or source
exp/egorecover_stages_1_4/continuation_v1/jobs/train_replay_0p25.1.status.json,github_experiment_metadata,1529,GitHub lightweight record or source
exp/egorecover_stages_1_4/continuation_v1/jobs/train_replay_0p5.1.json,github_experiment_metadata,1365,GitHub lightweight record or source
exp/egorecover_stages_1_4/continuation_v1/jobs/train_replay_0p5.1.log,hf_logs_private,7344,GitHub lightweight record or source
exp/egorecover_stages_1_4/continuation_v1/jobs/train_replay_0p5.1.status.json,github_experiment_metadata,1527,GitHub lightweight record or source
exp/egorecover_stages_1_4/continuation_v1/monitor.json,github_experiment_metadata,1227,GitHub lightweight record or source
exp/egorecover_stages_1_4/continuation_v1/monitor.jsonl,github_experiment_metadata,96928,GitHub lightweight record or source
exp/egorecover_stages_1_4/continuation_v1/queue.json,github_experiment_metadata,35810,GitHub lightweight record or source
exp/egorecover_stages_1_4/continuation_v1/queue.lock,local_ephemeral,0,"intermediate, redundant shard, synthetic diagnostic or local-only file"
exp/egorecover_stages_1_4/continuation_v1/results.md,github_experiment_metadata,2820,GitHub lightweight record or source
exp/egorecover_stages_1_4/continuation_v1/sharing_active.json,github_experiment_metadata,365,GitHub lightweight record or source
exp/egorecover_stages_1_4/continuation_v1/sharing_baseline.json,github_experiment_metadata,612,GitHub lightweight record or source
exp/egorecover_stages_1_4/continuation_v1/stage2_budget/12take_2400/report.json,github_experiment_metadata,60581,GitHub lightweight record or source
exp/egorecover_stages_1_4/continuation_v1/stage2_budget/12take_2400/utility_diagnostic_gaussian.pt,hf_tensor_artifacts_review,9429,"intermediate, redundant shard, synthetic diagnostic or local-only file"
exp/egorecover_stages_1_4/continuation_v1/stage2_budget/12take_2400/utility_diagnostic_history.pt,hf_tensor_artifacts_review,9420,"intermediate, redundant shard, synthetic diagnostic or local-only file"
exp/egorecover_stages_1_4/continuation_v1/stage2_budget/72take_2400/report.json,github_experiment_metadata,69964,GitHub lightweight record or source
exp/egorecover_stages_1_4/continuation_v1/stage2_budget/72take_2400/utility_diagnostic_gaussian.pt,hf_tensor_artifacts_review,9429,"intermediate, redundant shard, synthetic diagnostic or local-only file"
exp/egorecover_stages_1_4/continuation_v1/stage2_budget/72take_2400/utility_diagnostic_history.pt,hf_tensor_artifacts_review,9420,"intermediate, redundant shard, synthetic diagnostic or local-only file"
exp/egorecover_stages_1_4/continuation_v1/stage2_eval/12take_1200/12take_1200_gaussian_fair_bike_01_12_clean.pt,hf_tensor_artifacts_review,441097,"intermediate, redundant shard, synthetic diagnostic or local-only file"
exp/egorecover_stages_1_4/continuation_v1/stage2_eval/12take_1200/12take_1200_gaussian_fair_bike_01_12_drift_0p03mps.pt,hf_tensor_artifacts_review,441097,"intermediate, redundant shard, synthetic diagnostic or local-only file"
exp/egorecover_stages_1_4/continuation_v1/stage2_eval/12take_1200/12take_1200_gaussian_fair_bike_01_12_freeze_3s.pt,hf_tensor_artifacts_review,441097,"intermediate, redundant shard, synthetic diagnostic or local-only file"
exp/egorecover_stages_1_4/continuation_v1/stage2_eval/12take_1200/12take_1200_gaussian_georgiatech_bike_05_2_clean.pt,hf_tensor_artifacts_review,441097,"intermediate, redundant shard, synthetic diagnostic or local-only file"
exp/egorecover_stages_1_4/continuation_v1/stage2_eval/12take_1200/12take_1200_gaussian_georgiatech_bike_05_2_drift_0p03mps.pt,hf_tensor_artifacts_review,441097,"intermediate, redundant shard, synthetic diagnostic or local-only file"
exp/egorecover_stages_1_4/continuation_v1/stage2_eval/12take_1200/12take_1200_gaussian_georgiatech_bike_05_2_freeze_3s.pt,hf_tensor_artifacts_review,441097,"intermediate, redundant shard, synthetic diagnostic or local-only file"
exp/egorecover_stages_1_4/continuation_v1/stage2_eval/12take_1200/12take_1200_gaussian_iiith_cooking_109_4_clean.pt,hf_tensor_artifacts_review,441097,"intermediate, redundant shard, synthetic diagnostic or local-only file"
exp/egorecover_stages_1_4/continuation_v1/stage2_eval/12take_1200/12take_1200_gaussian_iiith_cooking_109_4_drift_0p03mps.pt,hf_tensor_artifacts_review,441097,"intermediate, redundant shard, synthetic diagnostic or local-only file"
exp/egorecover_stages_1_4/continuation_v1/stage2_eval/12take_1200/12take_1200_gaussian_iiith_cooking_109_4_freeze_3s.pt,hf_tensor_artifacts_review,441097,"intermediate, redundant shard, synthetic diagnostic or local-only file"
exp/egorecover_stages_1_4/continuation_v1/stage2_eval/12take_1200/12take_1200_gaussian_iiith_soccer_004_5_clean.pt,hf_tensor_artifacts_review,441097,"intermediate, redundant shard, synthetic diagnostic or local-only file"
exp/egorecover_stages_1_4/continuation_v1/stage2_eval/12take_1200/12take_1200_gaussian_iiith_soccer_004_5_drift_0p03mps.pt,hf_tensor_artifacts_review,441097,"intermediate, redundant shard, synthetic diagnostic or local-only file"
exp/egorecover_stages_1_4/continuation_v1/stage2_eval/12take_1200/12take_1200_gaussian_iiith_soccer_004_5_freeze_3s.pt,hf_tensor_artifacts_review,441097,"intermediate, redundant shard, synthetic diagnostic or local-only file"
exp/egorecover_stages_1_4/continuation_v1/stage2_eval/12take_1200/12take_1200_gaussian_indiana_music_13_5_clean.pt,hf_tensor_artifacts_review,441097,"intermediate, redundant shard, synthetic diagnostic or local-only file"
exp/egorecover_stages_1_4/continuation_v1/stage2_eval/12take_1200/12take_1200_gaussian_indiana_music_13_5_drift_0p03mps.pt,hf_tensor_artifacts_review,441097,"intermediate, redundant shard, synthetic diagnostic or local-only file"
exp/egorecover_stages_1_4/continuation_v1/stage2_eval/12take_1200/12take_1200_gaussian_indiana_music_13_5_freeze_3s.pt,hf_tensor_artifacts_review,441097,"intermediate, redundant shard, synthetic diagnostic or local-only file"
exp/egorecover_stages_1_4/continuation_v1/stage2_eval/12take_1200/12take_1200_gaussian_nus_cpr_52_1_clean.pt,hf_tensor_artifacts_review,441097,"intermediate, redundant shard, synthetic diagnostic or local-only file"
exp/egorecover_stages_1_4/continuation_v1/stage2_eval/12take_1200/12take_1200_gaussian_nus_cpr_52_1_drift_0p03mps.pt,hf_tensor_artifacts_review,441097,"intermediate, redundant shard, synthetic diagnostic or local-only file"
exp/egorecover_stages_1_4/continuation_v1/stage2_eval/12take_1200/12take_1200_gaussian_nus_cpr_52_1_freeze_3s.pt,hf_tensor_artifacts_review,441097,"intermediate, redundant shard, synthetic diagnostic or local-only file"
exp/egorecover_stages_1_4/continuation_v1/stage2_eval/12take_1200/12take_1200_gaussian_sfu_basketball_03_44_clean.pt,hf_tensor_artifacts_review,441097,"intermediate, redundant shard, synthetic diagnostic or local-only file"
exp/egorecover_stages_1_4/continuation_v1/stage2_eval/12take_1200/12take_1200_gaussian_sfu_basketball_03_44_drift_0p03mps.pt,hf_tensor_artifacts_review,441097,"intermediate, redundant shard, synthetic diagnostic or local-only file"
exp/egorecover_stages_1_4/continuation_v1/stage2_eval/12take_1200/12take_1200_gaussian_sfu_basketball_03_44_freeze_3s.pt,hf_tensor_artifacts_review,441097,"intermediate, redundant shard, synthetic diagnostic or local-only file"
exp/egorecover_stages_1_4/continuation_v1/stage2_eval/12take_1200/12take_1200_gaussian_sfu_basketball_08_15_clean.pt,hf_tensor_artifacts_review,441097,"intermediate, redundant shard, synthetic diagnostic or local-only file"
exp/egorecover_stages_1_4/continuation_v1/stage2_eval/12take_1200/12take_1200_gaussian_sfu_basketball_08_15_drift_0p03mps.pt,hf_tensor_artifacts_review,441097,"intermediate, redundant shard, synthetic diagnostic or local-only file"
exp/egorecover_stages_1_4/continuation_v1/stage2_eval/12take_1200/12take_1200_gaussian_sfu_basketball_08_15_freeze_3s.pt,hf_tensor_artifacts_review,441097,"intermediate, redundant shard, synthetic diagnostic or local-only file"
exp/egorecover_stages_1_4/continuation_v1/stage2_eval/12take_1200/12take_1200_gaussian_unc_basketball_03-16-23_01_18_clean.pt,hf_tensor_artifacts_review,441097,"intermediate, redundant shard, synthetic diagnostic or local-only file"
exp/egorecover_stages_1_4/continuation_v1/stage2_eval/12take_1200/12take_1200_gaussian_unc_basketball_03-16-23_01_18_drift_0p03mps.pt,hf_tensor_artifacts_review,441097,"intermediate, redundant shard, synthetic diagnostic or local-only file"
exp/egorecover_stages_1_4/continuation_v1/stage2_eval/12take_1200/12take_1200_gaussian_unc_basketball_03-16-23_01_18_freeze_3s.pt,hf_tensor_artifacts_review,441097,"intermediate, redundant shard, synthetic diagnostic or local-only file"
exp/egorecover_stages_1_4/continuation_v1/stage2_eval/12take_1200/12take_1200_gaussian_uniandes_dance_011_27_clean.pt,hf_tensor_artifacts_review,441097,"intermediate, redundant shard, synthetic diagnostic or local-only file"
exp/egorecover_stages_1_4/continuation_v1/stage2_eval/12take_1200/12take_1200_gaussian_uniandes_dance_011_27_drift_0p03mps.pt,hf_tensor_artifacts_review,441097,"intermediate, redundant shard, synthetic diagnostic or local-only file"
exp/egorecover_stages_1_4/continuation_v1/stage2_eval/12take_1200/12take_1200_gaussian_uniandes_dance_011_27_freeze_3s.pt,hf_tensor_artifacts_review,441097,"intermediate, redundant shard, synthetic diagnostic or local-only file"
exp/egorecover_stages_1_4/continuation_v1/stage2_eval/12take_1200/12take_1200_gaussian_uniandes_dance_012_15_clean.pt,hf_tensor_artifacts_review,441097,"intermediate, redundant shard, synthetic diagnostic or local-only file"
exp/egorecover_stages_1_4/continuation_v1/stage2_eval/12take_1200/12take_1200_gaussian_uniandes_dance_012_15_drift_0p03mps.pt,hf_tensor_artifacts_review,441097,"intermediate, redundant shard, synthetic diagnostic or local-only file"
exp/egorecover_stages_1_4/continuation_v1/stage2_eval/12take_1200/12take_1200_gaussian_uniandes_dance_012_15_freeze_3s.pt,hf_tensor_artifacts_review,441097,"intermediate, redundant shard, synthetic diagnostic or local-only file"
exp/egorecover_stages_1_4/continuation_v1/stage2_eval/12take_1200/12take_1200_gaussian_upenn_0725_Duet_Violin_1_2_8_clean.pt,hf_tensor_artifacts_review,441097,"intermediate, redundant shard, synthetic diagnostic or local-only file"
exp/egorecover_stages_1_4/continuation_v1/stage2_eval/12take_1200/12take_1200_gaussian_upenn_0725_Duet_Violin_1_2_8_drift_0p03mps.pt,hf_tensor_artifacts_review,441097,"intermediate, redundant shard, synthetic diagnostic or local-only file"
exp/egorecover_stages_1_4/continuation_v1/stage2_eval/12take_1200/12take_1200_gaussian_upenn_0725_Duet_Violin_1_2_8_freeze_3s.pt,hf_tensor_artifacts_review,441097,"intermediate, redundant shard, synthetic diagnostic or local-only file"
exp/egorecover_stages_1_4/continuation_v1/stage2_eval/12take_1200/12take_1200_history_fair_bike_01_12_clean.pt,hf_tensor_artifacts_review,441097,"intermediate, redundant shard, synthetic diagnostic or local-only file"
exp/egorecover_stages_1_4/continuation_v1/stage2_eval/12take_1200/12take_1200_history_fair_bike_01_12_drift_0p03mps.pt,hf_tensor_artifacts_review,441097,"intermediate, redundant shard, synthetic diagnostic or local-only file"
exp/egorecover_stages_1_4/continuation_v1/stage2_eval/12take_1200/12take_1200_history_fair_bike_01_12_freeze_3s.pt,hf_tensor_artifacts_review,441097,"intermediate, redundant shard, synthetic diagnostic or local-only file"
exp/egorecover_stages_1_4/continuation_v1/stage2_eval/12take_1200/12take_1200_history_georgiatech_bike_05_2_clean.pt,hf_tensor_artifacts_review,441097,"intermediate, redundant shard, synthetic diagnostic or local-only file"
exp/egorecover_stages_1_4/continuation_v1/stage2_eval/12take_1200/12take_1200_history_georgiatech_bike_05_2_drift_0p03mps.pt,hf_tensor_artifacts_review,441097,"intermediate, redundant shard, synthetic diagnostic or local-only file"
exp/egorecover_stages_1_4/continuation_v1/stage2_eval/12take_1200/12take_1200_history_georgiatech_bike_05_2_freeze_3s.pt,hf_tensor_artifacts_review,441097,"intermediate, redundant shard, synthetic diagnostic or local-only file"
exp/egorecover_stages_1_4/continuation_v1/stage2_eval/12take_1200/12take_1200_history_iiith_cooking_109_4_clean.pt,hf_tensor_artifacts_review,441097,"intermediate, redundant shard, synthetic diagnostic or local-only file"
exp/egorecover_stages_1_4/continuation_v1/stage2_eval/12take_1200/12take_1200_history_iiith_cooking_109_4_drift_0p03mps.pt,hf_tensor_artifacts_review,441097,"intermediate, redundant shard, synthetic diagnostic or local-only file"
exp/egorecover_stages_1_4/continuation_v1/stage2_eval/12take_1200/12take_1200_history_iiith_cooking_109_4_freeze_3s.pt,hf_tensor_artifacts_review,441097,"intermediate, redundant shard, synthetic diagnostic or local-only file"
exp/egorecover_stages_1_4/continuation_v1/stage2_eval/12take_1200/12take_1200_history_iiith_soccer_004_5_clean.pt,hf_tensor_artifacts_review,441097,"intermediate, redundant shard, synthetic diagnostic or local-only file"
exp/egorecover_stages_1_4/continuation_v1/stage2_eval/12take_1200/12take_1200_history_iiith_soccer_004_5_drift_0p03mps.pt,hf_tensor_artifacts_review,441097,"intermediate, redundant shard, synthetic diagnostic or local-only file"
exp/egorecover_stages_1_4/continuation_v1/stage2_eval/12take_1200/12take_1200_history_iiith_soccer_004_5_freeze_3s.pt,hf_tensor_artifacts_review,441097,"intermediate, redundant shard, synthetic diagnostic or local-only file"
exp/egorecover_stages_1_4/continuation_v1/stage2_eval/12take_1200/12take_1200_history_indiana_music_13_5_clean.pt,hf_tensor_artifacts_review,441097,"intermediate, redundant shard, synthetic diagnostic or local-only file"
exp/egorecover_stages_1_4/continuation_v1/stage2_eval/12take_1200/12take_1200_history_indiana_music_13_5_drift_0p03mps.pt,hf_tensor_artifacts_review,441097,"intermediate, redundant shard, synthetic diagnostic or local-only file"
exp/egorecover_stages_1_4/continuation_v1/stage2_eval/12take_1200/12take_1200_history_indiana_music_13_5_freeze_3s.pt,hf_tensor_artifacts_review,441097,"intermediate, redundant shard, synthetic diagnostic or local-only file"
exp/egorecover_stages_1_4/continuation_v1/stage2_eval/12take_1200/12take_1200_history_nus_cpr_52_1_clean.pt,hf_tensor_artifacts_review,441097,"intermediate, redundant shard, synthetic diagnostic or local-only file"
exp/egorecover_stages_1_4/continuation_v1/stage2_eval/12take_1200/12take_1200_history_nus_cpr_52_1_drift_0p03mps.pt,hf_tensor_artifacts_review,441097,"intermediate, redundant shard, synthetic diagnostic or local-only file"
exp/egorecover_stages_1_4/continuation_v1/stage2_eval/12take_1200/12take_1200_history_nus_cpr_52_1_freeze_3s.pt,hf_tensor_artifacts_review,441097,"intermediate, redundant shard, synthetic diagnostic or local-only file"
exp/egorecover_stages_1_4/continuation_v1/stage2_eval/12take_1200/12take_1200_history_sfu_basketball_03_44_clean.pt,hf_tensor_artifacts_review,441097,"intermediate, redundant shard, synthetic diagnostic or local-only file"
exp/egorecover_stages_1_4/continuation_v1/stage2_eval/12take_1200/12take_1200_history_sfu_basketball_03_44_drift_0p03mps.pt,hf_tensor_artifacts_review,441097,"intermediate, redundant shard, synthetic diagnostic or local-only file"
exp/egorecover_stages_1_4/continuation_v1/stage2_eval/12take_1200/12take_1200_history_sfu_basketball_03_44_freeze_3s.pt,hf_tensor_artifacts_review,441097,"intermediate, redundant shard, synthetic diagnostic or local-only file"
exp/egorecover_stages_1_4/continuation_v1/stage2_eval/12take_1200/12take_1200_history_sfu_basketball_08_15_clean.pt,hf_tensor_artifacts_review,441097,"intermediate, redundant shard, synthetic diagnostic or local-only file"
exp/egorecover_stages_1_4/continuation_v1/stage2_eval/12take_1200/12take_1200_history_sfu_basketball_08_15_drift_0p03mps.pt,hf_tensor_artifacts_review,441097,"intermediate, redundant shard, synthetic diagnostic or local-only file"
exp/egorecover_stages_1_4/continuation_v1/stage2_eval/12take_1200/12take_1200_history_sfu_basketball_08_15_freeze_3s.pt,hf_tensor_artifacts_review,441097,"intermediate, redundant shard, synthetic diagnostic or local-only file"
exp/egorecover_stages_1_4/continuation_v1/stage2_eval/12take_1200/12take_1200_history_unc_basketball_03-16-23_01_18_clean.pt,hf_tensor_artifacts_review,441097,"intermediate, redundant shard, synthetic diagnostic or local-only file"
exp/egorecover_stages_1_4/continuation_v1/stage2_eval/12take_1200/12take_1200_history_unc_basketball_03-16-23_01_18_drift_0p03mps.pt,hf_tensor_artifacts_review,441097,"intermediate, redundant shard, synthetic diagnostic or local-only file"
exp/egorecover_stages_1_4/continuation_v1/stage2_eval/12take_1200/12take_1200_history_unc_basketball_03-16-23_01_18_freeze_3s.pt,hf_tensor_artifacts_review,441097,"intermediate, redundant shard, synthetic diagnostic or local-only file"
exp/egorecover_stages_1_4/continuation_v1/stage2_eval/12take_1200/12take_1200_history_uniandes_dance_011_27_clean.pt,hf_tensor_artifacts_review,441097,"intermediate, redundant shard, synthetic diagnostic or local-only file"
exp/egorecover_stages_1_4/continuation_v1/stage2_eval/12take_1200/12take_1200_history_uniandes_dance_011_27_drift_0p03mps.pt,hf_tensor_artifacts_review,441097,"intermediate, redundant shard, synthetic diagnostic or local-only file"
exp/egorecover_stages_1_4/continuation_v1/stage2_eval/12take_1200/12take_1200_history_uniandes_dance_011_27_freeze_3s.pt,hf_tensor_artifacts_review,441097,"intermediate, redundant shard, synthetic diagnostic or local-only file"
exp/egorecover_stages_1_4/continuation_v1/stage2_eval/12take_1200/12take_1200_history_uniandes_dance_012_15_clean.pt,hf_tensor_artifacts_review,441097,"intermediate, redundant shard, synthetic diagnostic or local-only file"
exp/egorecover_stages_1_4/continuation_v1/stage2_eval/12take_1200/12take_1200_history_uniandes_dance_012_15_drift_0p03mps.pt,hf_tensor_artifacts_review,441097,"intermediate, redundant shard, synthetic diagnostic or local-only file"
exp/egorecover_stages_1_4/continuation_v1/stage2_eval/12take_1200/12take_1200_history_uniandes_dance_012_15_freeze_3s.pt,hf_tensor_artifacts_review,441097,"intermediate, redundant shard, synthetic diagnostic or local-only file"
exp/egorecover_stages_1_4/continuation_v1/stage2_eval/12take_1200/12take_1200_history_upenn_0725_Duet_Violin_1_2_8_clean.pt,hf_tensor_artifacts_review,441097,"intermediate, redundant shard, synthetic diagnostic or local-only file"
exp/egorecover_stages_1_4/continuation_v1/stage2_eval/12take_1200/12take_1200_history_upenn_0725_Duet_Violin_1_2_8_drift_0p03mps.pt,hf_tensor_artifacts_review,441097,"intermediate, redundant shard, synthetic diagnostic or local-only file"
exp/egorecover_stages_1_4/continuation_v1/stage2_eval/12take_1200/12take_1200_history_upenn_0725_Duet_Violin_1_2_8_freeze_3s.pt,hf_tensor_artifacts_review,441097,"intermediate, redundant shard, synthetic diagnostic or local-only file"
exp/egorecover_stages_1_4/continuation_v1/stage2_eval/12take_1200/12take_1200_prior_only_fair_bike_01_12_clean.pt,hf_tensor_artifacts_review,441097,"intermediate, redundant shard, synthetic diagnostic or local-only file"
exp/egorecover_stages_1_4/continuation_v1/stage2_eval/12take_1200/12take_1200_prior_only_fair_bike_01_12_drift_0p03mps.pt,hf_tensor_artifacts_review,441097,"intermediate, redundant shard, synthetic diagnostic or local-only file"
exp/egorecover_stages_1_4/continuation_v1/stage2_eval/12take_1200/12take_1200_prior_only_fair_bike_01_12_freeze_3s.pt,hf_tensor_artifacts_review,441097,"intermediate, redundant shard, synthetic diagnostic or local-only file"
exp/egorecover_stages_1_4/continuation_v1/stage2_eval/12take_1200/12take_1200_prior_only_georgiatech_bike_05_2_clean.pt,hf_tensor_artifacts_review,441097,"intermediate, redundant shard, synthetic diagnostic or local-only file"
exp/egorecover_stages_1_4/continuation_v1/stage2_eval/12take_1200/12take_1200_prior_only_georgiatech_bike_05_2_drift_0p03mps.pt,hf_tensor_artifacts_review,441097,"intermediate, redundant shard, synthetic diagnostic or local-only file"
exp/egorecover_stages_1_4/continuation_v1/stage2_eval/12take_1200/12take_1200_prior_only_georgiatech_bike_05_2_freeze_3s.pt,hf_tensor_artifacts_review,441097,"intermediate, redundant shard, synthetic diagnostic or local-only file"
exp/egorecover_stages_1_4/continuation_v1/stage2_eval/12take_1200/12take_1200_prior_only_iiith_cooking_109_4_clean.pt,hf_tensor_artifacts_review,441097,"intermediate, redundant shard, synthetic diagnostic or local-only file"
exp/egorecover_stages_1_4/continuation_v1/stage2_eval/12take_1200/12take_1200_prior_only_iiith_cooking_109_4_drift_0p03mps.pt,hf_tensor_artifacts_review,441097,"intermediate, redundant shard, synthetic diagnostic or local-only file"
exp/egorecover_stages_1_4/continuation_v1/stage2_eval/12take_1200/12take_1200_prior_only_iiith_cooking_109_4_freeze_3s.pt,hf_tensor_artifacts_review,441097,"intermediate, redundant shard, synthetic diagnostic or local-only file"
exp/egorecover_stages_1_4/continuation_v1/stage2_eval/12take_1200/12take_1200_prior_only_iiith_soccer_004_5_clean.pt,hf_tensor_artifacts_review,441097,"intermediate, redundant shard, synthetic diagnostic or local-only file"
exp/egorecover_stages_1_4/continuation_v1/stage2_eval/12take_1200/12take_1200_prior_only_iiith_soccer_004_5_drift_0p03mps.pt,hf_tensor_artifacts_review,441097,"intermediate, redundant shard, synthetic diagnostic or local-only file"
exp/egorecover_stages_1_4/continuation_v1/stage2_eval/12take_1200/12take_1200_prior_only_iiith_soccer_004_5_freeze_3s.pt,hf_tensor_artifacts_review,441097,"intermediate, redundant shard, synthetic diagnostic or local-only file"
exp/egorecover_stages_1_4/continuation_v1/stage2_eval/12take_1200/12take_1200_prior_only_indiana_music_13_5_clean.pt,hf_tensor_artifacts_review,441097,"intermediate, redundant shard, synthetic diagnostic or local-only file"
exp/egorecover_stages_1_4/continuation_v1/stage2_eval/12take_1200/12take_1200_prior_only_indiana_music_13_5_drift_0p03mps.pt,hf_tensor_artifacts_review,441097,"intermediate, redundant shard, synthetic diagnostic or local-only file"
exp/egorecover_stages_1_4/continuation_v1/stage2_eval/12take_1200/12take_1200_prior_only_indiana_music_13_5_freeze_3s.pt,hf_tensor_artifacts_review,441097,"intermediate, redundant shard, synthetic diagnostic or local-only file"
exp/egorecover_stages_1_4/continuation_v1/stage2_eval/12take_1200/12take_1200_prior_only_nus_cpr_52_1_clean.pt,hf_tensor_artifacts_review,441097,"intermediate, redundant shard, synthetic diagnostic or local-only file"
exp/egorecover_stages_1_4/continuation_v1/stage2_eval/12take_1200/12take_1200_prior_only_nus_cpr_52_1_drift_0p03mps.pt,hf_tensor_artifacts_review,441097,"intermediate, redundant shard, synthetic diagnostic or local-only file"
exp/egorecover_stages_1_4/continuation_v1/stage2_eval/12take_1200/12take_1200_prior_only_nus_cpr_52_1_freeze_3s.pt,hf_tensor_artifacts_review,441097,"intermediate, redundant shard, synthetic diagnostic or local-only file"
exp/egorecover_stages_1_4/continuation_v1/stage2_eval/12take_1200/12take_1200_prior_only_sfu_basketball_03_44_clean.pt,hf_tensor_artifacts_review,441097,"intermediate, redundant shard, synthetic diagnostic or local-only file"
exp/egorecover_stages_1_4/continuation_v1/stage2_eval/12take_1200/12take_1200_prior_only_sfu_basketball_03_44_drift_0p03mps.pt,hf_tensor_artifacts_review,441097,"intermediate, redundant shard, synthetic diagnostic or local-only file"
exp/egorecover_stages_1_4/continuation_v1/stage2_eval/12take_1200/12take_1200_prior_only_sfu_basketball_03_44_freeze_3s.pt,hf_tensor_artifacts_review,441097,"intermediate, redundant shard, synthetic diagnostic or local-only file"
exp/egorecover_stages_1_4/continuation_v1/stage2_eval/12take_1200/12take_1200_prior_only_sfu_basketball_08_15_clean.pt,hf_tensor_artifacts_review,441097,"intermediate, redundant shard, synthetic diagnostic or local-only file"
exp/egorecover_stages_1_4/continuation_v1/stage2_eval/12take_1200/12take_1200_prior_only_sfu_basketball_08_15_drift_0p03mps.pt,hf_tensor_artifacts_review,441097,"intermediate, redundant shard, synthetic diagnostic or local-only file"
exp/egorecover_stages_1_4/continuation_v1/stage2_eval/12take_1200/12take_1200_prior_only_sfu_basketball_08_15_freeze_3s.pt,hf_tensor_artifacts_review,441097,"intermediate, redundant shard, synthetic diagnostic or local-only file"
exp/egorecover_stages_1_4/continuation_v1/stage2_eval/12take_1200/12take_1200_prior_only_unc_basketball_03-16-23_01_18_clean.pt,hf_tensor_artifacts_review,441097,"intermediate, redundant shard, synthetic diagnostic or local-only file"
exp/egorecover_stages_1_4/continuation_v1/stage2_eval/12take_1200/12take_1200_prior_only_unc_basketball_03-16-23_01_18_drift_0p03mps.pt,hf_tensor_artifacts_review,441097,"intermediate, redundant shard, synthetic diagnostic or local-only file"
exp/egorecover_stages_1_4/continuation_v1/stage2_eval/12take_1200/12take_1200_prior_only_unc_basketball_03-16-23_01_18_freeze_3s.pt,hf_tensor_artifacts_review,441097,"intermediate, redundant shard, synthetic diagnostic or local-only file"
exp/egorecover_stages_1_4/continuation_v1/stage2_eval/12take_1200/12take_1200_prior_only_uniandes_dance_011_27_clean.pt,hf_tensor_artifacts_review,441097,"intermediate, redundant shard, synthetic diagnostic or local-only file"
exp/egorecover_stages_1_4/continuation_v1/stage2_eval/12take_1200/12take_1200_prior_only_uniandes_dance_011_27_drift_0p03mps.pt,hf_tensor_artifacts_review,441097,"intermediate, redundant shard, synthetic diagnostic or local-only file"
exp/egorecover_stages_1_4/continuation_v1/stage2_eval/12take_1200/12take_1200_prior_only_uniandes_dance_011_27_freeze_3s.pt,hf_tensor_artifacts_review,441097,"intermediate, redundant shard, synthetic diagnostic or local-only file"
exp/egorecover_stages_1_4/continuation_v1/stage2_eval/12take_1200/12take_1200_prior_only_uniandes_dance_012_15_clean.pt,hf_tensor_artifacts_review,441097,"intermediate, redundant shard, synthetic diagnostic or local-only file"
exp/egorecover_stages_1_4/continuation_v1/stage2_eval/12take_1200/12take_1200_prior_only_uniandes_dance_012_15_drift_0p03mps.pt,hf_tensor_artifacts_review,441097,"intermediate, redundant shard, synthetic diagnostic or local-only file"
exp/egorecover_stages_1_4/continuation_v1/stage2_eval/12take_1200/12take_1200_prior_only_uniandes_dance_012_15_freeze_3s.pt,hf_tensor_artifacts_review,441097,"intermediate, redundant shard, synthetic diagnostic or local-only file"
exp/egorecover_stages_1_4/continuation_v1/stage2_eval/12take_1200/12take_1200_prior_only_upenn_0725_Duet_Violin_1_2_8_clean.pt,hf_tensor_artifacts_review,441097,"intermediate, redundant shard, synthetic diagnostic or local-only file"
exp/egorecover_stages_1_4/continuation_v1/stage2_eval/12take_1200/12take_1200_prior_only_upenn_0725_Duet_Violin_1_2_8_drift_0p03mps.pt,hf_tensor_artifacts_review,441097,"intermediate, redundant shard, synthetic diagnostic or local-only file"
exp/egorecover_stages_1_4/continuation_v1/stage2_eval/12take_1200/12take_1200_prior_only_upenn_0725_Duet_Violin_1_2_8_freeze_3s.pt,hf_tensor_artifacts_review,441097,"intermediate, redundant shard, synthetic diagnostic or local-only file"
exp/egorecover_stages_1_4/continuation_v1/stage2_eval/12take_1200/progress.json,github_experiment_metadata,236266,GitHub lightweight record or source
exp/egorecover_stages_1_4/continuation_v1/stage2_eval/12take_1200/report.json,github_experiment_metadata,907365,GitHub lightweight record or source
exp/egorecover_stages_1_4/continuation_v1/stage2_eval/12take_2400/12take_2400_gaussian_fair_bike_01_12_clean.pt,hf_tensor_artifacts_review,441097,"intermediate, redundant shard, synthetic diagnostic or local-only file"
exp/egorecover_stages_1_4/continuation_v1/stage2_eval/12take_2400/12take_2400_gaussian_fair_bike_01_12_drift_0p03mps.pt,hf_tensor_artifacts_review,441097,"intermediate, redundant shard, synthetic diagnostic or local-only file"
exp/egorecover_stages_1_4/continuation_v1/stage2_eval/12take_2400/12take_2400_gaussian_fair_bike_01_12_freeze_3s.pt,hf_tensor_artifacts_review,441097,"intermediate, redundant shard, synthetic diagnostic or local-only file"
exp/egorecover_stages_1_4/continuation_v1/stage2_eval/12take_2400/12take_2400_gaussian_georgiatech_bike_05_2_clean.pt,hf_tensor_artifacts_review,441097,"intermediate, redundant shard, synthetic diagnostic or local-only file"
exp/egorecover_stages_1_4/continuation_v1/stage2_eval/12take_2400/12take_2400_gaussian_georgiatech_bike_05_2_drift_0p03mps.pt,hf_tensor_artifacts_review,441097,"intermediate, redundant shard, synthetic diagnostic or local-only file"
exp/egorecover_stages_1_4/continuation_v1/stage2_eval/12take_2400/12take_2400_gaussian_georgiatech_bike_05_2_freeze_3s.pt,hf_tensor_artifacts_review,441097,"intermediate, redundant shard, synthetic diagnostic or local-only file"
exp/egorecover_stages_1_4/continuation_v1/stage2_eval/12take_2400/12take_2400_gaussian_iiith_cooking_109_4_clean.pt,hf_tensor_artifacts_review,441097,"intermediate, redundant shard, synthetic diagnostic or local-only file"
exp/egorecover_stages_1_4/continuation_v1/stage2_eval/12take_2400/12take_2400_gaussian_iiith_cooking_109_4_drift_0p03mps.pt,hf_tensor_artifacts_review,441097,"intermediate, redundant shard, synthetic diagnostic or local-only file"
exp/egorecover_stages_1_4/continuation_v1/stage2_eval/12take_2400/12take_2400_gaussian_iiith_cooking_109_4_freeze_3s.pt,hf_tensor_artifacts_review,441097,"intermediate, redundant shard, synthetic diagnostic or local-only file"
exp/egorecover_stages_1_4/continuation_v1/stage2_eval/12take_2400/12take_2400_gaussian_iiith_soccer_004_5_clean.pt,hf_tensor_artifacts_review,441097,"intermediate, redundant shard, synthetic diagnostic or local-only file"
exp/egorecover_stages_1_4/continuation_v1/stage2_eval/12take_2400/12take_2400_gaussian_iiith_soccer_004_5_drift_0p03mps.pt,hf_tensor_artifacts_review,441097,"intermediate, redundant shard, synthetic diagnostic or local-only file"
exp/egorecover_stages_1_4/continuation_v1/stage2_eval/12take_2400/12take_2400_gaussian_iiith_soccer_004_5_freeze_3s.pt,hf_tensor_artifacts_review,441097,"intermediate, redundant shard, synthetic diagnostic or local-only file"
exp/egorecover_stages_1_4/continuation_v1/stage2_eval/12take_2400/12take_2400_gaussian_indiana_music_13_5_clean.pt,hf_tensor_artifacts_review,441097,"intermediate, redundant shard, synthetic diagnostic or local-only file"
exp/egorecover_stages_1_4/continuation_v1/stage2_eval/12take_2400/12take_2400_gaussian_indiana_music_13_5_drift_0p03mps.pt,hf_tensor_artifacts_review,441097,"intermediate, redundant shard, synthetic diagnostic or local-only file"
exp/egorecover_stages_1_4/continuation_v1/stage2_eval/12take_2400/12take_2400_gaussian_indiana_music_13_5_freeze_3s.pt,hf_tensor_artifacts_review,441097,"intermediate, redundant shard, synthetic diagnostic or local-only file"
exp/egorecover_stages_1_4/continuation_v1/stage2_eval/12take_2400/12take_2400_gaussian_nus_cpr_52_1_clean.pt,hf_tensor_artifacts_review,441097,"intermediate, redundant shard, synthetic diagnostic or local-only file"
exp/egorecover_stages_1_4/continuation_v1/stage2_eval/12take_2400/12take_2400_gaussian_nus_cpr_52_1_drift_0p03mps.pt,hf_tensor_artifacts_review,441097,"intermediate, redundant shard, synthetic diagnostic or local-only file"
exp/egorecover_stages_1_4/continuation_v1/stage2_eval/12take_2400/12take_2400_gaussian_nus_cpr_52_1_freeze_3s.pt,hf_tensor_artifacts_review,441097,"intermediate, redundant shard, synthetic diagnostic or local-only file"
exp/egorecover_stages_1_4/continuation_v1/stage2_eval/12take_2400/12take_2400_gaussian_sfu_basketball_03_44_clean.pt,hf_tensor_artifacts_review,441097,"intermediate, redundant shard, synthetic diagnostic or local-only file"
exp/egorecover_stages_1_4/continuation_v1/stage2_eval/12take_2400/12take_2400_gaussian_sfu_basketball_03_44_drift_0p03mps.pt,hf_tensor_artifacts_review,441097,"intermediate, redundant shard, synthetic diagnostic or local-only file"
exp/egorecover_stages_1_4/continuation_v1/stage2_eval/12take_2400/12take_2400_gaussian_sfu_basketball_03_44_freeze_3s.pt,hf_tensor_artifacts_review,441097,"intermediate, redundant shard, synthetic diagnostic or local-only file"
exp/egorecover_stages_1_4/continuation_v1/stage2_eval/12take_2400/12take_2400_gaussian_sfu_basketball_08_15_clean.pt,hf_tensor_artifacts_review,441097,"intermediate, redundant shard, synthetic diagnostic or local-only file"
exp/egorecover_stages_1_4/continuation_v1/stage2_eval/12take_2400/12take_2400_gaussian_sfu_basketball_08_15_drift_0p03mps.pt,hf_tensor_artifacts_review,441097,"intermediate, redundant shard, synthetic diagnostic or local-only file"
exp/egorecover_stages_1_4/continuation_v1/stage2_eval/12take_2400/12take_2400_gaussian_sfu_basketball_08_15_freeze_3s.pt,hf_tensor_artifacts_review,441097,"intermediate, redundant shard, synthetic diagnostic or local-only file"
exp/egorecover_stages_1_4/continuation_v1/stage2_eval/12take_2400/12take_2400_gaussian_unc_basketball_03-16-23_01_18_clean.pt,hf_tensor_artifacts_review,441097,"intermediate, redundant shard, synthetic diagnostic or local-only file"
exp/egorecover_stages_1_4/continuation_v1/stage2_eval/12take_2400/12take_2400_gaussian_unc_basketball_03-16-23_01_18_drift_0p03mps.pt,hf_tensor_artifacts_review,441097,"intermediate, redundant shard, synthetic diagnostic or local-only file"
exp/egorecover_stages_1_4/continuation_v1/stage2_eval/12take_2400/12take_2400_gaussian_unc_basketball_03-16-23_01_18_freeze_3s.pt,hf_tensor_artifacts_review,441097,"intermediate, redundant shard, synthetic diagnostic or local-only file"
exp/egorecover_stages_1_4/continuation_v1/stage2_eval/12take_2400/12take_2400_gaussian_uniandes_dance_011_27_clean.pt,hf_tensor_artifacts_review,441097,"intermediate, redundant shard, synthetic diagnostic or local-only file"
exp/egorecover_stages_1_4/continuation_v1/stage2_eval/12take_2400/12take_2400_gaussian_uniandes_dance_011_27_drift_0p03mps.pt,hf_tensor_artifacts_review,441097,"intermediate, redundant shard, synthetic diagnostic or local-only file"
exp/egorecover_stages_1_4/continuation_v1/stage2_eval/12take_2400/12take_2400_gaussian_uniandes_dance_011_27_freeze_3s.pt,hf_tensor_artifacts_review,441097,"intermediate, redundant shard, synthetic diagnostic or local-only file"
exp/egorecover_stages_1_4/continuation_v1/stage2_eval/12take_2400/12take_2400_gaussian_uniandes_dance_012_15_clean.pt,hf_tensor_artifacts_review,441097,"intermediate, redundant shard, synthetic diagnostic or local-only file"
exp/egorecover_stages_1_4/continuation_v1/stage2_eval/12take_2400/12take_2400_gaussian_uniandes_dance_012_15_drift_0p03mps.pt,hf_tensor_artifacts_review,441097,"intermediate, redundant shard, synthetic diagnostic or local-only file"
exp/egorecover_stages_1_4/continuation_v1/stage2_eval/12take_2400/12take_2400_gaussian_uniandes_dance_012_15_freeze_3s.pt,hf_tensor_artifacts_review,441097,"intermediate, redundant shard, synthetic diagnostic or local-only file"
exp/egorecover_stages_1_4/continuation_v1/stage2_eval/12take_2400/12take_2400_gaussian_upenn_0725_Duet_Violin_1_2_8_clean.pt,hf_tensor_artifacts_review,441097,"intermediate, redundant shard, synthetic diagnostic or local-only file"
exp/egorecover_stages_1_4/continuation_v1/stage2_eval/12take_2400/12take_2400_gaussian_upenn_0725_Duet_Violin_1_2_8_drift_0p03mps.pt,hf_tensor_artifacts_review,441097,"intermediate, redundant shard, synthetic diagnostic or local-only file"
exp/egorecover_stages_1_4/continuation_v1/stage2_eval/12take_2400/12take_2400_gaussian_upenn_0725_Duet_Violin_1_2_8_freeze_3s.pt,hf_tensor_artifacts_review,441097,"intermediate, redundant shard, synthetic diagnostic or local-only file"
exp/egorecover_stages_1_4/continuation_v1/stage2_eval/12take_2400/12take_2400_history_fair_bike_01_12_clean.pt,hf_tensor_artifacts_review,441097,"intermediate, redundant shard, synthetic diagnostic or local-only file"
exp/egorecover_stages_1_4/continuation_v1/stage2_eval/12take_2400/12take_2400_history_fair_bike_01_12_drift_0p03mps.pt,hf_tensor_artifacts_review,441097,"intermediate, redundant shard, synthetic diagnostic or local-only file"
exp/egorecover_stages_1_4/continuation_v1/stage2_eval/12take_2400/12take_2400_history_fair_bike_01_12_freeze_3s.pt,hf_tensor_artifacts_review,441097,"intermediate, redundant shard, synthetic diagnostic or local-only file"
exp/egorecover_stages_1_4/continuation_v1/stage2_eval/12take_2400/12take_2400_history_georgiatech_bike_05_2_clean.pt,hf_tensor_artifacts_review,441097,"intermediate, redundant shard, synthetic diagnostic or local-only file"
exp/egorecover_stages_1_4/continuation_v1/stage2_eval/12take_2400/12take_2400_history_georgiatech_bike_05_2_drift_0p03mps.pt,hf_tensor_artifacts_review,441097,"intermediate, redundant shard, synthetic diagnostic or local-only file"
exp/egorecover_stages_1_4/continuation_v1/stage2_eval/12take_2400/12take_2400_history_georgiatech_bike_05_2_freeze_3s.pt,hf_tensor_artifacts_review,441097,"intermediate, redundant shard, synthetic diagnostic or local-only file"
exp/egorecover_stages_1_4/continuation_v1/stage2_eval/12take_2400/12take_2400_history_iiith_cooking_109_4_clean.pt,hf_tensor_artifacts_review,441097,"intermediate, redundant shard, synthetic diagnostic or local-only file"
exp/egorecover_stages_1_4/continuation_v1/stage2_eval/12take_2400/12take_2400_history_iiith_cooking_109_4_drift_0p03mps.pt,hf_tensor_artifacts_review,441097,"intermediate, redundant shard, synthetic diagnostic or local-only file"
exp/egorecover_stages_1_4/continuation_v1/stage2_eval/12take_2400/12take_2400_history_iiith_cooking_109_4_freeze_3s.pt,hf_tensor_artifacts_review,441097,"intermediate, redundant shard, synthetic diagnostic or local-only file"
exp/egorecover_stages_1_4/continuation_v1/stage2_eval/12take_2400/12take_2400_history_iiith_soccer_004_5_clean.pt,hf_tensor_artifacts_review,441097,"intermediate, redundant shard, synthetic diagnostic or local-only file"
exp/egorecover_stages_1_4/continuation_v1/stage2_eval/12take_2400/12take_2400_history_iiith_soccer_004_5_drift_0p03mps.pt,hf_tensor_artifacts_review,441097,"intermediate, redundant shard, synthetic diagnostic or local-only file"
exp/egorecover_stages_1_4/continuation_v1/stage2_eval/12take_2400/12take_2400_history_iiith_soccer_004_5_freeze_3s.pt,hf_tensor_artifacts_review,441097,"intermediate, redundant shard, synthetic diagnostic or local-only file"
exp/egorecover_stages_1_4/continuation_v1/stage2_eval/12take_2400/12take_2400_history_indiana_music_13_5_clean.pt,hf_tensor_artifacts_review,441097,"intermediate, redundant shard, synthetic diagnostic or local-only file"
exp/egorecover_stages_1_4/continuation_v1/stage2_eval/12take_2400/12take_2400_history_indiana_music_13_5_drift_0p03mps.pt,hf_tensor_artifacts_review,441097,"intermediate, redundant shard, synthetic diagnostic or local-only file"
exp/egorecover_stages_1_4/continuation_v1/stage2_eval/12take_2400/12take_2400_history_indiana_music_13_5_freeze_3s.pt,hf_tensor_artifacts_review,441097,"intermediate, redundant shard, synthetic diagnostic or local-only file"
exp/egorecover_stages_1_4/continuation_v1/stage2_eval/12take_2400/12take_2400_history_nus_cpr_52_1_clean.pt,hf_tensor_artifacts_review,441097,"intermediate, redundant shard, synthetic diagnostic or local-only file"
exp/egorecover_stages_1_4/continuation_v1/stage2_eval/12take_2400/12take_2400_history_nus_cpr_52_1_drift_0p03mps.pt,hf_tensor_artifacts_review,441097,"intermediate, redundant shard, synthetic diagnostic or local-only file"
exp/egorecover_stages_1_4/continuation_v1/stage2_eval/12take_2400/12take_2400_history_nus_cpr_52_1_freeze_3s.pt,hf_tensor_artifacts_review,441097,"intermediate, redundant shard, synthetic diagnostic or local-only file"
exp/egorecover_stages_1_4/continuation_v1/stage2_eval/12take_2400/12take_2400_history_sfu_basketball_03_44_clean.pt,hf_tensor_artifacts_review,441097,"intermediate, redundant shard, synthetic diagnostic or local-only file"
exp/egorecover_stages_1_4/continuation_v1/stage2_eval/12take_2400/12take_2400_history_sfu_basketball_03_44_drift_0p03mps.pt,hf_tensor_artifacts_review,441097,"intermediate, redundant shard, synthetic diagnostic or local-only file"
exp/egorecover_stages_1_4/continuation_v1/stage2_eval/12take_2400/12take_2400_history_sfu_basketball_03_44_freeze_3s.pt,hf_tensor_artifacts_review,441097,"intermediate, redundant shard, synthetic diagnostic or local-only file"
exp/egorecover_stages_1_4/continuation_v1/stage2_eval/12take_2400/12take_2400_history_sfu_basketball_08_15_clean.pt,hf_tensor_artifacts_review,441097,"intermediate, redundant shard, synthetic diagnostic or local-only file"
exp/egorecover_stages_1_4/continuation_v1/stage2_eval/12take_2400/12take_2400_history_sfu_basketball_08_15_drift_0p03mps.pt,hf_tensor_artifacts_review,441097,"intermediate, redundant shard, synthetic diagnostic or local-only file"
exp/egorecover_stages_1_4/continuation_v1/stage2_eval/12take_2400/12take_2400_history_sfu_basketball_08_15_freeze_3s.pt,hf_tensor_artifacts_review,441097,"intermediate, redundant shard, synthetic diagnostic or local-only file"
exp/egorecover_stages_1_4/continuation_v1/stage2_eval/12take_2400/12take_2400_history_unc_basketball_03-16-23_01_18_clean.pt,hf_tensor_artifacts_review,441097,"intermediate, redundant shard, synthetic diagnostic or local-only file"
exp/egorecover_stages_1_4/continuation_v1/stage2_eval/12take_2400/12take_2400_history_unc_basketball_03-16-23_01_18_drift_0p03mps.pt,hf_tensor_artifacts_review,441097,"intermediate, redundant shard, synthetic diagnostic or local-only file"
exp/egorecover_stages_1_4/continuation_v1/stage2_eval/12take_2400/12take_2400_history_unc_basketball_03-16-23_01_18_freeze_3s.pt,hf_tensor_artifacts_review,441097,"intermediate, redundant shard, synthetic diagnostic or local-only file"
exp/egorecover_stages_1_4/continuation_v1/stage2_eval/12take_2400/12take_2400_history_uniandes_dance_011_27_clean.pt,hf_tensor_artifacts_review,441097,"intermediate, redundant shard, synthetic diagnostic or local-only file"
exp/egorecover_stages_1_4/continuation_v1/stage2_eval/12take_2400/12take_2400_history_uniandes_dance_011_27_drift_0p03mps.pt,hf_tensor_artifacts_review,441097,"intermediate, redundant shard, synthetic diagnostic or local-only file"
exp/egorecover_stages_1_4/continuation_v1/stage2_eval/12take_2400/12take_2400_history_uniandes_dance_011_27_freeze_3s.pt,hf_tensor_artifacts_review,441097,"intermediate, redundant shard, synthetic diagnostic or local-only file"
exp/egorecover_stages_1_4/continuation_v1/stage2_eval/12take_2400/12take_2400_history_uniandes_dance_012_15_clean.pt,hf_tensor_artifacts_review,441097,"intermediate, redundant shard, synthetic diagnostic or local-only file"
exp/egorecover_stages_1_4/continuation_v1/stage2_eval/12take_2400/12take_2400_history_uniandes_dance_012_15_drift_0p03mps.pt,hf_tensor_artifacts_review,441097,"intermediate, redundant shard, synthetic diagnostic or local-only file"
exp/egorecover_stages_1_4/continuation_v1/stage2_eval/12take_2400/12take_2400_history_uniandes_dance_012_15_freeze_3s.pt,hf_tensor_artifacts_review,441097,"intermediate, redundant shard, synthetic diagnostic or local-only file"
exp/egorecover_stages_1_4/continuation_v1/stage2_eval/12take_2400/12take_2400_history_upenn_0725_Duet_Violin_1_2_8_clean.pt,hf_tensor_artifacts_review,441097,"intermediate, redundant shard, synthetic diagnostic or local-only file"
exp/egorecover_stages_1_4/continuation_v1/stage2_eval/12take_2400/12take_2400_history_upenn_0725_Duet_Violin_1_2_8_drift_0p03mps.pt,hf_tensor_artifacts_review,441097,"intermediate, redundant shard, synthetic diagnostic or local-only file"
exp/egorecover_stages_1_4/continuation_v1/stage2_eval/12take_2400/12take_2400_history_upenn_0725_Duet_Violin_1_2_8_freeze_3s.pt,hf_tensor_artifacts_review,441097,"intermediate, redundant shard, synthetic diagnostic or local-only file"
exp/egorecover_stages_1_4/continuation_v1/stage2_eval/12take_2400/12take_2400_prior_only_fair_bike_01_12_clean.pt,hf_tensor_artifacts_review,441097,"intermediate, redundant shard, synthetic diagnostic or local-only file"
exp/egorecover_stages_1_4/continuation_v1/stage2_eval/12take_2400/12take_2400_prior_only_fair_bike_01_12_drift_0p03mps.pt,hf_tensor_artifacts_review,441097,"intermediate, redundant shard, synthetic diagnostic or local-only file"
exp/egorecover_stages_1_4/continuation_v1/stage2_eval/12take_2400/12take_2400_prior_only_fair_bike_01_12_freeze_3s.pt,hf_tensor_artifacts_review,441097,"intermediate, redundant shard, synthetic diagnostic or local-only file"
exp/egorecover_stages_1_4/continuation_v1/stage2_eval/12take_2400/12take_2400_prior_only_georgiatech_bike_05_2_clean.pt,hf_tensor_artifacts_review,441097,"intermediate, redundant shard, synthetic diagnostic or local-only file"
exp/egorecover_stages_1_4/continuation_v1/stage2_eval/12take_2400/12take_2400_prior_only_georgiatech_bike_05_2_drift_0p03mps.pt,hf_tensor_artifacts_review,441097,"intermediate, redundant shard, synthetic diagnostic or local-only file"
exp/egorecover_stages_1_4/continuation_v1/stage2_eval/12take_2400/12take_2400_prior_only_georgiatech_bike_05_2_freeze_3s.pt,hf_tensor_artifacts_review,441097,"intermediate, redundant shard, synthetic diagnostic or local-only file"
exp/egorecover_stages_1_4/continuation_v1/stage2_eval/12take_2400/12take_2400_prior_only_iiith_cooking_109_4_clean.pt,hf_tensor_artifacts_review,441097,"intermediate, redundant shard, synthetic diagnostic or local-only file"
exp/egorecover_stages_1_4/continuation_v1/stage2_eval/12take_2400/12take_2400_prior_only_iiith_cooking_109_4_drift_0p03mps.pt,hf_tensor_artifacts_review,441097,"intermediate, redundant shard, synthetic diagnostic or local-only file"
exp/egorecover_stages_1_4/continuation_v1/stage2_eval/12take_2400/12take_2400_prior_only_iiith_cooking_109_4_freeze_3s.pt,hf_tensor_artifacts_review,441097,"intermediate, redundant shard, synthetic diagnostic or local-only file"
exp/egorecover_stages_1_4/continuation_v1/stage2_eval/12take_2400/12take_2400_prior_only_iiith_soccer_004_5_clean.pt,hf_tensor_artifacts_review,441097,"intermediate, redundant shard, synthetic diagnostic or local-only file"
exp/egorecover_stages_1_4/continuation_v1/stage2_eval/12take_2400/12take_2400_prior_only_iiith_soccer_004_5_drift_0p03mps.pt,hf_tensor_artifacts_review,441097,"intermediate, redundant shard, synthetic diagnostic or local-only file"
exp/egorecover_stages_1_4/continuation_v1/stage2_eval/12take_2400/12take_2400_prior_only_iiith_soccer_004_5_freeze_3s.pt,hf_tensor_artifacts_review,441097,"intermediate, redundant shard, synthetic diagnostic or local-only file"
exp/egorecover_stages_1_4/continuation_v1/stage2_eval/12take_2400/12take_2400_prior_only_indiana_music_13_5_clean.pt,hf_tensor_artifacts_review,441097,"intermediate, redundant shard, synthetic diagnostic or local-only file"
exp/egorecover_stages_1_4/continuation_v1/stage2_eval/12take_2400/12take_2400_prior_only_indiana_music_13_5_drift_0p03mps.pt,hf_tensor_artifacts_review,441097,"intermediate, redundant shard, synthetic diagnostic or local-only file"
exp/egorecover_stages_1_4/continuation_v1/stage2_eval/12take_2400/12take_2400_prior_only_indiana_music_13_5_freeze_3s.pt,hf_tensor_artifacts_review,441097,"intermediate, redundant shard, synthetic diagnostic or local-only file"
exp/egorecover_stages_1_4/continuation_v1/stage2_eval/12take_2400/12take_2400_prior_only_nus_cpr_52_1_clean.pt,hf_tensor_artifacts_review,441097,"intermediate, redundant shard, synthetic diagnostic or local-only file"
exp/egorecover_stages_1_4/continuation_v1/stage2_eval/12take_2400/12take_2400_prior_only_nus_cpr_52_1_drift_0p03mps.pt,hf_tensor_artifacts_review,441097,"intermediate, redundant shard, synthetic diagnostic or local-only file"
exp/egorecover_stages_1_4/continuation_v1/stage2_eval/12take_2400/12take_2400_prior_only_nus_cpr_52_1_freeze_3s.pt,hf_tensor_artifacts_review,441097,"intermediate, redundant shard, synthetic diagnostic or local-only file"
exp/egorecover_stages_1_4/continuation_v1/stage2_eval/12take_2400/12take_2400_prior_only_sfu_basketball_03_44_clean.pt,hf_tensor_artifacts_review,441097,"intermediate, redundant shard, synthetic diagnostic or local-only file"
exp/egorecover_stages_1_4/continuation_v1/stage2_eval/12take_2400/12take_2400_prior_only_sfu_basketball_03_44_drift_0p03mps.pt,hf_tensor_artifacts_review,441097,"intermediate, redundant shard, synthetic diagnostic or local-only file"
exp/egorecover_stages_1_4/continuation_v1/stage2_eval/12take_2400/12take_2400_prior_only_sfu_basketball_03_44_freeze_3s.pt,hf_tensor_artifacts_review,441097,"intermediate, redundant shard, synthetic diagnostic or local-only file"
exp/egorecover_stages_1_4/continuation_v1/stage2_eval/12take_2400/12take_2400_prior_only_sfu_basketball_08_15_clean.pt,hf_tensor_artifacts_review,441097,"intermediate, redundant shard, synthetic diagnostic or local-only file"
exp/egorecover_stages_1_4/continuation_v1/stage2_eval/12take_2400/12take_2400_prior_only_sfu_basketball_08_15_drift_0p03mps.pt,hf_tensor_artifacts_review,441097,"intermediate, redundant shard, synthetic diagnostic or local-only file"
exp/egorecover_stages_1_4/continuation_v1/stage2_eval/12take_2400/12take_2400_prior_only_sfu_basketball_08_15_freeze_3s.pt,hf_tensor_artifacts_review,441097,"intermediate, redundant shard, synthetic diagnostic or local-only file"
exp/egorecover_stages_1_4/continuation_v1/stage2_eval/12take_2400/12take_2400_prior_only_unc_basketball_03-16-23_01_18_clean.pt,hf_tensor_artifacts_review,441097,"intermediate, redundant shard, synthetic diagnostic or local-only file"
exp/egorecover_stages_1_4/continuation_v1/stage2_eval/12take_2400/12take_2400_prior_only_unc_basketball_03-16-23_01_18_drift_0p03mps.pt,hf_tensor_artifacts_review,441097,"intermediate, redundant shard, synthetic diagnostic or local-only file"
exp/egorecover_stages_1_4/continuation_v1/stage2_eval/12take_2400/12take_2400_prior_only_unc_basketball_03-16-23_01_18_freeze_3s.pt,hf_tensor_artifacts_review,441097,"intermediate, redundant shard, synthetic diagnostic or local-only file"
exp/egorecover_stages_1_4/continuation_v1/stage2_eval/12take_2400/12take_2400_prior_only_uniandes_dance_011_27_clean.pt,hf_tensor_artifacts_review,441097,"intermediate, redundant shard, synthetic diagnostic or local-only file"
exp/egorecover_stages_1_4/continuation_v1/stage2_eval/12take_2400/12take_2400_prior_only_uniandes_dance_011_27_drift_0p03mps.pt,hf_tensor_artifacts_review,441097,"intermediate, redundant shard, synthetic diagnostic or local-only file"
exp/egorecover_stages_1_4/continuation_v1/stage2_eval/12take_2400/12take_2400_prior_only_uniandes_dance_011_27_freeze_3s.pt,hf_tensor_artifacts_review,441097,"intermediate, redundant shard, synthetic diagnostic or local-only file"
exp/egorecover_stages_1_4/continuation_v1/stage2_eval/12take_2400/12take_2400_prior_only_uniandes_dance_012_15_clean.pt,hf_tensor_artifacts_review,441097,"intermediate, redundant shard, synthetic diagnostic or local-only file"
exp/egorecover_stages_1_4/continuation_v1/stage2_eval/12take_2400/12take_2400_prior_only_uniandes_dance_012_15_drift_0p03mps.pt,hf_tensor_artifacts_review,441097,"intermediate, redundant shard, synthetic diagnostic or local-only file"
exp/egorecover_stages_1_4/continuation_v1/stage2_eval/12take_2400/12take_2400_prior_only_uniandes_dance_012_15_freeze_3s.pt,hf_tensor_artifacts_review,441097,"intermediate, redundant shard, synthetic diagnostic or local-only file"
exp/egorecover_stages_1_4/continuation_v1/stage2_eval/12take_2400/12take_2400_prior_only_upenn_0725_Duet_Violin_1_2_8_clean.pt,hf_tensor_artifacts_review,441097,"intermediate, redundant shard, synthetic diagnostic or local-only file"
exp/egorecover_stages_1_4/continuation_v1/stage2_eval/12take_2400/12take_2400_prior_only_upenn_0725_Duet_Violin_1_2_8_drift_0p03mps.pt,hf_tensor_artifacts_review,441097,"intermediate, redundant shard, synthetic diagnostic or local-only file"
exp/egorecover_stages_1_4/continuation_v1/stage2_eval/12take_2400/12take_2400_prior_only_upenn_0725_Duet_Violin_1_2_8_freeze_3s.pt,hf_tensor_artifacts_review,441097,"intermediate, redundant shard, synthetic diagnostic or local-only file"
exp/egorecover_stages_1_4/continuation_v1/stage2_eval/12take_2400/progress.json,github_experiment_metadata,236282,GitHub lightweight record or source
exp/egorecover_stages_1_4/continuation_v1/stage2_eval/12take_2400/report.json,github_experiment_metadata,907381,GitHub lightweight record or source
exp/egorecover_stages_1_4/continuation_v1/stage2_eval/12take_400/12take_400_gaussian_fair_bike_01_12_clean.pt,hf_tensor_artifacts_review,441097,"intermediate, redundant shard, synthetic diagnostic or local-only file"
exp/egorecover_stages_1_4/continuation_v1/stage2_eval/12take_400/12take_400_gaussian_fair_bike_01_12_drift_0p03mps.pt,hf_tensor_artifacts_review,441097,"intermediate, redundant shard, synthetic diagnostic or local-only file"
exp/egorecover_stages_1_4/continuation_v1/stage2_eval/12take_400/12take_400_gaussian_fair_bike_01_12_freeze_3s.pt,hf_tensor_artifacts_review,441097,"intermediate, redundant shard, synthetic diagnostic or local-only file"
exp/egorecover_stages_1_4/continuation_v1/stage2_eval/12take_400/12take_400_gaussian_georgiatech_bike_05_2_clean.pt,hf_tensor_artifacts_review,441097,"intermediate, redundant shard, synthetic diagnostic or local-only file"
exp/egorecover_stages_1_4/continuation_v1/stage2_eval/12take_400/12take_400_gaussian_georgiatech_bike_05_2_drift_0p03mps.pt,hf_tensor_artifacts_review,441097,"intermediate, redundant shard, synthetic diagnostic or local-only file"
exp/egorecover_stages_1_4/continuation_v1/stage2_eval/12take_400/12take_400_gaussian_georgiatech_bike_05_2_freeze_3s.pt,hf_tensor_artifacts_review,441097,"intermediate, redundant shard, synthetic diagnostic or local-only file"
exp/egorecover_stages_1_4/continuation_v1/stage2_eval/12take_400/12take_400_gaussian_iiith_cooking_109_4_clean.pt,hf_tensor_artifacts_review,441097,"intermediate, redundant shard, synthetic diagnostic or local-only file"
exp/egorecover_stages_1_4/continuation_v1/stage2_eval/12take_400/12take_400_gaussian_iiith_cooking_109_4_drift_0p03mps.pt,hf_tensor_artifacts_review,441097,"intermediate, redundant shard, synthetic diagnostic or local-only file"
exp/egorecover_stages_1_4/continuation_v1/stage2_eval/12take_400/12take_400_gaussian_iiith_cooking_109_4_freeze_3s.pt,hf_tensor_artifacts_review,441097,"intermediate, redundant shard, synthetic diagnostic or local-only file"
exp/egorecover_stages_1_4/continuation_v1/stage2_eval/12take_400/12take_400_gaussian_iiith_soccer_004_5_clean.pt,hf_tensor_artifacts_review,441097,"intermediate, redundant shard, synthetic diagnostic or local-only file"
exp/egorecover_stages_1_4/continuation_v1/stage2_eval/12take_400/12take_400_gaussian_iiith_soccer_004_5_drift_0p03mps.pt,hf_tensor_artifacts_review,441097,"intermediate, redundant shard, synthetic diagnostic or local-only file"
exp/egorecover_stages_1_4/continuation_v1/stage2_eval/12take_400/12take_400_gaussian_iiith_soccer_004_5_freeze_3s.pt,hf_tensor_artifacts_review,441097,"intermediate, redundant shard, synthetic diagnostic or local-only file"
exp/egorecover_stages_1_4/continuation_v1/stage2_eval/12take_400/12take_400_gaussian_indiana_music_13_5_clean.pt,hf_tensor_artifacts_review,441097,"intermediate, redundant shard, synthetic diagnostic or local-only file"
exp/egorecover_stages_1_4/continuation_v1/stage2_eval/12take_400/12take_400_gaussian_indiana_music_13_5_drift_0p03mps.pt,hf_tensor_artifacts_review,441097,"intermediate, redundant shard, synthetic diagnostic or local-only file"
exp/egorecover_stages_1_4/continuation_v1/stage2_eval/12take_400/12take_400_gaussian_indiana_music_13_5_freeze_3s.pt,hf_tensor_artifacts_review,441097,"intermediate, redundant shard, synthetic diagnostic or local-only file"
exp/egorecover_stages_1_4/continuation_v1/stage2_eval/12take_400/12take_400_gaussian_nus_cpr_52_1_clean.pt,hf_tensor_artifacts_review,441097,"intermediate, redundant shard, synthetic diagnostic or local-only file"
exp/egorecover_stages_1_4/continuation_v1/stage2_eval/12take_400/12take_400_gaussian_nus_cpr_52_1_drift_0p03mps.pt,hf_tensor_artifacts_review,441097,"intermediate, redundant shard, synthetic diagnostic or local-only file"
exp/egorecover_stages_1_4/continuation_v1/stage2_eval/12take_400/12take_400_gaussian_nus_cpr_52_1_freeze_3s.pt,hf_tensor_artifacts_review,441097,"intermediate, redundant shard, synthetic diagnostic or local-only file"
exp/egorecover_stages_1_4/continuation_v1/stage2_eval/12take_400/12take_400_gaussian_sfu_basketball_03_44_clean.pt,hf_tensor_artifacts_review,441097,"intermediate, redundant shard, synthetic diagnostic or local-only file"
exp/egorecover_stages_1_4/continuation_v1/stage2_eval/12take_400/12take_400_gaussian_sfu_basketball_03_44_drift_0p03mps.pt,hf_tensor_artifacts_review,441097,"intermediate, redundant shard, synthetic diagnostic or local-only file"
exp/egorecover_stages_1_4/continuation_v1/stage2_eval/12take_400/12take_400_gaussian_sfu_basketball_03_44_freeze_3s.pt,hf_tensor_artifacts_review,441097,"intermediate, redundant shard, synthetic diagnostic or local-only file"
exp/egorecover_stages_1_4/continuation_v1/stage2_eval/12take_400/12take_400_gaussian_sfu_basketball_08_15_clean.pt,hf_tensor_artifacts_review,441097,"intermediate, redundant shard, synthetic diagnostic or local-only file"
exp/egorecover_stages_1_4/continuation_v1/stage2_eval/12take_400/12take_400_gaussian_sfu_basketball_08_15_drift_0p03mps.pt,hf_tensor_artifacts_review,441097,"intermediate, redundant shard, synthetic diagnostic or local-only file"
exp/egorecover_stages_1_4/continuation_v1/stage2_eval/12take_400/12take_400_gaussian_sfu_basketball_08_15_freeze_3s.pt,hf_tensor_artifacts_review,441097,"intermediate, redundant shard, synthetic diagnostic or local-only file"
exp/egorecover_stages_1_4/continuation_v1/stage2_eval/12take_400/12take_400_gaussian_unc_basketball_03-16-23_01_18_clean.pt,hf_tensor_artifacts_review,441097,"intermediate, redundant shard, synthetic diagnostic or local-only file"
exp/egorecover_stages_1_4/continuation_v1/stage2_eval/12take_400/12take_400_gaussian_unc_basketball_03-16-23_01_18_drift_0p03mps.pt,hf_tensor_artifacts_review,441097,"intermediate, redundant shard, synthetic diagnostic or local-only file"
exp/egorecover_stages_1_4/continuation_v1/stage2_eval/12take_400/12take_400_gaussian_unc_basketball_03-16-23_01_18_freeze_3s.pt,hf_tensor_artifacts_review,441097,"intermediate, redundant shard, synthetic diagnostic or local-only file"
exp/egorecover_stages_1_4/continuation_v1/stage2_eval/12take_400/12take_400_gaussian_uniandes_dance_011_27_clean.pt,hf_tensor_artifacts_review,441097,"intermediate, redundant shard, synthetic diagnostic or local-only file"
exp/egorecover_stages_1_4/continuation_v1/stage2_eval/12take_400/12take_400_gaussian_uniandes_dance_011_27_drift_0p03mps.pt,hf_tensor_artifacts_review,441097,"intermediate, redundant shard, synthetic diagnostic or local-only file"
exp/egorecover_stages_1_4/continuation_v1/stage2_eval/12take_400/12take_400_gaussian_uniandes_dance_011_27_freeze_3s.pt,hf_tensor_artifacts_review,441097,"intermediate, redundant shard, synthetic diagnostic or local-only file"
exp/egorecover_stages_1_4/continuation_v1/stage2_eval/12take_400/12take_400_gaussian_uniandes_dance_012_15_clean.pt,hf_tensor_artifacts_review,441097,"intermediate, redundant shard, synthetic diagnostic or local-only file"
exp/egorecover_stages_1_4/continuation_v1/stage2_eval/12take_400/12take_400_gaussian_uniandes_dance_012_15_drift_0p03mps.pt,hf_tensor_artifacts_review,441097,"intermediate, redundant shard, synthetic diagnostic or local-only file"
exp/egorecover_stages_1_4/continuation_v1/stage2_eval/12take_400/12take_400_gaussian_uniandes_dance_012_15_freeze_3s.pt,hf_tensor_artifacts_review,441097,"intermediate, redundant shard, synthetic diagnostic or local-only file"
exp/egorecover_stages_1_4/continuation_v1/stage2_eval/12take_400/12take_400_gaussian_upenn_0725_Duet_Violin_1_2_8_clean.pt,hf_tensor_artifacts_review,441097,"intermediate, redundant shard, synthetic diagnostic or local-only file"
exp/egorecover_stages_1_4/continuation_v1/stage2_eval/12take_400/12take_400_gaussian_upenn_0725_Duet_Violin_1_2_8_drift_0p03mps.pt,hf_tensor_artifacts_review,441097,"intermediate, redundant shard, synthetic diagnostic or local-only file"
exp/egorecover_stages_1_4/continuation_v1/stage2_eval/12take_400/12take_400_gaussian_upenn_0725_Duet_Violin_1_2_8_freeze_3s.pt,hf_tensor_artifacts_review,441097,"intermediate, redundant shard, synthetic diagnostic or local-only file"
exp/egorecover_stages_1_4/continuation_v1/stage2_eval/12take_400/12take_400_history_fair_bike_01_12_clean.pt,hf_tensor_artifacts_review,441097,"intermediate, redundant shard, synthetic diagnostic or local-only file"
exp/egorecover_stages_1_4/continuation_v1/stage2_eval/12take_400/12take_400_history_fair_bike_01_12_drift_0p03mps.pt,hf_tensor_artifacts_review,441097,"intermediate, redundant shard, synthetic diagnostic or local-only file"
exp/egorecover_stages_1_4/continuation_v1/stage2_eval/12take_400/12take_400_history_fair_bike_01_12_freeze_3s.pt,hf_tensor_artifacts_review,441097,"intermediate, redundant shard, synthetic diagnostic or local-only file"
exp/egorecover_stages_1_4/continuation_v1/stage2_eval/12take_400/12take_400_history_georgiatech_bike_05_2_clean.pt,hf_tensor_artifacts_review,441097,"intermediate, redundant shard, synthetic diagnostic or local-only file"
exp/egorecover_stages_1_4/continuation_v1/stage2_eval/12take_400/12take_400_history_georgiatech_bike_05_2_drift_0p03mps.pt,hf_tensor_artifacts_review,441097,"intermediate, redundant shard, synthetic diagnostic or local-only file"
exp/egorecover_stages_1_4/continuation_v1/stage2_eval/12take_400/12take_400_history_georgiatech_bike_05_2_freeze_3s.pt,hf_tensor_artifacts_review,441097,"intermediate, redundant shard, synthetic diagnostic or local-only file"
exp/egorecover_stages_1_4/continuation_v1/stage2_eval/12take_400/12take_400_history_iiith_cooking_109_4_clean.pt,hf_tensor_artifacts_review,441097,"intermediate, redundant shard, synthetic diagnostic or local-only file"
exp/egorecover_stages_1_4/continuation_v1/stage2_eval/12take_400/12take_400_history_iiith_cooking_109_4_drift_0p03mps.pt,hf_tensor_artifacts_review,441097,"intermediate, redundant shard, synthetic diagnostic or local-only file"
exp/egorecover_stages_1_4/continuation_v1/stage2_eval/12take_400/12take_400_history_iiith_cooking_109_4_freeze_3s.pt,hf_tensor_artifacts_review,441097,"intermediate, redundant shard, synthetic diagnostic or local-only file"
exp/egorecover_stages_1_4/continuation_v1/stage2_eval/12take_400/12take_400_history_iiith_soccer_004_5_clean.pt,hf_tensor_artifacts_review,441097,"intermediate, redundant shard, synthetic diagnostic or local-only file"
exp/egorecover_stages_1_4/continuation_v1/stage2_eval/12take_400/12take_400_history_iiith_soccer_004_5_drift_0p03mps.pt,hf_tensor_artifacts_review,441097,"intermediate, redundant shard, synthetic diagnostic or local-only file"
exp/egorecover_stages_1_4/continuation_v1/stage2_eval/12take_400/12take_400_history_iiith_soccer_004_5_freeze_3s.pt,hf_tensor_artifacts_review,441097,"intermediate, redundant shard, synthetic diagnostic or local-only file"
exp/egorecover_stages_1_4/continuation_v1/stage2_eval/12take_400/12take_400_history_indiana_music_13_5_clean.pt,hf_tensor_artifacts_review,441097,"intermediate, redundant shard, synthetic diagnostic or local-only file"
exp/egorecover_stages_1_4/continuation_v1/stage2_eval/12take_400/12take_400_history_indiana_music_13_5_drift_0p03mps.pt,hf_tensor_artifacts_review,441097,"intermediate, redundant shard, synthetic diagnostic or local-only file"
exp/egorecover_stages_1_4/continuation_v1/stage2_eval/12take_400/12take_400_history_indiana_music_13_5_freeze_3s.pt,hf_tensor_artifacts_review,441097,"intermediate, redundant shard, synthetic diagnostic or local-only file"
exp/egorecover_stages_1_4/continuation_v1/stage2_eval/12take_400/12take_400_history_nus_cpr_52_1_clean.pt,hf_tensor_artifacts_review,441097,"intermediate, redundant shard, synthetic diagnostic or local-only file"
exp/egorecover_stages_1_4/continuation_v1/stage2_eval/12take_400/12take_400_history_nus_cpr_52_1_drift_0p03mps.pt,hf_tensor_artifacts_review,441097,"intermediate, redundant shard, synthetic diagnostic or local-only file"
exp/egorecover_stages_1_4/continuation_v1/stage2_eval/12take_400/12take_400_history_nus_cpr_52_1_freeze_3s.pt,hf_tensor_artifacts_review,441097,"intermediate, redundant shard, synthetic diagnostic or local-only file"
exp/egorecover_stages_1_4/continuation_v1/stage2_eval/12take_400/12take_400_history_sfu_basketball_03_44_clean.pt,hf_tensor_artifacts_review,441097,"intermediate, redundant shard, synthetic diagnostic or local-only file"
exp/egorecover_stages_1_4/continuation_v1/stage2_eval/12take_400/12take_400_history_sfu_basketball_03_44_drift_0p03mps.pt,hf_tensor_artifacts_review,441097,"intermediate, redundant shard, synthetic diagnostic or local-only file"
exp/egorecover_stages_1_4/continuation_v1/stage2_eval/12take_400/12take_400_history_sfu_basketball_03_44_freeze_3s.pt,hf_tensor_artifacts_review,441097,"intermediate, redundant shard, synthetic diagnostic or local-only file"
exp/egorecover_stages_1_4/continuation_v1/stage2_eval/12take_400/12take_400_history_sfu_basketball_08_15_clean.pt,hf_tensor_artifacts_review,441097,"intermediate, redundant shard, synthetic diagnostic or local-only file"
exp/egorecover_stages_1_4/continuation_v1/stage2_eval/12take_400/12take_400_history_sfu_basketball_08_15_drift_0p03mps.pt,hf_tensor_artifacts_review,441097,"intermediate, redundant shard, synthetic diagnostic or local-only file"
exp/egorecover_stages_1_4/continuation_v1/stage2_eval/12take_400/12take_400_history_sfu_basketball_08_15_freeze_3s.pt,hf_tensor_artifacts_review,441097,"intermediate, redundant shard, synthetic diagnostic or local-only file"
exp/egorecover_stages_1_4/continuation_v1/stage2_eval/12take_400/12take_400_history_unc_basketball_03-16-23_01_18_clean.pt,hf_tensor_artifacts_review,441097,"intermediate, redundant shard, synthetic diagnostic or local-only file"
exp/egorecover_stages_1_4/continuation_v1/stage2_eval/12take_400/12take_400_history_unc_basketball_03-16-23_01_18_drift_0p03mps.pt,hf_tensor_artifacts_review,441097,"intermediate, redundant shard, synthetic diagnostic or local-only file"
exp/egorecover_stages_1_4/continuation_v1/stage2_eval/12take_400/12take_400_history_unc_basketball_03-16-23_01_18_freeze_3s.pt,hf_tensor_artifacts_review,441097,"intermediate, redundant shard, synthetic diagnostic or local-only file"
exp/egorecover_stages_1_4/continuation_v1/stage2_eval/12take_400/12take_400_history_uniandes_dance_011_27_clean.pt,hf_tensor_artifacts_review,441097,"intermediate, redundant shard, synthetic diagnostic or local-only file"
exp/egorecover_stages_1_4/continuation_v1/stage2_eval/12take_400/12take_400_history_uniandes_dance_011_27_drift_0p03mps.pt,hf_tensor_artifacts_review,441097,"intermediate, redundant shard, synthetic diagnostic or local-only file"
exp/egorecover_stages_1_4/continuation_v1/stage2_eval/12take_400/12take_400_history_uniandes_dance_011_27_freeze_3s.pt,hf_tensor_artifacts_review,441097,"intermediate, redundant shard, synthetic diagnostic or local-only file"
exp/egorecover_stages_1_4/continuation_v1/stage2_eval/12take_400/12take_400_history_uniandes_dance_012_15_clean.pt,hf_tensor_artifacts_review,441097,"intermediate, redundant shard, synthetic diagnostic or local-only file"
exp/egorecover_stages_1_4/continuation_v1/stage2_eval/12take_400/12take_400_history_uniandes_dance_012_15_drift_0p03mps.pt,hf_tensor_artifacts_review,441097,"intermediate, redundant shard, synthetic diagnostic or local-only file"
exp/egorecover_stages_1_4/continuation_v1/stage2_eval/12take_400/12take_400_history_uniandes_dance_012_15_freeze_3s.pt,hf_tensor_artifacts_review,441097,"intermediate, redundant shard, synthetic diagnostic or local-only file"
exp/egorecover_stages_1_4/continuation_v1/stage2_eval/12take_400/12take_400_history_upenn_0725_Duet_Violin_1_2_8_clean.pt,hf_tensor_artifacts_review,441097,"intermediate, redundant shard, synthetic diagnostic or local-only file"
exp/egorecover_stages_1_4/continuation_v1/stage2_eval/12take_400/12take_400_history_upenn_0725_Duet_Violin_1_2_8_drift_0p03mps.pt,hf_tensor_artifacts_review,441097,"intermediate, redundant shard, synthetic diagnostic or local-only file"
exp/egorecover_stages_1_4/continuation_v1/stage2_eval/12take_400/12take_400_history_upenn_0725_Duet_Violin_1_2_8_freeze_3s.pt,hf_tensor_artifacts_review,441097,"intermediate, redundant shard, synthetic diagnostic or local-only file"
exp/egorecover_stages_1_4/continuation_v1/stage2_eval/12take_400/12take_400_prior_only_fair_bike_01_12_clean.pt,hf_tensor_artifacts_review,441097,"intermediate, redundant shard, synthetic diagnostic or local-only file"
exp/egorecover_stages_1_4/continuation_v1/stage2_eval/12take_400/12take_400_prior_only_fair_bike_01_12_drift_0p03mps.pt,hf_tensor_artifacts_review,441097,"intermediate, redundant shard, synthetic diagnostic or local-only file"
exp/egorecover_stages_1_4/continuation_v1/stage2_eval/12take_400/12take_400_prior_only_fair_bike_01_12_freeze_3s.pt,hf_tensor_artifacts_review,441097,"intermediate, redundant shard, synthetic diagnostic or local-only file"
exp/egorecover_stages_1_4/continuation_v1/stage2_eval/12take_400/12take_400_prior_only_georgiatech_bike_05_2_clean.pt,hf_tensor_artifacts_review,441097,"intermediate, redundant shard, synthetic diagnostic or local-only file"
exp/egorecover_stages_1_4/continuation_v1/stage2_eval/12take_400/12take_400_prior_only_georgiatech_bike_05_2_drift_0p03mps.pt,hf_tensor_artifacts_review,441097,"intermediate, redundant shard, synthetic diagnostic or local-only file"
exp/egorecover_stages_1_4/continuation_v1/stage2_eval/12take_400/12take_400_prior_only_georgiatech_bike_05_2_freeze_3s.pt,hf_tensor_artifacts_review,441097,"intermediate, redundant shard, synthetic diagnostic or local-only file"
exp/egorecover_stages_1_4/continuation_v1/stage2_eval/12take_400/12take_400_prior_only_iiith_cooking_109_4_clean.pt,hf_tensor_artifacts_review,441097,"intermediate, redundant shard, synthetic diagnostic or local-only file"
exp/egorecover_stages_1_4/continuation_v1/stage2_eval/12take_400/12take_400_prior_only_iiith_cooking_109_4_drift_0p03mps.pt,hf_tensor_artifacts_review,441097,"intermediate, redundant shard, synthetic diagnostic or local-only file"
exp/egorecover_stages_1_4/continuation_v1/stage2_eval/12take_400/12take_400_prior_only_iiith_cooking_109_4_freeze_3s.pt,hf_tensor_artifacts_review,441097,"intermediate, redundant shard, synthetic diagnostic or local-only file"
exp/egorecover_stages_1_4/continuation_v1/stage2_eval/12take_400/12take_400_prior_only_iiith_soccer_004_5_clean.pt,hf_tensor_artifacts_review,441097,"intermediate, redundant shard, synthetic diagnostic or local-only file"
exp/egorecover_stages_1_4/continuation_v1/stage2_eval/12take_400/12take_400_prior_only_iiith_soccer_004_5_drift_0p03mps.pt,hf_tensor_artifacts_review,441097,"intermediate, redundant shard, synthetic diagnostic or local-only file"
exp/egorecover_stages_1_4/continuation_v1/stage2_eval/12take_400/12take_400_prior_only_iiith_soccer_004_5_freeze_3s.pt,hf_tensor_artifacts_review,441097,"intermediate, redundant shard, synthetic diagnostic or local-only file"
exp/egorecover_stages_1_4/continuation_v1/stage2_eval/12take_400/12take_400_prior_only_indiana_music_13_5_clean.pt,hf_tensor_artifacts_review,441097,"intermediate, redundant shard, synthetic diagnostic or local-only file"
exp/egorecover_stages_1_4/continuation_v1/stage2_eval/12take_400/12take_400_prior_only_indiana_music_13_5_drift_0p03mps.pt,hf_tensor_artifacts_review,441097,"intermediate, redundant shard, synthetic diagnostic or local-only file"
exp/egorecover_stages_1_4/continuation_v1/stage2_eval/12take_400/12take_400_prior_only_indiana_music_13_5_freeze_3s.pt,hf_tensor_artifacts_review,441097,"intermediate, redundant shard, synthetic diagnostic or local-only file"
exp/egorecover_stages_1_4/continuation_v1/stage2_eval/12take_400/12take_400_prior_only_nus_cpr_52_1_clean.pt,hf_tensor_artifacts_review,441097,"intermediate, redundant shard, synthetic diagnostic or local-only file"
exp/egorecover_stages_1_4/continuation_v1/stage2_eval/12take_400/12take_400_prior_only_nus_cpr_52_1_drift_0p03mps.pt,hf_tensor_artifacts_review,441097,"intermediate, redundant shard, synthetic diagnostic or local-only file"
exp/egorecover_stages_1_4/continuation_v1/stage2_eval/12take_400/12take_400_prior_only_nus_cpr_52_1_freeze_3s.pt,hf_tensor_artifacts_review,441097,"intermediate, redundant shard, synthetic diagnostic or local-only file"
exp/egorecover_stages_1_4/continuation_v1/stage2_eval/12take_400/12take_400_prior_only_sfu_basketball_03_44_clean.pt,hf_tensor_artifacts_review,441097,"intermediate, redundant shard, synthetic diagnostic or local-only file"
exp/egorecover_stages_1_4/continuation_v1/stage2_eval/12take_400/12take_400_prior_only_sfu_basketball_03_44_drift_0p03mps.pt,hf_tensor_artifacts_review,441097,"intermediate, redundant shard, synthetic diagnostic or local-only file"
exp/egorecover_stages_1_4/continuation_v1/stage2_eval/12take_400/12take_400_prior_only_sfu_basketball_03_44_freeze_3s.pt,hf_tensor_artifacts_review,441097,"intermediate, redundant shard, synthetic diagnostic or local-only file"
exp/egorecover_stages_1_4/continuation_v1/stage2_eval/12take_400/12take_400_prior_only_sfu_basketball_08_15_clean.pt,hf_tensor_artifacts_review,441097,"intermediate, redundant shard, synthetic diagnostic or local-only file"
exp/egorecover_stages_1_4/continuation_v1/stage2_eval/12take_400/12take_400_prior_only_sfu_basketball_08_15_drift_0p03mps.pt,hf_tensor_artifacts_review,441097,"intermediate, redundant shard, synthetic diagnostic or local-only file"
exp/egorecover_stages_1_4/continuation_v1/stage2_eval/12take_400/12take_400_prior_only_sfu_basketball_08_15_freeze_3s.pt,hf_tensor_artifacts_review,441097,"intermediate, redundant shard, synthetic diagnostic or local-only file"
exp/egorecover_stages_1_4/continuation_v1/stage2_eval/12take_400/12take_400_prior_only_unc_basketball_03-16-23_01_18_clean.pt,hf_tensor_artifacts_review,441097,"intermediate, redundant shard, synthetic diagnostic or local-only file"
exp/egorecover_stages_1_4/continuation_v1/stage2_eval/12take_400/12take_400_prior_only_unc_basketball_03-16-23_01_18_drift_0p03mps.pt,hf_tensor_artifacts_review,441097,"intermediate, redundant shard, synthetic diagnostic or local-only file"
exp/egorecover_stages_1_4/continuation_v1/stage2_eval/12take_400/12take_400_prior_only_unc_basketball_03-16-23_01_18_freeze_3s.pt,hf_tensor_artifacts_review,441097,"intermediate, redundant shard, synthetic diagnostic or local-only file"
exp/egorecover_stages_1_4/continuation_v1/stage2_eval/12take_400/12take_400_prior_only_uniandes_dance_011_27_clean.pt,hf_tensor_artifacts_review,441097,"intermediate, redundant shard, synthetic diagnostic or local-only file"
exp/egorecover_stages_1_4/continuation_v1/stage2_eval/12take_400/12take_400_prior_only_uniandes_dance_011_27_drift_0p03mps.pt,hf_tensor_artifacts_review,441097,"intermediate, redundant shard, synthetic diagnostic or local-only file"
exp/egorecover_stages_1_4/continuation_v1/stage2_eval/12take_400/12take_400_prior_only_uniandes_dance_011_27_freeze_3s.pt,hf_tensor_artifacts_review,441097,"intermediate, redundant shard, synthetic diagnostic or local-only file"
exp/egorecover_stages_1_4/continuation_v1/stage2_eval/12take_400/12take_400_prior_only_uniandes_dance_012_15_clean.pt,hf_tensor_artifacts_review,441097,"intermediate, redundant shard, synthetic diagnostic or local-only file"
exp/egorecover_stages_1_4/continuation_v1/stage2_eval/12take_400/12take_400_prior_only_uniandes_dance_012_15_drift_0p03mps.pt,hf_tensor_artifacts_review,441097,"intermediate, redundant shard, synthetic diagnostic or local-only file"
exp/egorecover_stages_1_4/continuation_v1/stage2_eval/12take_400/12take_400_prior_only_uniandes_dance_012_15_freeze_3s.pt,hf_tensor_artifacts_review,441097,"intermediate, redundant shard, synthetic diagnostic or local-only file"
exp/egorecover_stages_1_4/continuation_v1/stage2_eval/12take_400/12take_400_prior_only_upenn_0725_Duet_Violin_1_2_8_clean.pt,hf_tensor_artifacts_review,441097,"intermediate, redundant shard, synthetic diagnostic or local-only file"
exp/egorecover_stages_1_4/continuation_v1/stage2_eval/12take_400/12take_400_prior_only_upenn_0725_Duet_Violin_1_2_8_drift_0p03mps.pt,hf_tensor_artifacts_review,441097,"intermediate, redundant shard, synthetic diagnostic or local-only file"
exp/egorecover_stages_1_4/continuation_v1/stage2_eval/12take_400/12take_400_prior_only_upenn_0725_Duet_Violin_1_2_8_freeze_3s.pt,hf_tensor_artifacts_review,441097,"intermediate, redundant shard, synthetic diagnostic or local-only file"
exp/egorecover_stages_1_4/continuation_v1/stage2_eval/12take_400/progress.json,github_experiment_metadata,236047,GitHub lightweight record or source
exp/egorecover_stages_1_4/continuation_v1/stage2_eval/12take_400/report.json,github_experiment_metadata,907141,GitHub lightweight record or source
exp/egorecover_stages_1_4/continuation_v1/stage2_eval/72take_1200/72take_1200_gaussian_fair_bike_01_12_clean.pt,hf_tensor_artifacts_review,441097,"intermediate, redundant shard, synthetic diagnostic or local-only file"
exp/egorecover_stages_1_4/continuation_v1/stage2_eval/72take_1200/72take_1200_gaussian_fair_bike_01_12_drift_0p03mps.pt,hf_tensor_artifacts_review,441097,"intermediate, redundant shard, synthetic diagnostic or local-only file"
exp/egorecover_stages_1_4/continuation_v1/stage2_eval/72take_1200/72take_1200_gaussian_fair_bike_01_12_freeze_3s.pt,hf_tensor_artifacts_review,441097,"intermediate, redundant shard, synthetic diagnostic or local-only file"
exp/egorecover_stages_1_4/continuation_v1/stage2_eval/72take_1200/72take_1200_gaussian_georgiatech_bike_05_2_clean.pt,hf_tensor_artifacts_review,441097,"intermediate, redundant shard, synthetic diagnostic or local-only file"
exp/egorecover_stages_1_4/continuation_v1/stage2_eval/72take_1200/72take_1200_gaussian_georgiatech_bike_05_2_drift_0p03mps.pt,hf_tensor_artifacts_review,441097,"intermediate, redundant shard, synthetic diagnostic or local-only file"
exp/egorecover_stages_1_4/continuation_v1/stage2_eval/72take_1200/72take_1200_gaussian_georgiatech_bike_05_2_freeze_3s.pt,hf_tensor_artifacts_review,441097,"intermediate, redundant shard, synthetic diagnostic or local-only file"
exp/egorecover_stages_1_4/continuation_v1/stage2_eval/72take_1200/72take_1200_gaussian_iiith_cooking_109_4_clean.pt,hf_tensor_artifacts_review,441097,"intermediate, redundant shard, synthetic diagnostic or local-only file"
exp/egorecover_stages_1_4/continuation_v1/stage2_eval/72take_1200/72take_1200_gaussian_iiith_cooking_109_4_drift_0p03mps.pt,hf_tensor_artifacts_review,441097,"intermediate, redundant shard, synthetic diagnostic or local-only file"
exp/egorecover_stages_1_4/continuation_v1/stage2_eval/72take_1200/72take_1200_gaussian_iiith_cooking_109_4_freeze_3s.pt,hf_tensor_artifacts_review,441097,"intermediate, redundant shard, synthetic diagnostic or local-only file"
exp/egorecover_stages_1_4/continuation_v1/stage2_eval/72take_1200/72take_1200_gaussian_iiith_soccer_004_5_clean.pt,hf_tensor_artifacts_review,441097,"intermediate, redundant shard, synthetic diagnostic or local-only file"
exp/egorecover_stages_1_4/continuation_v1/stage2_eval/72take_1200/72take_1200_gaussian_iiith_soccer_004_5_drift_0p03mps.pt,hf_tensor_artifacts_review,441097,"intermediate, redundant shard, synthetic diagnostic or local-only file"
exp/egorecover_stages_1_4/continuation_v1/stage2_eval/72take_1200/72take_1200_gaussian_iiith_soccer_004_5_freeze_3s.pt,hf_tensor_artifacts_review,441097,"intermediate, redundant shard, synthetic diagnostic or local-only file"
exp/egorecover_stages_1_4/continuation_v1/stage2_eval/72take_1200/72take_1200_gaussian_indiana_music_13_5_clean.pt,hf_tensor_artifacts_review,441097,"intermediate, redundant shard, synthetic diagnostic or local-only file"
exp/egorecover_stages_1_4/continuation_v1/stage2_eval/72take_1200/72take_1200_gaussian_indiana_music_13_5_drift_0p03mps.pt,hf_tensor_artifacts_review,441097,"intermediate, redundant shard, synthetic diagnostic or local-only file"
exp/egorecover_stages_1_4/continuation_v1/stage2_eval/72take_1200/72take_1200_gaussian_indiana_music_13_5_freeze_3s.pt,hf_tensor_artifacts_review,441097,"intermediate, redundant shard, synthetic diagnostic or local-only file"
exp/egorecover_stages_1_4/continuation_v1/stage2_eval/72take_1200/72take_1200_gaussian_nus_cpr_52_1_clean.pt,hf_tensor_artifacts_review,441097,"intermediate, redundant shard, synthetic diagnostic or local-only file"
exp/egorecover_stages_1_4/continuation_v1/stage2_eval/72take_1200/72take_1200_gaussian_nus_cpr_52_1_drift_0p03mps.pt,hf_tensor_artifacts_review,441097,"intermediate, redundant shard, synthetic diagnostic or local-only file"
exp/egorecover_stages_1_4/continuation_v1/stage2_eval/72take_1200/72take_1200_gaussian_nus_cpr_52_1_freeze_3s.pt,hf_tensor_artifacts_review,441097,"intermediate, redundant shard, synthetic diagnostic or local-only file"
exp/egorecover_stages_1_4/continuation_v1/stage2_eval/72take_1200/72take_1200_gaussian_sfu_basketball_03_44_clean.pt,hf_tensor_artifacts_review,441097,"intermediate, redundant shard, synthetic diagnostic or local-only file"
exp/egorecover_stages_1_4/continuation_v1/stage2_eval/72take_1200/72take_1200_gaussian_sfu_basketball_03_44_drift_0p03mps.pt,hf_tensor_artifacts_review,441097,"intermediate, redundant shard, synthetic diagnostic or local-only file"
exp/egorecover_stages_1_4/continuation_v1/stage2_eval/72take_1200/72take_1200_gaussian_sfu_basketball_03_44_freeze_3s.pt,hf_tensor_artifacts_review,441097,"intermediate, redundant shard, synthetic diagnostic or local-only file"
exp/egorecover_stages_1_4/continuation_v1/stage2_eval/72take_1200/72take_1200_gaussian_sfu_basketball_08_15_clean.pt,hf_tensor_artifacts_review,441097,"intermediate, redundant shard, synthetic diagnostic or local-only file"
exp/egorecover_stages_1_4/continuation_v1/stage2_eval/72take_1200/72take_1200_gaussian_sfu_basketball_08_15_drift_0p03mps.pt,hf_tensor_artifacts_review,441097,"intermediate, redundant shard, synthetic diagnostic or local-only file"
exp/egorecover_stages_1_4/continuation_v1/stage2_eval/72take_1200/72take_1200_gaussian_sfu_basketball_08_15_freeze_3s.pt,hf_tensor_artifacts_review,441097,"intermediate, redundant shard, synthetic diagnostic or local-only file"
exp/egorecover_stages_1_4/continuation_v1/stage2_eval/72take_1200/72take_1200_gaussian_unc_basketball_03-16-23_01_18_clean.pt,hf_tensor_artifacts_review,441097,"intermediate, redundant shard, synthetic diagnostic or local-only file"
exp/egorecover_stages_1_4/continuation_v1/stage2_eval/72take_1200/72take_1200_gaussian_unc_basketball_03-16-23_01_18_drift_0p03mps.pt,hf_tensor_artifacts_review,441097,"intermediate, redundant shard, synthetic diagnostic or local-only file"
exp/egorecover_stages_1_4/continuation_v1/stage2_eval/72take_1200/72take_1200_gaussian_unc_basketball_03-16-23_01_18_freeze_3s.pt,hf_tensor_artifacts_review,441097,"intermediate, redundant shard, synthetic diagnostic or local-only file"
exp/egorecover_stages_1_4/continuation_v1/stage2_eval/72take_1200/72take_1200_gaussian_uniandes_dance_011_27_clean.pt,hf_tensor_artifacts_review,441097,"intermediate, redundant shard, synthetic diagnostic or local-only file"
exp/egorecover_stages_1_4/continuation_v1/stage2_eval/72take_1200/72take_1200_gaussian_uniandes_dance_011_27_drift_0p03mps.pt,hf_tensor_artifacts_review,441097,"intermediate, redundant shard, synthetic diagnostic or local-only file"
exp/egorecover_stages_1_4/continuation_v1/stage2_eval/72take_1200/72take_1200_gaussian_uniandes_dance_011_27_freeze_3s.pt,hf_tensor_artifacts_review,441097,"intermediate, redundant shard, synthetic diagnostic or local-only file"
exp/egorecover_stages_1_4/continuation_v1/stage2_eval/72take_1200/72take_1200_gaussian_uniandes_dance_012_15_clean.pt,hf_tensor_artifacts_review,441097,"intermediate, redundant shard, synthetic diagnostic or local-only file"
exp/egorecover_stages_1_4/continuation_v1/stage2_eval/72take_1200/72take_1200_gaussian_uniandes_dance_012_15_drift_0p03mps.pt,hf_tensor_artifacts_review,441097,"intermediate, redundant shard, synthetic diagnostic or local-only file"
exp/egorecover_stages_1_4/continuation_v1/stage2_eval/72take_1200/72take_1200_gaussian_uniandes_dance_012_15_freeze_3s.pt,hf_tensor_artifacts_review,441097,"intermediate, redundant shard, synthetic diagnostic or local-only file"
exp/egorecover_stages_1_4/continuation_v1/stage2_eval/72take_1200/72take_1200_gaussian_upenn_0725_Duet_Violin_1_2_8_clean.pt,hf_tensor_artifacts_review,441097,"intermediate, redundant shard, synthetic diagnostic or local-only file"
exp/egorecover_stages_1_4/continuation_v1/stage2_eval/72take_1200/72take_1200_gaussian_upenn_0725_Duet_Violin_1_2_8_drift_0p03mps.pt,hf_tensor_artifacts_review,441097,"intermediate, redundant shard, synthetic diagnostic or local-only file"
exp/egorecover_stages_1_4/continuation_v1/stage2_eval/72take_1200/72take_1200_gaussian_upenn_0725_Duet_Violin_1_2_8_freeze_3s.pt,hf_tensor_artifacts_review,441097,"intermediate, redundant shard, synthetic diagnostic or local-only file"
exp/egorecover_stages_1_4/continuation_v1/stage2_eval/72take_1200/72take_1200_history_fair_bike_01_12_clean.pt,hf_tensor_artifacts_review,441097,"intermediate, redundant shard, synthetic diagnostic or local-only file"
exp/egorecover_stages_1_4/continuation_v1/stage2_eval/72take_1200/72take_1200_history_fair_bike_01_12_drift_0p03mps.pt,hf_tensor_artifacts_review,441097,"intermediate, redundant shard, synthetic diagnostic or local-only file"
exp/egorecover_stages_1_4/continuation_v1/stage2_eval/72take_1200/72take_1200_history_fair_bike_01_12_freeze_3s.pt,hf_tensor_artifacts_review,441097,"intermediate, redundant shard, synthetic diagnostic or local-only file"
exp/egorecover_stages_1_4/continuation_v1/stage2_eval/72take_1200/72take_1200_history_georgiatech_bike_05_2_clean.pt,hf_tensor_artifacts_review,441097,"intermediate, redundant shard, synthetic diagnostic or local-only file"
exp/egorecover_stages_1_4/continuation_v1/stage2_eval/72take_1200/72take_1200_history_georgiatech_bike_05_2_drift_0p03mps.pt,hf_tensor_artifacts_review,441097,"intermediate, redundant shard, synthetic diagnostic or local-only file"
exp/egorecover_stages_1_4/continuation_v1/stage2_eval/72take_1200/72take_1200_history_georgiatech_bike_05_2_freeze_3s.pt,hf_tensor_artifacts_review,441097,"intermediate, redundant shard, synthetic diagnostic or local-only file"
exp/egorecover_stages_1_4/continuation_v1/stage2_eval/72take_1200/72take_1200_history_iiith_cooking_109_4_clean.pt,hf_tensor_artifacts_review,441097,"intermediate, redundant shard, synthetic diagnostic or local-only file"
exp/egorecover_stages_1_4/continuation_v1/stage2_eval/72take_1200/72take_1200_history_iiith_cooking_109_4_drift_0p03mps.pt,hf_tensor_artifacts_review,441097,"intermediate, redundant shard, synthetic diagnostic or local-only file"
exp/egorecover_stages_1_4/continuation_v1/stage2_eval/72take_1200/72take_1200_history_iiith_cooking_109_4_freeze_3s.pt,hf_tensor_artifacts_review,441097,"intermediate, redundant shard, synthetic diagnostic or local-only file"
exp/egorecover_stages_1_4/continuation_v1/stage2_eval/72take_1200/72take_1200_history_iiith_soccer_004_5_clean.pt,hf_tensor_artifacts_review,441097,"intermediate, redundant shard, synthetic diagnostic or local-only file"
exp/egorecover_stages_1_4/continuation_v1/stage2_eval/72take_1200/72take_1200_history_iiith_soccer_004_5_drift_0p03mps.pt,hf_tensor_artifacts_review,441097,"intermediate, redundant shard, synthetic diagnostic or local-only file"
exp/egorecover_stages_1_4/continuation_v1/stage2_eval/72take_1200/72take_1200_history_iiith_soccer_004_5_freeze_3s.pt,hf_tensor_artifacts_review,441097,"intermediate, redundant shard, synthetic diagnostic or local-only file"
exp/egorecover_stages_1_4/continuation_v1/stage2_eval/72take_1200/72take_1200_history_indiana_music_13_5_clean.pt,hf_tensor_artifacts_review,441097,"intermediate, redundant shard, synthetic diagnostic or local-only file"
exp/egorecover_stages_1_4/continuation_v1/stage2_eval/72take_1200/72take_1200_history_indiana_music_13_5_drift_0p03mps.pt,hf_tensor_artifacts_review,441097,"intermediate, redundant shard, synthetic diagnostic or local-only file"
exp/egorecover_stages_1_4/continuation_v1/stage2_eval/72take_1200/72take_1200_history_indiana_music_13_5_freeze_3s.pt,hf_tensor_artifacts_review,441097,"intermediate, redundant shard, synthetic diagnostic or local-only file"
exp/egorecover_stages_1_4/continuation_v1/stage2_eval/72take_1200/72take_1200_history_nus_cpr_52_1_clean.pt,hf_tensor_artifacts_review,441097,"intermediate, redundant shard, synthetic diagnostic or local-only file"
exp/egorecover_stages_1_4/continuation_v1/stage2_eval/72take_1200/72take_1200_history_nus_cpr_52_1_drift_0p03mps.pt,hf_tensor_artifacts_review,441097,"intermediate, redundant shard, synthetic diagnostic or local-only file"
exp/egorecover_stages_1_4/continuation_v1/stage2_eval/72take_1200/72take_1200_history_nus_cpr_52_1_freeze_3s.pt,hf_tensor_artifacts_review,441097,"intermediate, redundant shard, synthetic diagnostic or local-only file"
exp/egorecover_stages_1_4/continuation_v1/stage2_eval/72take_1200/72take_1200_history_sfu_basketball_03_44_clean.pt,hf_tensor_artifacts_review,441097,"intermediate, redundant shard, synthetic diagnostic or local-only file"
exp/egorecover_stages_1_4/continuation_v1/stage2_eval/72take_1200/72take_1200_history_sfu_basketball_03_44_drift_0p03mps.pt,hf_tensor_artifacts_review,441097,"intermediate, redundant shard, synthetic diagnostic or local-only file"
exp/egorecover_stages_1_4/continuation_v1/stage2_eval/72take_1200/72take_1200_history_sfu_basketball_03_44_freeze_3s.pt,hf_tensor_artifacts_review,441097,"intermediate, redundant shard, synthetic diagnostic or local-only file"
exp/egorecover_stages_1_4/continuation_v1/stage2_eval/72take_1200/72take_1200_history_sfu_basketball_08_15_clean.pt,hf_tensor_artifacts_review,441097,"intermediate, redundant shard, synthetic diagnostic or local-only file"
exp/egorecover_stages_1_4/continuation_v1/stage2_eval/72take_1200/72take_1200_history_sfu_basketball_08_15_drift_0p03mps.pt,hf_tensor_artifacts_review,441097,"intermediate, redundant shard, synthetic diagnostic or local-only file"
exp/egorecover_stages_1_4/continuation_v1/stage2_eval/72take_1200/72take_1200_history_sfu_basketball_08_15_freeze_3s.pt,hf_tensor_artifacts_review,441097,"intermediate, redundant shard, synthetic diagnostic or local-only file"
exp/egorecover_stages_1_4/continuation_v1/stage2_eval/72take_1200/72take_1200_history_unc_basketball_03-16-23_01_18_clean.pt,hf_tensor_artifacts_review,441097,"intermediate, redundant shard, synthetic diagnostic or local-only file"
exp/egorecover_stages_1_4/continuation_v1/stage2_eval/72take_1200/72take_1200_history_unc_basketball_03-16-23_01_18_drift_0p03mps.pt,hf_tensor_artifacts_review,441097,"intermediate, redundant shard, synthetic diagnostic or local-only file"
exp/egorecover_stages_1_4/continuation_v1/stage2_eval/72take_1200/72take_1200_history_unc_basketball_03-16-23_01_18_freeze_3s.pt,hf_tensor_artifacts_review,441097,"intermediate, redundant shard, synthetic diagnostic or local-only file"
exp/egorecover_stages_1_4/continuation_v1/stage2_eval/72take_1200/72take_1200_history_uniandes_dance_011_27_clean.pt,hf_tensor_artifacts_review,441097,"intermediate, redundant shard, synthetic diagnostic or local-only file"
exp/egorecover_stages_1_4/continuation_v1/stage2_eval/72take_1200/72take_1200_history_uniandes_dance_011_27_drift_0p03mps.pt,hf_tensor_artifacts_review,441097,"intermediate, redundant shard, synthetic diagnostic or local-only file"
exp/egorecover_stages_1_4/continuation_v1/stage2_eval/72take_1200/72take_1200_history_uniandes_dance_011_27_freeze_3s.pt,hf_tensor_artifacts_review,441097,"intermediate, redundant shard, synthetic diagnostic or local-only file"
exp/egorecover_stages_1_4/continuation_v1/stage2_eval/72take_1200/72take_1200_history_uniandes_dance_012_15_clean.pt,hf_tensor_artifacts_review,441097,"intermediate, redundant shard, synthetic diagnostic or local-only file"
exp/egorecover_stages_1_4/continuation_v1/stage2_eval/72take_1200/72take_1200_history_uniandes_dance_012_15_drift_0p03mps.pt,hf_tensor_artifacts_review,441097,"intermediate, redundant shard, synthetic diagnostic or local-only file"
exp/egorecover_stages_1_4/continuation_v1/stage2_eval/72take_1200/72take_1200_history_uniandes_dance_012_15_freeze_3s.pt,hf_tensor_artifacts_review,441097,"intermediate, redundant shard, synthetic diagnostic or local-only file"
exp/egorecover_stages_1_4/continuation_v1/stage2_eval/72take_1200/72take_1200_history_upenn_0725_Duet_Violin_1_2_8_clean.pt,hf_tensor_artifacts_review,441097,"intermediate, redundant shard, synthetic diagnostic or local-only file"
exp/egorecover_stages_1_4/continuation_v1/stage2_eval/72take_1200/72take_1200_history_upenn_0725_Duet_Violin_1_2_8_drift_0p03mps.pt,hf_tensor_artifacts_review,441097,"intermediate, redundant shard, synthetic diagnostic or local-only file"
exp/egorecover_stages_1_4/continuation_v1/stage2_eval/72take_1200/72take_1200_history_upenn_0725_Duet_Violin_1_2_8_freeze_3s.pt,hf_tensor_artifacts_review,441097,"intermediate, redundant shard, synthetic diagnostic or local-only file"
exp/egorecover_stages_1_4/continuation_v1/stage2_eval/72take_1200/72take_1200_prior_only_fair_bike_01_12_clean.pt,hf_tensor_artifacts_review,441097,"intermediate, redundant shard, synthetic diagnostic or local-only file"
exp/egorecover_stages_1_4/continuation_v1/stage2_eval/72take_1200/72take_1200_prior_only_fair_bike_01_12_drift_0p03mps.pt,hf_tensor_artifacts_review,441097,"intermediate, redundant shard, synthetic diagnostic or local-only file"
exp/egorecover_stages_1_4/continuation_v1/stage2_eval/72take_1200/72take_1200_prior_only_fair_bike_01_12_freeze_3s.pt,hf_tensor_artifacts_review,441097,"intermediate, redundant shard, synthetic diagnostic or local-only file"
exp/egorecover_stages_1_4/continuation_v1/stage2_eval/72take_1200/72take_1200_prior_only_georgiatech_bike_05_2_clean.pt,hf_tensor_artifacts_review,441097,"intermediate, redundant shard, synthetic diagnostic or local-only file"
exp/egorecover_stages_1_4/continuation_v1/stage2_eval/72take_1200/72take_1200_prior_only_georgiatech_bike_05_2_drift_0p03mps.pt,hf_tensor_artifacts_review,441097,"intermediate, redundant shard, synthetic diagnostic or local-only file"
exp/egorecover_stages_1_4/continuation_v1/stage2_eval/72take_1200/72take_1200_prior_only_georgiatech_bike_05_2_freeze_3s.pt,hf_tensor_artifacts_review,441097,"intermediate, redundant shard, synthetic diagnostic or local-only file"
exp/egorecover_stages_1_4/continuation_v1/stage2_eval/72take_1200/72take_1200_prior_only_iiith_cooking_109_4_clean.pt,hf_tensor_artifacts_review,441097,"intermediate, redundant shard, synthetic diagnostic or local-only file"
exp/egorecover_stages_1_4/continuation_v1/stage2_eval/72take_1200/72take_1200_prior_only_iiith_cooking_109_4_drift_0p03mps.pt,hf_tensor_artifacts_review,441097,"intermediate, redundant shard, synthetic diagnostic or local-only file"
exp/egorecover_stages_1_4/continuation_v1/stage2_eval/72take_1200/72take_1200_prior_only_iiith_cooking_109_4_freeze_3s.pt,hf_tensor_artifacts_review,441097,"intermediate, redundant shard, synthetic diagnostic or local-only file"
exp/egorecover_stages_1_4/continuation_v1/stage2_eval/72take_1200/72take_1200_prior_only_iiith_soccer_004_5_clean.pt,hf_tensor_artifacts_review,441097,"intermediate, redundant shard, synthetic diagnostic or local-only file"
exp/egorecover_stages_1_4/continuation_v1/stage2_eval/72take_1200/72take_1200_prior_only_iiith_soccer_004_5_drift_0p03mps.pt,hf_tensor_artifacts_review,441097,"intermediate, redundant shard, synthetic diagnostic or local-only file"
exp/egorecover_stages_1_4/continuation_v1/stage2_eval/72take_1200/72take_1200_prior_only_iiith_soccer_004_5_freeze_3s.pt,hf_tensor_artifacts_review,441097,"intermediate, redundant shard, synthetic diagnostic or local-only file"
exp/egorecover_stages_1_4/continuation_v1/stage2_eval/72take_1200/72take_1200_prior_only_indiana_music_13_5_clean.pt,hf_tensor_artifacts_review,441097,"intermediate, redundant shard, synthetic diagnostic or local-only file"
exp/egorecover_stages_1_4/continuation_v1/stage2_eval/72take_1200/72take_1200_prior_only_indiana_music_13_5_drift_0p03mps.pt,hf_tensor_artifacts_review,441097,"intermediate, redundant shard, synthetic diagnostic or local-only file"
exp/egorecover_stages_1_4/continuation_v1/stage2_eval/72take_1200/72take_1200_prior_only_indiana_music_13_5_freeze_3s.pt,hf_tensor_artifacts_review,441097,"intermediate, redundant shard, synthetic diagnostic or local-only file"
exp/egorecover_stages_1_4/continuation_v1/stage2_eval/72take_1200/72take_1200_prior_only_nus_cpr_52_1_clean.pt,hf_tensor_artifacts_review,441097,"intermediate, redundant shard, synthetic diagnostic or local-only file"
exp/egorecover_stages_1_4/continuation_v1/stage2_eval/72take_1200/72take_1200_prior_only_nus_cpr_52_1_drift_0p03mps.pt,hf_tensor_artifacts_review,441097,"intermediate, redundant shard, synthetic diagnostic or local-only file"
exp/egorecover_stages_1_4/continuation_v1/stage2_eval/72take_1200/72take_1200_prior_only_nus_cpr_52_1_freeze_3s.pt,hf_tensor_artifacts_review,441097,"intermediate, redundant shard, synthetic diagnostic or local-only file"
exp/egorecover_stages_1_4/continuation_v1/stage2_eval/72take_1200/72take_1200_prior_only_sfu_basketball_03_44_clean.pt,hf_tensor_artifacts_review,441097,"intermediate, redundant shard, synthetic diagnostic or local-only file"
exp/egorecover_stages_1_4/continuation_v1/stage2_eval/72take_1200/72take_1200_prior_only_sfu_basketball_03_44_drift_0p03mps.pt,hf_tensor_artifacts_review,441097,"intermediate, redundant shard, synthetic diagnostic or local-only file"
exp/egorecover_stages_1_4/continuation_v1/stage2_eval/72take_1200/72take_1200_prior_only_sfu_basketball_03_44_freeze_3s.pt,hf_tensor_artifacts_review,441097,"intermediate, redundant shard, synthetic diagnostic or local-only file"
exp/egorecover_stages_1_4/continuation_v1/stage2_eval/72take_1200/72take_1200_prior_only_sfu_basketball_08_15_clean.pt,hf_tensor_artifacts_review,441097,"intermediate, redundant shard, synthetic diagnostic or local-only file"
exp/egorecover_stages_1_4/continuation_v1/stage2_eval/72take_1200/72take_1200_prior_only_sfu_basketball_08_15_drift_0p03mps.pt,hf_tensor_artifacts_review,441097,"intermediate, redundant shard, synthetic diagnostic or local-only file"
exp/egorecover_stages_1_4/continuation_v1/stage2_eval/72take_1200/72take_1200_prior_only_sfu_basketball_08_15_freeze_3s.pt,hf_tensor_artifacts_review,441097,"intermediate, redundant shard, synthetic diagnostic or local-only file"
exp/egorecover_stages_1_4/continuation_v1/stage2_eval/72take_1200/72take_1200_prior_only_unc_basketball_03-16-23_01_18_clean.pt,hf_tensor_artifacts_review,441097,"intermediate, redundant shard, synthetic diagnostic or local-only file"
exp/egorecover_stages_1_4/continuation_v1/stage2_eval/72take_1200/72take_1200_prior_only_unc_basketball_03-16-23_01_18_drift_0p03mps.pt,hf_tensor_artifacts_review,441097,"intermediate, redundant shard, synthetic diagnostic or local-only file"
exp/egorecover_stages_1_4/continuation_v1/stage2_eval/72take_1200/72take_1200_prior_only_unc_basketball_03-16-23_01_18_freeze_3s.pt,hf_tensor_artifacts_review,441097,"intermediate, redundant shard, synthetic diagnostic or local-only file"
exp/egorecover_stages_1_4/continuation_v1/stage2_eval/72take_1200/72take_1200_prior_only_uniandes_dance_011_27_clean.pt,hf_tensor_artifacts_review,441097,"intermediate, redundant shard, synthetic diagnostic or local-only file"
exp/egorecover_stages_1_4/continuation_v1/stage2_eval/72take_1200/72take_1200_prior_only_uniandes_dance_011_27_drift_0p03mps.pt,hf_tensor_artifacts_review,441097,"intermediate, redundant shard, synthetic diagnostic or local-only file"
exp/egorecover_stages_1_4/continuation_v1/stage2_eval/72take_1200/72take_1200_prior_only_uniandes_dance_011_27_freeze_3s.pt,hf_tensor_artifacts_review,441097,"intermediate, redundant shard, synthetic diagnostic or local-only file"
exp/egorecover_stages_1_4/continuation_v1/stage2_eval/72take_1200/72take_1200_prior_only_uniandes_dance_012_15_clean.pt,hf_tensor_artifacts_review,441097,"intermediate, redundant shard, synthetic diagnostic or local-only file"
exp/egorecover_stages_1_4/continuation_v1/stage2_eval/72take_1200/72take_1200_prior_only_uniandes_dance_012_15_drift_0p03mps.pt,hf_tensor_artifacts_review,441097,"intermediate, redundant shard, synthetic diagnostic or local-only file"
exp/egorecover_stages_1_4/continuation_v1/stage2_eval/72take_1200/72take_1200_prior_only_uniandes_dance_012_15_freeze_3s.pt,hf_tensor_artifacts_review,441097,"intermediate, redundant shard, synthetic diagnostic or local-only file"
exp/egorecover_stages_1_4/continuation_v1/stage2_eval/72take_1200/72take_1200_prior_only_upenn_0725_Duet_Violin_1_2_8_clean.pt,hf_tensor_artifacts_review,441097,"intermediate, redundant shard, synthetic diagnostic or local-only file"
exp/egorecover_stages_1_4/continuation_v1/stage2_eval/72take_1200/72take_1200_prior_only_upenn_0725_Duet_Violin_1_2_8_drift_0p03mps.pt,hf_tensor_artifacts_review,441097,"intermediate, redundant shard, synthetic diagnostic or local-only file"
exp/egorecover_stages_1_4/continuation_v1/stage2_eval/72take_1200/72take_1200_prior_only_upenn_0725_Duet_Violin_1_2_8_freeze_3s.pt,hf_tensor_artifacts_review,441097,"intermediate, redundant shard, synthetic diagnostic or local-only file"
exp/egorecover_stages_1_4/continuation_v1/stage2_eval/72take_1200/progress.json,github_experiment_metadata,236266,GitHub lightweight record or source
exp/egorecover_stages_1_4/continuation_v1/stage2_eval/72take_1200/report.json,github_experiment_metadata,906933,GitHub lightweight record or source
exp/egorecover_stages_1_4/continuation_v1/stage2_eval/72take_2400/72take_2400_gaussian_fair_bike_01_12_clean.pt,hf_tensor_artifacts_review,441097,"intermediate, redundant shard, synthetic diagnostic or local-only file"
exp/egorecover_stages_1_4/continuation_v1/stage2_eval/72take_2400/72take_2400_gaussian_fair_bike_01_12_drift_0p03mps.pt,hf_tensor_artifacts_review,441097,"intermediate, redundant shard, synthetic diagnostic or local-only file"
exp/egorecover_stages_1_4/continuation_v1/stage2_eval/72take_2400/72take_2400_gaussian_fair_bike_01_12_freeze_3s.pt,hf_tensor_artifacts_review,441097,"intermediate, redundant shard, synthetic diagnostic or local-only file"
exp/egorecover_stages_1_4/continuation_v1/stage2_eval/72take_2400/72take_2400_gaussian_georgiatech_bike_05_2_clean.pt,hf_tensor_artifacts_review,441097,"intermediate, redundant shard, synthetic diagnostic or local-only file"
exp/egorecover_stages_1_4/continuation_v1/stage2_eval/72take_2400/72take_2400_gaussian_georgiatech_bike_05_2_drift_0p03mps.pt,hf_tensor_artifacts_review,441097,"intermediate, redundant shard, synthetic diagnostic or local-only file"
exp/egorecover_stages_1_4/continuation_v1/stage2_eval/72take_2400/72take_2400_gaussian_georgiatech_bike_05_2_freeze_3s.pt,hf_tensor_artifacts_review,441097,"intermediate, redundant shard, synthetic diagnostic or local-only file"
exp/egorecover_stages_1_4/continuation_v1/stage2_eval/72take_2400/72take_2400_gaussian_iiith_cooking_109_4_clean.pt,hf_tensor_artifacts_review,441097,"intermediate, redundant shard, synthetic diagnostic or local-only file"
exp/egorecover_stages_1_4/continuation_v1/stage2_eval/72take_2400/72take_2400_gaussian_iiith_cooking_109_4_drift_0p03mps.pt,hf_tensor_artifacts_review,441097,"intermediate, redundant shard, synthetic diagnostic or local-only file"
exp/egorecover_stages_1_4/continuation_v1/stage2_eval/72take_2400/72take_2400_gaussian_iiith_cooking_109_4_freeze_3s.pt,hf_tensor_artifacts_review,441097,"intermediate, redundant shard, synthetic diagnostic or local-only file"
exp/egorecover_stages_1_4/continuation_v1/stage2_eval/72take_2400/72take_2400_gaussian_iiith_soccer_004_5_clean.pt,hf_tensor_artifacts_review,441097,"intermediate, redundant shard, synthetic diagnostic or local-only file"
exp/egorecover_stages_1_4/continuation_v1/stage2_eval/72take_2400/72take_2400_gaussian_iiith_soccer_004_5_drift_0p03mps.pt,hf_tensor_artifacts_review,441097,"intermediate, redundant shard, synthetic diagnostic or local-only file"
exp/egorecover_stages_1_4/continuation_v1/stage2_eval/72take_2400/72take_2400_gaussian_iiith_soccer_004_5_freeze_3s.pt,hf_tensor_artifacts_review,441097,"intermediate, redundant shard, synthetic diagnostic or local-only file"
exp/egorecover_stages_1_4/continuation_v1/stage2_eval/72take_2400/72take_2400_gaussian_indiana_music_13_5_clean.pt,hf_tensor_artifacts_review,441097,"intermediate, redundant shard, synthetic diagnostic or local-only file"
exp/egorecover_stages_1_4/continuation_v1/stage2_eval/72take_2400/72take_2400_gaussian_indiana_music_13_5_drift_0p03mps.pt,hf_tensor_artifacts_review,441097,"intermediate, redundant shard, synthetic diagnostic or local-only file"
exp/egorecover_stages_1_4/continuation_v1/stage2_eval/72take_2400/72take_2400_gaussian_indiana_music_13_5_freeze_3s.pt,hf_tensor_artifacts_review,441097,"intermediate, redundant shard, synthetic diagnostic or local-only file"
exp/egorecover_stages_1_4/continuation_v1/stage2_eval/72take_2400/72take_2400_gaussian_nus_cpr_52_1_clean.pt,hf_tensor_artifacts_review,441097,"intermediate, redundant shard, synthetic diagnostic or local-only file"
exp/egorecover_stages_1_4/continuation_v1/stage2_eval/72take_2400/72take_2400_gaussian_nus_cpr_52_1_drift_0p03mps.pt,hf_tensor_artifacts_review,441097,"intermediate, redundant shard, synthetic diagnostic or local-only file"
exp/egorecover_stages_1_4/continuation_v1/stage2_eval/72take_2400/72take_2400_gaussian_nus_cpr_52_1_freeze_3s.pt,hf_tensor_artifacts_review,441097,"intermediate, redundant shard, synthetic diagnostic or local-only file"
exp/egorecover_stages_1_4/continuation_v1/stage2_eval/72take_2400/72take_2400_gaussian_sfu_basketball_03_44_clean.pt,hf_tensor_artifacts_review,441097,"intermediate, redundant shard, synthetic diagnostic or local-only file"
exp/egorecover_stages_1_4/continuation_v1/stage2_eval/72take_2400/72take_2400_gaussian_sfu_basketball_03_44_drift_0p03mps.pt,hf_tensor_artifacts_review,441097,"intermediate, redundant shard, synthetic diagnostic or local-only file"
exp/egorecover_stages_1_4/continuation_v1/stage2_eval/72take_2400/72take_2400_gaussian_sfu_basketball_03_44_freeze_3s.pt,hf_tensor_artifacts_review,441097,"intermediate, redundant shard, synthetic diagnostic or local-only file"
exp/egorecover_stages_1_4/continuation_v1/stage2_eval/72take_2400/72take_2400_gaussian_sfu_basketball_08_15_clean.pt,hf_tensor_artifacts_review,441097,"intermediate, redundant shard, synthetic diagnostic or local-only file"
exp/egorecover_stages_1_4/continuation_v1/stage2_eval/72take_2400/72take_2400_gaussian_sfu_basketball_08_15_drift_0p03mps.pt,hf_tensor_artifacts_review,441097,"intermediate, redundant shard, synthetic diagnostic or local-only file"
exp/egorecover_stages_1_4/continuation_v1/stage2_eval/72take_2400/72take_2400_gaussian_sfu_basketball_08_15_freeze_3s.pt,hf_tensor_artifacts_review,441097,"intermediate, redundant shard, synthetic diagnostic or local-only file"
exp/egorecover_stages_1_4/continuation_v1/stage2_eval/72take_2400/72take_2400_gaussian_unc_basketball_03-16-23_01_18_clean.pt,hf_tensor_artifacts_review,441097,"intermediate, redundant shard, synthetic diagnostic or local-only file"
exp/egorecover_stages_1_4/continuation_v1/stage2_eval/72take_2400/72take_2400_gaussian_unc_basketball_03-16-23_01_18_drift_0p03mps.pt,hf_tensor_artifacts_review,441097,"intermediate, redundant shard, synthetic diagnostic or local-only file"
exp/egorecover_stages_1_4/continuation_v1/stage2_eval/72take_2400/72take_2400_gaussian_unc_basketball_03-16-23_01_18_freeze_3s.pt,hf_tensor_artifacts_review,441097,"intermediate, redundant shard, synthetic diagnostic or local-only file"
exp/egorecover_stages_1_4/continuation_v1/stage2_eval/72take_2400/72take_2400_gaussian_uniandes_dance_011_27_clean.pt,hf_tensor_artifacts_review,441097,"intermediate, redundant shard, synthetic diagnostic or local-only file"
exp/egorecover_stages_1_4/continuation_v1/stage2_eval/72take_2400/72take_2400_gaussian_uniandes_dance_011_27_drift_0p03mps.pt,hf_tensor_artifacts_review,441097,"intermediate, redundant shard, synthetic diagnostic or local-only file"
exp/egorecover_stages_1_4/continuation_v1/stage2_eval/72take_2400/72take_2400_gaussian_uniandes_dance_011_27_freeze_3s.pt,hf_tensor_artifacts_review,441097,"intermediate, redundant shard, synthetic diagnostic or local-only file"
exp/egorecover_stages_1_4/continuation_v1/stage2_eval/72take_2400/72take_2400_gaussian_uniandes_dance_012_15_clean.pt,hf_tensor_artifacts_review,441097,"intermediate, redundant shard, synthetic diagnostic or local-only file"
exp/egorecover_stages_1_4/continuation_v1/stage2_eval/72take_2400/72take_2400_gaussian_uniandes_dance_012_15_drift_0p03mps.pt,hf_tensor_artifacts_review,441097,"intermediate, redundant shard, synthetic diagnostic or local-only file"
exp/egorecover_stages_1_4/continuation_v1/stage2_eval/72take_2400/72take_2400_gaussian_uniandes_dance_012_15_freeze_3s.pt,hf_tensor_artifacts_review,441097,"intermediate, redundant shard, synthetic diagnostic or local-only file"
exp/egorecover_stages_1_4/continuation_v1/stage2_eval/72take_2400/72take_2400_gaussian_upenn_0725_Duet_Violin_1_2_8_clean.pt,hf_tensor_artifacts_review,441097,"intermediate, redundant shard, synthetic diagnostic or local-only file"
exp/egorecover_stages_1_4/continuation_v1/stage2_eval/72take_2400/72take_2400_gaussian_upenn_0725_Duet_Violin_1_2_8_drift_0p03mps.pt,hf_tensor_artifacts_review,441097,"intermediate, redundant shard, synthetic diagnostic or local-only file"
exp/egorecover_stages_1_4/continuation_v1/stage2_eval/72take_2400/72take_2400_gaussian_upenn_0725_Duet_Violin_1_2_8_freeze_3s.pt,hf_tensor_artifacts_review,441097,"intermediate, redundant shard, synthetic diagnostic or local-only file"
exp/egorecover_stages_1_4/continuation_v1/stage2_eval/72take_2400/72take_2400_history_fair_bike_01_12_clean.pt,hf_tensor_artifacts_review,441097,"intermediate, redundant shard, synthetic diagnostic or local-only file"
exp/egorecover_stages_1_4/continuation_v1/stage2_eval/72take_2400/72take_2400_history_fair_bike_01_12_drift_0p03mps.pt,hf_tensor_artifacts_review,441097,"intermediate, redundant shard, synthetic diagnostic or local-only file"
exp/egorecover_stages_1_4/continuation_v1/stage2_eval/72take_2400/72take_2400_history_fair_bike_01_12_freeze_3s.pt,hf_tensor_artifacts_review,441097,"intermediate, redundant shard, synthetic diagnostic or local-only file"
exp/egorecover_stages_1_4/continuation_v1/stage2_eval/72take_2400/72take_2400_history_georgiatech_bike_05_2_clean.pt,hf_tensor_artifacts_review,441097,"intermediate, redundant shard, synthetic diagnostic or local-only file"
exp/egorecover_stages_1_4/continuation_v1/stage2_eval/72take_2400/72take_2400_history_georgiatech_bike_05_2_drift_0p03mps.pt,hf_tensor_artifacts_review,441097,"intermediate, redundant shard, synthetic diagnostic or local-only file"
exp/egorecover_stages_1_4/continuation_v1/stage2_eval/72take_2400/72take_2400_history_georgiatech_bike_05_2_freeze_3s.pt,hf_tensor_artifacts_review,441097,"intermediate, redundant shard, synthetic diagnostic or local-only file"
exp/egorecover_stages_1_4/continuation_v1/stage2_eval/72take_2400/72take_2400_history_iiith_cooking_109_4_clean.pt,hf_tensor_artifacts_review,441097,"intermediate, redundant shard, synthetic diagnostic or local-only file"
exp/egorecover_stages_1_4/continuation_v1/stage2_eval/72take_2400/72take_2400_history_iiith_cooking_109_4_drift_0p03mps.pt,hf_tensor_artifacts_review,441097,"intermediate, redundant shard, synthetic diagnostic or local-only file"
exp/egorecover_stages_1_4/continuation_v1/stage2_eval/72take_2400/72take_2400_history_iiith_cooking_109_4_freeze_3s.pt,hf_tensor_artifacts_review,441097,"intermediate, redundant shard, synthetic diagnostic or local-only file"
exp/egorecover_stages_1_4/continuation_v1/stage2_eval/72take_2400/72take_2400_history_iiith_soccer_004_5_clean.pt,hf_tensor_artifacts_review,441097,"intermediate, redundant shard, synthetic diagnostic or local-only file"
exp/egorecover_stages_1_4/continuation_v1/stage2_eval/72take_2400/72take_2400_history_iiith_soccer_004_5_drift_0p03mps.pt,hf_tensor_artifacts_review,441097,"intermediate, redundant shard, synthetic diagnostic or local-only file"
exp/egorecover_stages_1_4/continuation_v1/stage2_eval/72take_2400/72take_2400_history_iiith_soccer_004_5_freeze_3s.pt,hf_tensor_artifacts_review,441097,"intermediate, redundant shard, synthetic diagnostic or local-only file"
exp/egorecover_stages_1_4/continuation_v1/stage2_eval/72take_2400/72take_2400_history_indiana_music_13_5_clean.pt,hf_tensor_artifacts_review,441097,"intermediate, redundant shard, synthetic diagnostic or local-only file"
exp/egorecover_stages_1_4/continuation_v1/stage2_eval/72take_2400/72take_2400_history_indiana_music_13_5_drift_0p03mps.pt,hf_tensor_artifacts_review,441097,"intermediate, redundant shard, synthetic diagnostic or local-only file"
exp/egorecover_stages_1_4/continuation_v1/stage2_eval/72take_2400/72take_2400_history_indiana_music_13_5_freeze_3s.pt,hf_tensor_artifacts_review,441097,"intermediate, redundant shard, synthetic diagnostic or local-only file"
exp/egorecover_stages_1_4/continuation_v1/stage2_eval/72take_2400/72take_2400_history_nus_cpr_52_1_clean.pt,hf_tensor_artifacts_review,441097,"intermediate, redundant shard, synthetic diagnostic or local-only file"
exp/egorecover_stages_1_4/continuation_v1/stage2_eval/72take_2400/72take_2400_history_nus_cpr_52_1_drift_0p03mps.pt,hf_tensor_artifacts_review,441097,"intermediate, redundant shard, synthetic diagnostic or local-only file"
exp/egorecover_stages_1_4/continuation_v1/stage2_eval/72take_2400/72take_2400_history_nus_cpr_52_1_freeze_3s.pt,hf_tensor_artifacts_review,441097,"intermediate, redundant shard, synthetic diagnostic or local-only file"
exp/egorecover_stages_1_4/continuation_v1/stage2_eval/72take_2400/72take_2400_history_sfu_basketball_03_44_clean.pt,hf_tensor_artifacts_review,441097,"intermediate, redundant shard, synthetic diagnostic or local-only file"
exp/egorecover_stages_1_4/continuation_v1/stage2_eval/72take_2400/72take_2400_history_sfu_basketball_03_44_drift_0p03mps.pt,hf_tensor_artifacts_review,441097,"intermediate, redundant shard, synthetic diagnostic or local-only file"
exp/egorecover_stages_1_4/continuation_v1/stage2_eval/72take_2400/72take_2400_history_sfu_basketball_03_44_freeze_3s.pt,hf_tensor_artifacts_review,441097,"intermediate, redundant shard, synthetic diagnostic or local-only file"
exp/egorecover_stages_1_4/continuation_v1/stage2_eval/72take_2400/72take_2400_history_sfu_basketball_08_15_clean.pt,hf_tensor_artifacts_review,441097,"intermediate, redundant shard, synthetic diagnostic or local-only file"
exp/egorecover_stages_1_4/continuation_v1/stage2_eval/72take_2400/72take_2400_history_sfu_basketball_08_15_drift_0p03mps.pt,hf_tensor_artifacts_review,441097,"intermediate, redundant shard, synthetic diagnostic or local-only file"
exp/egorecover_stages_1_4/continuation_v1/stage2_eval/72take_2400/72take_2400_history_sfu_basketball_08_15_freeze_3s.pt,hf_tensor_artifacts_review,441097,"intermediate, redundant shard, synthetic diagnostic or local-only file"
exp/egorecover_stages_1_4/continuation_v1/stage2_eval/72take_2400/72take_2400_history_unc_basketball_03-16-23_01_18_clean.pt,hf_tensor_artifacts_review,441097,"intermediate, redundant shard, synthetic diagnostic or local-only file"
exp/egorecover_stages_1_4/continuation_v1/stage2_eval/72take_2400/72take_2400_history_unc_basketball_03-16-23_01_18_drift_0p03mps.pt,hf_tensor_artifacts_review,441097,"intermediate, redundant shard, synthetic diagnostic or local-only file"
exp/egorecover_stages_1_4/continuation_v1/stage2_eval/72take_2400/72take_2400_history_unc_basketball_03-16-23_01_18_freeze_3s.pt,hf_tensor_artifacts_review,441097,"intermediate, redundant shard, synthetic diagnostic or local-only file"
exp/egorecover_stages_1_4/continuation_v1/stage2_eval/72take_2400/72take_2400_history_uniandes_dance_011_27_clean.pt,hf_tensor_artifacts_review,441097,"intermediate, redundant shard, synthetic diagnostic or local-only file"
exp/egorecover_stages_1_4/continuation_v1/stage2_eval/72take_2400/72take_2400_history_uniandes_dance_011_27_drift_0p03mps.pt,hf_tensor_artifacts_review,441097,"intermediate, redundant shard, synthetic diagnostic or local-only file"
exp/egorecover_stages_1_4/continuation_v1/stage2_eval/72take_2400/72take_2400_history_uniandes_dance_011_27_freeze_3s.pt,hf_tensor_artifacts_review,441097,"intermediate, redundant shard, synthetic diagnostic or local-only file"
exp/egorecover_stages_1_4/continuation_v1/stage2_eval/72take_2400/72take_2400_history_uniandes_dance_012_15_clean.pt,hf_tensor_artifacts_review,441097,"intermediate, redundant shard, synthetic diagnostic or local-only file"
exp/egorecover_stages_1_4/continuation_v1/stage2_eval/72take_2400/72take_2400_history_uniandes_dance_012_15_drift_0p03mps.pt,hf_tensor_artifacts_review,441097,"intermediate, redundant shard, synthetic diagnostic or local-only file"
exp/egorecover_stages_1_4/continuation_v1/stage2_eval/72take_2400/72take_2400_history_uniandes_dance_012_15_freeze_3s.pt,hf_tensor_artifacts_review,441097,"intermediate, redundant shard, synthetic diagnostic or local-only file"
exp/egorecover_stages_1_4/continuation_v1/stage2_eval/72take_2400/72take_2400_history_upenn_0725_Duet_Violin_1_2_8_clean.pt,hf_tensor_artifacts_review,441097,"intermediate, redundant shard, synthetic diagnostic or local-only file"
exp/egorecover_stages_1_4/continuation_v1/stage2_eval/72take_2400/72take_2400_history_upenn_0725_Duet_Violin_1_2_8_drift_0p03mps.pt,hf_tensor_artifacts_review,441097,"intermediate, redundant shard, synthetic diagnostic or local-only file"
exp/egorecover_stages_1_4/continuation_v1/stage2_eval/72take_2400/72take_2400_history_upenn_0725_Duet_Violin_1_2_8_freeze_3s.pt,hf_tensor_artifacts_review,441097,"intermediate, redundant shard, synthetic diagnostic or local-only file"
exp/egorecover_stages_1_4/continuation_v1/stage2_eval/72take_2400/72take_2400_prior_only_fair_bike_01_12_clean.pt,hf_tensor_artifacts_review,441097,"intermediate, redundant shard, synthetic diagnostic or local-only file"
exp/egorecover_stages_1_4/continuation_v1/stage2_eval/72take_2400/72take_2400_prior_only_fair_bike_01_12_drift_0p03mps.pt,hf_tensor_artifacts_review,441097,"intermediate, redundant shard, synthetic diagnostic or local-only file"
exp/egorecover_stages_1_4/continuation_v1/stage2_eval/72take_2400/72take_2400_prior_only_fair_bike_01_12_freeze_3s.pt,hf_tensor_artifacts_review,441097,"intermediate, redundant shard, synthetic diagnostic or local-only file"
exp/egorecover_stages_1_4/continuation_v1/stage2_eval/72take_2400/72take_2400_prior_only_georgiatech_bike_05_2_clean.pt,hf_tensor_artifacts_review,441097,"intermediate, redundant shard, synthetic diagnostic or local-only file"
exp/egorecover_stages_1_4/continuation_v1/stage2_eval/72take_2400/72take_2400_prior_only_georgiatech_bike_05_2_drift_0p03mps.pt,hf_tensor_artifacts_review,441097,"intermediate, redundant shard, synthetic diagnostic or local-only file"
exp/egorecover_stages_1_4/continuation_v1/stage2_eval/72take_2400/72take_2400_prior_only_georgiatech_bike_05_2_freeze_3s.pt,hf_tensor_artifacts_review,441097,"intermediate, redundant shard, synthetic diagnostic or local-only file"
exp/egorecover_stages_1_4/continuation_v1/stage2_eval/72take_2400/72take_2400_prior_only_iiith_cooking_109_4_clean.pt,hf_tensor_artifacts_review,441097,"intermediate, redundant shard, synthetic diagnostic or local-only file"
exp/egorecover_stages_1_4/continuation_v1/stage2_eval/72take_2400/72take_2400_prior_only_iiith_cooking_109_4_drift_0p03mps.pt,hf_tensor_artifacts_review,441097,"intermediate, redundant shard, synthetic diagnostic or local-only file"
exp/egorecover_stages_1_4/continuation_v1/stage2_eval/72take_2400/72take_2400_prior_only_iiith_cooking_109_4_freeze_3s.pt,hf_tensor_artifacts_review,441097,"intermediate, redundant shard, synthetic diagnostic or local-only file"
exp/egorecover_stages_1_4/continuation_v1/stage2_eval/72take_2400/72take_2400_prior_only_iiith_soccer_004_5_clean.pt,hf_tensor_artifacts_review,441097,"intermediate, redundant shard, synthetic diagnostic or local-only file"
exp/egorecover_stages_1_4/continuation_v1/stage2_eval/72take_2400/72take_2400_prior_only_iiith_soccer_004_5_drift_0p03mps.pt,hf_tensor_artifacts_review,441097,"intermediate, redundant shard, synthetic diagnostic or local-only file"
exp/egorecover_stages_1_4/continuation_v1/stage2_eval/72take_2400/72take_2400_prior_only_iiith_soccer_004_5_freeze_3s.pt,hf_tensor_artifacts_review,441097,"intermediate, redundant shard, synthetic diagnostic or local-only file"
exp/egorecover_stages_1_4/continuation_v1/stage2_eval/72take_2400/72take_2400_prior_only_indiana_music_13_5_clean.pt,hf_tensor_artifacts_review,441097,"intermediate, redundant shard, synthetic diagnostic or local-only file"
exp/egorecover_stages_1_4/continuation_v1/stage2_eval/72take_2400/72take_2400_prior_only_indiana_music_13_5_drift_0p03mps.pt,hf_tensor_artifacts_review,441097,"intermediate, redundant shard, synthetic diagnostic or local-only file"
exp/egorecover_stages_1_4/continuation_v1/stage2_eval/72take_2400/72take_2400_prior_only_indiana_music_13_5_freeze_3s.pt,hf_tensor_artifacts_review,441097,"intermediate, redundant shard, synthetic diagnostic or local-only file"
exp/egorecover_stages_1_4/continuation_v1/stage2_eval/72take_2400/72take_2400_prior_only_nus_cpr_52_1_clean.pt,hf_tensor_artifacts_review,441097,"intermediate, redundant shard, synthetic diagnostic or local-only file"
exp/egorecover_stages_1_4/continuation_v1/stage2_eval/72take_2400/72take_2400_prior_only_nus_cpr_52_1_drift_0p03mps.pt,hf_tensor_artifacts_review,441097,"intermediate, redundant shard, synthetic diagnostic or local-only file"
exp/egorecover_stages_1_4/continuation_v1/stage2_eval/72take_2400/72take_2400_prior_only_nus_cpr_52_1_freeze_3s.pt,hf_tensor_artifacts_review,441097,"intermediate, redundant shard, synthetic diagnostic or local-only file"
exp/egorecover_stages_1_4/continuation_v1/stage2_eval/72take_2400/72take_2400_prior_only_sfu_basketball_03_44_clean.pt,hf_tensor_artifacts_review,441097,"intermediate, redundant shard, synthetic diagnostic or local-only file"
exp/egorecover_stages_1_4/continuation_v1/stage2_eval/72take_2400/72take_2400_prior_only_sfu_basketball_03_44_drift_0p03mps.pt,hf_tensor_artifacts_review,441097,"intermediate, redundant shard, synthetic diagnostic or local-only file"
exp/egorecover_stages_1_4/continuation_v1/stage2_eval/72take_2400/72take_2400_prior_only_sfu_basketball_03_44_freeze_3s.pt,hf_tensor_artifacts_review,441097,"intermediate, redundant shard, synthetic diagnostic or local-only file"
exp/egorecover_stages_1_4/continuation_v1/stage2_eval/72take_2400/72take_2400_prior_only_sfu_basketball_08_15_clean.pt,hf_tensor_artifacts_review,441097,"intermediate, redundant shard, synthetic diagnostic or local-only file"
exp/egorecover_stages_1_4/continuation_v1/stage2_eval/72take_2400/72take_2400_prior_only_sfu_basketball_08_15_drift_0p03mps.pt,hf_tensor_artifacts_review,441097,"intermediate, redundant shard, synthetic diagnostic or local-only file"
exp/egorecover_stages_1_4/continuation_v1/stage2_eval/72take_2400/72take_2400_prior_only_sfu_basketball_08_15_freeze_3s.pt,hf_tensor_artifacts_review,441097,"intermediate, redundant shard, synthetic diagnostic or local-only file"
exp/egorecover_stages_1_4/continuation_v1/stage2_eval/72take_2400/72take_2400_prior_only_unc_basketball_03-16-23_01_18_clean.pt,hf_tensor_artifacts_review,441097,"intermediate, redundant shard, synthetic diagnostic or local-only file"
exp/egorecover_stages_1_4/continuation_v1/stage2_eval/72take_2400/72take_2400_prior_only_unc_basketball_03-16-23_01_18_drift_0p03mps.pt,hf_tensor_artifacts_review,441097,"intermediate, redundant shard, synthetic diagnostic or local-only file"
exp/egorecover_stages_1_4/continuation_v1/stage2_eval/72take_2400/72take_2400_prior_only_unc_basketball_03-16-23_01_18_freeze_3s.pt,hf_tensor_artifacts_review,441097,"intermediate, redundant shard, synthetic diagnostic or local-only file"
exp/egorecover_stages_1_4/continuation_v1/stage2_eval/72take_2400/72take_2400_prior_only_uniandes_dance_011_27_clean.pt,hf_tensor_artifacts_review,441097,"intermediate, redundant shard, synthetic diagnostic or local-only file"
exp/egorecover_stages_1_4/continuation_v1/stage2_eval/72take_2400/72take_2400_prior_only_uniandes_dance_011_27_drift_0p03mps.pt,hf_tensor_artifacts_review,441097,"intermediate, redundant shard, synthetic diagnostic or local-only file"
exp/egorecover_stages_1_4/continuation_v1/stage2_eval/72take_2400/72take_2400_prior_only_uniandes_dance_011_27_freeze_3s.pt,hf_tensor_artifacts_review,441097,"intermediate, redundant shard, synthetic diagnostic or local-only file"
exp/egorecover_stages_1_4/continuation_v1/stage2_eval/72take_2400/72take_2400_prior_only_uniandes_dance_012_15_clean.pt,hf_tensor_artifacts_review,441097,"intermediate, redundant shard, synthetic diagnostic or local-only file"
exp/egorecover_stages_1_4/continuation_v1/stage2_eval/72take_2400/72take_2400_prior_only_uniandes_dance_012_15_drift_0p03mps.pt,hf_tensor_artifacts_review,441097,"intermediate, redundant shard, synthetic diagnostic or local-only file"
exp/egorecover_stages_1_4/continuation_v1/stage2_eval/72take_2400/72take_2400_prior_only_uniandes_dance_012_15_freeze_3s.pt,hf_tensor_artifacts_review,441097,"intermediate, redundant shard, synthetic diagnostic or local-only file"
exp/egorecover_stages_1_4/continuation_v1/stage2_eval/72take_2400/72take_2400_prior_only_upenn_0725_Duet_Violin_1_2_8_clean.pt,hf_tensor_artifacts_review,441097,"intermediate, redundant shard, synthetic diagnostic or local-only file"
exp/egorecover_stages_1_4/continuation_v1/stage2_eval/72take_2400/72take_2400_prior_only_upenn_0725_Duet_Violin_1_2_8_drift_0p03mps.pt,hf_tensor_artifacts_review,441097,"intermediate, redundant shard, synthetic diagnostic or local-only file"
exp/egorecover_stages_1_4/continuation_v1/stage2_eval/72take_2400/72take_2400_prior_only_upenn_0725_Duet_Violin_1_2_8_freeze_3s.pt,hf_tensor_artifacts_review,441097,"intermediate, redundant shard, synthetic diagnostic or local-only file"
exp/egorecover_stages_1_4/continuation_v1/stage2_eval/72take_2400/progress.json,github_experiment_metadata,236282,GitHub lightweight record or source
exp/egorecover_stages_1_4/continuation_v1/stage2_eval/72take_2400/report.json,github_experiment_metadata,907075,GitHub lightweight record or source
exp/egorecover_stages_1_4/continuation_v1/stage2_eval/72take_400/72take_400_gaussian_fair_bike_01_12_clean.pt,hf_tensor_artifacts_review,441097,"intermediate, redundant shard, synthetic diagnostic or local-only file"
exp/egorecover_stages_1_4/continuation_v1/stage2_eval/72take_400/72take_400_gaussian_fair_bike_01_12_drift_0p03mps.pt,hf_tensor_artifacts_review,441097,"intermediate, redundant shard, synthetic diagnostic or local-only file"
exp/egorecover_stages_1_4/continuation_v1/stage2_eval/72take_400/72take_400_gaussian_fair_bike_01_12_freeze_3s.pt,hf_tensor_artifacts_review,441097,"intermediate, redundant shard, synthetic diagnostic or local-only file"
exp/egorecover_stages_1_4/continuation_v1/stage2_eval/72take_400/72take_400_gaussian_georgiatech_bike_05_2_clean.pt,hf_tensor_artifacts_review,441097,"intermediate, redundant shard, synthetic diagnostic or local-only file"
exp/egorecover_stages_1_4/continuation_v1/stage2_eval/72take_400/72take_400_gaussian_georgiatech_bike_05_2_drift_0p03mps.pt,hf_tensor_artifacts_review,441097,"intermediate, redundant shard, synthetic diagnostic or local-only file"
exp/egorecover_stages_1_4/continuation_v1/stage2_eval/72take_400/72take_400_gaussian_georgiatech_bike_05_2_freeze_3s.pt,hf_tensor_artifacts_review,441097,"intermediate, redundant shard, synthetic diagnostic or local-only file"
exp/egorecover_stages_1_4/continuation_v1/stage2_eval/72take_400/72take_400_gaussian_iiith_cooking_109_4_clean.pt,hf_tensor_artifacts_review,441097,"intermediate, redundant shard, synthetic diagnostic or local-only file"
exp/egorecover_stages_1_4/continuation_v1/stage2_eval/72take_400/72take_400_gaussian_iiith_cooking_109_4_drift_0p03mps.pt,hf_tensor_artifacts_review,441097,"intermediate, redundant shard, synthetic diagnostic or local-only file"
exp/egorecover_stages_1_4/continuation_v1/stage2_eval/72take_400/72take_400_gaussian_iiith_cooking_109_4_freeze_3s.pt,hf_tensor_artifacts_review,441097,"intermediate, redundant shard, synthetic diagnostic or local-only file"
exp/egorecover_stages_1_4/continuation_v1/stage2_eval/72take_400/72take_400_gaussian_iiith_soccer_004_5_clean.pt,hf_tensor_artifacts_review,441097,"intermediate, redundant shard, synthetic diagnostic or local-only file"
exp/egorecover_stages_1_4/continuation_v1/stage2_eval/72take_400/72take_400_gaussian_iiith_soccer_004_5_drift_0p03mps.pt,hf_tensor_artifacts_review,441097,"intermediate, redundant shard, synthetic diagnostic or local-only file"
exp/egorecover_stages_1_4/continuation_v1/stage2_eval/72take_400/72take_400_gaussian_iiith_soccer_004_5_freeze_3s.pt,hf_tensor_artifacts_review,441097,"intermediate, redundant shard, synthetic diagnostic or local-only file"
exp/egorecover_stages_1_4/continuation_v1/stage2_eval/72take_400/72take_400_gaussian_indiana_music_13_5_clean.pt,hf_tensor_artifacts_review,441097,"intermediate, redundant shard, synthetic diagnostic or local-only file"
exp/egorecover_stages_1_4/continuation_v1/stage2_eval/72take_400/72take_400_gaussian_indiana_music_13_5_drift_0p03mps.pt,hf_tensor_artifacts_review,441097,"intermediate, redundant shard, synthetic diagnostic or local-only file"
exp/egorecover_stages_1_4/continuation_v1/stage2_eval/72take_400/72take_400_gaussian_indiana_music_13_5_freeze_3s.pt,hf_tensor_artifacts_review,441097,"intermediate, redundant shard, synthetic diagnostic or local-only file"
exp/egorecover_stages_1_4/continuation_v1/stage2_eval/72take_400/72take_400_gaussian_nus_cpr_52_1_clean.pt,hf_tensor_artifacts_review,441097,"intermediate, redundant shard, synthetic diagnostic or local-only file"
exp/egorecover_stages_1_4/continuation_v1/stage2_eval/72take_400/72take_400_gaussian_nus_cpr_52_1_drift_0p03mps.pt,hf_tensor_artifacts_review,441097,"intermediate, redundant shard, synthetic diagnostic or local-only file"
exp/egorecover_stages_1_4/continuation_v1/stage2_eval/72take_400/72take_400_gaussian_nus_cpr_52_1_freeze_3s.pt,hf_tensor_artifacts_review,441097,"intermediate, redundant shard, synthetic diagnostic or local-only file"
exp/egorecover_stages_1_4/continuation_v1/stage2_eval/72take_400/72take_400_gaussian_sfu_basketball_03_44_clean.pt,hf_tensor_artifacts_review,441097,"intermediate, redundant shard, synthetic diagnostic or local-only file"
exp/egorecover_stages_1_4/continuation_v1/stage2_eval/72take_400/72take_400_gaussian_sfu_basketball_03_44_drift_0p03mps.pt,hf_tensor_artifacts_review,441097,"intermediate, redundant shard, synthetic diagnostic or local-only file"
exp/egorecover_stages_1_4/continuation_v1/stage2_eval/72take_400/72take_400_gaussian_sfu_basketball_03_44_freeze_3s.pt,hf_tensor_artifacts_review,441097,"intermediate, redundant shard, synthetic diagnostic or local-only file"
exp/egorecover_stages_1_4/continuation_v1/stage2_eval/72take_400/72take_400_gaussian_sfu_basketball_08_15_clean.pt,hf_tensor_artifacts_review,441097,"intermediate, redundant shard, synthetic diagnostic or local-only file"
exp/egorecover_stages_1_4/continuation_v1/stage2_eval/72take_400/72take_400_gaussian_sfu_basketball_08_15_drift_0p03mps.pt,hf_tensor_artifacts_review,441097,"intermediate, redundant shard, synthetic diagnostic or local-only file"
exp/egorecover_stages_1_4/continuation_v1/stage2_eval/72take_400/72take_400_gaussian_sfu_basketball_08_15_freeze_3s.pt,hf_tensor_artifacts_review,441097,"intermediate, redundant shard, synthetic diagnostic or local-only file"
exp/egorecover_stages_1_4/continuation_v1/stage2_eval/72take_400/72take_400_gaussian_unc_basketball_03-16-23_01_18_clean.pt,hf_tensor_artifacts_review,441097,"intermediate, redundant shard, synthetic diagnostic or local-only file"
exp/egorecover_stages_1_4/continuation_v1/stage2_eval/72take_400/72take_400_gaussian_unc_basketball_03-16-23_01_18_drift_0p03mps.pt,hf_tensor_artifacts_review,441097,"intermediate, redundant shard, synthetic diagnostic or local-only file"
exp/egorecover_stages_1_4/continuation_v1/stage2_eval/72take_400/72take_400_gaussian_unc_basketball_03-16-23_01_18_freeze_3s.pt,hf_tensor_artifacts_review,441097,"intermediate, redundant shard, synthetic diagnostic or local-only file"
exp/egorecover_stages_1_4/continuation_v1/stage2_eval/72take_400/72take_400_gaussian_uniandes_dance_011_27_clean.pt,hf_tensor_artifacts_review,441097,"intermediate, redundant shard, synthetic diagnostic or local-only file"
exp/egorecover_stages_1_4/continuation_v1/stage2_eval/72take_400/72take_400_gaussian_uniandes_dance_011_27_drift_0p03mps.pt,hf_tensor_artifacts_review,441097,"intermediate, redundant shard, synthetic diagnostic or local-only file"
exp/egorecover_stages_1_4/continuation_v1/stage2_eval/72take_400/72take_400_gaussian_uniandes_dance_011_27_freeze_3s.pt,hf_tensor_artifacts_review,441097,"intermediate, redundant shard, synthetic diagnostic or local-only file"
exp/egorecover_stages_1_4/continuation_v1/stage2_eval/72take_400/72take_400_gaussian_uniandes_dance_012_15_clean.pt,hf_tensor_artifacts_review,441097,"intermediate, redundant shard, synthetic diagnostic or local-only file"
exp/egorecover_stages_1_4/continuation_v1/stage2_eval/72take_400/72take_400_gaussian_uniandes_dance_012_15_drift_0p03mps.pt,hf_tensor_artifacts_review,441097,"intermediate, redundant shard, synthetic diagnostic or local-only file"
exp/egorecover_stages_1_4/continuation_v1/stage2_eval/72take_400/72take_400_gaussian_uniandes_dance_012_15_freeze_3s.pt,hf_tensor_artifacts_review,441097,"intermediate, redundant shard, synthetic diagnostic or local-only file"
exp/egorecover_stages_1_4/continuation_v1/stage2_eval/72take_400/72take_400_gaussian_upenn_0725_Duet_Violin_1_2_8_clean.pt,hf_tensor_artifacts_review,441097,"intermediate, redundant shard, synthetic diagnostic or local-only file"
exp/egorecover_stages_1_4/continuation_v1/stage2_eval/72take_400/72take_400_gaussian_upenn_0725_Duet_Violin_1_2_8_drift_0p03mps.pt,hf_tensor_artifacts_review,441097,"intermediate, redundant shard, synthetic diagnostic or local-only file"
exp/egorecover_stages_1_4/continuation_v1/stage2_eval/72take_400/72take_400_gaussian_upenn_0725_Duet_Violin_1_2_8_freeze_3s.pt,hf_tensor_artifacts_review,441097,"intermediate, redundant shard, synthetic diagnostic or local-only file"
exp/egorecover_stages_1_4/continuation_v1/stage2_eval/72take_400/72take_400_history_fair_bike_01_12_clean.pt,hf_tensor_artifacts_review,441097,"intermediate, redundant shard, synthetic diagnostic or local-only file"
exp/egorecover_stages_1_4/continuation_v1/stage2_eval/72take_400/72take_400_history_fair_bike_01_12_drift_0p03mps.pt,hf_tensor_artifacts_review,441097,"intermediate, redundant shard, synthetic diagnostic or local-only file"
exp/egorecover_stages_1_4/continuation_v1/stage2_eval/72take_400/72take_400_history_fair_bike_01_12_freeze_3s.pt,hf_tensor_artifacts_review,441097,"intermediate, redundant shard, synthetic diagnostic or local-only file"
exp/egorecover_stages_1_4/continuation_v1/stage2_eval/72take_400/72take_400_history_georgiatech_bike_05_2_clean.pt,hf_tensor_artifacts_review,441097,"intermediate, redundant shard, synthetic diagnostic or local-only file"
exp/egorecover_stages_1_4/continuation_v1/stage2_eval/72take_400/72take_400_history_georgiatech_bike_05_2_drift_0p03mps.pt,hf_tensor_artifacts_review,441097,"intermediate, redundant shard, synthetic diagnostic or local-only file"
exp/egorecover_stages_1_4/continuation_v1/stage2_eval/72take_400/72take_400_history_georgiatech_bike_05_2_freeze_3s.pt,hf_tensor_artifacts_review,441097,"intermediate, redundant shard, synthetic diagnostic or local-only file"
exp/egorecover_stages_1_4/continuation_v1/stage2_eval/72take_400/72take_400_history_iiith_cooking_109_4_clean.pt,hf_tensor_artifacts_review,441097,"intermediate, redundant shard, synthetic diagnostic or local-only file"
exp/egorecover_stages_1_4/continuation_v1/stage2_eval/72take_400/72take_400_history_iiith_cooking_109_4_drift_0p03mps.pt,hf_tensor_artifacts_review,441097,"intermediate, redundant shard, synthetic diagnostic or local-only file"
exp/egorecover_stages_1_4/continuation_v1/stage2_eval/72take_400/72take_400_history_iiith_cooking_109_4_freeze_3s.pt,hf_tensor_artifacts_review,441097,"intermediate, redundant shard, synthetic diagnostic or local-only file"
exp/egorecover_stages_1_4/continuation_v1/stage2_eval/72take_400/72take_400_history_iiith_soccer_004_5_clean.pt,hf_tensor_artifacts_review,441097,"intermediate, redundant shard, synthetic diagnostic or local-only file"
exp/egorecover_stages_1_4/continuation_v1/stage2_eval/72take_400/72take_400_history_iiith_soccer_004_5_drift_0p03mps.pt,hf_tensor_artifacts_review,441097,"intermediate, redundant shard, synthetic diagnostic or local-only file"
exp/egorecover_stages_1_4/continuation_v1/stage2_eval/72take_400/72take_400_history_iiith_soccer_004_5_freeze_3s.pt,hf_tensor_artifacts_review,441097,"intermediate, redundant shard, synthetic diagnostic or local-only file"
exp/egorecover_stages_1_4/continuation_v1/stage2_eval/72take_400/72take_400_history_indiana_music_13_5_clean.pt,hf_tensor_artifacts_review,441097,"intermediate, redundant shard, synthetic diagnostic or local-only file"
exp/egorecover_stages_1_4/continuation_v1/stage2_eval/72take_400/72take_400_history_indiana_music_13_5_drift_0p03mps.pt,hf_tensor_artifacts_review,441097,"intermediate, redundant shard, synthetic diagnostic or local-only file"
exp/egorecover_stages_1_4/continuation_v1/stage2_eval/72take_400/72take_400_history_indiana_music_13_5_freeze_3s.pt,hf_tensor_artifacts_review,441097,"intermediate, redundant shard, synthetic diagnostic or local-only file"
exp/egorecover_stages_1_4/continuation_v1/stage2_eval/72take_400/72take_400_history_nus_cpr_52_1_clean.pt,hf_tensor_artifacts_review,441097,"intermediate, redundant shard, synthetic diagnostic or local-only file"
exp/egorecover_stages_1_4/continuation_v1/stage2_eval/72take_400/72take_400_history_nus_cpr_52_1_drift_0p03mps.pt,hf_tensor_artifacts_review,441097,"intermediate, redundant shard, synthetic diagnostic or local-only file"
exp/egorecover_stages_1_4/continuation_v1/stage2_eval/72take_400/72take_400_history_nus_cpr_52_1_freeze_3s.pt,hf_tensor_artifacts_review,441097,"intermediate, redundant shard, synthetic diagnostic or local-only file"
exp/egorecover_stages_1_4/continuation_v1/stage2_eval/72take_400/72take_400_history_sfu_basketball_03_44_clean.pt,hf_tensor_artifacts_review,441097,"intermediate, redundant shard, synthetic diagnostic or local-only file"
exp/egorecover_stages_1_4/continuation_v1/stage2_eval/72take_400/72take_400_history_sfu_basketball_03_44_drift_0p03mps.pt,hf_tensor_artifacts_review,441097,"intermediate, redundant shard, synthetic diagnostic or local-only file"
exp/egorecover_stages_1_4/continuation_v1/stage2_eval/72take_400/72take_400_history_sfu_basketball_03_44_freeze_3s.pt,hf_tensor_artifacts_review,441097,"intermediate, redundant shard, synthetic diagnostic or local-only file"
exp/egorecover_stages_1_4/continuation_v1/stage2_eval/72take_400/72take_400_history_sfu_basketball_08_15_clean.pt,hf_tensor_artifacts_review,441097,"intermediate, redundant shard, synthetic diagnostic or local-only file"
exp/egorecover_stages_1_4/continuation_v1/stage2_eval/72take_400/72take_400_history_sfu_basketball_08_15_drift_0p03mps.pt,hf_tensor_artifacts_review,441097,"intermediate, redundant shard, synthetic diagnostic or local-only file"
exp/egorecover_stages_1_4/continuation_v1/stage2_eval/72take_400/72take_400_history_sfu_basketball_08_15_freeze_3s.pt,hf_tensor_artifacts_review,441097,"intermediate, redundant shard, synthetic diagnostic or local-only file"
exp/egorecover_stages_1_4/continuation_v1/stage2_eval/72take_400/72take_400_history_unc_basketball_03-16-23_01_18_clean.pt,hf_tensor_artifacts_review,441097,"intermediate, redundant shard, synthetic diagnostic or local-only file"
exp/egorecover_stages_1_4/continuation_v1/stage2_eval/72take_400/72take_400_history_unc_basketball_03-16-23_01_18_drift_0p03mps.pt,hf_tensor_artifacts_review,441097,"intermediate, redundant shard, synthetic diagnostic or local-only file"
exp/egorecover_stages_1_4/continuation_v1/stage2_eval/72take_400/72take_400_history_unc_basketball_03-16-23_01_18_freeze_3s.pt,hf_tensor_artifacts_review,441097,"intermediate, redundant shard, synthetic diagnostic or local-only file"
exp/egorecover_stages_1_4/continuation_v1/stage2_eval/72take_400/72take_400_history_uniandes_dance_011_27_clean.pt,hf_tensor_artifacts_review,441097,"intermediate, redundant shard, synthetic diagnostic or local-only file"
exp/egorecover_stages_1_4/continuation_v1/stage2_eval/72take_400/72take_400_history_uniandes_dance_011_27_drift_0p03mps.pt,hf_tensor_artifacts_review,441097,"intermediate, redundant shard, synthetic diagnostic or local-only file"
exp/egorecover_stages_1_4/continuation_v1/stage2_eval/72take_400/72take_400_history_uniandes_dance_011_27_freeze_3s.pt,hf_tensor_artifacts_review,441097,"intermediate, redundant shard, synthetic diagnostic or local-only file"
exp/egorecover_stages_1_4/continuation_v1/stage2_eval/72take_400/72take_400_history_uniandes_dance_012_15_clean.pt,hf_tensor_artifacts_review,441097,"intermediate, redundant shard, synthetic diagnostic or local-only file"
exp/egorecover_stages_1_4/continuation_v1/stage2_eval/72take_400/72take_400_history_uniandes_dance_012_15_drift_0p03mps.pt,hf_tensor_artifacts_review,441097,"intermediate, redundant shard, synthetic diagnostic or local-only file"
exp/egorecover_stages_1_4/continuation_v1/stage2_eval/72take_400/72take_400_history_uniandes_dance_012_15_freeze_3s.pt,hf_tensor_artifacts_review,441097,"intermediate, redundant shard, synthetic diagnostic or local-only file"
exp/egorecover_stages_1_4/continuation_v1/stage2_eval/72take_400/72take_400_history_upenn_0725_Duet_Violin_1_2_8_clean.pt,hf_tensor_artifacts_review,441097,"intermediate, redundant shard, synthetic diagnostic or local-only file"
exp/egorecover_stages_1_4/continuation_v1/stage2_eval/72take_400/72take_400_history_upenn_0725_Duet_Violin_1_2_8_drift_0p03mps.pt,hf_tensor_artifacts_review,441097,"intermediate, redundant shard, synthetic diagnostic or local-only file"
exp/egorecover_stages_1_4/continuation_v1/stage2_eval/72take_400/72take_400_history_upenn_0725_Duet_Violin_1_2_8_freeze_3s.pt,hf_tensor_artifacts_review,441097,"intermediate, redundant shard, synthetic diagnostic or local-only file"
exp/egorecover_stages_1_4/continuation_v1/stage2_eval/72take_400/72take_400_prior_only_fair_bike_01_12_clean.pt,hf_tensor_artifacts_review,441097,"intermediate, redundant shard, synthetic diagnostic or local-only file"
exp/egorecover_stages_1_4/continuation_v1/stage2_eval/72take_400/72take_400_prior_only_fair_bike_01_12_drift_0p03mps.pt,hf_tensor_artifacts_review,441097,"intermediate, redundant shard, synthetic diagnostic or local-only file"
exp/egorecover_stages_1_4/continuation_v1/stage2_eval/72take_400/72take_400_prior_only_fair_bike_01_12_freeze_3s.pt,hf_tensor_artifacts_review,441097,"intermediate, redundant shard, synthetic diagnostic or local-only file"
exp/egorecover_stages_1_4/continuation_v1/stage2_eval/72take_400/72take_400_prior_only_georgiatech_bike_05_2_clean.pt,hf_tensor_artifacts_review,441097,"intermediate, redundant shard, synthetic diagnostic or local-only file"
exp/egorecover_stages_1_4/continuation_v1/stage2_eval/72take_400/72take_400_prior_only_georgiatech_bike_05_2_drift_0p03mps.pt,hf_tensor_artifacts_review,441097,"intermediate, redundant shard, synthetic diagnostic or local-only file"
exp/egorecover_stages_1_4/continuation_v1/stage2_eval/72take_400/72take_400_prior_only_georgiatech_bike_05_2_freeze_3s.pt,hf_tensor_artifacts_review,441097,"intermediate, redundant shard, synthetic diagnostic or local-only file"
exp/egorecover_stages_1_4/continuation_v1/stage2_eval/72take_400/72take_400_prior_only_iiith_cooking_109_4_clean.pt,hf_tensor_artifacts_review,441097,"intermediate, redundant shard, synthetic diagnostic or local-only file"
exp/egorecover_stages_1_4/continuation_v1/stage2_eval/72take_400/72take_400_prior_only_iiith_cooking_109_4_drift_0p03mps.pt,hf_tensor_artifacts_review,441097,"intermediate, redundant shard, synthetic diagnostic or local-only file"
exp/egorecover_stages_1_4/continuation_v1/stage2_eval/72take_400/72take_400_prior_only_iiith_cooking_109_4_freeze_3s.pt,hf_tensor_artifacts_review,441097,"intermediate, redundant shard, synthetic diagnostic or local-only file"
exp/egorecover_stages_1_4/continuation_v1/stage2_eval/72take_400/72take_400_prior_only_iiith_soccer_004_5_clean.pt,hf_tensor_artifacts_review,441097,"intermediate, redundant shard, synthetic diagnostic or local-only file"
exp/egorecover_stages_1_4/continuation_v1/stage2_eval/72take_400/72take_400_prior_only_iiith_soccer_004_5_drift_0p03mps.pt,hf_tensor_artifacts_review,441097,"intermediate, redundant shard, synthetic diagnostic or local-only file"
exp/egorecover_stages_1_4/continuation_v1/stage2_eval/72take_400/72take_400_prior_only_iiith_soccer_004_5_freeze_3s.pt,hf_tensor_artifacts_review,441097,"intermediate, redundant shard, synthetic diagnostic or local-only file"
exp/egorecover_stages_1_4/continuation_v1/stage2_eval/72take_400/72take_400_prior_only_indiana_music_13_5_clean.pt,hf_tensor_artifacts_review,441097,"intermediate, redundant shard, synthetic diagnostic or local-only file"
exp/egorecover_stages_1_4/continuation_v1/stage2_eval/72take_400/72take_400_prior_only_indiana_music_13_5_drift_0p03mps.pt,hf_tensor_artifacts_review,441097,"intermediate, redundant shard, synthetic diagnostic or local-only file"
exp/egorecover_stages_1_4/continuation_v1/stage2_eval/72take_400/72take_400_prior_only_indiana_music_13_5_freeze_3s.pt,hf_tensor_artifacts_review,441097,"intermediate, redundant shard, synthetic diagnostic or local-only file"
exp/egorecover_stages_1_4/continuation_v1/stage2_eval/72take_400/72take_400_prior_only_nus_cpr_52_1_clean.pt,hf_tensor_artifacts_review,441097,"intermediate, redundant shard, synthetic diagnostic or local-only file"
exp/egorecover_stages_1_4/continuation_v1/stage2_eval/72take_400/72take_400_prior_only_nus_cpr_52_1_drift_0p03mps.pt,hf_tensor_artifacts_review,441097,"intermediate, redundant shard, synthetic diagnostic or local-only file"
exp/egorecover_stages_1_4/continuation_v1/stage2_eval/72take_400/72take_400_prior_only_nus_cpr_52_1_freeze_3s.pt,hf_tensor_artifacts_review,441097,"intermediate, redundant shard, synthetic diagnostic or local-only file"
exp/egorecover_stages_1_4/continuation_v1/stage2_eval/72take_400/72take_400_prior_only_sfu_basketball_03_44_clean.pt,hf_tensor_artifacts_review,441097,"intermediate, redundant shard, synthetic diagnostic or local-only file"
exp/egorecover_stages_1_4/continuation_v1/stage2_eval/72take_400/72take_400_prior_only_sfu_basketball_03_44_drift_0p03mps.pt,hf_tensor_artifacts_review,441097,"intermediate, redundant shard, synthetic diagnostic or local-only file"
exp/egorecover_stages_1_4/continuation_v1/stage2_eval/72take_400/72take_400_prior_only_sfu_basketball_03_44_freeze_3s.pt,hf_tensor_artifacts_review,441097,"intermediate, redundant shard, synthetic diagnostic or local-only file"
exp/egorecover_stages_1_4/continuation_v1/stage2_eval/72take_400/72take_400_prior_only_sfu_basketball_08_15_clean.pt,hf_tensor_artifacts_review,441097,"intermediate, redundant shard, synthetic diagnostic or local-only file"
exp/egorecover_stages_1_4/continuation_v1/stage2_eval/72take_400/72take_400_prior_only_sfu_basketball_08_15_drift_0p03mps.pt,hf_tensor_artifacts_review,441097,"intermediate, redundant shard, synthetic diagnostic or local-only file"
exp/egorecover_stages_1_4/continuation_v1/stage2_eval/72take_400/72take_400_prior_only_sfu_basketball_08_15_freeze_3s.pt,hf_tensor_artifacts_review,441097,"intermediate, redundant shard, synthetic diagnostic or local-only file"
exp/egorecover_stages_1_4/continuation_v1/stage2_eval/72take_400/72take_400_prior_only_unc_basketball_03-16-23_01_18_clean.pt,hf_tensor_artifacts_review,441097,"intermediate, redundant shard, synthetic diagnostic or local-only file"
exp/egorecover_stages_1_4/continuation_v1/stage2_eval/72take_400/72take_400_prior_only_unc_basketball_03-16-23_01_18_drift_0p03mps.pt,hf_tensor_artifacts_review,441097,"intermediate, redundant shard, synthetic diagnostic or local-only file"
exp/egorecover_stages_1_4/continuation_v1/stage2_eval/72take_400/72take_400_prior_only_unc_basketball_03-16-23_01_18_freeze_3s.pt,hf_tensor_artifacts_review,441097,"intermediate, redundant shard, synthetic diagnostic or local-only file"
exp/egorecover_stages_1_4/continuation_v1/stage2_eval/72take_400/72take_400_prior_only_uniandes_dance_011_27_clean.pt,hf_tensor_artifacts_review,441097,"intermediate, redundant shard, synthetic diagnostic or local-only file"
exp/egorecover_stages_1_4/continuation_v1/stage2_eval/72take_400/72take_400_prior_only_uniandes_dance_011_27_drift_0p03mps.pt,hf_tensor_artifacts_review,441097,"intermediate, redundant shard, synthetic diagnostic or local-only file"
exp/egorecover_stages_1_4/continuation_v1/stage2_eval/72take_400/72take_400_prior_only_uniandes_dance_011_27_freeze_3s.pt,hf_tensor_artifacts_review,441097,"intermediate, redundant shard, synthetic diagnostic or local-only file"
exp/egorecover_stages_1_4/continuation_v1/stage2_eval/72take_400/72take_400_prior_only_uniandes_dance_012_15_clean.pt,hf_tensor_artifacts_review,441097,"intermediate, redundant shard, synthetic diagnostic or local-only file"
exp/egorecover_stages_1_4/continuation_v1/stage2_eval/72take_400/72take_400_prior_only_uniandes_dance_012_15_drift_0p03mps.pt,hf_tensor_artifacts_review,441097,"intermediate, redundant shard, synthetic diagnostic or local-only file"
exp/egorecover_stages_1_4/continuation_v1/stage2_eval/72take_400/72take_400_prior_only_uniandes_dance_012_15_freeze_3s.pt,hf_tensor_artifacts_review,441097,"intermediate, redundant shard, synthetic diagnostic or local-only file"
exp/egorecover_stages_1_4/continuation_v1/stage2_eval/72take_400/72take_400_prior_only_upenn_0725_Duet_Violin_1_2_8_clean.pt,hf_tensor_artifacts_review,441097,"intermediate, redundant shard, synthetic diagnostic or local-only file"
exp/egorecover_stages_1_4/continuation_v1/stage2_eval/72take_400/72take_400_prior_only_upenn_0725_Duet_Violin_1_2_8_drift_0p03mps.pt,hf_tensor_artifacts_review,441097,"intermediate, redundant shard, synthetic diagnostic or local-only file"
exp/egorecover_stages_1_4/continuation_v1/stage2_eval/72take_400/72take_400_prior_only_upenn_0725_Duet_Violin_1_2_8_freeze_3s.pt,hf_tensor_artifacts_review,441097,"intermediate, redundant shard, synthetic diagnostic or local-only file"
exp/egorecover_stages_1_4/continuation_v1/stage2_eval/72take_400/progress.json,github_experiment_metadata,236033,GitHub lightweight record or source
exp/egorecover_stages_1_4/continuation_v1/stage2_eval/72take_400/report.json,github_experiment_metadata,901704,GitHub lightweight record or source
exp/egorecover_stages_1_4/continuation_v1/stage2_selection.json,github_experiment_metadata,2007,GitHub lightweight record or source
exp/egorecover_stages_1_4/continuation_v1/stage2_summary.json,github_experiment_metadata,158246,GitHub lightweight record or source
exp/egorecover_stages_1_4/continuation_v1/stage3_before_replay.json,github_experiment_metadata,907293,GitHub lightweight record or source
exp/egorecover_stages_1_4/continuation_v1/stage3_comparison.json,github_experiment_metadata,1278,GitHub lightweight record or source
exp/egorecover_stages_1_4/continuation_v1/stage3_eval/replay_0/progress.json,github_experiment_metadata,235944,GitHub lightweight record or source
exp/egorecover_stages_1_4/continuation_v1/stage3_eval/replay_0/replay_0_gaussian_fair_bike_01_12_clean.pt,hf_tensor_artifacts_review,441097,"intermediate, redundant shard, synthetic diagnostic or local-only file"
exp/egorecover_stages_1_4/continuation_v1/stage3_eval/replay_0/replay_0_gaussian_fair_bike_01_12_drift_0p03mps.pt,hf_tensor_artifacts_review,441097,"intermediate, redundant shard, synthetic diagnostic or local-only file"
exp/egorecover_stages_1_4/continuation_v1/stage3_eval/replay_0/replay_0_gaussian_fair_bike_01_12_freeze_3s.pt,hf_tensor_artifacts_review,441097,"intermediate, redundant shard, synthetic diagnostic or local-only file"
exp/egorecover_stages_1_4/continuation_v1/stage3_eval/replay_0/replay_0_gaussian_georgiatech_bike_05_2_clean.pt,hf_tensor_artifacts_review,441097,"intermediate, redundant shard, synthetic diagnostic or local-only file"
exp/egorecover_stages_1_4/continuation_v1/stage3_eval/replay_0/replay_0_gaussian_georgiatech_bike_05_2_drift_0p03mps.pt,hf_tensor_artifacts_review,441097,"intermediate, redundant shard, synthetic diagnostic or local-only file"
exp/egorecover_stages_1_4/continuation_v1/stage3_eval/replay_0/replay_0_gaussian_georgiatech_bike_05_2_freeze_3s.pt,hf_tensor_artifacts_review,441097,"intermediate, redundant shard, synthetic diagnostic or local-only file"
exp/egorecover_stages_1_4/continuation_v1/stage3_eval/replay_0/replay_0_gaussian_iiith_cooking_109_4_clean.pt,hf_tensor_artifacts_review,441097,"intermediate, redundant shard, synthetic diagnostic or local-only file"
exp/egorecover_stages_1_4/continuation_v1/stage3_eval/replay_0/replay_0_gaussian_iiith_cooking_109_4_drift_0p03mps.pt,hf_tensor_artifacts_review,441097,"intermediate, redundant shard, synthetic diagnostic or local-only file"
exp/egorecover_stages_1_4/continuation_v1/stage3_eval/replay_0/replay_0_gaussian_iiith_cooking_109_4_freeze_3s.pt,hf_tensor_artifacts_review,441097,"intermediate, redundant shard, synthetic diagnostic or local-only file"
exp/egorecover_stages_1_4/continuation_v1/stage3_eval/replay_0/replay_0_gaussian_iiith_soccer_004_5_clean.pt,hf_tensor_artifacts_review,441097,"intermediate, redundant shard, synthetic diagnostic or local-only file"
exp/egorecover_stages_1_4/continuation_v1/stage3_eval/replay_0/replay_0_gaussian_iiith_soccer_004_5_drift_0p03mps.pt,hf_tensor_artifacts_review,441097,"intermediate, redundant shard, synthetic diagnostic or local-only file"
exp/egorecover_stages_1_4/continuation_v1/stage3_eval/replay_0/replay_0_gaussian_iiith_soccer_004_5_freeze_3s.pt,hf_tensor_artifacts_review,441097,"intermediate, redundant shard, synthetic diagnostic or local-only file"
exp/egorecover_stages_1_4/continuation_v1/stage3_eval/replay_0/replay_0_gaussian_indiana_music_13_5_clean.pt,hf_tensor_artifacts_review,441097,"intermediate, redundant shard, synthetic diagnostic or local-only file"
exp/egorecover_stages_1_4/continuation_v1/stage3_eval/replay_0/replay_0_gaussian_indiana_music_13_5_drift_0p03mps.pt,hf_tensor_artifacts_review,441097,"intermediate, redundant shard, synthetic diagnostic or local-only file"
exp/egorecover_stages_1_4/continuation_v1/stage3_eval/replay_0/replay_0_gaussian_indiana_music_13_5_freeze_3s.pt,hf_tensor_artifacts_review,441097,"intermediate, redundant shard, synthetic diagnostic or local-only file"
exp/egorecover_stages_1_4/continuation_v1/stage3_eval/replay_0/replay_0_gaussian_nus_cpr_52_1_clean.pt,hf_tensor_artifacts_review,441097,"intermediate, redundant shard, synthetic diagnostic or local-only file"
exp/egorecover_stages_1_4/continuation_v1/stage3_eval/replay_0/replay_0_gaussian_nus_cpr_52_1_drift_0p03mps.pt,hf_tensor_artifacts_review,441097,"intermediate, redundant shard, synthetic diagnostic or local-only file"
exp/egorecover_stages_1_4/continuation_v1/stage3_eval/replay_0/replay_0_gaussian_nus_cpr_52_1_freeze_3s.pt,hf_tensor_artifacts_review,441097,"intermediate, redundant shard, synthetic diagnostic or local-only file"
exp/egorecover_stages_1_4/continuation_v1/stage3_eval/replay_0/replay_0_gaussian_sfu_basketball_03_44_clean.pt,hf_tensor_artifacts_review,441097,"intermediate, redundant shard, synthetic diagnostic or local-only file"
exp/egorecover_stages_1_4/continuation_v1/stage3_eval/replay_0/replay_0_gaussian_sfu_basketball_03_44_drift_0p03mps.pt,hf_tensor_artifacts_review,441097,"intermediate, redundant shard, synthetic diagnostic or local-only file"
exp/egorecover_stages_1_4/continuation_v1/stage3_eval/replay_0/replay_0_gaussian_sfu_basketball_03_44_freeze_3s.pt,hf_tensor_artifacts_review,441097,"intermediate, redundant shard, synthetic diagnostic or local-only file"
exp/egorecover_stages_1_4/continuation_v1/stage3_eval/replay_0/replay_0_gaussian_sfu_basketball_08_15_clean.pt,hf_tensor_artifacts_review,441097,"intermediate, redundant shard, synthetic diagnostic or local-only file"
exp/egorecover_stages_1_4/continuation_v1/stage3_eval/replay_0/replay_0_gaussian_sfu_basketball_08_15_drift_0p03mps.pt,hf_tensor_artifacts_review,441097,"intermediate, redundant shard, synthetic diagnostic or local-only file"
exp/egorecover_stages_1_4/continuation_v1/stage3_eval/replay_0/replay_0_gaussian_sfu_basketball_08_15_freeze_3s.pt,hf_tensor_artifacts_review,441097,"intermediate, redundant shard, synthetic diagnostic or local-only file"
exp/egorecover_stages_1_4/continuation_v1/stage3_eval/replay_0/replay_0_gaussian_unc_basketball_03-16-23_01_18_clean.pt,hf_tensor_artifacts_review,441097,"intermediate, redundant shard, synthetic diagnostic or local-only file"
exp/egorecover_stages_1_4/continuation_v1/stage3_eval/replay_0/replay_0_gaussian_unc_basketball_03-16-23_01_18_drift_0p03mps.pt,hf_tensor_artifacts_review,441097,"intermediate, redundant shard, synthetic diagnostic or local-only file"
exp/egorecover_stages_1_4/continuation_v1/stage3_eval/replay_0/replay_0_gaussian_unc_basketball_03-16-23_01_18_freeze_3s.pt,hf_tensor_artifacts_review,441097,"intermediate, redundant shard, synthetic diagnostic or local-only file"
exp/egorecover_stages_1_4/continuation_v1/stage3_eval/replay_0/replay_0_gaussian_uniandes_dance_011_27_clean.pt,hf_tensor_artifacts_review,441097,"intermediate, redundant shard, synthetic diagnostic or local-only file"
exp/egorecover_stages_1_4/continuation_v1/stage3_eval/replay_0/replay_0_gaussian_uniandes_dance_011_27_drift_0p03mps.pt,hf_tensor_artifacts_review,441097,"intermediate, redundant shard, synthetic diagnostic or local-only file"
exp/egorecover_stages_1_4/continuation_v1/stage3_eval/replay_0/replay_0_gaussian_uniandes_dance_011_27_freeze_3s.pt,hf_tensor_artifacts_review,441097,"intermediate, redundant shard, synthetic diagnostic or local-only file"
exp/egorecover_stages_1_4/continuation_v1/stage3_eval/replay_0/replay_0_gaussian_uniandes_dance_012_15_clean.pt,hf_tensor_artifacts_review,441097,"intermediate, redundant shard, synthetic diagnostic or local-only file"
exp/egorecover_stages_1_4/continuation_v1/stage3_eval/replay_0/replay_0_gaussian_uniandes_dance_012_15_drift_0p03mps.pt,hf_tensor_artifacts_review,441097,"intermediate, redundant shard, synthetic diagnostic or local-only file"
exp/egorecover_stages_1_4/continuation_v1/stage3_eval/replay_0/replay_0_gaussian_uniandes_dance_012_15_freeze_3s.pt,hf_tensor_artifacts_review,441097,"intermediate, redundant shard, synthetic diagnostic or local-only file"
exp/egorecover_stages_1_4/continuation_v1/stage3_eval/replay_0/replay_0_gaussian_upenn_0725_Duet_Violin_1_2_8_clean.pt,hf_tensor_artifacts_review,441097,"intermediate, redundant shard, synthetic diagnostic or local-only file"
exp/egorecover_stages_1_4/continuation_v1/stage3_eval/replay_0/replay_0_gaussian_upenn_0725_Duet_Violin_1_2_8_drift_0p03mps.pt,hf_tensor_artifacts_review,441097,"intermediate, redundant shard, synthetic diagnostic or local-only file"
exp/egorecover_stages_1_4/continuation_v1/stage3_eval/replay_0/replay_0_gaussian_upenn_0725_Duet_Violin_1_2_8_freeze_3s.pt,hf_tensor_artifacts_review,441097,"intermediate, redundant shard, synthetic diagnostic or local-only file"
exp/egorecover_stages_1_4/continuation_v1/stage3_eval/replay_0/replay_0_history_fair_bike_01_12_clean.pt,hf_tensor_artifacts_review,441097,"intermediate, redundant shard, synthetic diagnostic or local-only file"
exp/egorecover_stages_1_4/continuation_v1/stage3_eval/replay_0/replay_0_history_fair_bike_01_12_drift_0p03mps.pt,hf_tensor_artifacts_review,441097,"intermediate, redundant shard, synthetic diagnostic or local-only file"
exp/egorecover_stages_1_4/continuation_v1/stage3_eval/replay_0/replay_0_history_fair_bike_01_12_freeze_3s.pt,hf_tensor_artifacts_review,441097,"intermediate, redundant shard, synthetic diagnostic or local-only file"
exp/egorecover_stages_1_4/continuation_v1/stage3_eval/replay_0/replay_0_history_georgiatech_bike_05_2_clean.pt,hf_tensor_artifacts_review,441097,"intermediate, redundant shard, synthetic diagnostic or local-only file"
exp/egorecover_stages_1_4/continuation_v1/stage3_eval/replay_0/replay_0_history_georgiatech_bike_05_2_drift_0p03mps.pt,hf_tensor_artifacts_review,441097,"intermediate, redundant shard, synthetic diagnostic or local-only file"
exp/egorecover_stages_1_4/continuation_v1/stage3_eval/replay_0/replay_0_history_georgiatech_bike_05_2_freeze_3s.pt,hf_tensor_artifacts_review,441097,"intermediate, redundant shard, synthetic diagnostic or local-only file"
exp/egorecover_stages_1_4/continuation_v1/stage3_eval/replay_0/replay_0_history_iiith_cooking_109_4_clean.pt,hf_tensor_artifacts_review,441097,"intermediate, redundant shard, synthetic diagnostic or local-only file"
exp/egorecover_stages_1_4/continuation_v1/stage3_eval/replay_0/replay_0_history_iiith_cooking_109_4_drift_0p03mps.pt,hf_tensor_artifacts_review,441097,"intermediate, redundant shard, synthetic diagnostic or local-only file"
exp/egorecover_stages_1_4/continuation_v1/stage3_eval/replay_0/replay_0_history_iiith_cooking_109_4_freeze_3s.pt,hf_tensor_artifacts_review,441097,"intermediate, redundant shard, synthetic diagnostic or local-only file"
exp/egorecover_stages_1_4/continuation_v1/stage3_eval/replay_0/replay_0_history_iiith_soccer_004_5_clean.pt,hf_tensor_artifacts_review,441097,"intermediate, redundant shard, synthetic diagnostic or local-only file"
exp/egorecover_stages_1_4/continuation_v1/stage3_eval/replay_0/replay_0_history_iiith_soccer_004_5_drift_0p03mps.pt,hf_tensor_artifacts_review,441097,"intermediate, redundant shard, synthetic diagnostic or local-only file"
exp/egorecover_stages_1_4/continuation_v1/stage3_eval/replay_0/replay_0_history_iiith_soccer_004_5_freeze_3s.pt,hf_tensor_artifacts_review,441097,"intermediate, redundant shard, synthetic diagnostic or local-only file"
exp/egorecover_stages_1_4/continuation_v1/stage3_eval/replay_0/replay_0_history_indiana_music_13_5_clean.pt,hf_tensor_artifacts_review,441097,"intermediate, redundant shard, synthetic diagnostic or local-only file"
exp/egorecover_stages_1_4/continuation_v1/stage3_eval/replay_0/replay_0_history_indiana_music_13_5_drift_0p03mps.pt,hf_tensor_artifacts_review,441097,"intermediate, redundant shard, synthetic diagnostic or local-only file"
exp/egorecover_stages_1_4/continuation_v1/stage3_eval/replay_0/replay_0_history_indiana_music_13_5_freeze_3s.pt,hf_tensor_artifacts_review,441097,"intermediate, redundant shard, synthetic diagnostic or local-only file"
exp/egorecover_stages_1_4/continuation_v1/stage3_eval/replay_0/replay_0_history_nus_cpr_52_1_clean.pt,hf_tensor_artifacts_review,441097,"intermediate, redundant shard, synthetic diagnostic or local-only file"
exp/egorecover_stages_1_4/continuation_v1/stage3_eval/replay_0/replay_0_history_nus_cpr_52_1_drift_0p03mps.pt,hf_tensor_artifacts_review,441097,"intermediate, redundant shard, synthetic diagnostic or local-only file"
exp/egorecover_stages_1_4/continuation_v1/stage3_eval/replay_0/replay_0_history_nus_cpr_52_1_freeze_3s.pt,hf_tensor_artifacts_review,441097,"intermediate, redundant shard, synthetic diagnostic or local-only file"
exp/egorecover_stages_1_4/continuation_v1/stage3_eval/replay_0/replay_0_history_sfu_basketball_03_44_clean.pt,hf_tensor_artifacts_review,441097,"intermediate, redundant shard, synthetic diagnostic or local-only file"
exp/egorecover_stages_1_4/continuation_v1/stage3_eval/replay_0/replay_0_history_sfu_basketball_03_44_drift_0p03mps.pt,hf_tensor_artifacts_review,441097,"intermediate, redundant shard, synthetic diagnostic or local-only file"
exp/egorecover_stages_1_4/continuation_v1/stage3_eval/replay_0/replay_0_history_sfu_basketball_03_44_freeze_3s.pt,hf_tensor_artifacts_review,441097,"intermediate, redundant shard, synthetic diagnostic or local-only file"
exp/egorecover_stages_1_4/continuation_v1/stage3_eval/replay_0/replay_0_history_sfu_basketball_08_15_clean.pt,hf_tensor_artifacts_review,441097,"intermediate, redundant shard, synthetic diagnostic or local-only file"
exp/egorecover_stages_1_4/continuation_v1/stage3_eval/replay_0/replay_0_history_sfu_basketball_08_15_drift_0p03mps.pt,hf_tensor_artifacts_review,441097,"intermediate, redundant shard, synthetic diagnostic or local-only file"
exp/egorecover_stages_1_4/continuation_v1/stage3_eval/replay_0/replay_0_history_sfu_basketball_08_15_freeze_3s.pt,hf_tensor_artifacts_review,441097,"intermediate, redundant shard, synthetic diagnostic or local-only file"
exp/egorecover_stages_1_4/continuation_v1/stage3_eval/replay_0/replay_0_history_unc_basketball_03-16-23_01_18_clean.pt,hf_tensor_artifacts_review,441097,"intermediate, redundant shard, synthetic diagnostic or local-only file"
exp/egorecover_stages_1_4/continuation_v1/stage3_eval/replay_0/replay_0_history_unc_basketball_03-16-23_01_18_drift_0p03mps.pt,hf_tensor_artifacts_review,441097,"intermediate, redundant shard, synthetic diagnostic or local-only file"
exp/egorecover_stages_1_4/continuation_v1/stage3_eval/replay_0/replay_0_history_unc_basketball_03-16-23_01_18_freeze_3s.pt,hf_tensor_artifacts_review,441097,"intermediate, redundant shard, synthetic diagnostic or local-only file"
exp/egorecover_stages_1_4/continuation_v1/stage3_eval/replay_0/replay_0_history_uniandes_dance_011_27_clean.pt,hf_tensor_artifacts_review,441097,"intermediate, redundant shard, synthetic diagnostic or local-only file"
exp/egorecover_stages_1_4/continuation_v1/stage3_eval/replay_0/replay_0_history_uniandes_dance_011_27_drift_0p03mps.pt,hf_tensor_artifacts_review,441097,"intermediate, redundant shard, synthetic diagnostic or local-only file"
exp/egorecover_stages_1_4/continuation_v1/stage3_eval/replay_0/replay_0_history_uniandes_dance_011_27_freeze_3s.pt,hf_tensor_artifacts_review,441097,"intermediate, redundant shard, synthetic diagnostic or local-only file"
exp/egorecover_stages_1_4/continuation_v1/stage3_eval/replay_0/replay_0_history_uniandes_dance_012_15_clean.pt,hf_tensor_artifacts_review,441097,"intermediate, redundant shard, synthetic diagnostic or local-only file"
exp/egorecover_stages_1_4/continuation_v1/stage3_eval/replay_0/replay_0_history_uniandes_dance_012_15_drift_0p03mps.pt,hf_tensor_artifacts_review,441097,"intermediate, redundant shard, synthetic diagnostic or local-only file"
exp/egorecover_stages_1_4/continuation_v1/stage3_eval/replay_0/replay_0_history_uniandes_dance_012_15_freeze_3s.pt,hf_tensor_artifacts_review,441097,"intermediate, redundant shard, synthetic diagnostic or local-only file"
exp/egorecover_stages_1_4/continuation_v1/stage3_eval/replay_0/replay_0_history_upenn_0725_Duet_Violin_1_2_8_clean.pt,hf_tensor_artifacts_review,441097,"intermediate, redundant shard, synthetic diagnostic or local-only file"
exp/egorecover_stages_1_4/continuation_v1/stage3_eval/replay_0/replay_0_history_upenn_0725_Duet_Violin_1_2_8_drift_0p03mps.pt,hf_tensor_artifacts_review,441097,"intermediate, redundant shard, synthetic diagnostic or local-only file"
exp/egorecover_stages_1_4/continuation_v1/stage3_eval/replay_0/replay_0_history_upenn_0725_Duet_Violin_1_2_8_freeze_3s.pt,hf_tensor_artifacts_review,441097,"intermediate, redundant shard, synthetic diagnostic or local-only file"
exp/egorecover_stages_1_4/continuation_v1/stage3_eval/replay_0/replay_0_prior_only_fair_bike_01_12_clean.pt,hf_tensor_artifacts_review,441097,"intermediate, redundant shard, synthetic diagnostic or local-only file"
exp/egorecover_stages_1_4/continuation_v1/stage3_eval/replay_0/replay_0_prior_only_fair_bike_01_12_drift_0p03mps.pt,hf_tensor_artifacts_review,441097,"intermediate, redundant shard, synthetic diagnostic or local-only file"
exp/egorecover_stages_1_4/continuation_v1/stage3_eval/replay_0/replay_0_prior_only_fair_bike_01_12_freeze_3s.pt,hf_tensor_artifacts_review,441097,"intermediate, redundant shard, synthetic diagnostic or local-only file"
exp/egorecover_stages_1_4/continuation_v1/stage3_eval/replay_0/replay_0_prior_only_georgiatech_bike_05_2_clean.pt,hf_tensor_artifacts_review,441097,"intermediate, redundant shard, synthetic diagnostic or local-only file"
exp/egorecover_stages_1_4/continuation_v1/stage3_eval/replay_0/replay_0_prior_only_georgiatech_bike_05_2_drift_0p03mps.pt,hf_tensor_artifacts_review,441097,"intermediate, redundant shard, synthetic diagnostic or local-only file"
exp/egorecover_stages_1_4/continuation_v1/stage3_eval/replay_0/replay_0_prior_only_georgiatech_bike_05_2_freeze_3s.pt,hf_tensor_artifacts_review,441097,"intermediate, redundant shard, synthetic diagnostic or local-only file"
exp/egorecover_stages_1_4/continuation_v1/stage3_eval/replay_0/replay_0_prior_only_iiith_cooking_109_4_clean.pt,hf_tensor_artifacts_review,441097,"intermediate, redundant shard, synthetic diagnostic or local-only file"
exp/egorecover_stages_1_4/continuation_v1/stage3_eval/replay_0/replay_0_prior_only_iiith_cooking_109_4_drift_0p03mps.pt,hf_tensor_artifacts_review,441097,"intermediate, redundant shard, synthetic diagnostic or local-only file"
exp/egorecover_stages_1_4/continuation_v1/stage3_eval/replay_0/replay_0_prior_only_iiith_cooking_109_4_freeze_3s.pt,hf_tensor_artifacts_review,441097,"intermediate, redundant shard, synthetic diagnostic or local-only file"
exp/egorecover_stages_1_4/continuation_v1/stage3_eval/replay_0/replay_0_prior_only_iiith_soccer_004_5_clean.pt,hf_tensor_artifacts_review,441097,"intermediate, redundant shard, synthetic diagnostic or local-only file"
exp/egorecover_stages_1_4/continuation_v1/stage3_eval/replay_0/replay_0_prior_only_iiith_soccer_004_5_drift_0p03mps.pt,hf_tensor_artifacts_review,441097,"intermediate, redundant shard, synthetic diagnostic or local-only file"
exp/egorecover_stages_1_4/continuation_v1/stage3_eval/replay_0/replay_0_prior_only_iiith_soccer_004_5_freeze_3s.pt,hf_tensor_artifacts_review,441097,"intermediate, redundant shard, synthetic diagnostic or local-only file"
exp/egorecover_stages_1_4/continuation_v1/stage3_eval/replay_0/replay_0_prior_only_indiana_music_13_5_clean.pt,hf_tensor_artifacts_review,441097,"intermediate, redundant shard, synthetic diagnostic or local-only file"
exp/egorecover_stages_1_4/continuation_v1/stage3_eval/replay_0/replay_0_prior_only_indiana_music_13_5_drift_0p03mps.pt,hf_tensor_artifacts_review,441097,"intermediate, redundant shard, synthetic diagnostic or local-only file"
exp/egorecover_stages_1_4/continuation_v1/stage3_eval/replay_0/replay_0_prior_only_indiana_music_13_5_freeze_3s.pt,hf_tensor_artifacts_review,441097,"intermediate, redundant shard, synthetic diagnostic or local-only file"
exp/egorecover_stages_1_4/continuation_v1/stage3_eval/replay_0/replay_0_prior_only_nus_cpr_52_1_clean.pt,hf_tensor_artifacts_review,441097,"intermediate, redundant shard, synthetic diagnostic or local-only file"
exp/egorecover_stages_1_4/continuation_v1/stage3_eval/replay_0/replay_0_prior_only_nus_cpr_52_1_drift_0p03mps.pt,hf_tensor_artifacts_review,441097,"intermediate, redundant shard, synthetic diagnostic or local-only file"
exp/egorecover_stages_1_4/continuation_v1/stage3_eval/replay_0/replay_0_prior_only_nus_cpr_52_1_freeze_3s.pt,hf_tensor_artifacts_review,441097,"intermediate, redundant shard, synthetic diagnostic or local-only file"
exp/egorecover_stages_1_4/continuation_v1/stage3_eval/replay_0/replay_0_prior_only_sfu_basketball_03_44_clean.pt,hf_tensor_artifacts_review,441097,"intermediate, redundant shard, synthetic diagnostic or local-only file"
exp/egorecover_stages_1_4/continuation_v1/stage3_eval/replay_0/replay_0_prior_only_sfu_basketball_03_44_drift_0p03mps.pt,hf_tensor_artifacts_review,441097,"intermediate, redundant shard, synthetic diagnostic or local-only file"
exp/egorecover_stages_1_4/continuation_v1/stage3_eval/replay_0/replay_0_prior_only_sfu_basketball_03_44_freeze_3s.pt,hf_tensor_artifacts_review,441097,"intermediate, redundant shard, synthetic diagnostic or local-only file"
exp/egorecover_stages_1_4/continuation_v1/stage3_eval/replay_0/replay_0_prior_only_sfu_basketball_08_15_clean.pt,hf_tensor_artifacts_review,441097,"intermediate, redundant shard, synthetic diagnostic or local-only file"
exp/egorecover_stages_1_4/continuation_v1/stage3_eval/replay_0/replay_0_prior_only_sfu_basketball_08_15_drift_0p03mps.pt,hf_tensor_artifacts_review,441097,"intermediate, redundant shard, synthetic diagnostic or local-only file"
exp/egorecover_stages_1_4/continuation_v1/stage3_eval/replay_0/replay_0_prior_only_sfu_basketball_08_15_freeze_3s.pt,hf_tensor_artifacts_review,441097,"intermediate, redundant shard, synthetic diagnostic or local-only file"
exp/egorecover_stages_1_4/continuation_v1/stage3_eval/replay_0/replay_0_prior_only_unc_basketball_03-16-23_01_18_clean.pt,hf_tensor_artifacts_review,441097,"intermediate, redundant shard, synthetic diagnostic or local-only file"
exp/egorecover_stages_1_4/continuation_v1/stage3_eval/replay_0/replay_0_prior_only_unc_basketball_03-16-23_01_18_drift_0p03mps.pt,hf_tensor_artifacts_review,441097,"intermediate, redundant shard, synthetic diagnostic or local-only file"
exp/egorecover_stages_1_4/continuation_v1/stage3_eval/replay_0/replay_0_prior_only_unc_basketball_03-16-23_01_18_freeze_3s.pt,hf_tensor_artifacts_review,441097,"intermediate, redundant shard, synthetic diagnostic or local-only file"
exp/egorecover_stages_1_4/continuation_v1/stage3_eval/replay_0/replay_0_prior_only_uniandes_dance_011_27_clean.pt,hf_tensor_artifacts_review,441097,"intermediate, redundant shard, synthetic diagnostic or local-only file"
exp/egorecover_stages_1_4/continuation_v1/stage3_eval/replay_0/replay_0_prior_only_uniandes_dance_011_27_drift_0p03mps.pt,hf_tensor_artifacts_review,441097,"intermediate, redundant shard, synthetic diagnostic or local-only file"
exp/egorecover_stages_1_4/continuation_v1/stage3_eval/replay_0/replay_0_prior_only_uniandes_dance_011_27_freeze_3s.pt,hf_tensor_artifacts_review,441097,"intermediate, redundant shard, synthetic diagnostic or local-only file"
exp/egorecover_stages_1_4/continuation_v1/stage3_eval/replay_0/replay_0_prior_only_uniandes_dance_012_15_clean.pt,hf_tensor_artifacts_review,441097,"intermediate, redundant shard, synthetic diagnostic or local-only file"
exp/egorecover_stages_1_4/continuation_v1/stage3_eval/replay_0/replay_0_prior_only_uniandes_dance_012_15_drift_0p03mps.pt,hf_tensor_artifacts_review,441097,"intermediate, redundant shard, synthetic diagnostic or local-only file"
exp/egorecover_stages_1_4/continuation_v1/stage3_eval/replay_0/replay_0_prior_only_uniandes_dance_012_15_freeze_3s.pt,hf_tensor_artifacts_review,441097,"intermediate, redundant shard, synthetic diagnostic or local-only file"
exp/egorecover_stages_1_4/continuation_v1/stage3_eval/replay_0/replay_0_prior_only_upenn_0725_Duet_Violin_1_2_8_clean.pt,hf_tensor_artifacts_review,441097,"intermediate, redundant shard, synthetic diagnostic or local-only file"
exp/egorecover_stages_1_4/continuation_v1/stage3_eval/replay_0/replay_0_prior_only_upenn_0725_Duet_Violin_1_2_8_drift_0p03mps.pt,hf_tensor_artifacts_review,441097,"intermediate, redundant shard, synthetic diagnostic or local-only file"
exp/egorecover_stages_1_4/continuation_v1/stage3_eval/replay_0/replay_0_prior_only_upenn_0725_Duet_Violin_1_2_8_freeze_3s.pt,hf_tensor_artifacts_review,441097,"intermediate, redundant shard, synthetic diagnostic or local-only file"
exp/egorecover_stages_1_4/continuation_v1/stage3_eval/replay_0/report.json,github_experiment_metadata,907295,GitHub lightweight record or source
exp/egorecover_stages_1_4/continuation_v1/stage3_eval/replay_0p25/progress.json,github_experiment_metadata,236601,GitHub lightweight record or source
exp/egorecover_stages_1_4/continuation_v1/stage3_eval/replay_0p25/replay_0p25_gaussian_fair_bike_01_12_clean.pt,hf_tensor_artifacts_review,441097,"intermediate, redundant shard, synthetic diagnostic or local-only file"
exp/egorecover_stages_1_4/continuation_v1/stage3_eval/replay_0p25/replay_0p25_gaussian_fair_bike_01_12_drift_0p03mps.pt,hf_tensor_artifacts_review,441097,"intermediate, redundant shard, synthetic diagnostic or local-only file"
exp/egorecover_stages_1_4/continuation_v1/stage3_eval/replay_0p25/replay_0p25_gaussian_fair_bike_01_12_freeze_3s.pt,hf_tensor_artifacts_review,441097,"intermediate, redundant shard, synthetic diagnostic or local-only file"
exp/egorecover_stages_1_4/continuation_v1/stage3_eval/replay_0p25/replay_0p25_gaussian_georgiatech_bike_05_2_clean.pt,hf_tensor_artifacts_review,441097,"intermediate, redundant shard, synthetic diagnostic or local-only file"
exp/egorecover_stages_1_4/continuation_v1/stage3_eval/replay_0p25/replay_0p25_gaussian_georgiatech_bike_05_2_drift_0p03mps.pt,hf_tensor_artifacts_review,441097,"intermediate, redundant shard, synthetic diagnostic or local-only file"
exp/egorecover_stages_1_4/continuation_v1/stage3_eval/replay_0p25/replay_0p25_gaussian_georgiatech_bike_05_2_freeze_3s.pt,hf_tensor_artifacts_review,441097,"intermediate, redundant shard, synthetic diagnostic or local-only file"
exp/egorecover_stages_1_4/continuation_v1/stage3_eval/replay_0p25/replay_0p25_gaussian_iiith_cooking_109_4_clean.pt,hf_tensor_artifacts_review,441097,"intermediate, redundant shard, synthetic diagnostic or local-only file"
exp/egorecover_stages_1_4/continuation_v1/stage3_eval/replay_0p25/replay_0p25_gaussian_iiith_cooking_109_4_drift_0p03mps.pt,hf_tensor_artifacts_review,441097,"intermediate, redundant shard, synthetic diagnostic or local-only file"
exp/egorecover_stages_1_4/continuation_v1/stage3_eval/replay_0p25/replay_0p25_gaussian_iiith_cooking_109_4_freeze_3s.pt,hf_tensor_artifacts_review,441097,"intermediate, redundant shard, synthetic diagnostic or local-only file"
exp/egorecover_stages_1_4/continuation_v1/stage3_eval/replay_0p25/replay_0p25_gaussian_iiith_soccer_004_5_clean.pt,hf_tensor_artifacts_review,441097,"intermediate, redundant shard, synthetic diagnostic or local-only file"
exp/egorecover_stages_1_4/continuation_v1/stage3_eval/replay_0p25/replay_0p25_gaussian_iiith_soccer_004_5_drift_0p03mps.pt,hf_tensor_artifacts_review,441097,"intermediate, redundant shard, synthetic diagnostic or local-only file"
exp/egorecover_stages_1_4/continuation_v1/stage3_eval/replay_0p25/replay_0p25_gaussian_iiith_soccer_004_5_freeze_3s.pt,hf_tensor_artifacts_review,441097,"intermediate, redundant shard, synthetic diagnostic or local-only file"
exp/egorecover_stages_1_4/continuation_v1/stage3_eval/replay_0p25/replay_0p25_gaussian_indiana_music_13_5_clean.pt,hf_tensor_artifacts_review,441097,"intermediate, redundant shard, synthetic diagnostic or local-only file"
exp/egorecover_stages_1_4/continuation_v1/stage3_eval/replay_0p25/replay_0p25_gaussian_indiana_music_13_5_drift_0p03mps.pt,hf_tensor_artifacts_review,441097,"intermediate, redundant shard, synthetic diagnostic or local-only file"
exp/egorecover_stages_1_4/continuation_v1/stage3_eval/replay_0p25/replay_0p25_gaussian_indiana_music_13_5_freeze_3s.pt,hf_tensor_artifacts_review,441097,"intermediate, redundant shard, synthetic diagnostic or local-only file"
exp/egorecover_stages_1_4/continuation_v1/stage3_eval/replay_0p25/replay_0p25_gaussian_nus_cpr_52_1_clean.pt,hf_tensor_artifacts_review,441097,"intermediate, redundant shard, synthetic diagnostic or local-only file"
exp/egorecover_stages_1_4/continuation_v1/stage3_eval/replay_0p25/replay_0p25_gaussian_nus_cpr_52_1_drift_0p03mps.pt,hf_tensor_artifacts_review,441097,"intermediate, redundant shard, synthetic diagnostic or local-only file"
exp/egorecover_stages_1_4/continuation_v1/stage3_eval/replay_0p25/replay_0p25_gaussian_nus_cpr_52_1_freeze_3s.pt,hf_tensor_artifacts_review,441097,"intermediate, redundant shard, synthetic diagnostic or local-only file"
exp/egorecover_stages_1_4/continuation_v1/stage3_eval/replay_0p25/replay_0p25_gaussian_sfu_basketball_03_44_clean.pt,hf_tensor_artifacts_review,441097,"intermediate, redundant shard, synthetic diagnostic or local-only file"
exp/egorecover_stages_1_4/continuation_v1/stage3_eval/replay_0p25/replay_0p25_gaussian_sfu_basketball_03_44_drift_0p03mps.pt,hf_tensor_artifacts_review,441097,"intermediate, redundant shard, synthetic diagnostic or local-only file"
exp/egorecover_stages_1_4/continuation_v1/stage3_eval/replay_0p25/replay_0p25_gaussian_sfu_basketball_03_44_freeze_3s.pt,hf_tensor_artifacts_review,441097,"intermediate, redundant shard, synthetic diagnostic or local-only file"
exp/egorecover_stages_1_4/continuation_v1/stage3_eval/replay_0p25/replay_0p25_gaussian_sfu_basketball_08_15_clean.pt,hf_tensor_artifacts_review,441097,"intermediate, redundant shard, synthetic diagnostic or local-only file"
exp/egorecover_stages_1_4/continuation_v1/stage3_eval/replay_0p25/replay_0p25_gaussian_sfu_basketball_08_15_drift_0p03mps.pt,hf_tensor_artifacts_review,441097,"intermediate, redundant shard, synthetic diagnostic or local-only file"
exp/egorecover_stages_1_4/continuation_v1/stage3_eval/replay_0p25/replay_0p25_gaussian_sfu_basketball_08_15_freeze_3s.pt,hf_tensor_artifacts_review,441097,"intermediate, redundant shard, synthetic diagnostic or local-only file"
exp/egorecover_stages_1_4/continuation_v1/stage3_eval/replay_0p25/replay_0p25_gaussian_unc_basketball_03-16-23_01_18_clean.pt,hf_tensor_artifacts_review,441097,"intermediate, redundant shard, synthetic diagnostic or local-only file"
exp/egorecover_stages_1_4/continuation_v1/stage3_eval/replay_0p25/replay_0p25_gaussian_unc_basketball_03-16-23_01_18_drift_0p03mps.pt,hf_tensor_artifacts_review,441097,"intermediate, redundant shard, synthetic diagnostic or local-only file"
exp/egorecover_stages_1_4/continuation_v1/stage3_eval/replay_0p25/replay_0p25_gaussian_unc_basketball_03-16-23_01_18_freeze_3s.pt,hf_tensor_artifacts_review,441097,"intermediate, redundant shard, synthetic diagnostic or local-only file"
exp/egorecover_stages_1_4/continuation_v1/stage3_eval/replay_0p25/replay_0p25_gaussian_uniandes_dance_011_27_clean.pt,hf_tensor_artifacts_review,441097,"intermediate, redundant shard, synthetic diagnostic or local-only file"
exp/egorecover_stages_1_4/continuation_v1/stage3_eval/replay_0p25/replay_0p25_gaussian_uniandes_dance_011_27_drift_0p03mps.pt,hf_tensor_artifacts_review,441097,"intermediate, redundant shard, synthetic diagnostic or local-only file"
exp/egorecover_stages_1_4/continuation_v1/stage3_eval/replay_0p25/replay_0p25_gaussian_uniandes_dance_011_27_freeze_3s.pt,hf_tensor_artifacts_review,441097,"intermediate, redundant shard, synthetic diagnostic or local-only file"
exp/egorecover_stages_1_4/continuation_v1/stage3_eval/replay_0p25/replay_0p25_gaussian_uniandes_dance_012_15_clean.pt,hf_tensor_artifacts_review,441097,"intermediate, redundant shard, synthetic diagnostic or local-only file"
exp/egorecover_stages_1_4/continuation_v1/stage3_eval/replay_0p25/replay_0p25_gaussian_uniandes_dance_012_15_drift_0p03mps.pt,hf_tensor_artifacts_review,441097,"intermediate, redundant shard, synthetic diagnostic or local-only file"
exp/egorecover_stages_1_4/continuation_v1/stage3_eval/replay_0p25/replay_0p25_gaussian_uniandes_dance_012_15_freeze_3s.pt,hf_tensor_artifacts_review,441097,"intermediate, redundant shard, synthetic diagnostic or local-only file"
exp/egorecover_stages_1_4/continuation_v1/stage3_eval/replay_0p25/replay_0p25_gaussian_upenn_0725_Duet_Violin_1_2_8_clean.pt,hf_tensor_artifacts_review,441097,"intermediate, redundant shard, synthetic diagnostic or local-only file"
exp/egorecover_stages_1_4/continuation_v1/stage3_eval/replay_0p25/replay_0p25_gaussian_upenn_0725_Duet_Violin_1_2_8_drift_0p03mps.pt,hf_tensor_artifacts_review,441097,"intermediate, redundant shard, synthetic diagnostic or local-only file"
exp/egorecover_stages_1_4/continuation_v1/stage3_eval/replay_0p25/replay_0p25_gaussian_upenn_0725_Duet_Violin_1_2_8_freeze_3s.pt,hf_tensor_artifacts_review,441097,"intermediate, redundant shard, synthetic diagnostic or local-only file"
exp/egorecover_stages_1_4/continuation_v1/stage3_eval/replay_0p25/replay_0p25_history_fair_bike_01_12_clean.pt,hf_tensor_artifacts_review,441097,"intermediate, redundant shard, synthetic diagnostic or local-only file"
exp/egorecover_stages_1_4/continuation_v1/stage3_eval/replay_0p25/replay_0p25_history_fair_bike_01_12_drift_0p03mps.pt,hf_tensor_artifacts_review,441097,"intermediate, redundant shard, synthetic diagnostic or local-only file"
exp/egorecover_stages_1_4/continuation_v1/stage3_eval/replay_0p25/replay_0p25_history_fair_bike_01_12_freeze_3s.pt,hf_tensor_artifacts_review,441097,"intermediate, redundant shard, synthetic diagnostic or local-only file"
exp/egorecover_stages_1_4/continuation_v1/stage3_eval/replay_0p25/replay_0p25_history_georgiatech_bike_05_2_clean.pt,hf_tensor_artifacts_review,441097,"intermediate, redundant shard, synthetic diagnostic or local-only file"
exp/egorecover_stages_1_4/continuation_v1/stage3_eval/replay_0p25/replay_0p25_history_georgiatech_bike_05_2_drift_0p03mps.pt,hf_tensor_artifacts_review,441097,"intermediate, redundant shard, synthetic diagnostic or local-only file"
exp/egorecover_stages_1_4/continuation_v1/stage3_eval/replay_0p25/replay_0p25_history_georgiatech_bike_05_2_freeze_3s.pt,hf_tensor_artifacts_review,441097,"intermediate, redundant shard, synthetic diagnostic or local-only file"
exp/egorecover_stages_1_4/continuation_v1/stage3_eval/replay_0p25/replay_0p25_history_iiith_cooking_109_4_clean.pt,hf_tensor_artifacts_review,441097,"intermediate, redundant shard, synthetic diagnostic or local-only file"
exp/egorecover_stages_1_4/continuation_v1/stage3_eval/replay_0p25/replay_0p25_history_iiith_cooking_109_4_drift_0p03mps.pt,hf_tensor_artifacts_review,441097,"intermediate, redundant shard, synthetic diagnostic or local-only file"
exp/egorecover_stages_1_4/continuation_v1/stage3_eval/replay_0p25/replay_0p25_history_iiith_cooking_109_4_freeze_3s.pt,hf_tensor_artifacts_review,441097,"intermediate, redundant shard, synthetic diagnostic or local-only file"
exp/egorecover_stages_1_4/continuation_v1/stage3_eval/replay_0p25/replay_0p25_history_iiith_soccer_004_5_clean.pt,hf_tensor_artifacts_review,441097,"intermediate, redundant shard, synthetic diagnostic or local-only file"
exp/egorecover_stages_1_4/continuation_v1/stage3_eval/replay_0p25/replay_0p25_history_iiith_soccer_004_5_drift_0p03mps.pt,hf_tensor_artifacts_review,441097,"intermediate, redundant shard, synthetic diagnostic or local-only file"
exp/egorecover_stages_1_4/continuation_v1/stage3_eval/replay_0p25/replay_0p25_history_iiith_soccer_004_5_freeze_3s.pt,hf_tensor_artifacts_review,441097,"intermediate, redundant shard, synthetic diagnostic or local-only file"
exp/egorecover_stages_1_4/continuation_v1/stage3_eval/replay_0p25/replay_0p25_history_indiana_music_13_5_clean.pt,hf_tensor_artifacts_review,441097,"intermediate, redundant shard, synthetic diagnostic or local-only file"
exp/egorecover_stages_1_4/continuation_v1/stage3_eval/replay_0p25/replay_0p25_history_indiana_music_13_5_drift_0p03mps.pt,hf_tensor_artifacts_review,441097,"intermediate, redundant shard, synthetic diagnostic or local-only file"
exp/egorecover_stages_1_4/continuation_v1/stage3_eval/replay_0p25/replay_0p25_history_indiana_music_13_5_freeze_3s.pt,hf_tensor_artifacts_review,441097,"intermediate, redundant shard, synthetic diagnostic or local-only file"
exp/egorecover_stages_1_4/continuation_v1/stage3_eval/replay_0p25/replay_0p25_history_nus_cpr_52_1_clean.pt,hf_tensor_artifacts_review,441097,"intermediate, redundant shard, synthetic diagnostic or local-only file"
exp/egorecover_stages_1_4/continuation_v1/stage3_eval/replay_0p25/replay_0p25_history_nus_cpr_52_1_drift_0p03mps.pt,hf_tensor_artifacts_review,441097,"intermediate, redundant shard, synthetic diagnostic or local-only file"
exp/egorecover_stages_1_4/continuation_v1/stage3_eval/replay_0p25/replay_0p25_history_nus_cpr_52_1_freeze_3s.pt,hf_tensor_artifacts_review,441097,"intermediate, redundant shard, synthetic diagnostic or local-only file"
exp/egorecover_stages_1_4/continuation_v1/stage3_eval/replay_0p25/replay_0p25_history_sfu_basketball_03_44_clean.pt,hf_tensor_artifacts_review,441097,"intermediate, redundant shard, synthetic diagnostic or local-only file"
exp/egorecover_stages_1_4/continuation_v1/stage3_eval/replay_0p25/replay_0p25_history_sfu_basketball_03_44_drift_0p03mps.pt,hf_tensor_artifacts_review,441097,"intermediate, redundant shard, synthetic diagnostic or local-only file"
exp/egorecover_stages_1_4/continuation_v1/stage3_eval/replay_0p25/replay_0p25_history_sfu_basketball_03_44_freeze_3s.pt,hf_tensor_artifacts_review,441097,"intermediate, redundant shard, synthetic diagnostic or local-only file"
exp/egorecover_stages_1_4/continuation_v1/stage3_eval/replay_0p25/replay_0p25_history_sfu_basketball_08_15_clean.pt,hf_tensor_artifacts_review,441097,"intermediate, redundant shard, synthetic diagnostic or local-only file"
exp/egorecover_stages_1_4/continuation_v1/stage3_eval/replay_0p25/replay_0p25_history_sfu_basketball_08_15_drift_0p03mps.pt,hf_tensor_artifacts_review,441097,"intermediate, redundant shard, synthetic diagnostic or local-only file"
exp/egorecover_stages_1_4/continuation_v1/stage3_eval/replay_0p25/replay_0p25_history_sfu_basketball_08_15_freeze_3s.pt,hf_tensor_artifacts_review,441097,"intermediate, redundant shard, synthetic diagnostic or local-only file"
exp/egorecover_stages_1_4/continuation_v1/stage3_eval/replay_0p25/replay_0p25_history_unc_basketball_03-16-23_01_18_clean.pt,hf_tensor_artifacts_review,441097,"intermediate, redundant shard, synthetic diagnostic or local-only file"
exp/egorecover_stages_1_4/continuation_v1/stage3_eval/replay_0p25/replay_0p25_history_unc_basketball_03-16-23_01_18_drift_0p03mps.pt,hf_tensor_artifacts_review,441097,"intermediate, redundant shard, synthetic diagnostic or local-only file"
exp/egorecover_stages_1_4/continuation_v1/stage3_eval/replay_0p25/replay_0p25_history_unc_basketball_03-16-23_01_18_freeze_3s.pt,hf_tensor_artifacts_review,441097,"intermediate, redundant shard, synthetic diagnostic or local-only file"
exp/egorecover_stages_1_4/continuation_v1/stage3_eval/replay_0p25/replay_0p25_history_uniandes_dance_011_27_clean.pt,hf_tensor_artifacts_review,441097,"intermediate, redundant shard, synthetic diagnostic or local-only file"
exp/egorecover_stages_1_4/continuation_v1/stage3_eval/replay_0p25/replay_0p25_history_uniandes_dance_011_27_drift_0p03mps.pt,hf_tensor_artifacts_review,441097,"intermediate, redundant shard, synthetic diagnostic or local-only file"
exp/egorecover_stages_1_4/continuation_v1/stage3_eval/replay_0p25/replay_0p25_history_uniandes_dance_011_27_freeze_3s.pt,hf_tensor_artifacts_review,441097,"intermediate, redundant shard, synthetic diagnostic or local-only file"
exp/egorecover_stages_1_4/continuation_v1/stage3_eval/replay_0p25/replay_0p25_history_uniandes_dance_012_15_clean.pt,hf_tensor_artifacts_review,441097,"intermediate, redundant shard, synthetic diagnostic or local-only file"
exp/egorecover_stages_1_4/continuation_v1/stage3_eval/replay_0p25/replay_0p25_history_uniandes_dance_012_15_drift_0p03mps.pt,hf_tensor_artifacts_review,441097,"intermediate, redundant shard, synthetic diagnostic or local-only file"
exp/egorecover_stages_1_4/continuation_v1/stage3_eval/replay_0p25/replay_0p25_history_uniandes_dance_012_15_freeze_3s.pt,hf_tensor_artifacts_review,441097,"intermediate, redundant shard, synthetic diagnostic or local-only file"
exp/egorecover_stages_1_4/continuation_v1/stage3_eval/replay_0p25/replay_0p25_history_upenn_0725_Duet_Violin_1_2_8_clean.pt,hf_tensor_artifacts_review,441097,"intermediate, redundant shard, synthetic diagnostic or local-only file"
exp/egorecover_stages_1_4/continuation_v1/stage3_eval/replay_0p25/replay_0p25_history_upenn_0725_Duet_Violin_1_2_8_drift_0p03mps.pt,hf_tensor_artifacts_review,441097,"intermediate, redundant shard, synthetic diagnostic or local-only file"
exp/egorecover_stages_1_4/continuation_v1/stage3_eval/replay_0p25/replay_0p25_history_upenn_0725_Duet_Violin_1_2_8_freeze_3s.pt,hf_tensor_artifacts_review,441097,"intermediate, redundant shard, synthetic diagnostic or local-only file"
exp/egorecover_stages_1_4/continuation_v1/stage3_eval/replay_0p25/replay_0p25_prior_only_fair_bike_01_12_clean.pt,hf_tensor_artifacts_review,441097,"intermediate, redundant shard, synthetic diagnostic or local-only file"
exp/egorecover_stages_1_4/continuation_v1/stage3_eval/replay_0p25/replay_0p25_prior_only_fair_bike_01_12_drift_0p03mps.pt,hf_tensor_artifacts_review,441097,"intermediate, redundant shard, synthetic diagnostic or local-only file"
exp/egorecover_stages_1_4/continuation_v1/stage3_eval/replay_0p25/replay_0p25_prior_only_fair_bike_01_12_freeze_3s.pt,hf_tensor_artifacts_review,441097,"intermediate, redundant shard, synthetic diagnostic or local-only file"
exp/egorecover_stages_1_4/continuation_v1/stage3_eval/replay_0p25/replay_0p25_prior_only_georgiatech_bike_05_2_clean.pt,hf_tensor_artifacts_review,441097,"intermediate, redundant shard, synthetic diagnostic or local-only file"
exp/egorecover_stages_1_4/continuation_v1/stage3_eval/replay_0p25/replay_0p25_prior_only_georgiatech_bike_05_2_drift_0p03mps.pt,hf_tensor_artifacts_review,441097,"intermediate, redundant shard, synthetic diagnostic or local-only file"
exp/egorecover_stages_1_4/continuation_v1/stage3_eval/replay_0p25/replay_0p25_prior_only_georgiatech_bike_05_2_freeze_3s.pt,hf_tensor_artifacts_review,441097,"intermediate, redundant shard, synthetic diagnostic or local-only file"
exp/egorecover_stages_1_4/continuation_v1/stage3_eval/replay_0p25/replay_0p25_prior_only_iiith_cooking_109_4_clean.pt,hf_tensor_artifacts_review,441097,"intermediate, redundant shard, synthetic diagnostic or local-only file"
exp/egorecover_stages_1_4/continuation_v1/stage3_eval/replay_0p25/replay_0p25_prior_only_iiith_cooking_109_4_drift_0p03mps.pt,hf_tensor_artifacts_review,441097,"intermediate, redundant shard, synthetic diagnostic or local-only file"
exp/egorecover_stages_1_4/continuation_v1/stage3_eval/replay_0p25/replay_0p25_prior_only_iiith_cooking_109_4_freeze_3s.pt,hf_tensor_artifacts_review,441097,"intermediate, redundant shard, synthetic diagnostic or local-only file"
exp/egorecover_stages_1_4/continuation_v1/stage3_eval/replay_0p25/replay_0p25_prior_only_iiith_soccer_004_5_clean.pt,hf_tensor_artifacts_review,441097,"intermediate, redundant shard, synthetic diagnostic or local-only file"
exp/egorecover_stages_1_4/continuation_v1/stage3_eval/replay_0p25/replay_0p25_prior_only_iiith_soccer_004_5_drift_0p03mps.pt,hf_tensor_artifacts_review,441097,"intermediate, redundant shard, synthetic diagnostic or local-only file"
exp/egorecover_stages_1_4/continuation_v1/stage3_eval/replay_0p25/replay_0p25_prior_only_iiith_soccer_004_5_freeze_3s.pt,hf_tensor_artifacts_review,441097,"intermediate, redundant shard, synthetic diagnostic or local-only file"
exp/egorecover_stages_1_4/continuation_v1/stage3_eval/replay_0p25/replay_0p25_prior_only_indiana_music_13_5_clean.pt,hf_tensor_artifacts_review,441097,"intermediate, redundant shard, synthetic diagnostic or local-only file"
exp/egorecover_stages_1_4/continuation_v1/stage3_eval/replay_0p25/replay_0p25_prior_only_indiana_music_13_5_drift_0p03mps.pt,hf_tensor_artifacts_review,441097,"intermediate, redundant shard, synthetic diagnostic or local-only file"
exp/egorecover_stages_1_4/continuation_v1/stage3_eval/replay_0p25/replay_0p25_prior_only_indiana_music_13_5_freeze_3s.pt,hf_tensor_artifacts_review,441097,"intermediate, redundant shard, synthetic diagnostic or local-only file"
exp/egorecover_stages_1_4/continuation_v1/stage3_eval/replay_0p25/replay_0p25_prior_only_nus_cpr_52_1_clean.pt,hf_tensor_artifacts_review,441097,"intermediate, redundant shard, synthetic diagnostic or local-only file"
exp/egorecover_stages_1_4/continuation_v1/stage3_eval/replay_0p25/replay_0p25_prior_only_nus_cpr_52_1_drift_0p03mps.pt,hf_tensor_artifacts_review,441097,"intermediate, redundant shard, synthetic diagnostic or local-only file"
exp/egorecover_stages_1_4/continuation_v1/stage3_eval/replay_0p25/replay_0p25_prior_only_nus_cpr_52_1_freeze_3s.pt,hf_tensor_artifacts_review,441097,"intermediate, redundant shard, synthetic diagnostic or local-only file"
exp/egorecover_stages_1_4/continuation_v1/stage3_eval/replay_0p25/replay_0p25_prior_only_sfu_basketball_03_44_clean.pt,hf_tensor_artifacts_review,441097,"intermediate, redundant shard, synthetic diagnostic or local-only file"
exp/egorecover_stages_1_4/continuation_v1/stage3_eval/replay_0p25/replay_0p25_prior_only_sfu_basketball_03_44_drift_0p03mps.pt,hf_tensor_artifacts_review,441097,"intermediate, redundant shard, synthetic diagnostic or local-only file"
exp/egorecover_stages_1_4/continuation_v1/stage3_eval/replay_0p25/replay_0p25_prior_only_sfu_basketball_03_44_freeze_3s.pt,hf_tensor_artifacts_review,441097,"intermediate, redundant shard, synthetic diagnostic or local-only file"
exp/egorecover_stages_1_4/continuation_v1/stage3_eval/replay_0p25/replay_0p25_prior_only_sfu_basketball_08_15_clean.pt,hf_tensor_artifacts_review,441097,"intermediate, redundant shard, synthetic diagnostic or local-only file"
exp/egorecover_stages_1_4/continuation_v1/stage3_eval/replay_0p25/replay_0p25_prior_only_sfu_basketball_08_15_drift_0p03mps.pt,hf_tensor_artifacts_review,441097,"intermediate, redundant shard, synthetic diagnostic or local-only file"
exp/egorecover_stages_1_4/continuation_v1/stage3_eval/replay_0p25/replay_0p25_prior_only_sfu_basketball_08_15_freeze_3s.pt,hf_tensor_artifacts_review,441097,"intermediate, redundant shard, synthetic diagnostic or local-only file"
exp/egorecover_stages_1_4/continuation_v1/stage3_eval/replay_0p25/replay_0p25_prior_only_unc_basketball_03-16-23_01_18_clean.pt,hf_tensor_artifacts_review,441097,"intermediate, redundant shard, synthetic diagnostic or local-only file"
exp/egorecover_stages_1_4/continuation_v1/stage3_eval/replay_0p25/replay_0p25_prior_only_unc_basketball_03-16-23_01_18_drift_0p03mps.pt,hf_tensor_artifacts_review,441097,"intermediate, redundant shard, synthetic diagnostic or local-only file"
exp/egorecover_stages_1_4/continuation_v1/stage3_eval/replay_0p25/replay_0p25_prior_only_unc_basketball_03-16-23_01_18_freeze_3s.pt,hf_tensor_artifacts_review,441097,"intermediate, redundant shard, synthetic diagnostic or local-only file"
exp/egorecover_stages_1_4/continuation_v1/stage3_eval/replay_0p25/replay_0p25_prior_only_uniandes_dance_011_27_clean.pt,hf_tensor_artifacts_review,441097,"intermediate, redundant shard, synthetic diagnostic or local-only file"
exp/egorecover_stages_1_4/continuation_v1/stage3_eval/replay_0p25/replay_0p25_prior_only_uniandes_dance_011_27_drift_0p03mps.pt,hf_tensor_artifacts_review,441097,"intermediate, redundant shard, synthetic diagnostic or local-only file"
exp/egorecover_stages_1_4/continuation_v1/stage3_eval/replay_0p25/replay_0p25_prior_only_uniandes_dance_011_27_freeze_3s.pt,hf_tensor_artifacts_review,441097,"intermediate, redundant shard, synthetic diagnostic or local-only file"
exp/egorecover_stages_1_4/continuation_v1/stage3_eval/replay_0p25/replay_0p25_prior_only_uniandes_dance_012_15_clean.pt,hf_tensor_artifacts_review,441097,"intermediate, redundant shard, synthetic diagnostic or local-only file"
exp/egorecover_stages_1_4/continuation_v1/stage3_eval/replay_0p25/replay_0p25_prior_only_uniandes_dance_012_15_drift_0p03mps.pt,hf_tensor_artifacts_review,441097,"intermediate, redundant shard, synthetic diagnostic or local-only file"
exp/egorecover_stages_1_4/continuation_v1/stage3_eval/replay_0p25/replay_0p25_prior_only_uniandes_dance_012_15_freeze_3s.pt,hf_tensor_artifacts_review,441097,"intermediate, redundant shard, synthetic diagnostic or local-only file"
exp/egorecover_stages_1_4/continuation_v1/stage3_eval/replay_0p25/replay_0p25_prior_only_upenn_0725_Duet_Violin_1_2_8_clean.pt,hf_tensor_artifacts_review,441097,"intermediate, redundant shard, synthetic diagnostic or local-only file"
exp/egorecover_stages_1_4/continuation_v1/stage3_eval/replay_0p25/replay_0p25_prior_only_upenn_0725_Duet_Violin_1_2_8_drift_0p03mps.pt,hf_tensor_artifacts_review,441097,"intermediate, redundant shard, synthetic diagnostic or local-only file"
exp/egorecover_stages_1_4/continuation_v1/stage3_eval/replay_0p25/replay_0p25_prior_only_upenn_0725_Duet_Violin_1_2_8_freeze_3s.pt,hf_tensor_artifacts_review,441097,"intermediate, redundant shard, synthetic diagnostic or local-only file"
exp/egorecover_stages_1_4/continuation_v1/stage3_eval/replay_0p25/report.json,github_experiment_metadata,905037,GitHub lightweight record or source
exp/egorecover_stages_1_4/continuation_v1/stage3_eval/replay_0p5/progress.json,github_experiment_metadata,236382,GitHub lightweight record or source
exp/egorecover_stages_1_4/continuation_v1/stage3_eval/replay_0p5/replay_0p5_gaussian_fair_bike_01_12_clean.pt,hf_tensor_artifacts_review,441097,"intermediate, redundant shard, synthetic diagnostic or local-only file"
exp/egorecover_stages_1_4/continuation_v1/stage3_eval/replay_0p5/replay_0p5_gaussian_fair_bike_01_12_drift_0p03mps.pt,hf_tensor_artifacts_review,441097,"intermediate, redundant shard, synthetic diagnostic or local-only file"
exp/egorecover_stages_1_4/continuation_v1/stage3_eval/replay_0p5/replay_0p5_gaussian_fair_bike_01_12_freeze_3s.pt,hf_tensor_artifacts_review,441097,"intermediate, redundant shard, synthetic diagnostic or local-only file"
exp/egorecover_stages_1_4/continuation_v1/stage3_eval/replay_0p5/replay_0p5_gaussian_georgiatech_bike_05_2_clean.pt,hf_tensor_artifacts_review,441097,"intermediate, redundant shard, synthetic diagnostic or local-only file"
exp/egorecover_stages_1_4/continuation_v1/stage3_eval/replay_0p5/replay_0p5_gaussian_georgiatech_bike_05_2_drift_0p03mps.pt,hf_tensor_artifacts_review,441097,"intermediate, redundant shard, synthetic diagnostic or local-only file"
exp/egorecover_stages_1_4/continuation_v1/stage3_eval/replay_0p5/replay_0p5_gaussian_georgiatech_bike_05_2_freeze_3s.pt,hf_tensor_artifacts_review,441097,"intermediate, redundant shard, synthetic diagnostic or local-only file"
exp/egorecover_stages_1_4/continuation_v1/stage3_eval/replay_0p5/replay_0p5_gaussian_iiith_cooking_109_4_clean.pt,hf_tensor_artifacts_review,441097,"intermediate, redundant shard, synthetic diagnostic or local-only file"
exp/egorecover_stages_1_4/continuation_v1/stage3_eval/replay_0p5/replay_0p5_gaussian_iiith_cooking_109_4_drift_0p03mps.pt,hf_tensor_artifacts_review,441097,"intermediate, redundant shard, synthetic diagnostic or local-only file"
exp/egorecover_stages_1_4/continuation_v1/stage3_eval/replay_0p5/replay_0p5_gaussian_iiith_cooking_109_4_freeze_3s.pt,hf_tensor_artifacts_review,441097,"intermediate, redundant shard, synthetic diagnostic or local-only file"
exp/egorecover_stages_1_4/continuation_v1/stage3_eval/replay_0p5/replay_0p5_gaussian_iiith_soccer_004_5_clean.pt,hf_tensor_artifacts_review,441097,"intermediate, redundant shard, synthetic diagnostic or local-only file"
exp/egorecover_stages_1_4/continuation_v1/stage3_eval/replay_0p5/replay_0p5_gaussian_iiith_soccer_004_5_drift_0p03mps.pt,hf_tensor_artifacts_review,441097,"intermediate, redundant shard, synthetic diagnostic or local-only file"
exp/egorecover_stages_1_4/continuation_v1/stage3_eval/replay_0p5/replay_0p5_gaussian_iiith_soccer_004_5_freeze_3s.pt,hf_tensor_artifacts_review,441097,"intermediate, redundant shard, synthetic diagnostic or local-only file"
exp/egorecover_stages_1_4/continuation_v1/stage3_eval/replay_0p5/replay_0p5_gaussian_indiana_music_13_5_clean.pt,hf_tensor_artifacts_review,441097,"intermediate, redundant shard, synthetic diagnostic or local-only file"
exp/egorecover_stages_1_4/continuation_v1/stage3_eval/replay_0p5/replay_0p5_gaussian_indiana_music_13_5_drift_0p03mps.pt,hf_tensor_artifacts_review,441097,"intermediate, redundant shard, synthetic diagnostic or local-only file"
exp/egorecover_stages_1_4/continuation_v1/stage3_eval/replay_0p5/replay_0p5_gaussian_indiana_music_13_5_freeze_3s.pt,hf_tensor_artifacts_review,441097,"intermediate, redundant shard, synthetic diagnostic or local-only file"
exp/egorecover_stages_1_4/continuation_v1/stage3_eval/replay_0p5/replay_0p5_gaussian_nus_cpr_52_1_clean.pt,hf_tensor_artifacts_review,441097,"intermediate, redundant shard, synthetic diagnostic or local-only file"
exp/egorecover_stages_1_4/continuation_v1/stage3_eval/replay_0p5/replay_0p5_gaussian_nus_cpr_52_1_drift_0p03mps.pt,hf_tensor_artifacts_review,441097,"intermediate, redundant shard, synthetic diagnostic or local-only file"
exp/egorecover_stages_1_4/continuation_v1/stage3_eval/replay_0p5/replay_0p5_gaussian_nus_cpr_52_1_freeze_3s.pt,hf_tensor_artifacts_review,441097,"intermediate, redundant shard, synthetic diagnostic or local-only file"
exp/egorecover_stages_1_4/continuation_v1/stage3_eval/replay_0p5/replay_0p5_gaussian_sfu_basketball_03_44_clean.pt,hf_tensor_artifacts_review,441097,"intermediate, redundant shard, synthetic diagnostic or local-only file"
exp/egorecover_stages_1_4/continuation_v1/stage3_eval/replay_0p5/replay_0p5_gaussian_sfu_basketball_03_44_drift_0p03mps.pt,hf_tensor_artifacts_review,441097,"intermediate, redundant shard, synthetic diagnostic or local-only file"
exp/egorecover_stages_1_4/continuation_v1/stage3_eval/replay_0p5/replay_0p5_gaussian_sfu_basketball_03_44_freeze_3s.pt,hf_tensor_artifacts_review,441097,"intermediate, redundant shard, synthetic diagnostic or local-only file"
exp/egorecover_stages_1_4/continuation_v1/stage3_eval/replay_0p5/replay_0p5_gaussian_sfu_basketball_08_15_clean.pt,hf_tensor_artifacts_review,441097,"intermediate, redundant shard, synthetic diagnostic or local-only file"
exp/egorecover_stages_1_4/continuation_v1/stage3_eval/replay_0p5/replay_0p5_gaussian_sfu_basketball_08_15_drift_0p03mps.pt,hf_tensor_artifacts_review,441097,"intermediate, redundant shard, synthetic diagnostic or local-only file"
exp/egorecover_stages_1_4/continuation_v1/stage3_eval/replay_0p5/replay_0p5_gaussian_sfu_basketball_08_15_freeze_3s.pt,hf_tensor_artifacts_review,441097,"intermediate, redundant shard, synthetic diagnostic or local-only file"
exp/egorecover_stages_1_4/continuation_v1/stage3_eval/replay_0p5/replay_0p5_gaussian_unc_basketball_03-16-23_01_18_clean.pt,hf_tensor_artifacts_review,441097,"intermediate, redundant shard, synthetic diagnostic or local-only file"
exp/egorecover_stages_1_4/continuation_v1/stage3_eval/replay_0p5/replay_0p5_gaussian_unc_basketball_03-16-23_01_18_drift_0p03mps.pt,hf_tensor_artifacts_review,441097,"intermediate, redundant shard, synthetic diagnostic or local-only file"
exp/egorecover_stages_1_4/continuation_v1/stage3_eval/replay_0p5/replay_0p5_gaussian_unc_basketball_03-16-23_01_18_freeze_3s.pt,hf_tensor_artifacts_review,441097,"intermediate, redundant shard, synthetic diagnostic or local-only file"
exp/egorecover_stages_1_4/continuation_v1/stage3_eval/replay_0p5/replay_0p5_gaussian_uniandes_dance_011_27_clean.pt,hf_tensor_artifacts_review,441097,"intermediate, redundant shard, synthetic diagnostic or local-only file"
exp/egorecover_stages_1_4/continuation_v1/stage3_eval/replay_0p5/replay_0p5_gaussian_uniandes_dance_011_27_drift_0p03mps.pt,hf_tensor_artifacts_review,441097,"intermediate, redundant shard, synthetic diagnostic or local-only file"
exp/egorecover_stages_1_4/continuation_v1/stage3_eval/replay_0p5/replay_0p5_gaussian_uniandes_dance_011_27_freeze_3s.pt,hf_tensor_artifacts_review,441097,"intermediate, redundant shard, synthetic diagnostic or local-only file"
exp/egorecover_stages_1_4/continuation_v1/stage3_eval/replay_0p5/replay_0p5_gaussian_uniandes_dance_012_15_clean.pt,hf_tensor_artifacts_review,441097,"intermediate, redundant shard, synthetic diagnostic or local-only file"
exp/egorecover_stages_1_4/continuation_v1/stage3_eval/replay_0p5/replay_0p5_gaussian_uniandes_dance_012_15_drift_0p03mps.pt,hf_tensor_artifacts_review,441097,"intermediate, redundant shard, synthetic diagnostic or local-only file"
exp/egorecover_stages_1_4/continuation_v1/stage3_eval/replay_0p5/replay_0p5_gaussian_uniandes_dance_012_15_freeze_3s.pt,hf_tensor_artifacts_review,441097,"intermediate, redundant shard, synthetic diagnostic or local-only file"
exp/egorecover_stages_1_4/continuation_v1/stage3_eval/replay_0p5/replay_0p5_gaussian_upenn_0725_Duet_Violin_1_2_8_clean.pt,hf_tensor_artifacts_review,441097,"intermediate, redundant shard, synthetic diagnostic or local-only file"
exp/egorecover_stages_1_4/continuation_v1/stage3_eval/replay_0p5/replay_0p5_gaussian_upenn_0725_Duet_Violin_1_2_8_drift_0p03mps.pt,hf_tensor_artifacts_review,441097,"intermediate, redundant shard, synthetic diagnostic or local-only file"
exp/egorecover_stages_1_4/continuation_v1/stage3_eval/replay_0p5/replay_0p5_gaussian_upenn_0725_Duet_Violin_1_2_8_freeze_3s.pt,hf_tensor_artifacts_review,441097,"intermediate, redundant shard, synthetic diagnostic or local-only file"
exp/egorecover_stages_1_4/continuation_v1/stage3_eval/replay_0p5/replay_0p5_history_fair_bike_01_12_clean.pt,hf_tensor_artifacts_review,441097,"intermediate, redundant shard, synthetic diagnostic or local-only file"
exp/egorecover_stages_1_4/continuation_v1/stage3_eval/replay_0p5/replay_0p5_history_fair_bike_01_12_drift_0p03mps.pt,hf_tensor_artifacts_review,441097,"intermediate, redundant shard, synthetic diagnostic or local-only file"
exp/egorecover_stages_1_4/continuation_v1/stage3_eval/replay_0p5/replay_0p5_history_fair_bike_01_12_freeze_3s.pt,hf_tensor_artifacts_review,441097,"intermediate, redundant shard, synthetic diagnostic or local-only file"
exp/egorecover_stages_1_4/continuation_v1/stage3_eval/replay_0p5/replay_0p5_history_georgiatech_bike_05_2_clean.pt,hf_tensor_artifacts_review,441097,"intermediate, redundant shard, synthetic diagnostic or local-only file"
exp/egorecover_stages_1_4/continuation_v1/stage3_eval/replay_0p5/replay_0p5_history_georgiatech_bike_05_2_drift_0p03mps.pt,hf_tensor_artifacts_review,441097,"intermediate, redundant shard, synthetic diagnostic or local-only file"
exp/egorecover_stages_1_4/continuation_v1/stage3_eval/replay_0p5/replay_0p5_history_georgiatech_bike_05_2_freeze_3s.pt,hf_tensor_artifacts_review,441097,"intermediate, redundant shard, synthetic diagnostic or local-only file"
exp/egorecover_stages_1_4/continuation_v1/stage3_eval/replay_0p5/replay_0p5_history_iiith_cooking_109_4_clean.pt,hf_tensor_artifacts_review,441097,"intermediate, redundant shard, synthetic diagnostic or local-only file"
exp/egorecover_stages_1_4/continuation_v1/stage3_eval/replay_0p5/replay_0p5_history_iiith_cooking_109_4_drift_0p03mps.pt,hf_tensor_artifacts_review,441097,"intermediate, redundant shard, synthetic diagnostic or local-only file"
exp/egorecover_stages_1_4/continuation_v1/stage3_eval/replay_0p5/replay_0p5_history_iiith_cooking_109_4_freeze_3s.pt,hf_tensor_artifacts_review,441097,"intermediate, redundant shard, synthetic diagnostic or local-only file"
exp/egorecover_stages_1_4/continuation_v1/stage3_eval/replay_0p5/replay_0p5_history_iiith_soccer_004_5_clean.pt,hf_tensor_artifacts_review,441097,"intermediate, redundant shard, synthetic diagnostic or local-only file"
exp/egorecover_stages_1_4/continuation_v1/stage3_eval/replay_0p5/replay_0p5_history_iiith_soccer_004_5_drift_0p03mps.pt,hf_tensor_artifacts_review,441097,"intermediate, redundant shard, synthetic diagnostic or local-only file"
exp/egorecover_stages_1_4/continuation_v1/stage3_eval/replay_0p5/replay_0p5_history_iiith_soccer_004_5_freeze_3s.pt,hf_tensor_artifacts_review,441097,"intermediate, redundant shard, synthetic diagnostic or local-only file"
exp/egorecover_stages_1_4/continuation_v1/stage3_eval/replay_0p5/replay_0p5_history_indiana_music_13_5_clean.pt,hf_tensor_artifacts_review,441097,"intermediate, redundant shard, synthetic diagnostic or local-only file"
exp/egorecover_stages_1_4/continuation_v1/stage3_eval/replay_0p5/replay_0p5_history_indiana_music_13_5_drift_0p03mps.pt,hf_tensor_artifacts_review,441097,"intermediate, redundant shard, synthetic diagnostic or local-only file"
exp/egorecover_stages_1_4/continuation_v1/stage3_eval/replay_0p5/replay_0p5_history_indiana_music_13_5_freeze_3s.pt,hf_tensor_artifacts_review,441097,"intermediate, redundant shard, synthetic diagnostic or local-only file"
exp/egorecover_stages_1_4/continuation_v1/stage3_eval/replay_0p5/replay_0p5_history_nus_cpr_52_1_clean.pt,hf_tensor_artifacts_review,441097,"intermediate, redundant shard, synthetic diagnostic or local-only file"
exp/egorecover_stages_1_4/continuation_v1/stage3_eval/replay_0p5/replay_0p5_history_nus_cpr_52_1_drift_0p03mps.pt,hf_tensor_artifacts_review,441097,"intermediate, redundant shard, synthetic diagnostic or local-only file"
exp/egorecover_stages_1_4/continuation_v1/stage3_eval/replay_0p5/replay_0p5_history_nus_cpr_52_1_freeze_3s.pt,hf_tensor_artifacts_review,441097,"intermediate, redundant shard, synthetic diagnostic or local-only file"
exp/egorecover_stages_1_4/continuation_v1/stage3_eval/replay_0p5/replay_0p5_history_sfu_basketball_03_44_clean.pt,hf_tensor_artifacts_review,441097,"intermediate, redundant shard, synthetic diagnostic or local-only file"
exp/egorecover_stages_1_4/continuation_v1/stage3_eval/replay_0p5/replay_0p5_history_sfu_basketball_03_44_drift_0p03mps.pt,hf_tensor_artifacts_review,441097,"intermediate, redundant shard, synthetic diagnostic or local-only file"
exp/egorecover_stages_1_4/continuation_v1/stage3_eval/replay_0p5/replay_0p5_history_sfu_basketball_03_44_freeze_3s.pt,hf_tensor_artifacts_review,441097,"intermediate, redundant shard, synthetic diagnostic or local-only file"
exp/egorecover_stages_1_4/continuation_v1/stage3_eval/replay_0p5/replay_0p5_history_sfu_basketball_08_15_clean.pt,hf_tensor_artifacts_review,441097,"intermediate, redundant shard, synthetic diagnostic or local-only file"
exp/egorecover_stages_1_4/continuation_v1/stage3_eval/replay_0p5/replay_0p5_history_sfu_basketball_08_15_drift_0p03mps.pt,hf_tensor_artifacts_review,441097,"intermediate, redundant shard, synthetic diagnostic or local-only file"
exp/egorecover_stages_1_4/continuation_v1/stage3_eval/replay_0p5/replay_0p5_history_sfu_basketball_08_15_freeze_3s.pt,hf_tensor_artifacts_review,441097,"intermediate, redundant shard, synthetic diagnostic or local-only file"
exp/egorecover_stages_1_4/continuation_v1/stage3_eval/replay_0p5/replay_0p5_history_unc_basketball_03-16-23_01_18_clean.pt,hf_tensor_artifacts_review,441097,"intermediate, redundant shard, synthetic diagnostic or local-only file"
exp/egorecover_stages_1_4/continuation_v1/stage3_eval/replay_0p5/replay_0p5_history_unc_basketball_03-16-23_01_18_drift_0p03mps.pt,hf_tensor_artifacts_review,441097,"intermediate, redundant shard, synthetic diagnostic or local-only file"
exp/egorecover_stages_1_4/continuation_v1/stage3_eval/replay_0p5/replay_0p5_history_unc_basketball_03-16-23_01_18_freeze_3s.pt,hf_tensor_artifacts_review,441097,"intermediate, redundant shard, synthetic diagnostic or local-only file"
exp/egorecover_stages_1_4/continuation_v1/stage3_eval/replay_0p5/replay_0p5_history_uniandes_dance_011_27_clean.pt,hf_tensor_artifacts_review,441097,"intermediate, redundant shard, synthetic diagnostic or local-only file"
exp/egorecover_stages_1_4/continuation_v1/stage3_eval/replay_0p5/replay_0p5_history_uniandes_dance_011_27_drift_0p03mps.pt,hf_tensor_artifacts_review,441097,"intermediate, redundant shard, synthetic diagnostic or local-only file"
exp/egorecover_stages_1_4/continuation_v1/stage3_eval/replay_0p5/replay_0p5_history_uniandes_dance_011_27_freeze_3s.pt,hf_tensor_artifacts_review,441097,"intermediate, redundant shard, synthetic diagnostic or local-only file"
exp/egorecover_stages_1_4/continuation_v1/stage3_eval/replay_0p5/replay_0p5_history_uniandes_dance_012_15_clean.pt,hf_tensor_artifacts_review,441097,"intermediate, redundant shard, synthetic diagnostic or local-only file"
exp/egorecover_stages_1_4/continuation_v1/stage3_eval/replay_0p5/replay_0p5_history_uniandes_dance_012_15_drift_0p03mps.pt,hf_tensor_artifacts_review,441097,"intermediate, redundant shard, synthetic diagnostic or local-only file"
exp/egorecover_stages_1_4/continuation_v1/stage3_eval/replay_0p5/replay_0p5_history_uniandes_dance_012_15_freeze_3s.pt,hf_tensor_artifacts_review,441097,"intermediate, redundant shard, synthetic diagnostic or local-only file"
exp/egorecover_stages_1_4/continuation_v1/stage3_eval/replay_0p5/replay_0p5_history_upenn_0725_Duet_Violin_1_2_8_clean.pt,hf_tensor_artifacts_review,441097,"intermediate, redundant shard, synthetic diagnostic or local-only file"
exp/egorecover_stages_1_4/continuation_v1/stage3_eval/replay_0p5/replay_0p5_history_upenn_0725_Duet_Violin_1_2_8_drift_0p03mps.pt,hf_tensor_artifacts_review,441097,"intermediate, redundant shard, synthetic diagnostic or local-only file"
exp/egorecover_stages_1_4/continuation_v1/stage3_eval/replay_0p5/replay_0p5_history_upenn_0725_Duet_Violin_1_2_8_freeze_3s.pt,hf_tensor_artifacts_review,441097,"intermediate, redundant shard, synthetic diagnostic or local-only file"
exp/egorecover_stages_1_4/continuation_v1/stage3_eval/replay_0p5/replay_0p5_prior_only_fair_bike_01_12_clean.pt,hf_tensor_artifacts_review,441097,"intermediate, redundant shard, synthetic diagnostic or local-only file"
exp/egorecover_stages_1_4/continuation_v1/stage3_eval/replay_0p5/replay_0p5_prior_only_fair_bike_01_12_drift_0p03mps.pt,hf_tensor_artifacts_review,441097,"intermediate, redundant shard, synthetic diagnostic or local-only file"
exp/egorecover_stages_1_4/continuation_v1/stage3_eval/replay_0p5/replay_0p5_prior_only_fair_bike_01_12_freeze_3s.pt,hf_tensor_artifacts_review,441097,"intermediate, redundant shard, synthetic diagnostic or local-only file"
exp/egorecover_stages_1_4/continuation_v1/stage3_eval/replay_0p5/replay_0p5_prior_only_georgiatech_bike_05_2_clean.pt,hf_tensor_artifacts_review,441097,"intermediate, redundant shard, synthetic diagnostic or local-only file"
exp/egorecover_stages_1_4/continuation_v1/stage3_eval/replay_0p5/replay_0p5_prior_only_georgiatech_bike_05_2_drift_0p03mps.pt,hf_tensor_artifacts_review,441097,"intermediate, redundant shard, synthetic diagnostic or local-only file"
exp/egorecover_stages_1_4/continuation_v1/stage3_eval/replay_0p5/replay_0p5_prior_only_georgiatech_bike_05_2_freeze_3s.pt,hf_tensor_artifacts_review,441097,"intermediate, redundant shard, synthetic diagnostic or local-only file"
exp/egorecover_stages_1_4/continuation_v1/stage3_eval/replay_0p5/replay_0p5_prior_only_iiith_cooking_109_4_clean.pt,hf_tensor_artifacts_review,441097,"intermediate, redundant shard, synthetic diagnostic or local-only file"
exp/egorecover_stages_1_4/continuation_v1/stage3_eval/replay_0p5/replay_0p5_prior_only_iiith_cooking_109_4_drift_0p03mps.pt,hf_tensor_artifacts_review,441097,"intermediate, redundant shard, synthetic diagnostic or local-only file"
exp/egorecover_stages_1_4/continuation_v1/stage3_eval/replay_0p5/replay_0p5_prior_only_iiith_cooking_109_4_freeze_3s.pt,hf_tensor_artifacts_review,441097,"intermediate, redundant shard, synthetic diagnostic or local-only file"
exp/egorecover_stages_1_4/continuation_v1/stage3_eval/replay_0p5/replay_0p5_prior_only_iiith_soccer_004_5_clean.pt,hf_tensor_artifacts_review,441097,"intermediate, redundant shard, synthetic diagnostic or local-only file"
exp/egorecover_stages_1_4/continuation_v1/stage3_eval/replay_0p5/replay_0p5_prior_only_iiith_soccer_004_5_drift_0p03mps.pt,hf_tensor_artifacts_review,441097,"intermediate, redundant shard, synthetic diagnostic or local-only file"
exp/egorecover_stages_1_4/continuation_v1/stage3_eval/replay_0p5/replay_0p5_prior_only_iiith_soccer_004_5_freeze_3s.pt,hf_tensor_artifacts_review,441097,"intermediate, redundant shard, synthetic diagnostic or local-only file"
exp/egorecover_stages_1_4/continuation_v1/stage3_eval/replay_0p5/replay_0p5_prior_only_indiana_music_13_5_clean.pt,hf_tensor_artifacts_review,441097,"intermediate, redundant shard, synthetic diagnostic or local-only file"
exp/egorecover_stages_1_4/continuation_v1/stage3_eval/replay_0p5/replay_0p5_prior_only_indiana_music_13_5_drift_0p03mps.pt,hf_tensor_artifacts_review,441097,"intermediate, redundant shard, synthetic diagnostic or local-only file"
exp/egorecover_stages_1_4/continuation_v1/stage3_eval/replay_0p5/replay_0p5_prior_only_indiana_music_13_5_freeze_3s.pt,hf_tensor_artifacts_review,441097,"intermediate, redundant shard, synthetic diagnostic or local-only file"
exp/egorecover_stages_1_4/continuation_v1/stage3_eval/replay_0p5/replay_0p5_prior_only_nus_cpr_52_1_clean.pt,hf_tensor_artifacts_review,441097,"intermediate, redundant shard, synthetic diagnostic or local-only file"
exp/egorecover_stages_1_4/continuation_v1/stage3_eval/replay_0p5/replay_0p5_prior_only_nus_cpr_52_1_drift_0p03mps.pt,hf_tensor_artifacts_review,441097,"intermediate, redundant shard, synthetic diagnostic or local-only file"
exp/egorecover_stages_1_4/continuation_v1/stage3_eval/replay_0p5/replay_0p5_prior_only_nus_cpr_52_1_freeze_3s.pt,hf_tensor_artifacts_review,441097,"intermediate, redundant shard, synthetic diagnostic or local-only file"
exp/egorecover_stages_1_4/continuation_v1/stage3_eval/replay_0p5/replay_0p5_prior_only_sfu_basketball_03_44_clean.pt,hf_tensor_artifacts_review,441097,"intermediate, redundant shard, synthetic diagnostic or local-only file"
exp/egorecover_stages_1_4/continuation_v1/stage3_eval/replay_0p5/replay_0p5_prior_only_sfu_basketball_03_44_drift_0p03mps.pt,hf_tensor_artifacts_review,441097,"intermediate, redundant shard, synthetic diagnostic or local-only file"
exp/egorecover_stages_1_4/continuation_v1/stage3_eval/replay_0p5/replay_0p5_prior_only_sfu_basketball_03_44_freeze_3s.pt,hf_tensor_artifacts_review,441097,"intermediate, redundant shard, synthetic diagnostic or local-only file"
exp/egorecover_stages_1_4/continuation_v1/stage3_eval/replay_0p5/replay_0p5_prior_only_sfu_basketball_08_15_clean.pt,hf_tensor_artifacts_review,441097,"intermediate, redundant shard, synthetic diagnostic or local-only file"
exp/egorecover_stages_1_4/continuation_v1/stage3_eval/replay_0p5/replay_0p5_prior_only_sfu_basketball_08_15_drift_0p03mps.pt,hf_tensor_artifacts_review,441097,"intermediate, redundant shard, synthetic diagnostic or local-only file"
exp/egorecover_stages_1_4/continuation_v1/stage3_eval/replay_0p5/replay_0p5_prior_only_sfu_basketball_08_15_freeze_3s.pt,hf_tensor_artifacts_review,441097,"intermediate, redundant shard, synthetic diagnostic or local-only file"
exp/egorecover_stages_1_4/continuation_v1/stage3_eval/replay_0p5/replay_0p5_prior_only_unc_basketball_03-16-23_01_18_clean.pt,hf_tensor_artifacts_review,441097,"intermediate, redundant shard, synthetic diagnostic or local-only file"
exp/egorecover_stages_1_4/continuation_v1/stage3_eval/replay_0p5/replay_0p5_prior_only_unc_basketball_03-16-23_01_18_drift_0p03mps.pt,hf_tensor_artifacts_review,441097,"intermediate, redundant shard, synthetic diagnostic or local-only file"
exp/egorecover_stages_1_4/continuation_v1/stage3_eval/replay_0p5/replay_0p5_prior_only_unc_basketball_03-16-23_01_18_freeze_3s.pt,hf_tensor_artifacts_review,441097,"intermediate, redundant shard, synthetic diagnostic or local-only file"
exp/egorecover_stages_1_4/continuation_v1/stage3_eval/replay_0p5/replay_0p5_prior_only_uniandes_dance_011_27_clean.pt,hf_tensor_artifacts_review,441097,"intermediate, redundant shard, synthetic diagnostic or local-only file"
exp/egorecover_stages_1_4/continuation_v1/stage3_eval/replay_0p5/replay_0p5_prior_only_uniandes_dance_011_27_drift_0p03mps.pt,hf_tensor_artifacts_review,441097,"intermediate, redundant shard, synthetic diagnostic or local-only file"
exp/egorecover_stages_1_4/continuation_v1/stage3_eval/replay_0p5/replay_0p5_prior_only_uniandes_dance_011_27_freeze_3s.pt,hf_tensor_artifacts_review,441097,"intermediate, redundant shard, synthetic diagnostic or local-only file"
exp/egorecover_stages_1_4/continuation_v1/stage3_eval/replay_0p5/replay_0p5_prior_only_uniandes_dance_012_15_clean.pt,hf_tensor_artifacts_review,441097,"intermediate, redundant shard, synthetic diagnostic or local-only file"
exp/egorecover_stages_1_4/continuation_v1/stage3_eval/replay_0p5/replay_0p5_prior_only_uniandes_dance_012_15_drift_0p03mps.pt,hf_tensor_artifacts_review,441097,"intermediate, redundant shard, synthetic diagnostic or local-only file"
exp/egorecover_stages_1_4/continuation_v1/stage3_eval/replay_0p5/replay_0p5_prior_only_uniandes_dance_012_15_freeze_3s.pt,hf_tensor_artifacts_review,441097,"intermediate, redundant shard, synthetic diagnostic or local-only file"
exp/egorecover_stages_1_4/continuation_v1/stage3_eval/replay_0p5/replay_0p5_prior_only_upenn_0725_Duet_Violin_1_2_8_clean.pt,hf_tensor_artifacts_review,441097,"intermediate, redundant shard, synthetic diagnostic or local-only file"
exp/egorecover_stages_1_4/continuation_v1/stage3_eval/replay_0p5/replay_0p5_prior_only_upenn_0725_Duet_Violin_1_2_8_drift_0p03mps.pt,hf_tensor_artifacts_review,441097,"intermediate, redundant shard, synthetic diagnostic or local-only file"
exp/egorecover_stages_1_4/continuation_v1/stage3_eval/replay_0p5/replay_0p5_prior_only_upenn_0725_Duet_Violin_1_2_8_freeze_3s.pt,hf_tensor_artifacts_review,441097,"intermediate, redundant shard, synthetic diagnostic or local-only file"
exp/egorecover_stages_1_4/continuation_v1/stage3_eval/replay_0p5/report.json,github_experiment_metadata,906980,GitHub lightweight record or source
exp/egorecover_stages_1_4/continuation_v1/stage3_summary.json,github_experiment_metadata,74036,GitHub lightweight record or source
exp/egorecover_stages_1_4/continuation_v1/stage3_train/replay_0/report.json,github_experiment_metadata,35557,GitHub lightweight record or source
exp/egorecover_stages_1_4/continuation_v1/stage3_train/replay_0/utility_diagnostic_gaussian.pt,hf_tensor_artifacts_review,9429,"intermediate, redundant shard, synthetic diagnostic or local-only file"
exp/egorecover_stages_1_4/continuation_v1/stage3_train/replay_0/utility_diagnostic_history.pt,hf_tensor_artifacts_review,9420,"intermediate, redundant shard, synthetic diagnostic or local-only file"
exp/egorecover_stages_1_4/continuation_v1/stage3_train/replay_0p25/report.json,github_experiment_metadata,35492,GitHub lightweight record or source
exp/egorecover_stages_1_4/continuation_v1/stage3_train/replay_0p25/utility_diagnostic_gaussian.pt,hf_tensor_artifacts_review,9429,"intermediate, redundant shard, synthetic diagnostic or local-only file"
exp/egorecover_stages_1_4/continuation_v1/stage3_train/replay_0p25/utility_diagnostic_history.pt,hf_tensor_artifacts_review,9420,"intermediate, redundant shard, synthetic diagnostic or local-only file"
exp/egorecover_stages_1_4/continuation_v1/stage3_train/replay_0p5/report.json,github_experiment_metadata,35479,GitHub lightweight record or source
exp/egorecover_stages_1_4/continuation_v1/stage3_train/replay_0p5/utility_diagnostic_gaussian.pt,hf_tensor_artifacts_review,9429,"intermediate, redundant shard, synthetic diagnostic or local-only file"
exp/egorecover_stages_1_4/continuation_v1/stage3_train/replay_0p5/utility_diagnostic_history.pt,hf_tensor_artifacts_review,9420,"intermediate, redundant shard, synthetic diagnostic or local-only file"
exp/egorecover_stages_1_4/continuation_v1/stage4/dev.json,github_experiment_metadata,540338,GitHub lightweight record or source
exp/egorecover_stages_1_4/continuation_v1/stage4/train.json,github_experiment_metadata,2113394,GitHub lightweight record or source
exp/egorecover_stages_1_4/stage1_batch_smoke/expanded_gaussian_fair_bike_01_12_clean.pt,hf_tensor_artifacts_review,442153,"intermediate, redundant shard, synthetic diagnostic or local-only file"
exp/egorecover_stages_1_4/stage1_batch_smoke/expanded_gaussian_fair_bike_01_12_drift_0p03mps.pt,hf_tensor_artifacts_review,442401,"intermediate, redundant shard, synthetic diagnostic or local-only file"
exp/egorecover_stages_1_4/stage1_batch_smoke/expanded_gaussian_fair_bike_01_12_freeze_3s.pt,hf_tensor_artifacts_review,442341,"intermediate, redundant shard, synthetic diagnostic or local-only file"
exp/egorecover_stages_1_4/stage1_batch_smoke/expanded_history_fair_bike_01_12_clean.pt,hf_tensor_artifacts_review,442138,"intermediate, redundant shard, synthetic diagnostic or local-only file"
exp/egorecover_stages_1_4/stage1_batch_smoke/expanded_history_fair_bike_01_12_drift_0p03mps.pt,hf_tensor_artifacts_review,442386,"intermediate, redundant shard, synthetic diagnostic or local-only file"
exp/egorecover_stages_1_4/stage1_batch_smoke/expanded_history_fair_bike_01_12_freeze_3s.pt,hf_tensor_artifacts_review,442326,"intermediate, redundant shard, synthetic diagnostic or local-only file"
exp/egorecover_stages_1_4/stage1_batch_smoke/expanded_prior_only_fair_bike_01_12_clean.pt,hf_tensor_artifacts_review,442311,"intermediate, redundant shard, synthetic diagnostic or local-only file"
exp/egorecover_stages_1_4/stage1_batch_smoke/expanded_prior_only_fair_bike_01_12_drift_0p03mps.pt,hf_tensor_artifacts_review,442431,"intermediate, redundant shard, synthetic diagnostic or local-only file"
exp/egorecover_stages_1_4/stage1_batch_smoke/expanded_prior_only_fair_bike_01_12_freeze_3s.pt,hf_tensor_artifacts_review,442371,"intermediate, redundant shard, synthetic diagnostic or local-only file"
exp/egorecover_stages_1_4/stage1_batch_smoke/frozen_e7_gaussian_fair_bike_01_12_clean.pt,hf_tensor_artifacts_review,442296,"intermediate, redundant shard, synthetic diagnostic or local-only file"
exp/egorecover_stages_1_4/stage1_batch_smoke/frozen_e7_gaussian_fair_bike_01_12_drift_0p03mps.pt,hf_tensor_artifacts_review,442416,"intermediate, redundant shard, synthetic diagnostic or local-only file"
exp/egorecover_stages_1_4/stage1_batch_smoke/frozen_e7_gaussian_fair_bike_01_12_freeze_3s.pt,hf_tensor_artifacts_review,442356,"intermediate, redundant shard, synthetic diagnostic or local-only file"
exp/egorecover_stages_1_4/stage1_batch_smoke/pilot_gaussian_fair_bike_01_12_clean.pt,hf_tensor_artifacts_review,442108,"intermediate, redundant shard, synthetic diagnostic or local-only file"
exp/egorecover_stages_1_4/stage1_batch_smoke/pilot_gaussian_fair_bike_01_12_drift_0p03mps.pt,hf_tensor_artifacts_review,442356,"intermediate, redundant shard, synthetic diagnostic or local-only file"
exp/egorecover_stages_1_4/stage1_batch_smoke/pilot_gaussian_fair_bike_01_12_freeze_3s.pt,hf_tensor_artifacts_review,442296,"intermediate, redundant shard, synthetic diagnostic or local-only file"
exp/egorecover_stages_1_4/stage1_batch_smoke/pilot_history_fair_bike_01_12_clean.pt,hf_tensor_artifacts_review,442093,"intermediate, redundant shard, synthetic diagnostic or local-only file"
exp/egorecover_stages_1_4/stage1_batch_smoke/pilot_history_fair_bike_01_12_drift_0p03mps.pt,hf_tensor_artifacts_review,442341,"intermediate, redundant shard, synthetic diagnostic or local-only file"
exp/egorecover_stages_1_4/stage1_batch_smoke/pilot_history_fair_bike_01_12_freeze_3s.pt,hf_tensor_artifacts_review,442153,"intermediate, redundant shard, synthetic diagnostic or local-only file"
exp/egorecover_stages_1_4/stage1_batch_smoke/pilot_prior_only_fair_bike_01_12_clean.pt,hf_tensor_artifacts_review,442138,"intermediate, redundant shard, synthetic diagnostic or local-only file"
exp/egorecover_stages_1_4/stage1_batch_smoke/pilot_prior_only_fair_bike_01_12_drift_0p03mps.pt,hf_tensor_artifacts_review,442386,"intermediate, redundant shard, synthetic diagnostic or local-only file"
exp/egorecover_stages_1_4/stage1_batch_smoke/pilot_prior_only_fair_bike_01_12_freeze_3s.pt,hf_tensor_artifacts_review,442326,"intermediate, redundant shard, synthetic diagnostic or local-only file"
exp/egorecover_stages_1_4/stage1_batch_smoke/report.json,github_experiment_metadata,179571,GitHub lightweight record or source
exp/egorecover_stages_1_4/stage1_dev/shard0/expanded_gaussian_fair_bike_01_12_clean.pt,hf_tensor_artifacts_review,442153,"intermediate, redundant shard, synthetic diagnostic or local-only file"
exp/egorecover_stages_1_4/stage1_dev/shard0/expanded_gaussian_fair_bike_01_12_drift_0p03mps.pt,hf_tensor_artifacts_review,442401,"intermediate, redundant shard, synthetic diagnostic or local-only file"
exp/egorecover_stages_1_4/stage1_dev/shard0/expanded_gaussian_fair_bike_01_12_freeze_3s.pt,hf_tensor_artifacts_review,442341,"intermediate, redundant shard, synthetic diagnostic or local-only file"
exp/egorecover_stages_1_4/stage1_dev/shard0/expanded_gaussian_iiith_cooking_109_4_clean.pt,hf_tensor_artifacts_review,442341,"intermediate, redundant shard, synthetic diagnostic or local-only file"
exp/egorecover_stages_1_4/stage1_dev/shard0/expanded_gaussian_iiith_cooking_109_4_drift_0p03mps.pt,hf_tensor_artifacts_review,442461,"intermediate, redundant shard, synthetic diagnostic or local-only file"
exp/egorecover_stages_1_4/stage1_dev/shard0/expanded_gaussian_iiith_cooking_109_4_freeze_3s.pt,hf_tensor_artifacts_review,442401,"intermediate, redundant shard, synthetic diagnostic or local-only file"
exp/egorecover_stages_1_4/stage1_dev/shard0/expanded_gaussian_indiana_music_13_5_clean.pt,hf_tensor_artifacts_review,442326,"intermediate, redundant shard, synthetic diagnostic or local-only file"
exp/egorecover_stages_1_4/stage1_dev/shard0/expanded_gaussian_indiana_music_13_5_drift_0p03mps.pt,hf_tensor_artifacts_review,442446,"intermediate, redundant shard, synthetic diagnostic or local-only file"
exp/egorecover_stages_1_4/stage1_dev/shard0/expanded_gaussian_indiana_music_13_5_freeze_3s.pt,hf_tensor_artifacts_review,442386,"intermediate, redundant shard, synthetic diagnostic or local-only file"
exp/egorecover_stages_1_4/stage1_dev/shard0/expanded_gaussian_sfu_basketball_03_44_clean.pt,hf_tensor_artifacts_review,442356,"intermediate, redundant shard, synthetic diagnostic or local-only file"
exp/egorecover_stages_1_4/stage1_dev/shard0/expanded_gaussian_sfu_basketball_03_44_drift_0p03mps.pt,hf_tensor_artifacts_review,442476,"intermediate, redundant shard, synthetic diagnostic or local-only file"
exp/egorecover_stages_1_4/stage1_dev/shard0/expanded_gaussian_sfu_basketball_03_44_freeze_3s.pt,hf_tensor_artifacts_review,442416,"intermediate, redundant shard, synthetic diagnostic or local-only file"
exp/egorecover_stages_1_4/stage1_dev/shard0/expanded_gaussian_unc_basketball_03-16-23_01_18_clean.pt,hf_tensor_artifacts_review,442491,"intermediate, redundant shard, synthetic diagnostic or local-only file"
exp/egorecover_stages_1_4/stage1_dev/shard0/expanded_gaussian_unc_basketball_03-16-23_01_18_drift_0p03mps.pt,hf_tensor_artifacts_review,442739,"intermediate, redundant shard, synthetic diagnostic or local-only file"
exp/egorecover_stages_1_4/stage1_dev/shard0/expanded_gaussian_unc_basketball_03-16-23_01_18_freeze_3s.pt,hf_tensor_artifacts_review,442615,"intermediate, redundant shard, synthetic diagnostic or local-only file"
exp/egorecover_stages_1_4/stage1_dev/shard0/expanded_gaussian_uniandes_dance_012_15_clean.pt,hf_tensor_artifacts_review,442371,"intermediate, redundant shard, synthetic diagnostic or local-only file"
exp/egorecover_stages_1_4/stage1_dev/shard0/expanded_gaussian_uniandes_dance_012_15_drift_0p03mps.pt,hf_tensor_artifacts_review,442491,"intermediate, redundant shard, synthetic diagnostic or local-only file"
exp/egorecover_stages_1_4/stage1_dev/shard0/expanded_gaussian_uniandes_dance_012_15_freeze_3s.pt,hf_tensor_artifacts_review,442431,"intermediate, redundant shard, synthetic diagnostic or local-only file"
exp/egorecover_stages_1_4/stage1_dev/shard0/expanded_history_fair_bike_01_12_clean.pt,hf_tensor_artifacts_review,442138,"intermediate, redundant shard, synthetic diagnostic or local-only file"
exp/egorecover_stages_1_4/stage1_dev/shard0/expanded_history_fair_bike_01_12_drift_0p03mps.pt,hf_tensor_artifacts_review,442386,"intermediate, redundant shard, synthetic diagnostic or local-only file"
exp/egorecover_stages_1_4/stage1_dev/shard0/expanded_history_fair_bike_01_12_freeze_3s.pt,hf_tensor_artifacts_review,442326,"intermediate, redundant shard, synthetic diagnostic or local-only file"
exp/egorecover_stages_1_4/stage1_dev/shard0/expanded_history_iiith_cooking_109_4_clean.pt,hf_tensor_artifacts_review,442326,"intermediate, redundant shard, synthetic diagnostic or local-only file"
exp/egorecover_stages_1_4/stage1_dev/shard0/expanded_history_iiith_cooking_109_4_drift_0p03mps.pt,hf_tensor_artifacts_review,442446,"intermediate, redundant shard, synthetic diagnostic or local-only file"
exp/egorecover_stages_1_4/stage1_dev/shard0/expanded_history_iiith_cooking_109_4_freeze_3s.pt,hf_tensor_artifacts_review,442386,"intermediate, redundant shard, synthetic diagnostic or local-only file"
exp/egorecover_stages_1_4/stage1_dev/shard0/expanded_history_indiana_music_13_5_clean.pt,hf_tensor_artifacts_review,442311,"intermediate, redundant shard, synthetic diagnostic or local-only file"
exp/egorecover_stages_1_4/stage1_dev/shard0/expanded_history_indiana_music_13_5_drift_0p03mps.pt,hf_tensor_artifacts_review,442431,"intermediate, redundant shard, synthetic diagnostic or local-only file"
exp/egorecover_stages_1_4/stage1_dev/shard0/expanded_history_indiana_music_13_5_freeze_3s.pt,hf_tensor_artifacts_review,442371,"intermediate, redundant shard, synthetic diagnostic or local-only file"
exp/egorecover_stages_1_4/stage1_dev/shard0/expanded_history_sfu_basketball_03_44_clean.pt,hf_tensor_artifacts_review,442341,"intermediate, redundant shard, synthetic diagnostic or local-only file"
exp/egorecover_stages_1_4/stage1_dev/shard0/expanded_history_sfu_basketball_03_44_drift_0p03mps.pt,hf_tensor_artifacts_review,442461,"intermediate, redundant shard, synthetic diagnostic or local-only file"
exp/egorecover_stages_1_4/stage1_dev/shard0/expanded_history_sfu_basketball_03_44_freeze_3s.pt,hf_tensor_artifacts_review,442401,"intermediate, redundant shard, synthetic diagnostic or local-only file"
exp/egorecover_stages_1_4/stage1_dev/shard0/expanded_history_unc_basketball_03-16-23_01_18_clean.pt,hf_tensor_artifacts_review,442476,"intermediate, redundant shard, synthetic diagnostic or local-only file"
exp/egorecover_stages_1_4/stage1_dev/shard0/expanded_history_unc_basketball_03-16-23_01_18_drift_0p03mps.pt,hf_tensor_artifacts_review,442724,"intermediate, redundant shard, synthetic diagnostic or local-only file"
exp/egorecover_stages_1_4/stage1_dev/shard0/expanded_history_unc_basketball_03-16-23_01_18_freeze_3s.pt,hf_tensor_artifacts_review,442600,"intermediate, redundant shard, synthetic diagnostic or local-only file"
exp/egorecover_stages_1_4/stage1_dev/shard0/expanded_history_uniandes_dance_012_15_clean.pt,hf_tensor_artifacts_review,442356,"intermediate, redundant shard, synthetic diagnostic or local-only file"
exp/egorecover_stages_1_4/stage1_dev/shard0/expanded_history_uniandes_dance_012_15_drift_0p03mps.pt,hf_tensor_artifacts_review,442476,"intermediate, redundant shard, synthetic diagnostic or local-only file"
exp/egorecover_stages_1_4/stage1_dev/shard0/expanded_history_uniandes_dance_012_15_freeze_3s.pt,hf_tensor_artifacts_review,442416,"intermediate, redundant shard, synthetic diagnostic or local-only file"
exp/egorecover_stages_1_4/stage1_dev/shard0/expanded_prior_only_fair_bike_01_12_clean.pt,hf_tensor_artifacts_review,442311,"intermediate, redundant shard, synthetic diagnostic or local-only file"
exp/egorecover_stages_1_4/stage1_dev/shard0/expanded_prior_only_fair_bike_01_12_drift_0p03mps.pt,hf_tensor_artifacts_review,442431,"intermediate, redundant shard, synthetic diagnostic or local-only file"
exp/egorecover_stages_1_4/stage1_dev/shard0/expanded_prior_only_fair_bike_01_12_freeze_3s.pt,hf_tensor_artifacts_review,442371,"intermediate, redundant shard, synthetic diagnostic or local-only file"
exp/egorecover_stages_1_4/stage1_dev/shard0/expanded_prior_only_iiith_cooking_109_4_clean.pt,hf_tensor_artifacts_review,442371,"intermediate, redundant shard, synthetic diagnostic or local-only file"
exp/egorecover_stages_1_4/stage1_dev/shard0/expanded_prior_only_iiith_cooking_109_4_drift_0p03mps.pt,hf_tensor_artifacts_review,442491,"intermediate, redundant shard, synthetic diagnostic or local-only file"
exp/egorecover_stages_1_4/stage1_dev/shard0/expanded_prior_only_iiith_cooking_109_4_freeze_3s.pt,hf_tensor_artifacts_review,442431,"intermediate, redundant shard, synthetic diagnostic or local-only file"
exp/egorecover_stages_1_4/stage1_dev/shard0/expanded_prior_only_indiana_music_13_5_clean.pt,hf_tensor_artifacts_review,442356,"intermediate, redundant shard, synthetic diagnostic or local-only file"
exp/egorecover_stages_1_4/stage1_dev/shard0/expanded_prior_only_indiana_music_13_5_drift_0p03mps.pt,hf_tensor_artifacts_review,442476,"intermediate, redundant shard, synthetic diagnostic or local-only file"
exp/egorecover_stages_1_4/stage1_dev/shard0/expanded_prior_only_indiana_music_13_5_freeze_3s.pt,hf_tensor_artifacts_review,442416,"intermediate, redundant shard, synthetic diagnostic or local-only file"
exp/egorecover_stages_1_4/stage1_dev/shard0/expanded_prior_only_sfu_basketball_03_44_clean.pt,hf_tensor_artifacts_review,442386,"intermediate, redundant shard, synthetic diagnostic or local-only file"
exp/egorecover_stages_1_4/stage1_dev/shard0/expanded_prior_only_sfu_basketball_03_44_drift_0p03mps.pt,hf_tensor_artifacts_review,442570,"intermediate, redundant shard, synthetic diagnostic or local-only file"
exp/egorecover_stages_1_4/stage1_dev/shard0/expanded_prior_only_sfu_basketball_03_44_freeze_3s.pt,hf_tensor_artifacts_review,442446,"intermediate, redundant shard, synthetic diagnostic or local-only file"
exp/egorecover_stages_1_4/stage1_dev/shard0/expanded_prior_only_unc_basketball_03-16-23_01_18_clean.pt,hf_tensor_artifacts_review,442585,"intermediate, redundant shard, synthetic diagnostic or local-only file"
exp/egorecover_stages_1_4/stage1_dev/shard0/expanded_prior_only_unc_basketball_03-16-23_01_18_drift_0p03mps.pt,hf_tensor_artifacts_review,442769,"intermediate, redundant shard, synthetic diagnostic or local-only file"
exp/egorecover_stages_1_4/stage1_dev/shard0/expanded_prior_only_unc_basketball_03-16-23_01_18_freeze_3s.pt,hf_tensor_artifacts_review,442709,"intermediate, redundant shard, synthetic diagnostic or local-only file"
exp/egorecover_stages_1_4/stage1_dev/shard0/expanded_prior_only_uniandes_dance_012_15_clean.pt,hf_tensor_artifacts_review,442401,"intermediate, redundant shard, synthetic diagnostic or local-only file"
exp/egorecover_stages_1_4/stage1_dev/shard0/expanded_prior_only_uniandes_dance_012_15_drift_0p03mps.pt,hf_tensor_artifacts_review,442585,"intermediate, redundant shard, synthetic diagnostic or local-only file"
exp/egorecover_stages_1_4/stage1_dev/shard0/expanded_prior_only_uniandes_dance_012_15_freeze_3s.pt,hf_tensor_artifacts_review,442461,"intermediate, redundant shard, synthetic diagnostic or local-only file"
exp/egorecover_stages_1_4/stage1_dev/shard0/frozen_e7_gaussian_fair_bike_01_12_clean.pt,hf_tensor_artifacts_review,442296,"intermediate, redundant shard, synthetic diagnostic or local-only file"
exp/egorecover_stages_1_4/stage1_dev/shard0/frozen_e7_gaussian_fair_bike_01_12_drift_0p03mps.pt,hf_tensor_artifacts_review,442416,"intermediate, redundant shard, synthetic diagnostic or local-only file"
exp/egorecover_stages_1_4/stage1_dev/shard0/frozen_e7_gaussian_fair_bike_01_12_freeze_3s.pt,hf_tensor_artifacts_review,442356,"intermediate, redundant shard, synthetic diagnostic or local-only file"
exp/egorecover_stages_1_4/stage1_dev/shard0/frozen_e7_gaussian_iiith_cooking_109_4_clean.pt,hf_tensor_artifacts_review,442356,"intermediate, redundant shard, synthetic diagnostic or local-only file"
exp/egorecover_stages_1_4/stage1_dev/shard0/frozen_e7_gaussian_iiith_cooking_109_4_drift_0p03mps.pt,hf_tensor_artifacts_review,442476,"intermediate, redundant shard, synthetic diagnostic or local-only file"
exp/egorecover_stages_1_4/stage1_dev/shard0/frozen_e7_gaussian_iiith_cooking_109_4_freeze_3s.pt,hf_tensor_artifacts_review,442416,"intermediate, redundant shard, synthetic diagnostic or local-only file"
exp/egorecover_stages_1_4/stage1_dev/shard0/frozen_e7_gaussian_indiana_music_13_5_clean.pt,hf_tensor_artifacts_review,442341,"intermediate, redundant shard, synthetic diagnostic or local-only file"
exp/egorecover_stages_1_4/stage1_dev/shard0/frozen_e7_gaussian_indiana_music_13_5_drift_0p03mps.pt,hf_tensor_artifacts_review,442461,"intermediate, redundant shard, synthetic diagnostic or local-only file"
exp/egorecover_stages_1_4/stage1_dev/shard0/frozen_e7_gaussian_indiana_music_13_5_freeze_3s.pt,hf_tensor_artifacts_review,442401,"intermediate, redundant shard, synthetic diagnostic or local-only file"
exp/egorecover_stages_1_4/stage1_dev/shard0/frozen_e7_gaussian_sfu_basketball_03_44_clean.pt,hf_tensor_artifacts_review,442371,"intermediate, redundant shard, synthetic diagnostic or local-only file"
exp/egorecover_stages_1_4/stage1_dev/shard0/frozen_e7_gaussian_sfu_basketball_03_44_drift_0p03mps.pt,hf_tensor_artifacts_review,442491,"intermediate, redundant shard, synthetic diagnostic or local-only file"
exp/egorecover_stages_1_4/stage1_dev/shard0/frozen_e7_gaussian_sfu_basketball_03_44_freeze_3s.pt,hf_tensor_artifacts_review,442431,"intermediate, redundant shard, synthetic diagnostic or local-only file"
exp/egorecover_stages_1_4/stage1_dev/shard0/frozen_e7_gaussian_unc_basketball_03-16-23_01_18_clean.pt,hf_tensor_artifacts_review,442570,"intermediate, redundant shard, synthetic diagnostic or local-only file"
exp/egorecover_stages_1_4/stage1_dev/shard0/frozen_e7_gaussian_unc_basketball_03-16-23_01_18_drift_0p03mps.pt,hf_tensor_artifacts_review,442754,"intermediate, redundant shard, synthetic diagnostic or local-only file"
exp/egorecover_stages_1_4/stage1_dev/shard0/frozen_e7_gaussian_unc_basketball_03-16-23_01_18_freeze_3s.pt,hf_tensor_artifacts_review,442630,"intermediate, redundant shard, synthetic diagnostic or local-only file"
exp/egorecover_stages_1_4/stage1_dev/shard0/frozen_e7_gaussian_uniandes_dance_012_15_clean.pt,hf_tensor_artifacts_review,442386,"intermediate, redundant shard, synthetic diagnostic or local-only file"
exp/egorecover_stages_1_4/stage1_dev/shard0/frozen_e7_gaussian_uniandes_dance_012_15_drift_0p03mps.pt,hf_tensor_artifacts_review,442570,"intermediate, redundant shard, synthetic diagnostic or local-only file"
exp/egorecover_stages_1_4/stage1_dev/shard0/frozen_e7_gaussian_uniandes_dance_012_15_freeze_3s.pt,hf_tensor_artifacts_review,442446,"intermediate, redundant shard, synthetic diagnostic or local-only file"
exp/egorecover_stages_1_4/stage1_dev/shard0/pilot_gaussian_fair_bike_01_12_clean.pt,hf_tensor_artifacts_review,442108,"intermediate, redundant shard, synthetic diagnostic or local-only file"
exp/egorecover_stages_1_4/stage1_dev/shard0/pilot_gaussian_fair_bike_01_12_drift_0p03mps.pt,hf_tensor_artifacts_review,442356,"intermediate, redundant shard, synthetic diagnostic or local-only file"
exp/egorecover_stages_1_4/stage1_dev/shard0/pilot_gaussian_fair_bike_01_12_freeze_3s.pt,hf_tensor_artifacts_review,442296,"intermediate, redundant shard, synthetic diagnostic or local-only file"
exp/egorecover_stages_1_4/stage1_dev/shard0/pilot_gaussian_iiith_cooking_109_4_clean.pt,hf_tensor_artifacts_review,442296,"intermediate, redundant shard, synthetic diagnostic or local-only file"
exp/egorecover_stages_1_4/stage1_dev/shard0/pilot_gaussian_iiith_cooking_109_4_drift_0p03mps.pt,hf_tensor_artifacts_review,442416,"intermediate, redundant shard, synthetic diagnostic or local-only file"
exp/egorecover_stages_1_4/stage1_dev/shard0/pilot_gaussian_iiith_cooking_109_4_freeze_3s.pt,hf_tensor_artifacts_review,442356,"intermediate, redundant shard, synthetic diagnostic or local-only file"
exp/egorecover_stages_1_4/stage1_dev/shard0/pilot_gaussian_indiana_music_13_5_clean.pt,hf_tensor_artifacts_review,442153,"intermediate, redundant shard, synthetic diagnostic or local-only file"
exp/egorecover_stages_1_4/stage1_dev/shard0/pilot_gaussian_indiana_music_13_5_drift_0p03mps.pt,hf_tensor_artifacts_review,442401,"intermediate, redundant shard, synthetic diagnostic or local-only file"
exp/egorecover_stages_1_4/stage1_dev/shard0/pilot_gaussian_indiana_music_13_5_freeze_3s.pt,hf_tensor_artifacts_review,442341,"intermediate, redundant shard, synthetic diagnostic or local-only file"
exp/egorecover_stages_1_4/stage1_dev/shard0/pilot_gaussian_sfu_basketball_03_44_clean.pt,hf_tensor_artifacts_review,442311,"intermediate, redundant shard, synthetic diagnostic or local-only file"
exp/egorecover_stages_1_4/stage1_dev/shard0/pilot_gaussian_sfu_basketball_03_44_drift_0p03mps.pt,hf_tensor_artifacts_review,442431,"intermediate, redundant shard, synthetic diagnostic or local-only file"
exp/egorecover_stages_1_4/stage1_dev/shard0/pilot_gaussian_sfu_basketball_03_44_freeze_3s.pt,hf_tensor_artifacts_review,442371,"intermediate, redundant shard, synthetic diagnostic or local-only file"
exp/egorecover_stages_1_4/stage1_dev/shard0/pilot_gaussian_unc_basketball_03-16-23_01_18_clean.pt,hf_tensor_artifacts_review,442446,"intermediate, redundant shard, synthetic diagnostic or local-only file"
exp/egorecover_stages_1_4/stage1_dev/shard0/pilot_gaussian_unc_basketball_03-16-23_01_18_drift_0p03mps.pt,hf_tensor_artifacts_review,442630,"intermediate, redundant shard, synthetic diagnostic or local-only file"
exp/egorecover_stages_1_4/stage1_dev/shard0/pilot_gaussian_unc_basketball_03-16-23_01_18_freeze_3s.pt,hf_tensor_artifacts_review,442570,"intermediate, redundant shard, synthetic diagnostic or local-only file"
exp/egorecover_stages_1_4/stage1_dev/shard0/pilot_gaussian_uniandes_dance_012_15_clean.pt,hf_tensor_artifacts_review,442326,"intermediate, redundant shard, synthetic diagnostic or local-only file"
exp/egorecover_stages_1_4/stage1_dev/shard0/pilot_gaussian_uniandes_dance_012_15_drift_0p03mps.pt,hf_tensor_artifacts_review,442446,"intermediate, redundant shard, synthetic diagnostic or local-only file"
exp/egorecover_stages_1_4/stage1_dev/shard0/pilot_gaussian_uniandes_dance_012_15_freeze_3s.pt,hf_tensor_artifacts_review,442386,"intermediate, redundant shard, synthetic diagnostic or local-only file"
exp/egorecover_stages_1_4/stage1_dev/shard0/pilot_history_fair_bike_01_12_clean.pt,hf_tensor_artifacts_review,442093,"intermediate, redundant shard, synthetic diagnostic or local-only file"
exp/egorecover_stages_1_4/stage1_dev/shard0/pilot_history_fair_bike_01_12_drift_0p03mps.pt,hf_tensor_artifacts_review,442341,"intermediate, redundant shard, synthetic diagnostic or local-only file"
exp/egorecover_stages_1_4/stage1_dev/shard0/pilot_history_fair_bike_01_12_freeze_3s.pt,hf_tensor_artifacts_review,442153,"intermediate, redundant shard, synthetic diagnostic or local-only file"
exp/egorecover_stages_1_4/stage1_dev/shard0/pilot_history_iiith_cooking_109_4_clean.pt,hf_tensor_artifacts_review,442153,"intermediate, redundant shard, synthetic diagnostic or local-only file"
exp/egorecover_stages_1_4/stage1_dev/shard0/pilot_history_iiith_cooking_109_4_drift_0p03mps.pt,hf_tensor_artifacts_review,442401,"intermediate, redundant shard, synthetic diagnostic or local-only file"
exp/egorecover_stages_1_4/stage1_dev/shard0/pilot_history_iiith_cooking_109_4_freeze_3s.pt,hf_tensor_artifacts_review,442341,"intermediate, redundant shard, synthetic diagnostic or local-only file"
exp/egorecover_stages_1_4/stage1_dev/shard0/pilot_history_indiana_music_13_5_clean.pt,hf_tensor_artifacts_review,442138,"intermediate, redundant shard, synthetic diagnostic or local-only file"
exp/egorecover_stages_1_4/stage1_dev/shard0/pilot_history_indiana_music_13_5_drift_0p03mps.pt,hf_tensor_artifacts_review,442386,"intermediate, redundant shard, synthetic diagnostic or local-only file"
exp/egorecover_stages_1_4/stage1_dev/shard0/pilot_history_indiana_music_13_5_freeze_3s.pt,hf_tensor_artifacts_review,442326,"intermediate, redundant shard, synthetic diagnostic or local-only file"
exp/egorecover_stages_1_4/stage1_dev/shard0/pilot_history_sfu_basketball_03_44_clean.pt,hf_tensor_artifacts_review,442296,"intermediate, redundant shard, synthetic diagnostic or local-only file"
exp/egorecover_stages_1_4/stage1_dev/shard0/pilot_history_sfu_basketball_03_44_drift_0p03mps.pt,hf_tensor_artifacts_review,442416,"intermediate, redundant shard, synthetic diagnostic or local-only file"
exp/egorecover_stages_1_4/stage1_dev/shard0/pilot_history_sfu_basketball_03_44_freeze_3s.pt,hf_tensor_artifacts_review,442356,"intermediate, redundant shard, synthetic diagnostic or local-only file"
exp/egorecover_stages_1_4/stage1_dev/shard0/pilot_history_unc_basketball_03-16-23_01_18_clean.pt,hf_tensor_artifacts_review,442431,"intermediate, redundant shard, synthetic diagnostic or local-only file"
exp/egorecover_stages_1_4/stage1_dev/shard0/pilot_history_unc_basketball_03-16-23_01_18_drift_0p03mps.pt,hf_tensor_artifacts_review,442615,"intermediate, redundant shard, synthetic diagnostic or local-only file"
exp/egorecover_stages_1_4/stage1_dev/shard0/pilot_history_unc_basketball_03-16-23_01_18_freeze_3s.pt,hf_tensor_artifacts_review,442491,"intermediate, redundant shard, synthetic diagnostic or local-only file"
exp/egorecover_stages_1_4/stage1_dev/shard0/pilot_history_uniandes_dance_012_15_clean.pt,hf_tensor_artifacts_review,442311,"intermediate, redundant shard, synthetic diagnostic or local-only file"
exp/egorecover_stages_1_4/stage1_dev/shard0/pilot_history_uniandes_dance_012_15_drift_0p03mps.pt,hf_tensor_artifacts_review,442431,"intermediate, redundant shard, synthetic diagnostic or local-only file"
exp/egorecover_stages_1_4/stage1_dev/shard0/pilot_history_uniandes_dance_012_15_freeze_3s.pt,hf_tensor_artifacts_review,442371,"intermediate, redundant shard, synthetic diagnostic or local-only file"
exp/egorecover_stages_1_4/stage1_dev/shard0/pilot_prior_only_fair_bike_01_12_clean.pt,hf_tensor_artifacts_review,442138,"intermediate, redundant shard, synthetic diagnostic or local-only file"
exp/egorecover_stages_1_4/stage1_dev/shard0/pilot_prior_only_fair_bike_01_12_drift_0p03mps.pt,hf_tensor_artifacts_review,442386,"intermediate, redundant shard, synthetic diagnostic or local-only file"
exp/egorecover_stages_1_4/stage1_dev/shard0/pilot_prior_only_fair_bike_01_12_freeze_3s.pt,hf_tensor_artifacts_review,442326,"intermediate, redundant shard, synthetic diagnostic or local-only file"
exp/egorecover_stages_1_4/stage1_dev/shard0/pilot_prior_only_iiith_cooking_109_4_clean.pt,hf_tensor_artifacts_review,442326,"intermediate, redundant shard, synthetic diagnostic or local-only file"
exp/egorecover_stages_1_4/stage1_dev/shard0/pilot_prior_only_iiith_cooking_109_4_drift_0p03mps.pt,hf_tensor_artifacts_review,442446,"intermediate, redundant shard, synthetic diagnostic or local-only file"
exp/egorecover_stages_1_4/stage1_dev/shard0/pilot_prior_only_iiith_cooking_109_4_freeze_3s.pt,hf_tensor_artifacts_review,442386,"intermediate, redundant shard, synthetic diagnostic or local-only file"
exp/egorecover_stages_1_4/stage1_dev/shard0/pilot_prior_only_indiana_music_13_5_clean.pt,hf_tensor_artifacts_review,442311,"intermediate, redundant shard, synthetic diagnostic or local-only file"
exp/egorecover_stages_1_4/stage1_dev/shard0/pilot_prior_only_indiana_music_13_5_drift_0p03mps.pt,hf_tensor_artifacts_review,442431,"intermediate, redundant shard, synthetic diagnostic or local-only file"
exp/egorecover_stages_1_4/stage1_dev/shard0/pilot_prior_only_indiana_music_13_5_freeze_3s.pt,hf_tensor_artifacts_review,442371,"intermediate, redundant shard, synthetic diagnostic or local-only file"
exp/egorecover_stages_1_4/stage1_dev/shard0/pilot_prior_only_sfu_basketball_03_44_clean.pt,hf_tensor_artifacts_review,442341,"intermediate, redundant shard, synthetic diagnostic or local-only file"
exp/egorecover_stages_1_4/stage1_dev/shard0/pilot_prior_only_sfu_basketball_03_44_drift_0p03mps.pt,hf_tensor_artifacts_review,442461,"intermediate, redundant shard, synthetic diagnostic or local-only file"
exp/egorecover_stages_1_4/stage1_dev/shard0/pilot_prior_only_sfu_basketball_03_44_freeze_3s.pt,hf_tensor_artifacts_review,442401,"intermediate, redundant shard, synthetic diagnostic or local-only file"
exp/egorecover_stages_1_4/stage1_dev/shard0/pilot_prior_only_unc_basketball_03-16-23_01_18_clean.pt,hf_tensor_artifacts_review,442476,"intermediate, redundant shard, synthetic diagnostic or local-only file"
exp/egorecover_stages_1_4/stage1_dev/shard0/pilot_prior_only_unc_basketball_03-16-23_01_18_drift_0p03mps.pt,hf_tensor_artifacts_review,442724,"intermediate, redundant shard, synthetic diagnostic or local-only file"
exp/egorecover_stages_1_4/stage1_dev/shard0/pilot_prior_only_unc_basketball_03-16-23_01_18_freeze_3s.pt,hf_tensor_artifacts_review,442600,"intermediate, redundant shard, synthetic diagnostic or local-only file"
exp/egorecover_stages_1_4/stage1_dev/shard0/pilot_prior_only_uniandes_dance_012_15_clean.pt,hf_tensor_artifacts_review,442356,"intermediate, redundant shard, synthetic diagnostic or local-only file"
exp/egorecover_stages_1_4/stage1_dev/shard0/pilot_prior_only_uniandes_dance_012_15_drift_0p03mps.pt,hf_tensor_artifacts_review,442476,"intermediate, redundant shard, synthetic diagnostic or local-only file"
exp/egorecover_stages_1_4/stage1_dev/shard0/pilot_prior_only_uniandes_dance_012_15_freeze_3s.pt,hf_tensor_artifacts_review,442416,"intermediate, redundant shard, synthetic diagnostic or local-only file"
exp/egorecover_stages_1_4/stage1_dev/shard0/report.json,github_experiment_metadata,1059140,GitHub lightweight record or source
exp/egorecover_stages_1_4/stage1_dev/shard1/expanded_gaussian_georgiatech_bike_05_2_clean.pt,hf_tensor_artifacts_review,442371,"intermediate, redundant shard, synthetic diagnostic or local-only file"
exp/egorecover_stages_1_4/stage1_dev/shard1/expanded_gaussian_georgiatech_bike_05_2_drift_0p03mps.pt,hf_tensor_artifacts_review,442491,"intermediate, redundant shard, synthetic diagnostic or local-only file"
exp/egorecover_stages_1_4/stage1_dev/shard1/expanded_gaussian_georgiatech_bike_05_2_freeze_3s.pt,hf_tensor_artifacts_review,442431,"intermediate, redundant shard, synthetic diagnostic or local-only file"
exp/egorecover_stages_1_4/stage1_dev/shard1/expanded_gaussian_iiith_soccer_004_5_clean.pt,hf_tensor_artifacts_review,442326,"intermediate, redundant shard, synthetic diagnostic or local-only file"
exp/egorecover_stages_1_4/stage1_dev/shard1/expanded_gaussian_iiith_soccer_004_5_drift_0p03mps.pt,hf_tensor_artifacts_review,442446,"intermediate, redundant shard, synthetic diagnostic or local-only file"
exp/egorecover_stages_1_4/stage1_dev/shard1/expanded_gaussian_iiith_soccer_004_5_freeze_3s.pt,hf_tensor_artifacts_review,442386,"intermediate, redundant shard, synthetic diagnostic or local-only file"
exp/egorecover_stages_1_4/stage1_dev/shard1/expanded_gaussian_nus_cpr_52_1_clean.pt,hf_tensor_artifacts_review,442108,"intermediate, redundant shard, synthetic diagnostic or local-only file"
exp/egorecover_stages_1_4/stage1_dev/shard1/expanded_gaussian_nus_cpr_52_1_drift_0p03mps.pt,hf_tensor_artifacts_review,442356,"intermediate, redundant shard, synthetic diagnostic or local-only file"
exp/egorecover_stages_1_4/stage1_dev/shard1/expanded_gaussian_nus_cpr_52_1_freeze_3s.pt,hf_tensor_artifacts_review,442296,"intermediate, redundant shard, synthetic diagnostic or local-only file"
exp/egorecover_stages_1_4/stage1_dev/shard1/expanded_gaussian_sfu_basketball_08_15_clean.pt,hf_tensor_artifacts_review,442356,"intermediate, redundant shard, synthetic diagnostic or local-only file"
exp/egorecover_stages_1_4/stage1_dev/shard1/expanded_gaussian_sfu_basketball_08_15_drift_0p03mps.pt,hf_tensor_artifacts_review,442476,"intermediate, redundant shard, synthetic diagnostic or local-only file"
exp/egorecover_stages_1_4/stage1_dev/shard1/expanded_gaussian_sfu_basketball_08_15_freeze_3s.pt,hf_tensor_artifacts_review,442416,"intermediate, redundant shard, synthetic diagnostic or local-only file"
exp/egorecover_stages_1_4/stage1_dev/shard1/expanded_gaussian_uniandes_dance_011_27_clean.pt,hf_tensor_artifacts_review,442371,"intermediate, redundant shard, synthetic diagnostic or local-only file"
exp/egorecover_stages_1_4/stage1_dev/shard1/expanded_gaussian_uniandes_dance_011_27_drift_0p03mps.pt,hf_tensor_artifacts_review,442491,"intermediate, redundant shard, synthetic diagnostic or local-only file"
exp/egorecover_stages_1_4/stage1_dev/shard1/expanded_gaussian_uniandes_dance_011_27_freeze_3s.pt,hf_tensor_artifacts_review,442431,"intermediate, redundant shard, synthetic diagnostic or local-only file"
exp/egorecover_stages_1_4/stage1_dev/shard1/expanded_gaussian_upenn_0725_Duet_Violin_1_2_8_clean.pt,hf_tensor_artifacts_review,442476,"intermediate, redundant shard, synthetic diagnostic or local-only file"
exp/egorecover_stages_1_4/stage1_dev/shard1/expanded_gaussian_upenn_0725_Duet_Violin_1_2_8_drift_0p03mps.pt,hf_tensor_artifacts_review,442724,"intermediate, redundant shard, synthetic diagnostic or local-only file"
exp/egorecover_stages_1_4/stage1_dev/shard1/expanded_gaussian_upenn_0725_Duet_Violin_1_2_8_freeze_3s.pt,hf_tensor_artifacts_review,442600,"intermediate, redundant shard, synthetic diagnostic or local-only file"
exp/egorecover_stages_1_4/stage1_dev/shard1/expanded_history_georgiatech_bike_05_2_clean.pt,hf_tensor_artifacts_review,442356,"intermediate, redundant shard, synthetic diagnostic or local-only file"
exp/egorecover_stages_1_4/stage1_dev/shard1/expanded_history_georgiatech_bike_05_2_drift_0p03mps.pt,hf_tensor_artifacts_review,442476,"intermediate, redundant shard, synthetic diagnostic or local-only file"
exp/egorecover_stages_1_4/stage1_dev/shard1/expanded_history_georgiatech_bike_05_2_freeze_3s.pt,hf_tensor_artifacts_review,442416,"intermediate, redundant shard, synthetic diagnostic or local-only file"
exp/egorecover_stages_1_4/stage1_dev/shard1/expanded_history_iiith_soccer_004_5_clean.pt,hf_tensor_artifacts_review,442311,"intermediate, redundant shard, synthetic diagnostic or local-only file"
exp/egorecover_stages_1_4/stage1_dev/shard1/expanded_history_iiith_soccer_004_5_drift_0p03mps.pt,hf_tensor_artifacts_review,442431,"intermediate, redundant shard, synthetic diagnostic or local-only file"
exp/egorecover_stages_1_4/stage1_dev/shard1/expanded_history_iiith_soccer_004_5_freeze_3s.pt,hf_tensor_artifacts_review,442371,"intermediate, redundant shard, synthetic diagnostic or local-only file"
exp/egorecover_stages_1_4/stage1_dev/shard1/expanded_history_nus_cpr_52_1_clean.pt,hf_tensor_artifacts_review,442093,"intermediate, redundant shard, synthetic diagnostic or local-only file"
exp/egorecover_stages_1_4/stage1_dev/shard1/expanded_history_nus_cpr_52_1_drift_0p03mps.pt,hf_tensor_artifacts_review,442341,"intermediate, redundant shard, synthetic diagnostic or local-only file"
exp/egorecover_stages_1_4/stage1_dev/shard1/expanded_history_nus_cpr_52_1_freeze_3s.pt,hf_tensor_artifacts_review,442153,"intermediate, redundant shard, synthetic diagnostic or local-only file"
exp/egorecover_stages_1_4/stage1_dev/shard1/expanded_history_sfu_basketball_08_15_clean.pt,hf_tensor_artifacts_review,442341,"intermediate, redundant shard, synthetic diagnostic or local-only file"
exp/egorecover_stages_1_4/stage1_dev/shard1/expanded_history_sfu_basketball_08_15_drift_0p03mps.pt,hf_tensor_artifacts_review,442461,"intermediate, redundant shard, synthetic diagnostic or local-only file"
exp/egorecover_stages_1_4/stage1_dev/shard1/expanded_history_sfu_basketball_08_15_freeze_3s.pt,hf_tensor_artifacts_review,442401,"intermediate, redundant shard, synthetic diagnostic or local-only file"
exp/egorecover_stages_1_4/stage1_dev/shard1/expanded_history_uniandes_dance_011_27_clean.pt,hf_tensor_artifacts_review,442356,"intermediate, redundant shard, synthetic diagnostic or local-only file"
exp/egorecover_stages_1_4/stage1_dev/shard1/expanded_history_uniandes_dance_011_27_drift_0p03mps.pt,hf_tensor_artifacts_review,442476,"intermediate, redundant shard, synthetic diagnostic or local-only file"
exp/egorecover_stages_1_4/stage1_dev/shard1/expanded_history_uniandes_dance_011_27_freeze_3s.pt,hf_tensor_artifacts_review,442416,"intermediate, redundant shard, synthetic diagnostic or local-only file"
exp/egorecover_stages_1_4/stage1_dev/shard1/expanded_history_upenn_0725_Duet_Violin_1_2_8_clean.pt,hf_tensor_artifacts_review,442461,"intermediate, redundant shard, synthetic diagnostic or local-only file"
exp/egorecover_stages_1_4/stage1_dev/shard1/expanded_history_upenn_0725_Duet_Violin_1_2_8_drift_0p03mps.pt,hf_tensor_artifacts_review,442709,"intermediate, redundant shard, synthetic diagnostic or local-only file"
exp/egorecover_stages_1_4/stage1_dev/shard1/expanded_history_upenn_0725_Duet_Violin_1_2_8_freeze_3s.pt,hf_tensor_artifacts_review,442585,"intermediate, redundant shard, synthetic diagnostic or local-only file"
exp/egorecover_stages_1_4/stage1_dev/shard1/expanded_prior_only_georgiatech_bike_05_2_clean.pt,hf_tensor_artifacts_review,442401,"intermediate, redundant shard, synthetic diagnostic or local-only file"
exp/egorecover_stages_1_4/stage1_dev/shard1/expanded_prior_only_georgiatech_bike_05_2_drift_0p03mps.pt,hf_tensor_artifacts_review,442585,"intermediate, redundant shard, synthetic diagnostic or local-only file"
exp/egorecover_stages_1_4/stage1_dev/shard1/expanded_prior_only_georgiatech_bike_05_2_freeze_3s.pt,hf_tensor_artifacts_review,442461,"intermediate, redundant shard, synthetic diagnostic or local-only file"
exp/egorecover_stages_1_4/stage1_dev/shard1/expanded_prior_only_iiith_soccer_004_5_clean.pt,hf_tensor_artifacts_review,442356,"intermediate, redundant shard, synthetic diagnostic or local-only file"
exp/egorecover_stages_1_4/stage1_dev/shard1/expanded_prior_only_iiith_soccer_004_5_drift_0p03mps.pt,hf_tensor_artifacts_review,442476,"intermediate, redundant shard, synthetic diagnostic or local-only file"
exp/egorecover_stages_1_4/stage1_dev/shard1/expanded_prior_only_iiith_soccer_004_5_freeze_3s.pt,hf_tensor_artifacts_review,442416,"intermediate, redundant shard, synthetic diagnostic or local-only file"
exp/egorecover_stages_1_4/stage1_dev/shard1/expanded_prior_only_nus_cpr_52_1_clean.pt,hf_tensor_artifacts_review,442138,"intermediate, redundant shard, synthetic diagnostic or local-only file"
exp/egorecover_stages_1_4/stage1_dev/shard1/expanded_prior_only_nus_cpr_52_1_drift_0p03mps.pt,hf_tensor_artifacts_review,442386,"intermediate, redundant shard, synthetic diagnostic or local-only file"
exp/egorecover_stages_1_4/stage1_dev/shard1/expanded_prior_only_nus_cpr_52_1_freeze_3s.pt,hf_tensor_artifacts_review,442326,"intermediate, redundant shard, synthetic diagnostic or local-only file"
exp/egorecover_stages_1_4/stage1_dev/shard1/expanded_prior_only_sfu_basketball_08_15_clean.pt,hf_tensor_artifacts_review,442386,"intermediate, redundant shard, synthetic diagnostic or local-only file"
exp/egorecover_stages_1_4/stage1_dev/shard1/expanded_prior_only_sfu_basketball_08_15_drift_0p03mps.pt,hf_tensor_artifacts_review,442570,"intermediate, redundant shard, synthetic diagnostic or local-only file"
exp/egorecover_stages_1_4/stage1_dev/shard1/expanded_prior_only_sfu_basketball_08_15_freeze_3s.pt,hf_tensor_artifacts_review,442446,"intermediate, redundant shard, synthetic diagnostic or local-only file"
exp/egorecover_stages_1_4/stage1_dev/shard1/expanded_prior_only_uniandes_dance_011_27_clean.pt,hf_tensor_artifacts_review,442401,"intermediate, redundant shard, synthetic diagnostic or local-only file"
exp/egorecover_stages_1_4/stage1_dev/shard1/expanded_prior_only_uniandes_dance_011_27_drift_0p03mps.pt,hf_tensor_artifacts_review,442585,"intermediate, redundant shard, synthetic diagnostic or local-only file"
exp/egorecover_stages_1_4/stage1_dev/shard1/expanded_prior_only_uniandes_dance_011_27_freeze_3s.pt,hf_tensor_artifacts_review,442461,"intermediate, redundant shard, synthetic diagnostic or local-only file"
exp/egorecover_stages_1_4/stage1_dev/shard1/expanded_prior_only_upenn_0725_Duet_Violin_1_2_8_clean.pt,hf_tensor_artifacts_review,442570,"intermediate, redundant shard, synthetic diagnostic or local-only file"
exp/egorecover_stages_1_4/stage1_dev/shard1/expanded_prior_only_upenn_0725_Duet_Violin_1_2_8_drift_0p03mps.pt,hf_tensor_artifacts_review,442754,"intermediate, redundant shard, synthetic diagnostic or local-only file"
exp/egorecover_stages_1_4/stage1_dev/shard1/expanded_prior_only_upenn_0725_Duet_Violin_1_2_8_freeze_3s.pt,hf_tensor_artifacts_review,442630,"intermediate, redundant shard, synthetic diagnostic or local-only file"
exp/egorecover_stages_1_4/stage1_dev/shard1/frozen_e7_gaussian_georgiatech_bike_05_2_clean.pt,hf_tensor_artifacts_review,442386,"intermediate, redundant shard, synthetic diagnostic or local-only file"
exp/egorecover_stages_1_4/stage1_dev/shard1/frozen_e7_gaussian_georgiatech_bike_05_2_drift_0p03mps.pt,hf_tensor_artifacts_review,442570,"intermediate, redundant shard, synthetic diagnostic or local-only file"
exp/egorecover_stages_1_4/stage1_dev/shard1/frozen_e7_gaussian_georgiatech_bike_05_2_freeze_3s.pt,hf_tensor_artifacts_review,442446,"intermediate, redundant shard, synthetic diagnostic or local-only file"
exp/egorecover_stages_1_4/stage1_dev/shard1/frozen_e7_gaussian_iiith_soccer_004_5_clean.pt,hf_tensor_artifacts_review,442341,"intermediate, redundant shard, synthetic diagnostic or local-only file"
exp/egorecover_stages_1_4/stage1_dev/shard1/frozen_e7_gaussian_iiith_soccer_004_5_drift_0p03mps.pt,hf_tensor_artifacts_review,442461,"intermediate, redundant shard, synthetic diagnostic or local-only file"
exp/egorecover_stages_1_4/stage1_dev/shard1/frozen_e7_gaussian_iiith_soccer_004_5_freeze_3s.pt,hf_tensor_artifacts_review,442401,"intermediate, redundant shard, synthetic diagnostic or local-only file"
exp/egorecover_stages_1_4/stage1_dev/shard1/frozen_e7_gaussian_nus_cpr_52_1_clean.pt,hf_tensor_artifacts_review,442123,"intermediate, redundant shard, synthetic diagnostic or local-only file"
exp/egorecover_stages_1_4/stage1_dev/shard1/frozen_e7_gaussian_nus_cpr_52_1_drift_0p03mps.pt,hf_tensor_artifacts_review,442371,"intermediate, redundant shard, synthetic diagnostic or local-only file"
exp/egorecover_stages_1_4/stage1_dev/shard1/frozen_e7_gaussian_nus_cpr_52_1_freeze_3s.pt,hf_tensor_artifacts_review,442311,"intermediate, redundant shard, synthetic diagnostic or local-only file"
exp/egorecover_stages_1_4/stage1_dev/shard1/frozen_e7_gaussian_sfu_basketball_08_15_clean.pt,hf_tensor_artifacts_review,442371,"intermediate, redundant shard, synthetic diagnostic or local-only file"
exp/egorecover_stages_1_4/stage1_dev/shard1/frozen_e7_gaussian_sfu_basketball_08_15_drift_0p03mps.pt,hf_tensor_artifacts_review,442491,"intermediate, redundant shard, synthetic diagnostic or local-only file"
exp/egorecover_stages_1_4/stage1_dev/shard1/frozen_e7_gaussian_sfu_basketball_08_15_freeze_3s.pt,hf_tensor_artifacts_review,442431,"intermediate, redundant shard, synthetic diagnostic or local-only file"
exp/egorecover_stages_1_4/stage1_dev/shard1/frozen_e7_gaussian_uniandes_dance_011_27_clean.pt,hf_tensor_artifacts_review,442386,"intermediate, redundant shard, synthetic diagnostic or local-only file"
exp/egorecover_stages_1_4/stage1_dev/shard1/frozen_e7_gaussian_uniandes_dance_011_27_drift_0p03mps.pt,hf_tensor_artifacts_review,442570,"intermediate, redundant shard, synthetic diagnostic or local-only file"
exp/egorecover_stages_1_4/stage1_dev/shard1/frozen_e7_gaussian_uniandes_dance_011_27_freeze_3s.pt,hf_tensor_artifacts_review,442446,"intermediate, redundant shard, synthetic diagnostic or local-only file"
exp/egorecover_stages_1_4/stage1_dev/shard1/frozen_e7_gaussian_upenn_0725_Duet_Violin_1_2_8_clean.pt,hf_tensor_artifacts_review,442491,"intermediate, redundant shard, synthetic diagnostic or local-only file"
exp/egorecover_stages_1_4/stage1_dev/shard1/frozen_e7_gaussian_upenn_0725_Duet_Violin_1_2_8_drift_0p03mps.pt,hf_tensor_artifacts_review,442739,"intermediate, redundant shard, synthetic diagnostic or local-only file"
exp/egorecover_stages_1_4/stage1_dev/shard1/frozen_e7_gaussian_upenn_0725_Duet_Violin_1_2_8_freeze_3s.pt,hf_tensor_artifacts_review,442615,"intermediate, redundant shard, synthetic diagnostic or local-only file"
exp/egorecover_stages_1_4/stage1_dev/shard1/pilot_gaussian_georgiatech_bike_05_2_clean.pt,hf_tensor_artifacts_review,442326,"intermediate, redundant shard, synthetic diagnostic or local-only file"
exp/egorecover_stages_1_4/stage1_dev/shard1/pilot_gaussian_georgiatech_bike_05_2_drift_0p03mps.pt,hf_tensor_artifacts_review,442446,"intermediate, redundant shard, synthetic diagnostic or local-only file"
exp/egorecover_stages_1_4/stage1_dev/shard1/pilot_gaussian_georgiatech_bike_05_2_freeze_3s.pt,hf_tensor_artifacts_review,442386,"intermediate, redundant shard, synthetic diagnostic or local-only file"
exp/egorecover_stages_1_4/stage1_dev/shard1/pilot_gaussian_iiith_soccer_004_5_clean.pt,hf_tensor_artifacts_review,442153,"intermediate, redundant shard, synthetic diagnostic or local-only file"
exp/egorecover_stages_1_4/stage1_dev/shard1/pilot_gaussian_iiith_soccer_004_5_drift_0p03mps.pt,hf_tensor_artifacts_review,442401,"intermediate, redundant shard, synthetic diagnostic or local-only file"
exp/egorecover_stages_1_4/stage1_dev/shard1/pilot_gaussian_iiith_soccer_004_5_freeze_3s.pt,hf_tensor_artifacts_review,442341,"intermediate, redundant shard, synthetic diagnostic or local-only file"
exp/egorecover_stages_1_4/stage1_dev/shard1/pilot_gaussian_nus_cpr_52_1_clean.pt,hf_tensor_artifacts_review,442063,"intermediate, redundant shard, synthetic diagnostic or local-only file"
exp/egorecover_stages_1_4/stage1_dev/shard1/pilot_gaussian_nus_cpr_52_1_drift_0p03mps.pt,hf_tensor_artifacts_review,442311,"intermediate, redundant shard, synthetic diagnostic or local-only file"
exp/egorecover_stages_1_4/stage1_dev/shard1/pilot_gaussian_nus_cpr_52_1_freeze_3s.pt,hf_tensor_artifacts_review,442123,"intermediate, redundant shard, synthetic diagnostic or local-only file"
exp/egorecover_stages_1_4/stage1_dev/shard1/pilot_gaussian_sfu_basketball_08_15_clean.pt,hf_tensor_artifacts_review,442311,"intermediate, redundant shard, synthetic diagnostic or local-only file"
exp/egorecover_stages_1_4/stage1_dev/shard1/pilot_gaussian_sfu_basketball_08_15_drift_0p03mps.pt,hf_tensor_artifacts_review,442431,"intermediate, redundant shard, synthetic diagnostic or local-only file"
exp/egorecover_stages_1_4/stage1_dev/shard1/pilot_gaussian_sfu_basketball_08_15_freeze_3s.pt,hf_tensor_artifacts_review,442371,"intermediate, redundant shard, synthetic diagnostic or local-only file"
exp/egorecover_stages_1_4/stage1_dev/shard1/pilot_gaussian_uniandes_dance_011_27_clean.pt,hf_tensor_artifacts_review,442326,"intermediate, redundant shard, synthetic diagnostic or local-only file"
exp/egorecover_stages_1_4/stage1_dev/shard1/pilot_gaussian_uniandes_dance_011_27_drift_0p03mps.pt,hf_tensor_artifacts_review,442446,"intermediate, redundant shard, synthetic diagnostic or local-only file"
exp/egorecover_stages_1_4/stage1_dev/shard1/pilot_gaussian_uniandes_dance_011_27_freeze_3s.pt,hf_tensor_artifacts_review,442386,"intermediate, redundant shard, synthetic diagnostic or local-only file"
exp/egorecover_stages_1_4/stage1_dev/shard1/pilot_gaussian_upenn_0725_Duet_Violin_1_2_8_clean.pt,hf_tensor_artifacts_review,442431,"intermediate, redundant shard, synthetic diagnostic or local-only file"
exp/egorecover_stages_1_4/stage1_dev/shard1/pilot_gaussian_upenn_0725_Duet_Violin_1_2_8_drift_0p03mps.pt,hf_tensor_artifacts_review,442615,"intermediate, redundant shard, synthetic diagnostic or local-only file"
exp/egorecover_stages_1_4/stage1_dev/shard1/pilot_gaussian_upenn_0725_Duet_Violin_1_2_8_freeze_3s.pt,hf_tensor_artifacts_review,442491,"intermediate, redundant shard, synthetic diagnostic or local-only file"
exp/egorecover_stages_1_4/stage1_dev/shard1/pilot_history_georgiatech_bike_05_2_clean.pt,hf_tensor_artifacts_review,442311,"intermediate, redundant shard, synthetic diagnostic or local-only file"
exp/egorecover_stages_1_4/stage1_dev/shard1/pilot_history_georgiatech_bike_05_2_drift_0p03mps.pt,hf_tensor_artifacts_review,442431,"intermediate, redundant shard, synthetic diagnostic or local-only file"
exp/egorecover_stages_1_4/stage1_dev/shard1/pilot_history_georgiatech_bike_05_2_freeze_3s.pt,hf_tensor_artifacts_review,442371,"intermediate, redundant shard, synthetic diagnostic or local-only file"
exp/egorecover_stages_1_4/stage1_dev/shard1/pilot_history_iiith_soccer_004_5_clean.pt,hf_tensor_artifacts_review,442138,"intermediate, redundant shard, synthetic diagnostic or local-only file"
exp/egorecover_stages_1_4/stage1_dev/shard1/pilot_history_iiith_soccer_004_5_drift_0p03mps.pt,hf_tensor_artifacts_review,442386,"intermediate, redundant shard, synthetic diagnostic or local-only file"
exp/egorecover_stages_1_4/stage1_dev/shard1/pilot_history_iiith_soccer_004_5_freeze_3s.pt,hf_tensor_artifacts_review,442326,"intermediate, redundant shard, synthetic diagnostic or local-only file"
exp/egorecover_stages_1_4/stage1_dev/shard1/pilot_history_nus_cpr_52_1_clean.pt,hf_tensor_artifacts_review,442048,"intermediate, redundant shard, synthetic diagnostic or local-only file"
exp/egorecover_stages_1_4/stage1_dev/shard1/pilot_history_nus_cpr_52_1_drift_0p03mps.pt,hf_tensor_artifacts_review,442296,"intermediate, redundant shard, synthetic diagnostic or local-only file"
exp/egorecover_stages_1_4/stage1_dev/shard1/pilot_history_nus_cpr_52_1_freeze_3s.pt,hf_tensor_artifacts_review,442108,"intermediate, redundant shard, synthetic diagnostic or local-only file"
exp/egorecover_stages_1_4/stage1_dev/shard1/pilot_history_sfu_basketball_08_15_clean.pt,hf_tensor_artifacts_review,442296,"intermediate, redundant shard, synthetic diagnostic or local-only file"
exp/egorecover_stages_1_4/stage1_dev/shard1/pilot_history_sfu_basketball_08_15_drift_0p03mps.pt,hf_tensor_artifacts_review,442416,"intermediate, redundant shard, synthetic diagnostic or local-only file"
exp/egorecover_stages_1_4/stage1_dev/shard1/pilot_history_sfu_basketball_08_15_freeze_3s.pt,hf_tensor_artifacts_review,442356,"intermediate, redundant shard, synthetic diagnostic or local-only file"
exp/egorecover_stages_1_4/stage1_dev/shard1/pilot_history_uniandes_dance_011_27_clean.pt,hf_tensor_artifacts_review,442311,"intermediate, redundant shard, synthetic diagnostic or local-only file"
exp/egorecover_stages_1_4/stage1_dev/shard1/pilot_history_uniandes_dance_011_27_drift_0p03mps.pt,hf_tensor_artifacts_review,442431,"intermediate, redundant shard, synthetic diagnostic or local-only file"
exp/egorecover_stages_1_4/stage1_dev/shard1/pilot_history_uniandes_dance_011_27_freeze_3s.pt,hf_tensor_artifacts_review,442371,"intermediate, redundant shard, synthetic diagnostic or local-only file"
exp/egorecover_stages_1_4/stage1_dev/shard1/pilot_history_upenn_0725_Duet_Violin_1_2_8_clean.pt,hf_tensor_artifacts_review,442416,"intermediate, redundant shard, synthetic diagnostic or local-only file"
exp/egorecover_stages_1_4/stage1_dev/shard1/pilot_history_upenn_0725_Duet_Violin_1_2_8_drift_0p03mps.pt,hf_tensor_artifacts_review,442600,"intermediate, redundant shard, synthetic diagnostic or local-only file"
exp/egorecover_stages_1_4/stage1_dev/shard1/pilot_history_upenn_0725_Duet_Violin_1_2_8_freeze_3s.pt,hf_tensor_artifacts_review,442476,"intermediate, redundant shard, synthetic diagnostic or local-only file"
exp/egorecover_stages_1_4/stage1_dev/shard1/pilot_prior_only_georgiatech_bike_05_2_clean.pt,hf_tensor_artifacts_review,442356,"intermediate, redundant shard, synthetic diagnostic or local-only file"
exp/egorecover_stages_1_4/stage1_dev/shard1/pilot_prior_only_georgiatech_bike_05_2_drift_0p03mps.pt,hf_tensor_artifacts_review,442476,"intermediate, redundant shard, synthetic diagnostic or local-only file"
exp/egorecover_stages_1_4/stage1_dev/shard1/pilot_prior_only_georgiatech_bike_05_2_freeze_3s.pt,hf_tensor_artifacts_review,442416,"intermediate, redundant shard, synthetic diagnostic or local-only file"
exp/egorecover_stages_1_4/stage1_dev/shard1/pilot_prior_only_iiith_soccer_004_5_clean.pt,hf_tensor_artifacts_review,442311,"intermediate, redundant shard, synthetic diagnostic or local-only file"
exp/egorecover_stages_1_4/stage1_dev/shard1/pilot_prior_only_iiith_soccer_004_5_drift_0p03mps.pt,hf_tensor_artifacts_review,442431,"intermediate, redundant shard, synthetic diagnostic or local-only file"
exp/egorecover_stages_1_4/stage1_dev/shard1/pilot_prior_only_iiith_soccer_004_5_freeze_3s.pt,hf_tensor_artifacts_review,442371,"intermediate, redundant shard, synthetic diagnostic or local-only file"
exp/egorecover_stages_1_4/stage1_dev/shard1/pilot_prior_only_nus_cpr_52_1_clean.pt,hf_tensor_artifacts_review,442093,"intermediate, redundant shard, synthetic diagnostic or local-only file"
exp/egorecover_stages_1_4/stage1_dev/shard1/pilot_prior_only_nus_cpr_52_1_drift_0p03mps.pt,hf_tensor_artifacts_review,442341,"intermediate, redundant shard, synthetic diagnostic or local-only file"
exp/egorecover_stages_1_4/stage1_dev/shard1/pilot_prior_only_nus_cpr_52_1_freeze_3s.pt,hf_tensor_artifacts_review,442153,"intermediate, redundant shard, synthetic diagnostic or local-only file"
exp/egorecover_stages_1_4/stage1_dev/shard1/pilot_prior_only_sfu_basketball_08_15_clean.pt,hf_tensor_artifacts_review,442341,"intermediate, redundant shard, synthetic diagnostic or local-only file"
exp/egorecover_stages_1_4/stage1_dev/shard1/pilot_prior_only_sfu_basketball_08_15_drift_0p03mps.pt,hf_tensor_artifacts_review,442461,"intermediate, redundant shard, synthetic diagnostic or local-only file"
exp/egorecover_stages_1_4/stage1_dev/shard1/pilot_prior_only_sfu_basketball_08_15_freeze_3s.pt,hf_tensor_artifacts_review,442401,"intermediate, redundant shard, synthetic diagnostic or local-only file"
exp/egorecover_stages_1_4/stage1_dev/shard1/pilot_prior_only_uniandes_dance_011_27_clean.pt,hf_tensor_artifacts_review,442356,"intermediate, redundant shard, synthetic diagnostic or local-only file"
exp/egorecover_stages_1_4/stage1_dev/shard1/pilot_prior_only_uniandes_dance_011_27_drift_0p03mps.pt,hf_tensor_artifacts_review,442476,"intermediate, redundant shard, synthetic diagnostic or local-only file"
exp/egorecover_stages_1_4/stage1_dev/shard1/pilot_prior_only_uniandes_dance_011_27_freeze_3s.pt,hf_tensor_artifacts_review,442416,"intermediate, redundant shard, synthetic diagnostic or local-only file"
exp/egorecover_stages_1_4/stage1_dev/shard1/pilot_prior_only_upenn_0725_Duet_Violin_1_2_8_clean.pt,hf_tensor_artifacts_review,442461,"intermediate, redundant shard, synthetic diagnostic or local-only file"
exp/egorecover_stages_1_4/stage1_dev/shard1/pilot_prior_only_upenn_0725_Duet_Violin_1_2_8_drift_0p03mps.pt,hf_tensor_artifacts_review,442709,"intermediate, redundant shard, synthetic diagnostic or local-only file"
exp/egorecover_stages_1_4/stage1_dev/shard1/pilot_prior_only_upenn_0725_Duet_Violin_1_2_8_freeze_3s.pt,hf_tensor_artifacts_review,442585,"intermediate, redundant shard, synthetic diagnostic or local-only file"
exp/egorecover_stages_1_4/stage1_dev/shard1/report.json,github_experiment_metadata,1058988,GitHub lightweight record or source
exp/egorecover_stages_1_4/stage1_dev/summary.json,github_experiment_metadata,29033,GitHub lightweight record or source
exp/egorecover_stages_1_4/stage1_smoke/expanded/gaussian_clean.pt,hf_tensor_artifacts_review,441394,"intermediate, redundant shard, synthetic diagnostic or local-only file"
exp/egorecover_stages_1_4/stage1_smoke/expanded/history_clean.pt,hf_tensor_artifacts_review,441379,"intermediate, redundant shard, synthetic diagnostic or local-only file"
exp/egorecover_stages_1_4/stage1_smoke/expanded/prior_only_clean.pt,hf_tensor_artifacts_review,441424,"intermediate, redundant shard, synthetic diagnostic or local-only file"
exp/egorecover_stages_1_4/stage1_smoke/expanded/report.json,github_experiment_metadata,5492,GitHub lightweight record or source
exp/egorecover_stages_1_4/stage1_smoke/expanded/smplx.json,github_experiment_metadata,37440,GitHub lightweight record or source
exp/egorecover_stages_1_4/stage1_smoke/pilot/gaussian_clean.pt,hf_tensor_artifacts_review,441394,"intermediate, redundant shard, synthetic diagnostic or local-only file"
exp/egorecover_stages_1_4/stage1_smoke/pilot/history_clean.pt,hf_tensor_artifacts_review,441379,"intermediate, redundant shard, synthetic diagnostic or local-only file"
exp/egorecover_stages_1_4/stage1_smoke/pilot/prior_only_clean.pt,hf_tensor_artifacts_review,441424,"intermediate, redundant shard, synthetic diagnostic or local-only file"
exp/egorecover_stages_1_4/stage1_smoke/pilot/report.json,github_experiment_metadata,5486,GitHub lightweight record or source
exp/egorecover_stages_1_4/stage1_smoke/pilot/smplx.json,github_experiment_metadata,37742,GitHub lightweight record or source
exp/egorecover_stages_1_4/stage2_budget/12take_1200/report.json,github_experiment_metadata,34812,GitHub lightweight record or source
exp/egorecover_stages_1_4/stage2_budget/12take_1200/utility_diagnostic_gaussian.pt,hf_tensor_artifacts_review,9429,"intermediate, redundant shard, synthetic diagnostic or local-only file"
exp/egorecover_stages_1_4/stage2_budget/12take_1200/utility_diagnostic_history.pt,hf_tensor_artifacts_review,9420,"intermediate, redundant shard, synthetic diagnostic or local-only file"
exp/egorecover_stages_1_4/stage2_budget/12take_2400/report.json,github_experiment_metadata,4678,GitHub lightweight record or source
exp/egorecover_stages_1_4/stage2_budget/12take_400/report.json,github_experiment_metadata,18220,GitHub lightweight record or source
exp/egorecover_stages_1_4/stage2_budget/12take_400/utility_diagnostic_gaussian.pt,hf_tensor_artifacts_review,9429,"intermediate, redundant shard, synthetic diagnostic or local-only file"
exp/egorecover_stages_1_4/stage2_budget/12take_400/utility_diagnostic_history.pt,hf_tensor_artifacts_review,9420,"intermediate, redundant shard, synthetic diagnostic or local-only file"
exp/egorecover_stages_1_4/stage2_budget/72take_1200/report.json,github_experiment_metadata,44118,GitHub lightweight record or source
exp/egorecover_stages_1_4/stage2_budget/72take_1200/utility_diagnostic_gaussian.pt,hf_tensor_artifacts_review,9429,"intermediate, redundant shard, synthetic diagnostic or local-only file"
exp/egorecover_stages_1_4/stage2_budget/72take_1200/utility_diagnostic_history.pt,hf_tensor_artifacts_review,9420,"intermediate, redundant shard, synthetic diagnostic or local-only file"
exp/egorecover_stages_1_4/stage2_budget/72take_2400/report.json,github_experiment_metadata,56176,GitHub lightweight record or source
exp/egorecover_stages_1_4/stage2_budget/72take_2400/utility_diagnostic_gaussian.pt,hf_tensor_artifacts_review,9429,"intermediate, redundant shard, synthetic diagnostic or local-only file"
exp/egorecover_stages_1_4/stage2_budget/72take_2400_interrupted/g_gaussian.pt,hf_model_checkpoints,386078529,initial/last/smoke/failed/interrupted or inactive optimizer state
exp/egorecover_stages_1_4/stage2_budget/72take_2400_interrupted/prior.pt,hf_model_checkpoints,18269710,initial/last/smoke/failed/interrupted or inactive optimizer state
exp/egorecover_stages_1_4/stage2_budget/72take_2400_interrupted/report.json,github_experiment_metadata,56132,GitHub lightweight record or source
exp/egorecover_stages_1_4/stage2_budget/72take_2400_interrupted/utility_diagnostic_gaussian.pt,hf_tensor_artifacts_review,9429,"intermediate, redundant shard, synthetic diagnostic or local-only file"
exp/egorecover_stages_1_4/stage2_budget/72take_2400_restart_interrupted/prior.pt,hf_model_checkpoints,18269710,initial/last/smoke/failed/interrupted or inactive optimizer state
exp/egorecover_stages_1_4/stage2_budget/72take_2400_restart_interrupted/report.json,github_experiment_metadata,6509,GitHub lightweight record or source
exp/egorecover_stages_1_4/stage2_eval/12take_1200/12take_1200_gaussian_fair_bike_01_12_clean.pt,hf_tensor_artifacts_review,442326,"intermediate, redundant shard, synthetic diagnostic or local-only file"
exp/egorecover_stages_1_4/stage2_eval/12take_1200/12take_1200_gaussian_fair_bike_01_12_drift_0p03mps.pt,hf_tensor_artifacts_review,442446,"intermediate, redundant shard, synthetic diagnostic or local-only file"
exp/egorecover_stages_1_4/stage2_eval/12take_1200/12take_1200_gaussian_fair_bike_01_12_freeze_3s.pt,hf_tensor_artifacts_review,442386,"intermediate, redundant shard, synthetic diagnostic or local-only file"
exp/egorecover_stages_1_4/stage2_eval/12take_1200/12take_1200_gaussian_georgiatech_bike_05_2_clean.pt,hf_tensor_artifacts_review,442416,"intermediate, redundant shard, synthetic diagnostic or local-only file"
exp/egorecover_stages_1_4/stage2_eval/12take_1200/12take_1200_gaussian_georgiatech_bike_05_2_drift_0p03mps.pt,hf_tensor_artifacts_review,442600,"intermediate, redundant shard, synthetic diagnostic or local-only file"
exp/egorecover_stages_1_4/stage2_eval/12take_1200/12take_1200_gaussian_georgiatech_bike_05_2_freeze_3s.pt,hf_tensor_artifacts_review,442476,"intermediate, redundant shard, synthetic diagnostic or local-only file"
exp/egorecover_stages_1_4/stage2_eval/12take_1200/12take_1200_gaussian_iiith_cooking_109_4_clean.pt,hf_tensor_artifacts_review,442386,"intermediate, redundant shard, synthetic diagnostic or local-only file"
exp/egorecover_stages_1_4/stage2_eval/12take_1200/12take_1200_gaussian_iiith_cooking_109_4_drift_0p03mps.pt,hf_tensor_artifacts_review,442570,"intermediate, redundant shard, synthetic diagnostic or local-only file"
exp/egorecover_stages_1_4/stage2_eval/12take_1200/12take_1200_gaussian_iiith_cooking_109_4_freeze_3s.pt,hf_tensor_artifacts_review,442446,"intermediate, redundant shard, synthetic diagnostic or local-only file"
exp/egorecover_stages_1_4/stage2_eval/12take_1200/12take_1200_gaussian_iiith_soccer_004_5_clean.pt,hf_tensor_artifacts_review,442371,"intermediate, redundant shard, synthetic diagnostic or local-only file"
exp/egorecover_stages_1_4/stage2_eval/12take_1200/12take_1200_gaussian_iiith_soccer_004_5_drift_0p03mps.pt,hf_tensor_artifacts_review,442491,"intermediate, redundant shard, synthetic diagnostic or local-only file"
exp/egorecover_stages_1_4/stage2_eval/12take_1200/12take_1200_gaussian_iiith_soccer_004_5_freeze_3s.pt,hf_tensor_artifacts_review,442431,"intermediate, redundant shard, synthetic diagnostic or local-only file"
exp/egorecover_stages_1_4/stage2_eval/12take_1200/12take_1200_gaussian_indiana_music_13_5_clean.pt,hf_tensor_artifacts_review,442371,"intermediate, redundant shard, synthetic diagnostic or local-only file"
exp/egorecover_stages_1_4/stage2_eval/12take_1200/12take_1200_gaussian_indiana_music_13_5_drift_0p03mps.pt,hf_tensor_artifacts_review,442491,"intermediate, redundant shard, synthetic diagnostic or local-only file"
exp/egorecover_stages_1_4/stage2_eval/12take_1200/12take_1200_gaussian_indiana_music_13_5_freeze_3s.pt,hf_tensor_artifacts_review,442431,"intermediate, redundant shard, synthetic diagnostic or local-only file"
exp/egorecover_stages_1_4/stage2_eval/12take_1200/12take_1200_gaussian_nus_cpr_52_1_clean.pt,hf_tensor_artifacts_review,442153,"intermediate, redundant shard, synthetic diagnostic or local-only file"
exp/egorecover_stages_1_4/stage2_eval/12take_1200/12take_1200_gaussian_nus_cpr_52_1_drift_0p03mps.pt,hf_tensor_artifacts_review,442401,"intermediate, redundant shard, synthetic diagnostic or local-only file"
exp/egorecover_stages_1_4/stage2_eval/12take_1200/12take_1200_gaussian_nus_cpr_52_1_freeze_3s.pt,hf_tensor_artifacts_review,442341,"intermediate, redundant shard, synthetic diagnostic or local-only file"
exp/egorecover_stages_1_4/stage2_eval/12take_1200/12take_1200_gaussian_sfu_basketball_03_44_clean.pt,hf_tensor_artifacts_review,442401,"intermediate, redundant shard, synthetic diagnostic or local-only file"
exp/egorecover_stages_1_4/stage2_eval/12take_1200/12take_1200_gaussian_sfu_basketball_03_44_drift_0p03mps.pt,hf_tensor_artifacts_review,442585,"intermediate, redundant shard, synthetic diagnostic or local-only file"
exp/egorecover_stages_1_4/stage2_eval/12take_1200/12take_1200_gaussian_sfu_basketball_03_44_freeze_3s.pt,hf_tensor_artifacts_review,442461,"intermediate, redundant shard, synthetic diagnostic or local-only file"
exp/egorecover_stages_1_4/stage2_eval/12take_1200/12take_1200_gaussian_sfu_basketball_08_15_clean.pt,hf_tensor_artifacts_review,442401,"intermediate, redundant shard, synthetic diagnostic or local-only file"
exp/egorecover_stages_1_4/stage2_eval/12take_1200/12take_1200_gaussian_sfu_basketball_08_15_drift_0p03mps.pt,hf_tensor_artifacts_review,442585,"intermediate, redundant shard, synthetic diagnostic or local-only file"
exp/egorecover_stages_1_4/stage2_eval/12take_1200/12take_1200_gaussian_sfu_basketball_08_15_freeze_3s.pt,hf_tensor_artifacts_review,442461,"intermediate, redundant shard, synthetic diagnostic or local-only file"
exp/egorecover_stages_1_4/stage2_eval/12take_1200/12take_1200_gaussian_unc_basketball_03-16-23_01_18_clean.pt,hf_tensor_artifacts_review,442600,"intermediate, redundant shard, synthetic diagnostic or local-only file"
exp/egorecover_stages_1_4/stage2_eval/12take_1200/12take_1200_gaussian_unc_basketball_03-16-23_01_18_drift_0p03mps.pt,hf_tensor_artifacts_review,442784,"intermediate, redundant shard, synthetic diagnostic or local-only file"
exp/egorecover_stages_1_4/stage2_eval/12take_1200/12take_1200_gaussian_unc_basketball_03-16-23_01_18_freeze_3s.pt,hf_tensor_artifacts_review,442724,"intermediate, redundant shard, synthetic diagnostic or local-only file"
exp/egorecover_stages_1_4/stage2_eval/12take_1200/12take_1200_gaussian_uniandes_dance_011_27_clean.pt,hf_tensor_artifacts_review,442416,"intermediate, redundant shard, synthetic diagnostic or local-only file"
exp/egorecover_stages_1_4/stage2_eval/12take_1200/12take_1200_gaussian_uniandes_dance_011_27_drift_0p03mps.pt,hf_tensor_artifacts_review,442600,"intermediate, redundant shard, synthetic diagnostic or local-only file"
exp/egorecover_stages_1_4/stage2_eval/12take_1200/12take_1200_gaussian_uniandes_dance_011_27_freeze_3s.pt,hf_tensor_artifacts_review,442476,"intermediate, redundant shard, synthetic diagnostic or local-only file"
exp/egorecover_stages_1_4/stage2_eval/12take_1200/12take_1200_gaussian_uniandes_dance_012_15_clean.pt,hf_tensor_artifacts_review,442416,"intermediate, redundant shard, synthetic diagnostic or local-only file"
exp/egorecover_stages_1_4/stage2_eval/12take_1200/12take_1200_gaussian_uniandes_dance_012_15_drift_0p03mps.pt,hf_tensor_artifacts_review,442600,"intermediate, redundant shard, synthetic diagnostic or local-only file"
exp/egorecover_stages_1_4/stage2_eval/12take_1200/12take_1200_gaussian_uniandes_dance_012_15_freeze_3s.pt,hf_tensor_artifacts_review,442476,"intermediate, redundant shard, synthetic diagnostic or local-only file"
exp/egorecover_stages_1_4/stage2_eval/12take_1200/12take_1200_gaussian_upenn_0725_Duet_Violin_1_2_8_clean.pt,hf_tensor_artifacts_review,442585,"intermediate, redundant shard, synthetic diagnostic or local-only file"
exp/egorecover_stages_1_4/stage2_eval/12take_1200/12take_1200_gaussian_upenn_0725_Duet_Violin_1_2_8_drift_0p03mps.pt,hf_tensor_artifacts_review,442769,"intermediate, redundant shard, synthetic diagnostic or local-only file"
exp/egorecover_stages_1_4/stage2_eval/12take_1200/12take_1200_gaussian_upenn_0725_Duet_Violin_1_2_8_freeze_3s.pt,hf_tensor_artifacts_review,442709,"intermediate, redundant shard, synthetic diagnostic or local-only file"
exp/egorecover_stages_1_4/stage2_eval/12take_1200/12take_1200_history_fair_bike_01_12_clean.pt,hf_tensor_artifacts_review,442311,"intermediate, redundant shard, synthetic diagnostic or local-only file"
exp/egorecover_stages_1_4/stage2_eval/12take_1200/12take_1200_history_fair_bike_01_12_drift_0p03mps.pt,hf_tensor_artifacts_review,442431,"intermediate, redundant shard, synthetic diagnostic or local-only file"
exp/egorecover_stages_1_4/stage2_eval/12take_1200/12take_1200_history_fair_bike_01_12_freeze_3s.pt,hf_tensor_artifacts_review,442371,"intermediate, redundant shard, synthetic diagnostic or local-only file"
exp/egorecover_stages_1_4/stage2_eval/12take_1200/12take_1200_history_georgiatech_bike_05_2_clean.pt,hf_tensor_artifacts_review,442401,"intermediate, redundant shard, synthetic diagnostic or local-only file"
exp/egorecover_stages_1_4/stage2_eval/12take_1200/12take_1200_history_georgiatech_bike_05_2_drift_0p03mps.pt,hf_tensor_artifacts_review,442585,"intermediate, redundant shard, synthetic diagnostic or local-only file"
exp/egorecover_stages_1_4/stage2_eval/12take_1200/12take_1200_history_georgiatech_bike_05_2_freeze_3s.pt,hf_tensor_artifacts_review,442461,"intermediate, redundant shard, synthetic diagnostic or local-only file"
exp/egorecover_stages_1_4/stage2_eval/12take_1200/12take_1200_history_iiith_cooking_109_4_clean.pt,hf_tensor_artifacts_review,442371,"intermediate, redundant shard, synthetic diagnostic or local-only file"
exp/egorecover_stages_1_4/stage2_eval/12take_1200/12take_1200_history_iiith_cooking_109_4_drift_0p03mps.pt,hf_tensor_artifacts_review,442491,"intermediate, redundant shard, synthetic diagnostic or local-only file"
exp/egorecover_stages_1_4/stage2_eval/12take_1200/12take_1200_history_iiith_cooking_109_4_freeze_3s.pt,hf_tensor_artifacts_review,442431,"intermediate, redundant shard, synthetic diagnostic or local-only file"
exp/egorecover_stages_1_4/stage2_eval/12take_400/12take_400_gaussian_fair_bike_01_12_clean.pt,hf_tensor_artifacts_review,442311,"intermediate, redundant shard, synthetic diagnostic or local-only file"
exp/egorecover_stages_1_4/stage2_eval/12take_400/12take_400_gaussian_fair_bike_01_12_drift_0p03mps.pt,hf_tensor_artifacts_review,442431,"intermediate, redundant shard, synthetic diagnostic or local-only file"
exp/egorecover_stages_1_4/stage2_eval/12take_400/12take_400_gaussian_fair_bike_01_12_freeze_3s.pt,hf_tensor_artifacts_review,442371,"intermediate, redundant shard, synthetic diagnostic or local-only file"
exp/egorecover_stages_1_4/stage2_eval/12take_400/12take_400_gaussian_georgiatech_bike_05_2_clean.pt,hf_tensor_artifacts_review,442401,"intermediate, redundant shard, synthetic diagnostic or local-only file"
exp/egorecover_stages_1_4/stage2_eval/12take_400/12take_400_gaussian_georgiatech_bike_05_2_drift_0p03mps.pt,hf_tensor_artifacts_review,442585,"intermediate, redundant shard, synthetic diagnostic or local-only file"
exp/egorecover_stages_1_4/stage2_eval/12take_400/12take_400_gaussian_georgiatech_bike_05_2_freeze_3s.pt,hf_tensor_artifacts_review,442461,"intermediate, redundant shard, synthetic diagnostic or local-only file"
exp/egorecover_stages_1_4/stage2_eval/12take_400/12take_400_gaussian_iiith_cooking_109_4_clean.pt,hf_tensor_artifacts_review,442371,"intermediate, redundant shard, synthetic diagnostic or local-only file"
exp/egorecover_stages_1_4/stage2_eval/12take_400/12take_400_gaussian_iiith_cooking_109_4_drift_0p03mps.pt,hf_tensor_artifacts_review,442491,"intermediate, redundant shard, synthetic diagnostic or local-only file"
exp/egorecover_stages_1_4/stage2_eval/12take_400/12take_400_gaussian_iiith_cooking_109_4_freeze_3s.pt,hf_tensor_artifacts_review,442431,"intermediate, redundant shard, synthetic diagnostic or local-only file"
exp/egorecover_stages_1_4/stage2_eval/12take_400/12take_400_gaussian_iiith_soccer_004_5_clean.pt,hf_tensor_artifacts_review,442356,"intermediate, redundant shard, synthetic diagnostic or local-only file"
exp/egorecover_stages_1_4/stage2_eval/12take_400/12take_400_gaussian_iiith_soccer_004_5_drift_0p03mps.pt,hf_tensor_artifacts_review,442476,"intermediate, redundant shard, synthetic diagnostic or local-only file"
exp/egorecover_stages_1_4/stage2_eval/12take_400/12take_400_gaussian_iiith_soccer_004_5_freeze_3s.pt,hf_tensor_artifacts_review,442416,"intermediate, redundant shard, synthetic diagnostic or local-only file"
exp/egorecover_stages_1_4/stage2_eval/12take_400/12take_400_gaussian_indiana_music_13_5_clean.pt,hf_tensor_artifacts_review,442356,"intermediate, redundant shard, synthetic diagnostic or local-only file"
exp/egorecover_stages_1_4/stage2_eval/12take_400/12take_400_gaussian_indiana_music_13_5_drift_0p03mps.pt,hf_tensor_artifacts_review,442476,"intermediate, redundant shard, synthetic diagnostic or local-only file"
exp/egorecover_stages_1_4/stage2_eval/12take_400/12take_400_gaussian_indiana_music_13_5_freeze_3s.pt,hf_tensor_artifacts_review,442416,"intermediate, redundant shard, synthetic diagnostic or local-only file"
exp/egorecover_stages_1_4/stage2_eval/12take_400/12take_400_gaussian_nus_cpr_52_1_clean.pt,hf_tensor_artifacts_review,442138,"intermediate, redundant shard, synthetic diagnostic or local-only file"
exp/egorecover_stages_1_4/stage2_eval/12take_400/12take_400_gaussian_nus_cpr_52_1_drift_0p03mps.pt,hf_tensor_artifacts_review,442386,"intermediate, redundant shard, synthetic diagnostic or local-only file"
exp/egorecover_stages_1_4/stage2_eval/12take_400/12take_400_gaussian_nus_cpr_52_1_freeze_3s.pt,hf_tensor_artifacts_review,442326,"intermediate, redundant shard, synthetic diagnostic or local-only file"
exp/egorecover_stages_1_4/stage2_eval/12take_400/12take_400_gaussian_sfu_basketball_03_44_clean.pt,hf_tensor_artifacts_review,442386,"intermediate, redundant shard, synthetic diagnostic or local-only file"
exp/egorecover_stages_1_4/stage2_eval/12take_400/12take_400_gaussian_sfu_basketball_03_44_drift_0p03mps.pt,hf_tensor_artifacts_review,442570,"intermediate, redundant shard, synthetic diagnostic or local-only file"
exp/egorecover_stages_1_4/stage2_eval/12take_400/12take_400_gaussian_sfu_basketball_03_44_freeze_3s.pt,hf_tensor_artifacts_review,442446,"intermediate, redundant shard, synthetic diagnostic or local-only file"
exp/egorecover_stages_1_4/stage2_eval/12take_400/12take_400_gaussian_sfu_basketball_08_15_clean.pt,hf_tensor_artifacts_review,442386,"intermediate, redundant shard, synthetic diagnostic or local-only file"
exp/egorecover_stages_1_4/stage2_eval/12take_400/12take_400_gaussian_sfu_basketball_08_15_drift_0p03mps.pt,hf_tensor_artifacts_review,442570,"intermediate, redundant shard, synthetic diagnostic or local-only file"
exp/egorecover_stages_1_4/stage2_eval/12take_400/12take_400_gaussian_sfu_basketball_08_15_freeze_3s.pt,hf_tensor_artifacts_review,442446,"intermediate, redundant shard, synthetic diagnostic or local-only file"
exp/egorecover_stages_1_4/stage2_eval/12take_400/12take_400_gaussian_unc_basketball_03-16-23_01_18_clean.pt,hf_tensor_artifacts_review,442585,"intermediate, redundant shard, synthetic diagnostic or local-only file"
exp/egorecover_stages_1_4/stage2_eval/12take_400/12take_400_gaussian_unc_basketball_03-16-23_01_18_drift_0p03mps.pt,hf_tensor_artifacts_review,442769,"intermediate, redundant shard, synthetic diagnostic or local-only file"
exp/egorecover_stages_1_4/stage2_eval/12take_400/12take_400_gaussian_unc_basketball_03-16-23_01_18_freeze_3s.pt,hf_tensor_artifacts_review,442709,"intermediate, redundant shard, synthetic diagnostic or local-only file"
exp/egorecover_stages_1_4/stage2_eval/12take_400/12take_400_gaussian_uniandes_dance_011_27_clean.pt,hf_tensor_artifacts_review,442401,"intermediate, redundant shard, synthetic diagnostic or local-only file"
exp/egorecover_stages_1_4/stage2_eval/12take_400/12take_400_gaussian_uniandes_dance_011_27_drift_0p03mps.pt,hf_tensor_artifacts_review,442585,"intermediate, redundant shard, synthetic diagnostic or local-only file"
exp/egorecover_stages_1_4/stage2_eval/12take_400/12take_400_gaussian_uniandes_dance_011_27_freeze_3s.pt,hf_tensor_artifacts_review,442461,"intermediate, redundant shard, synthetic diagnostic or local-only file"
exp/egorecover_stages_1_4/stage2_eval/12take_400/12take_400_gaussian_uniandes_dance_012_15_clean.pt,hf_tensor_artifacts_review,442401,"intermediate, redundant shard, synthetic diagnostic or local-only file"
exp/egorecover_stages_1_4/stage2_eval/12take_400/12take_400_gaussian_uniandes_dance_012_15_drift_0p03mps.pt,hf_tensor_artifacts_review,442585,"intermediate, redundant shard, synthetic diagnostic or local-only file"
exp/egorecover_stages_1_4/stage2_eval/12take_400/12take_400_gaussian_uniandes_dance_012_15_freeze_3s.pt,hf_tensor_artifacts_review,442461,"intermediate, redundant shard, synthetic diagnostic or local-only file"
exp/egorecover_stages_1_4/stage2_eval/12take_400/12take_400_gaussian_upenn_0725_Duet_Violin_1_2_8_clean.pt,hf_tensor_artifacts_review,442570,"intermediate, redundant shard, synthetic diagnostic or local-only file"
exp/egorecover_stages_1_4/stage2_eval/12take_400/12take_400_gaussian_upenn_0725_Duet_Violin_1_2_8_drift_0p03mps.pt,hf_tensor_artifacts_review,442754,"intermediate, redundant shard, synthetic diagnostic or local-only file"
exp/egorecover_stages_1_4/stage2_eval/12take_400/12take_400_gaussian_upenn_0725_Duet_Violin_1_2_8_freeze_3s.pt,hf_tensor_artifacts_review,442630,"intermediate, redundant shard, synthetic diagnostic or local-only file"
exp/egorecover_stages_1_4/stage2_eval/12take_400/12take_400_history_fair_bike_01_12_clean.pt,hf_tensor_artifacts_review,442296,"intermediate, redundant shard, synthetic diagnostic or local-only file"
exp/egorecover_stages_1_4/stage2_eval/12take_400/12take_400_history_fair_bike_01_12_drift_0p03mps.pt,hf_tensor_artifacts_review,442416,"intermediate, redundant shard, synthetic diagnostic or local-only file"
exp/egorecover_stages_1_4/stage2_eval/12take_400/12take_400_history_fair_bike_01_12_freeze_3s.pt,hf_tensor_artifacts_review,442356,"intermediate, redundant shard, synthetic diagnostic or local-only file"
exp/egorecover_stages_1_4/stage2_eval/12take_400/12take_400_history_georgiatech_bike_05_2_clean.pt,hf_tensor_artifacts_review,442386,"intermediate, redundant shard, synthetic diagnostic or local-only file"
exp/egorecover_stages_1_4/stage2_eval/12take_400/12take_400_history_georgiatech_bike_05_2_drift_0p03mps.pt,hf_tensor_artifacts_review,442570,"intermediate, redundant shard, synthetic diagnostic or local-only file"
exp/egorecover_stages_1_4/stage2_eval/12take_400/12take_400_history_georgiatech_bike_05_2_freeze_3s.pt,hf_tensor_artifacts_review,442446,"intermediate, redundant shard, synthetic diagnostic or local-only file"
exp/egorecover_stages_1_4/stage2_eval/12take_400/12take_400_history_iiith_cooking_109_4_clean.pt,hf_tensor_artifacts_review,442356,"intermediate, redundant shard, synthetic diagnostic or local-only file"
exp/egorecover_train_72take_v1/bootstrap.json,github_experiment_metadata,785,GitHub lightweight record or source
exp/egorecover_train_72take_v1/pass1/report.json,github_experiment_metadata,26840,GitHub lightweight record or source
exp/egorecover_train_72take_v1/pass1/utility_diagnostic_gaussian.pt,hf_tensor_artifacts_review,9429,"intermediate, redundant shard, synthetic diagnostic or local-only file"
exp/egorecover_train_72take_v1/pass1/utility_diagnostic_history.pt,hf_tensor_artifacts_review,9420,"intermediate, redundant shard, synthetic diagnostic or local-only file"
exp/egorecover_train_pilot_v1/bootstrap.json,github_experiment_metadata,785,GitHub lightweight record or source
exp/egorecover_train_pilot_v1/e7_baseline_dev0/a11_clean.pt,hf_tensor_artifacts_review,441319,"intermediate, redundant shard, synthetic diagnostic or local-only file"
exp/egorecover_train_pilot_v1/e7_baseline_dev0/a11_drift_0p03mps.pt,hf_tensor_artifacts_review,441503,"intermediate, redundant shard, synthetic diagnostic or local-only file"
exp/egorecover_train_pilot_v1/e7_baseline_dev0/a11_freeze_3s.pt,hf_tensor_artifacts_review,441379,"intermediate, redundant shard, synthetic diagnostic or local-only file"
exp/egorecover_train_pilot_v1/e7_baseline_dev0/report.json,github_experiment_metadata,57900,GitHub lightweight record or source
exp/egorecover_train_pilot_v1/e7_baseline_dev0/startup.pt,hf_tensor_artifacts_review,28569,"intermediate, redundant shard, synthetic diagnostic or local-only file"
exp/egorecover_train_pilot_v1/e7_baseline_dev1/a11_clean.pt,hf_tensor_artifacts_review,441319,"intermediate, redundant shard, synthetic diagnostic or local-only file"
exp/egorecover_train_pilot_v1/e7_baseline_dev1/a11_drift_0p03mps.pt,hf_tensor_artifacts_review,441503,"intermediate, redundant shard, synthetic diagnostic or local-only file"
exp/egorecover_train_pilot_v1/e7_baseline_dev1/a11_freeze_3s.pt,hf_tensor_artifacts_review,441379,"intermediate, redundant shard, synthetic diagnostic or local-only file"
exp/egorecover_train_pilot_v1/e7_baseline_dev1/report.json,github_experiment_metadata,56939,GitHub lightweight record or source
exp/egorecover_train_pilot_v1/e7_baseline_dev1/startup.pt,hf_tensor_artifacts_review,28569,"intermediate, redundant shard, synthetic diagnostic or local-only file"
exp/egorecover_train_pilot_v1/e7_baseline_holdout0/a11_clean.pt,hf_tensor_artifacts_review,441319,"intermediate, redundant shard, synthetic diagnostic or local-only file"
exp/egorecover_train_pilot_v1/e7_baseline_holdout0/a11_drift_0p03mps.pt,hf_tensor_artifacts_review,441503,"intermediate, redundant shard, synthetic diagnostic or local-only file"
exp/egorecover_train_pilot_v1/e7_baseline_holdout0/a11_freeze_3s.pt,hf_tensor_artifacts_review,441379,"intermediate, redundant shard, synthetic diagnostic or local-only file"
exp/egorecover_train_pilot_v1/e7_baseline_holdout0/report.json,github_experiment_metadata,57732,GitHub lightweight record or source
exp/egorecover_train_pilot_v1/e7_baseline_holdout0/startup.pt,hf_tensor_artifacts_review,28569,"intermediate, redundant shard, synthetic diagnostic or local-only file"
exp/egorecover_train_pilot_v1/e7_baseline_holdout1/a11_clean.pt,hf_tensor_artifacts_review,441319,"intermediate, redundant shard, synthetic diagnostic or local-only file"
exp/egorecover_train_pilot_v1/e7_baseline_holdout1/a11_drift_0p03mps.pt,hf_tensor_artifacts_review,441503,"intermediate, redundant shard, synthetic diagnostic or local-only file"
exp/egorecover_train_pilot_v1/e7_baseline_holdout1/a11_freeze_3s.pt,hf_tensor_artifacts_review,441379,"intermediate, redundant shard, synthetic diagnostic or local-only file"
exp/egorecover_train_pilot_v1/e7_baseline_holdout1/report.json,github_experiment_metadata,56835,GitHub lightweight record or source
exp/egorecover_train_pilot_v1/e7_baseline_holdout1/startup.pt,hf_tensor_artifacts_review,28569,"intermediate, redundant shard, synthetic diagnostic or local-only file"
exp/egorecover_train_pilot_v1/pass1/closed_dev0/gaussian_clean.pt,hf_tensor_artifacts_review,441394,"intermediate, redundant shard, synthetic diagnostic or local-only file"
exp/egorecover_train_pilot_v1/pass1/closed_dev0/gaussian_drift_0p03mps.pt,hf_tensor_artifacts_review,441642,"intermediate, redundant shard, synthetic diagnostic or local-only file"
exp/egorecover_train_pilot_v1/pass1/closed_dev0/gaussian_freeze_3s.pt,hf_tensor_artifacts_review,441518,"intermediate, redundant shard, synthetic diagnostic or local-only file"
exp/egorecover_train_pilot_v1/pass1/closed_dev0/history_clean.pt,hf_tensor_artifacts_review,441379,"intermediate, redundant shard, synthetic diagnostic or local-only file"
exp/egorecover_train_pilot_v1/pass1/closed_dev0/history_drift_0p03mps.pt,hf_tensor_artifacts_review,441563,"intermediate, redundant shard, synthetic diagnostic or local-only file"
exp/egorecover_train_pilot_v1/pass1/closed_dev0/history_freeze_3s.pt,hf_tensor_artifacts_review,441503,"intermediate, redundant shard, synthetic diagnostic or local-only file"
exp/egorecover_train_pilot_v1/pass1/closed_dev0/prior_only_clean.pt,hf_tensor_artifacts_review,441424,"intermediate, redundant shard, synthetic diagnostic or local-only file"
exp/egorecover_train_pilot_v1/pass1/closed_dev0/prior_only_drift_0p03mps.pt,hf_tensor_artifacts_review,441864,"intermediate, redundant shard, synthetic diagnostic or local-only file"
exp/egorecover_train_pilot_v1/pass1/closed_dev0/prior_only_freeze_3s.pt,hf_tensor_artifacts_review,441548,"intermediate, redundant shard, synthetic diagnostic or local-only file"
exp/egorecover_train_pilot_v1/pass1/closed_dev0/report.json,github_experiment_metadata,10271,GitHub lightweight record or source
exp/egorecover_train_pilot_v1/pass1/closed_dev0/smplx.json,github_experiment_metadata,162541,GitHub lightweight record or source
exp/egorecover_train_pilot_v1/pass1/closed_dev1/gaussian_clean.pt,hf_tensor_artifacts_review,441394,"intermediate, redundant shard, synthetic diagnostic or local-only file"
exp/egorecover_train_pilot_v1/pass1/closed_dev1/gaussian_drift_0p03mps.pt,hf_tensor_artifacts_review,441642,"intermediate, redundant shard, synthetic diagnostic or local-only file"
exp/egorecover_train_pilot_v1/pass1/closed_dev1/gaussian_freeze_3s.pt,hf_tensor_artifacts_review,441518,"intermediate, redundant shard, synthetic diagnostic or local-only file"
exp/egorecover_train_pilot_v1/pass1/closed_dev1/history_clean.pt,hf_tensor_artifacts_review,441379,"intermediate, redundant shard, synthetic diagnostic or local-only file"
exp/egorecover_train_pilot_v1/pass1/closed_dev1/history_drift_0p03mps.pt,hf_tensor_artifacts_review,441563,"intermediate, redundant shard, synthetic diagnostic or local-only file"
exp/egorecover_train_pilot_v1/pass1/closed_dev1/history_freeze_3s.pt,hf_tensor_artifacts_review,441503,"intermediate, redundant shard, synthetic diagnostic or local-only file"
exp/egorecover_train_pilot_v1/pass1/closed_dev1/prior_only_clean.pt,hf_tensor_artifacts_review,441424,"intermediate, redundant shard, synthetic diagnostic or local-only file"
exp/egorecover_train_pilot_v1/pass1/closed_dev1/prior_only_drift_0p03mps.pt,hf_tensor_artifacts_review,441864,"intermediate, redundant shard, synthetic diagnostic or local-only file"
exp/egorecover_train_pilot_v1/pass1/closed_dev1/prior_only_freeze_3s.pt,hf_tensor_artifacts_review,441548,"intermediate, redundant shard, synthetic diagnostic or local-only file"
exp/egorecover_train_pilot_v1/pass1/closed_dev1/report.json,github_experiment_metadata,10268,GitHub lightweight record or source
exp/egorecover_train_pilot_v1/pass1/closed_dev1/smplx.json,github_experiment_metadata,160279,GitHub lightweight record or source
exp/egorecover_train_pilot_v1/pass1/closed_holdout0/gaussian_clean.pt,hf_tensor_artifacts_review,441394,"intermediate, redundant shard, synthetic diagnostic or local-only file"
exp/egorecover_train_pilot_v1/pass1/closed_holdout0/gaussian_drift_0p03mps.pt,hf_tensor_artifacts_review,441642,"intermediate, redundant shard, synthetic diagnostic or local-only file"
exp/egorecover_train_pilot_v1/pass1/closed_holdout0/gaussian_freeze_3s.pt,hf_tensor_artifacts_review,441518,"intermediate, redundant shard, synthetic diagnostic or local-only file"
exp/egorecover_train_pilot_v1/pass1/closed_holdout0/history_clean.pt,hf_tensor_artifacts_review,441379,"intermediate, redundant shard, synthetic diagnostic or local-only file"
exp/egorecover_train_pilot_v1/pass1/closed_holdout0/history_drift_0p03mps.pt,hf_tensor_artifacts_review,441563,"intermediate, redundant shard, synthetic diagnostic or local-only file"
exp/egorecover_train_pilot_v1/pass1/closed_holdout0/history_freeze_3s.pt,hf_tensor_artifacts_review,441503,"intermediate, redundant shard, synthetic diagnostic or local-only file"
exp/egorecover_train_pilot_v1/pass1/closed_holdout0/prior_only_clean.pt,hf_tensor_artifacts_review,441424,"intermediate, redundant shard, synthetic diagnostic or local-only file"
exp/egorecover_train_pilot_v1/pass1/closed_holdout0/prior_only_drift_0p03mps.pt,hf_tensor_artifacts_review,441864,"intermediate, redundant shard, synthetic diagnostic or local-only file"
exp/egorecover_train_pilot_v1/pass1/closed_holdout0/prior_only_freeze_3s.pt,hf_tensor_artifacts_review,441548,"intermediate, redundant shard, synthetic diagnostic or local-only file"
exp/egorecover_train_pilot_v1/pass1/closed_holdout0/report.json,github_experiment_metadata,10269,GitHub lightweight record or source
exp/egorecover_train_pilot_v1/pass1/closed_holdout0/smplx.json,github_experiment_metadata,161954,GitHub lightweight record or source
exp/egorecover_train_pilot_v1/pass1/closed_holdout1_retry/gaussian_clean.pt,hf_tensor_artifacts_review,441394,"intermediate, redundant shard, synthetic diagnostic or local-only file"
exp/egorecover_train_pilot_v1/pass1/closed_holdout1_retry/gaussian_drift_0p03mps.pt,hf_tensor_artifacts_review,441642,"intermediate, redundant shard, synthetic diagnostic or local-only file"
exp/egorecover_train_pilot_v1/pass1/closed_holdout1_retry/gaussian_freeze_3s.pt,hf_tensor_artifacts_review,441518,"intermediate, redundant shard, synthetic diagnostic or local-only file"
exp/egorecover_train_pilot_v1/pass1/closed_holdout1_retry/history_clean.pt,hf_tensor_artifacts_review,441379,"intermediate, redundant shard, synthetic diagnostic or local-only file"
exp/egorecover_train_pilot_v1/pass1/closed_holdout1_retry/history_drift_0p03mps.pt,hf_tensor_artifacts_review,441563,"intermediate, redundant shard, synthetic diagnostic or local-only file"
exp/egorecover_train_pilot_v1/pass1/closed_holdout1_retry/history_freeze_3s.pt,hf_tensor_artifacts_review,441503,"intermediate, redundant shard, synthetic diagnostic or local-only file"
exp/egorecover_train_pilot_v1/pass1/closed_holdout1_retry/prior_only_clean.pt,hf_tensor_artifacts_review,441424,"intermediate, redundant shard, synthetic diagnostic or local-only file"
exp/egorecover_train_pilot_v1/pass1/closed_holdout1_retry/prior_only_drift_0p03mps.pt,hf_tensor_artifacts_review,441864,"intermediate, redundant shard, synthetic diagnostic or local-only file"
exp/egorecover_train_pilot_v1/pass1/closed_holdout1_retry/prior_only_freeze_3s.pt,hf_tensor_artifacts_review,441548,"intermediate, redundant shard, synthetic diagnostic or local-only file"
exp/egorecover_train_pilot_v1/pass1/closed_holdout1_retry/report.json,github_experiment_metadata,10273,GitHub lightweight record or source
exp/egorecover_train_pilot_v1/pass1/closed_holdout1_retry/smplx.json,github_experiment_metadata,161059,GitHub lightweight record or source
exp/egorecover_train_pilot_v1/pass1/dev_summary.json,github_experiment_metadata,10322,GitHub lightweight record or source
exp/egorecover_train_pilot_v1/pass1/holdout_summary.json,github_experiment_metadata,10190,GitHub lightweight record or source
exp/egorecover_train_pilot_v1/pass1/report.json,github_experiment_metadata,15725,GitHub lightweight record or source
exp/egorecover_train_pilot_v1/pass1/utility_diagnostic_gaussian.pt,hf_tensor_artifacts_review,7637,"intermediate, redundant shard, synthetic diagnostic or local-only file"
exp/egorecover_train_pilot_v1/pass1/utility_diagnostic_history.pt,hf_tensor_artifacts_review,7628,"intermediate, redundant shard, synthetic diagnostic or local-only file"
exp/egorecover_train_pilot_v1/pass2_replay/closed_dev0/gaussian_clean.pt,hf_tensor_artifacts_review,441394,"intermediate, redundant shard, synthetic diagnostic or local-only file"
exp/egorecover_train_pilot_v1/pass2_replay/closed_dev0/gaussian_drift_0p03mps.pt,hf_tensor_artifacts_review,441642,"intermediate, redundant shard, synthetic diagnostic or local-only file"
exp/egorecover_train_pilot_v1/pass2_replay/closed_dev0/gaussian_freeze_3s.pt,hf_tensor_artifacts_review,441518,"intermediate, redundant shard, synthetic diagnostic or local-only file"
exp/egorecover_train_pilot_v1/pass2_replay/closed_dev0/history_clean.pt,hf_tensor_artifacts_review,441379,"intermediate, redundant shard, synthetic diagnostic or local-only file"
exp/egorecover_train_pilot_v1/pass2_replay/closed_dev0/history_drift_0p03mps.pt,hf_tensor_artifacts_review,441563,"intermediate, redundant shard, synthetic diagnostic or local-only file"
exp/egorecover_train_pilot_v1/pass2_replay/closed_dev0/history_freeze_3s.pt,hf_tensor_artifacts_review,441503,"intermediate, redundant shard, synthetic diagnostic or local-only file"
exp/egorecover_train_pilot_v1/pass2_replay/closed_dev0/prior_only_clean.pt,hf_tensor_artifacts_review,441424,"intermediate, redundant shard, synthetic diagnostic or local-only file"
exp/egorecover_train_pilot_v1/pass2_replay/closed_dev0/prior_only_drift_0p03mps.pt,hf_tensor_artifacts_review,441864,"intermediate, redundant shard, synthetic diagnostic or local-only file"
exp/egorecover_train_pilot_v1/pass2_replay/closed_dev0/prior_only_freeze_3s.pt,hf_tensor_artifacts_review,441548,"intermediate, redundant shard, synthetic diagnostic or local-only file"
exp/egorecover_train_pilot_v1/pass2_replay/closed_dev0/report.json,github_experiment_metadata,10272,GitHub lightweight record or source
exp/egorecover_train_pilot_v1/pass2_replay/closed_dev0/smplx.json,github_experiment_metadata,162359,GitHub lightweight record or source
exp/egorecover_train_pilot_v1/pass2_replay/closed_dev1/gaussian_clean.pt,hf_tensor_artifacts_review,441394,"intermediate, redundant shard, synthetic diagnostic or local-only file"
exp/egorecover_train_pilot_v1/pass2_replay/closed_dev1/gaussian_drift_0p03mps.pt,hf_tensor_artifacts_review,441642,"intermediate, redundant shard, synthetic diagnostic or local-only file"
exp/egorecover_train_pilot_v1/pass2_replay/closed_dev1/gaussian_freeze_3s.pt,hf_tensor_artifacts_review,441518,"intermediate, redundant shard, synthetic diagnostic or local-only file"
exp/egorecover_train_pilot_v1/pass2_replay/closed_dev1/history_clean.pt,hf_tensor_artifacts_review,441379,"intermediate, redundant shard, synthetic diagnostic or local-only file"
exp/egorecover_train_pilot_v1/pass2_replay/closed_dev1/history_drift_0p03mps.pt,hf_tensor_artifacts_review,441563,"intermediate, redundant shard, synthetic diagnostic or local-only file"
exp/egorecover_train_pilot_v1/pass2_replay/closed_dev1/history_freeze_3s.pt,hf_tensor_artifacts_review,441503,"intermediate, redundant shard, synthetic diagnostic or local-only file"
exp/egorecover_train_pilot_v1/pass2_replay/closed_dev1/prior_only_clean.pt,hf_tensor_artifacts_review,441424,"intermediate, redundant shard, synthetic diagnostic or local-only file"
exp/egorecover_train_pilot_v1/pass2_replay/closed_dev1/prior_only_drift_0p03mps.pt,hf_tensor_artifacts_review,441864,"intermediate, redundant shard, synthetic diagnostic or local-only file"
exp/egorecover_train_pilot_v1/pass2_replay/closed_dev1/prior_only_freeze_3s.pt,hf_tensor_artifacts_review,441548,"intermediate, redundant shard, synthetic diagnostic or local-only file"
exp/egorecover_train_pilot_v1/pass2_replay/closed_dev1/report.json,github_experiment_metadata,10224,GitHub lightweight record or source
exp/egorecover_train_pilot_v1/pass2_replay/closed_dev1/smplx.json,github_experiment_metadata,159821,GitHub lightweight record or source
exp/egorecover_train_pilot_v1/pass2_replay/closed_holdout0/gaussian_clean.pt,hf_tensor_artifacts_review,441394,"intermediate, redundant shard, synthetic diagnostic or local-only file"
exp/egorecover_train_pilot_v1/pass2_replay/closed_holdout0/gaussian_drift_0p03mps.pt,hf_tensor_artifacts_review,441642,"intermediate, redundant shard, synthetic diagnostic or local-only file"
exp/egorecover_train_pilot_v1/pass2_replay/closed_holdout0/gaussian_freeze_3s.pt,hf_tensor_artifacts_review,441518,"intermediate, redundant shard, synthetic diagnostic or local-only file"
exp/egorecover_train_pilot_v1/pass2_replay/closed_holdout0/history_clean.pt,hf_tensor_artifacts_review,441379,"intermediate, redundant shard, synthetic diagnostic or local-only file"
exp/egorecover_train_pilot_v1/pass2_replay/closed_holdout0/history_drift_0p03mps.pt,hf_tensor_artifacts_review,441563,"intermediate, redundant shard, synthetic diagnostic or local-only file"
exp/egorecover_train_pilot_v1/pass2_replay/closed_holdout0/history_freeze_3s.pt,hf_tensor_artifacts_review,441503,"intermediate, redundant shard, synthetic diagnostic or local-only file"
exp/egorecover_train_pilot_v1/pass2_replay/closed_holdout0/prior_only_clean.pt,hf_tensor_artifacts_review,441424,"intermediate, redundant shard, synthetic diagnostic or local-only file"
exp/egorecover_train_pilot_v1/pass2_replay/closed_holdout0/prior_only_drift_0p03mps.pt,hf_tensor_artifacts_review,441864,"intermediate, redundant shard, synthetic diagnostic or local-only file"
exp/egorecover_train_pilot_v1/pass2_replay/closed_holdout0/prior_only_freeze_3s.pt,hf_tensor_artifacts_review,441548,"intermediate, redundant shard, synthetic diagnostic or local-only file"
exp/egorecover_train_pilot_v1/pass2_replay/closed_holdout0/report.json,github_experiment_metadata,10247,GitHub lightweight record or source
exp/egorecover_train_pilot_v1/pass2_replay/closed_holdout0/smplx.json,github_experiment_metadata,161953,GitHub lightweight record or source
exp/egorecover_train_pilot_v1/pass2_replay/closed_holdout1/gaussian_clean.pt,hf_tensor_artifacts_review,441394,"intermediate, redundant shard, synthetic diagnostic or local-only file"
exp/egorecover_train_pilot_v1/pass2_replay/closed_holdout1/gaussian_drift_0p03mps.pt,hf_tensor_artifacts_review,441642,"intermediate, redundant shard, synthetic diagnostic or local-only file"
exp/egorecover_train_pilot_v1/pass2_replay/closed_holdout1/gaussian_freeze_3s.pt,hf_tensor_artifacts_review,441518,"intermediate, redundant shard, synthetic diagnostic or local-only file"
exp/egorecover_train_pilot_v1/pass2_replay/closed_holdout1/history_clean.pt,hf_tensor_artifacts_review,441379,"intermediate, redundant shard, synthetic diagnostic or local-only file"
exp/egorecover_train_pilot_v1/pass2_replay/closed_holdout1/history_drift_0p03mps.pt,hf_tensor_artifacts_review,441563,"intermediate, redundant shard, synthetic diagnostic or local-only file"
exp/egorecover_train_pilot_v1/pass2_replay/closed_holdout1/history_freeze_3s.pt,hf_tensor_artifacts_review,441503,"intermediate, redundant shard, synthetic diagnostic or local-only file"
exp/egorecover_train_pilot_v1/pass2_replay/closed_holdout1/prior_only_clean.pt,hf_tensor_artifacts_review,441424,"intermediate, redundant shard, synthetic diagnostic or local-only file"
exp/egorecover_train_pilot_v1/pass2_replay/closed_holdout1/prior_only_drift_0p03mps.pt,hf_tensor_artifacts_review,441864,"intermediate, redundant shard, synthetic diagnostic or local-only file"
exp/egorecover_train_pilot_v1/pass2_replay/closed_holdout1/prior_only_freeze_3s.pt,hf_tensor_artifacts_review,441548,"intermediate, redundant shard, synthetic diagnostic or local-only file"
exp/egorecover_train_pilot_v1/pass2_replay/closed_holdout1/report.json,github_experiment_metadata,10273,GitHub lightweight record or source
exp/egorecover_train_pilot_v1/pass2_replay/closed_holdout1/smplx.json,github_experiment_metadata,161551,GitHub lightweight record or source
exp/egorecover_train_pilot_v1/pass2_replay/dev_summary.json,github_experiment_metadata,10278,GitHub lightweight record or source
exp/egorecover_train_pilot_v1/pass2_replay/holdout_summary.json,github_experiment_metadata,10195,GitHub lightweight record or source
exp/egorecover_train_pilot_v1/pass2_replay/report.json,github_experiment_metadata,18189,GitHub lightweight record or source
exp/egorecover_train_pilot_v1/pass2_replay/utility_diagnostic_gaussian.pt,hf_tensor_artifacts_review,7637,"intermediate, redundant shard, synthetic diagnostic or local-only file"
exp/egorecover_train_pilot_v1/pass2_replay/utility_diagnostic_history.pt,hf_tensor_artifacts_review,7628,"intermediate, redundant shard, synthetic diagnostic or local-only file"
exp/github_publication.json,github_experiment_metadata,404,GitHub lightweight record or source
model/__init__.py,github_source,0,GitHub lightweight record or source
model/__pycache__/__init__.cpython-310.pyc,local_ephemeral,110,"intermediate, redundant shard, synthetic diagnostic or local-only file"
model/__pycache__/__init__.cpython-311.pyc,local_ephemeral,161,"intermediate, redundant shard, synthetic diagnostic or local-only file"
model/__pycache__/core.cpython-310.pyc,local_ephemeral,2093,"intermediate, redundant shard, synthetic diagnostic or local-only file"
model/__pycache__/core.cpython-311.pyc,local_ephemeral,4073,"intermediate, redundant shard, synthetic diagnostic or local-only file"
model/__pycache__/history_uniegomotion.cpython-310.pyc,local_ephemeral,3879,"intermediate, redundant shard, synthetic diagnostic or local-only file"
model/__pycache__/history_uniegomotion.cpython-311.pyc,local_ephemeral,8700,"intermediate, redundant shard, synthetic diagnostic or local-only file"
model/__pycache__/observation_reference_g.cpython-310.pyc,local_ephemeral,2551,"intermediate, redundant shard, synthetic diagnostic or local-only file"
model/__pycache__/observation_reference_g.cpython-311.pyc,local_ephemeral,7652,"intermediate, redundant shard, synthetic diagnostic or local-only file"
model/__pycache__/tmr_eval_model.cpython-310.pyc,local_ephemeral,997,"intermediate, redundant shard, synthetic diagnostic or local-only file"
model/__pycache__/uniegomotion.cpython-310.pyc,local_ephemeral,6886,"intermediate, redundant shard, synthetic diagnostic or local-only file"
model/__pycache__/uniegomotion.cpython-311.pyc,local_ephemeral,14451,"intermediate, redundant shard, synthetic diagnostic or local-only file"
model/core.py,github_source,1625,GitHub lightweight record or source
model/history_uniegomotion.py,github_source,5454,GitHub lightweight record or source
model/observation_reference_g.py,github_source,4106,GitHub lightweight record or source
model/tmr_eval_model.py,github_source,1263,GitHub lightweight record or source
model/uniegomotion.py,github_source,8289,GitHub lightweight record or source
module/__init__.py,github_source,0,GitHub lightweight record or source
module/__pycache__/__init__.cpython-310.pyc,local_ephemeral,111,"intermediate, redundant shard, synthetic diagnostic or local-only file"
module/__pycache__/__init__.cpython-311.pyc,local_ephemeral,162,"intermediate, redundant shard, synthetic diagnostic or local-only file"
module/__pycache__/ema.cpython-310.pyc,local_ephemeral,13252,"intermediate, redundant shard, synthetic diagnostic or local-only file"
module/__pycache__/ema.cpython-311.pyc,local_ephemeral,21959,"intermediate, redundant shard, synthetic diagnostic or local-only file"
module/__pycache__/uem_module.cpython-310.pyc,local_ephemeral,4536,"intermediate, redundant shard, synthetic diagnostic or local-only file"
module/__pycache__/uem_module.cpython-311.pyc,local_ephemeral,8065,"intermediate, redundant shard, synthetic diagnostic or local-only file"
module/__pycache__/utils.cpython-310.pyc,local_ephemeral,365,"intermediate, redundant shard, synthetic diagnostic or local-only file"
module/__pycache__/utils.cpython-311.pyc,local_ephemeral,612,"intermediate, redundant shard, synthetic diagnostic or local-only file"
module/ema.py,github_source,14715,GitHub lightweight record or source
module/uem_module.py,github_source,4675,GitHub lightweight record or source
module/utils.py,github_source,241,GitHub lightweight record or source
mydiffusion/__init__.py,github_source,74,GitHub lightweight record or source
mydiffusion/__pycache__/__init__.cpython-310.pyc,local_ephemeral,195,"intermediate, redundant shard, synthetic diagnostic or local-only file"
mydiffusion/__pycache__/__init__.cpython-311.pyc,local_ephemeral,256,"intermediate, redundant shard, synthetic diagnostic or local-only file"
mydiffusion/__pycache__/flow_matching.cpython-310.pyc,local_ephemeral,8941,"intermediate, redundant shard, synthetic diagnostic or local-only file"
mydiffusion/__pycache__/flow_matching.cpython-311.pyc,local_ephemeral,17499,"intermediate, redundant shard, synthetic diagnostic or local-only file"
mydiffusion/flow_matching.py,github_source,11660,GitHub lightweight record or source
pyproject.toml,github_source,80,GitHub lightweight record or source
requirements-dev.txt,github_source,13,GitHub lightweight record or source
requirements-vis.txt,github_source,52,GitHub lightweight record or source
requirements.txt,github_source,194,GitHub lightweight record or source
run/__pycache__/adapt_prior_on_predictions.cpython-311.pyc,local_ephemeral,28874,"intermediate, redundant shard, synthetic diagnostic or local-only file"
run/__pycache__/cache_e7_bootstraps.cpython-311.pyc,local_ephemeral,8209,"intermediate, redundant shard, synthetic diagnostic or local-only file"
run/__pycache__/check_closed_loop.cpython-310.pyc,local_ephemeral,6609,"intermediate, redundant shard, synthetic diagnostic or local-only file"
run/__pycache__/check_closed_loop.cpython-311.pyc,local_ephemeral,18924,"intermediate, redundant shard, synthetic diagnostic or local-only file"
run/__pycache__/check_frozen_e7_smoke.cpython-311.pyc,local_ephemeral,16696,"intermediate, redundant shard, synthetic diagnostic or local-only file"
run/__pycache__/check_mismatch_adapter.cpython-310.pyc,local_ephemeral,2343,"intermediate, redundant shard, synthetic diagnostic or local-only file"
run/__pycache__/check_mismatch_adapter.cpython-311.pyc,local_ephemeral,4697,"intermediate, redundant shard, synthetic diagnostic or local-only file"
run/__pycache__/collect_predicted_histories.cpython-310.pyc,local_ephemeral,8805,"intermediate, redundant shard, synthetic diagnostic or local-only file"
run/__pycache__/collect_predicted_histories.cpython-311.pyc,local_ephemeral,24894,"intermediate, redundant shard, synthetic diagnostic or local-only file"
run/__pycache__/compare_closed_loop_baselines.cpython-310.pyc,local_ephemeral,2330,"intermediate, redundant shard, synthetic diagnostic or local-only file"
run/__pycache__/compare_closed_loop_baselines.cpython-311.pyc,local_ephemeral,4504,"intermediate, redundant shard, synthetic diagnostic or local-only file"
run/__pycache__/compare_engineering_baselines.cpython-310.pyc,local_ephemeral,2841,"intermediate, redundant shard, synthetic diagnostic or local-only file"
run/__pycache__/compare_engineering_baselines.cpython-311.pyc,local_ephemeral,5800,"intermediate, redundant shard, synthetic diagnostic or local-only file"
run/__pycache__/complete_stages.cpython-310.pyc,local_ephemeral,28750,"intermediate, redundant shard, synthetic diagnostic or local-only file"
run/__pycache__/complete_stages.cpython-311.pyc,local_ephemeral,56593,"intermediate, redundant shard, synthetic diagnostic or local-only file"
run/__pycache__/diagnose_engineering.cpython-310.pyc,local_ephemeral,12210,"intermediate, redundant shard, synthetic diagnostic or local-only file"
run/__pycache__/diagnose_engineering.cpython-311.pyc,local_ephemeral,25074,"intermediate, redundant shard, synthetic diagnostic or local-only file"
run/__pycache__/diagnose_fk_dense.cpython-311.pyc,local_ephemeral,16972,"intermediate, redundant shard, synthetic diagnostic or local-only file"
run/__pycache__/diagnose_four_actions.cpython-311.pyc,local_ephemeral,27851,"intermediate, redundant shard, synthetic diagnostic or local-only file"
run/__pycache__/diagnose_g_observation_length.cpython-311.pyc,local_ephemeral,12808,"intermediate, redundant shard, synthetic diagnostic or local-only file"
run/__pycache__/e7_ablation.cpython-310.pyc,local_ephemeral,19930,"intermediate, redundant shard, synthetic diagnostic or local-only file"
run/__pycache__/e7_ablation.cpython-311.pyc,local_ephemeral,41332,"intermediate, redundant shard, synthetic diagnostic or local-only file"
run/__pycache__/e7_ablation_queue.cpython-311.pyc,local_ephemeral,8204,"intermediate, redundant shard, synthetic diagnostic or local-only file"
run/__pycache__/engineering_pilot.cpython-310.pyc,local_ephemeral,11265,"intermediate, redundant shard, synthetic diagnostic or local-only file"
run/__pycache__/engineering_pilot.cpython-311.pyc,local_ephemeral,45860,"intermediate, redundant shard, synthetic diagnostic or local-only file"
run/__pycache__/evaluate_closed_loop_smplx.cpython-310.pyc,local_ephemeral,6549,"intermediate, redundant shard, synthetic diagnostic or local-only file"
run/__pycache__/evaluate_closed_loop_smplx.cpython-311.pyc,local_ephemeral,13579,"intermediate, redundant shard, synthetic diagnostic or local-only file"
run/__pycache__/evaluate_paired_development.cpython-311.pyc,local_ephemeral,24630,"intermediate, redundant shard, synthetic diagnostic or local-only file"
run/__pycache__/evaluate_prior_real_history.cpython-311.pyc,local_ephemeral,30735,"intermediate, redundant shard, synthetic diagnostic or local-only file"
run/__pycache__/finalize_train_pilot.cpython-311.pyc,local_ephemeral,8690,"intermediate, redundant shard, synthetic diagnostic or local-only file"
run/__pycache__/g_pretraining_data.cpython-311.pyc,local_ephemeral,27452,"intermediate, redundant shard, synthetic diagnostic or local-only file"
run/__pycache__/g_pretraining_experiment.cpython-310.pyc,local_ephemeral,13382,"intermediate, redundant shard, synthetic diagnostic or local-only file"
run/__pycache__/g_pretraining_experiment.cpython-311.pyc,local_ephemeral,26731,"intermediate, redundant shard, synthetic diagnostic or local-only file"
run/__pycache__/g_pretraining_minimal_eval.cpython-310.pyc,local_ephemeral,10048,"intermediate, redundant shard, synthetic diagnostic or local-only file"
run/__pycache__/g_pretraining_minimal_eval.cpython-311.pyc,local_ephemeral,18851,"intermediate, redundant shard, synthetic diagnostic or local-only file"
run/__pycache__/loss_ablation.cpython-311.pyc,local_ephemeral,15681,"intermediate, redundant shard, synthetic diagnostic or local-only file"
run/__pycache__/merge_predicted_histories.cpython-311.pyc,local_ephemeral,9542,"intermediate, redundant shard, synthetic diagnostic or local-only file"
run/__pycache__/observation_reference_experiment.cpython-310.pyc,local_ephemeral,11481,"intermediate, redundant shard, synthetic diagnostic or local-only file"
run/__pycache__/observation_reference_experiment.cpython-311.pyc,local_ephemeral,22338,"intermediate, redundant shard, synthetic diagnostic or local-only file"
run/__pycache__/prepare_prior_expanded.cpython-311.pyc,local_ephemeral,22937,"intermediate, redundant shard, synthetic diagnostic or local-only file"
run/__pycache__/prepare_prior_real_history.cpython-311.pyc,local_ephemeral,7131,"intermediate, redundant shard, synthetic diagnostic or local-only file"
run/__pycache__/prepare_prior_sequences.cpython-311.pyc,local_ephemeral,8595,"intermediate, redundant shard, synthetic diagnostic or local-only file"
run/__pycache__/prior_cv_residual_experiment.cpython-311.pyc,local_ephemeral,25678,"intermediate, redundant shard, synthetic diagnostic or local-only file"
run/__pycache__/prior_expanded_experiment.cpython-311.pyc,local_ephemeral,15957,"intermediate, redundant shard, synthetic diagnostic or local-only file"
run/__pycache__/prior_real_history_experiment.cpython-311.pyc,local_ephemeral,29331,"intermediate, redundant shard, synthetic diagnostic or local-only file"
run/__pycache__/prior_same_shape_experiment.cpython-311.pyc,local_ephemeral,23845,"intermediate, redundant shard, synthetic diagnostic or local-only file"
run/__pycache__/prior_two_forward_experiment.cpython-310.pyc,local_ephemeral,14117,"intermediate, redundant shard, synthetic diagnostic or local-only file"
run/__pycache__/prior_two_forward_experiment.cpython-311.pyc,local_ephemeral,27300,"intermediate, redundant shard, synthetic diagnostic or local-only file"
run/__pycache__/prior_velocity_experiment.cpython-311.pyc,local_ephemeral,22851,"intermediate, redundant shard, synthetic diagnostic or local-only file"
run/__pycache__/report_diagnosis.cpython-310.pyc,local_ephemeral,6961,"intermediate, redundant shard, synthetic diagnostic or local-only file"
run/__pycache__/report_diagnosis.cpython-311.pyc,local_ephemeral,12615,"intermediate, redundant shard, synthetic diagnostic or local-only file"
run/__pycache__/report_engineering.cpython-310.pyc,local_ephemeral,6230,"intermediate, redundant shard, synthetic diagnostic or local-only file"
run/__pycache__/report_engineering.cpython-311.pyc,local_ephemeral,11880,"intermediate, redundant shard, synthetic diagnostic or local-only file"
run/__pycache__/report_repairs.cpython-310.pyc,local_ephemeral,8239,"intermediate, redundant shard, synthetic diagnostic or local-only file"
run/__pycache__/report_repairs.cpython-311.pyc,local_ephemeral,15516,"intermediate, redundant shard, synthetic diagnostic or local-only file"
run/__pycache__/sample_e7.cpython-310.pyc,local_ephemeral,3065,"intermediate, redundant shard, synthetic diagnostic or local-only file"
run/__pycache__/sample_e7.cpython-311.pyc,local_ephemeral,6121,"intermediate, redundant shard, synthetic diagnostic or local-only file"
run/__pycache__/select_budget.cpython-311.pyc,local_ephemeral,5641,"intermediate, redundant shard, synthetic diagnostic or local-only file"
run/__pycache__/smoke_egorecover.cpython-310.pyc,local_ephemeral,4011,"intermediate, redundant shard, synthetic diagnostic or local-only file"
run/__pycache__/smoke_egorecover.cpython-311.pyc,local_ephemeral,8170,"intermediate, redundant shard, synthetic diagnostic or local-only file"
run/__pycache__/stage_job.cpython-311.pyc,local_ephemeral,3045,"intermediate, redundant shard, synthetic diagnostic or local-only file"
run/__pycache__/summarize_closed_loop_pilot.cpython-311.pyc,local_ephemeral,8294,"intermediate, redundant shard, synthetic diagnostic or local-only file"
run/__pycache__/summarize_paired_development.cpython-310.pyc,local_ephemeral,6310,"intermediate, redundant shard, synthetic diagnostic or local-only file"
run/__pycache__/summarize_paired_development.cpython-311.pyc,local_ephemeral,12242,"intermediate, redundant shard, synthetic diagnostic or local-only file"
run/__pycache__/train_g_pretraining.cpython-311.pyc,local_ephemeral,51081,"intermediate, redundant shard, synthetic diagnostic or local-only file"
run/__pycache__/train_observation_reference.cpython-310.pyc,local_ephemeral,15814,"intermediate, redundant shard, synthetic diagnostic or local-only file"
run/__pycache__/train_observation_reference.cpython-311.pyc,local_ephemeral,37509,"intermediate, redundant shard, synthetic diagnostic or local-only file"
run/__pycache__/train_prior_cv_residual.cpython-311.pyc,local_ephemeral,20225,"intermediate, redundant shard, synthetic diagnostic or local-only file"
run/__pycache__/train_prior_expanded.cpython-311.pyc,local_ephemeral,20304,"intermediate, redundant shard, synthetic diagnostic or local-only file"
run/__pycache__/train_prior_same_shape.cpython-311.pyc,local_ephemeral,20668,"intermediate, redundant shard, synthetic diagnostic or local-only file"
run/__pycache__/train_prior_two_forward.cpython-311.pyc,local_ephemeral,19575,"intermediate, redundant shard, synthetic diagnostic or local-only file"
run/__pycache__/train_prior_velocity.cpython-311.pyc,local_ephemeral,21091,"intermediate, redundant shard, synthetic diagnostic or local-only file"
run/__pycache__/train_uem.cpython-310.pyc,local_ephemeral,2980,"intermediate, redundant shard, synthetic diagnostic or local-only file"
run/__pycache__/train_uem.cpython-311.pyc,local_ephemeral,5229,"intermediate, redundant shard, synthetic diagnostic or local-only file"
run/__pycache__/vis_uem.cpython-310.pyc,local_ephemeral,3742,"intermediate, redundant shard, synthetic diagnostic or local-only file"
run/__pycache__/vis_uem.cpython-311.pyc,local_ephemeral,6810,"intermediate, redundant shard, synthetic diagnostic or local-only file"
run/adapt_prior_on_predictions.py,github_source,16390,GitHub lightweight record or source
run/cache_e7_bootstraps.py,github_source,4568,GitHub lightweight record or source
run/check_closed_loop.py,github_source,13509,GitHub lightweight record or source
run/check_frozen_e7_smoke.py,github_source,9557,GitHub lightweight record or source
run/check_mismatch_adapter.py,github_source,2693,GitHub lightweight record or source
run/collect_predicted_histories.py,github_source,14681,GitHub lightweight record or source
run/compare_closed_loop_baselines.py,github_source,2411,GitHub lightweight record or source
run/compare_engineering_baselines.py,github_source,3173,GitHub lightweight record or source
run/complete_stages.py,github_source,30770,GitHub lightweight record or source
run/diagnose_engineering.py,github_source,13526,GitHub lightweight record or source
run/diagnose_fk_dense.py,github_source,8797,GitHub lightweight record or source
run/diagnose_four_actions.py,github_source,13478,GitHub lightweight record or source
run/diagnose_g_observation_length.py,github_source,6112,GitHub lightweight record or source
run/e7_ablation.py,github_source,21377,GitHub lightweight record or source
run/e7_ablation_queue.py,github_source,3580,GitHub lightweight record or source
run/engineering_pilot.py,github_source,34639,GitHub lightweight record or source
run/evaluate_closed_loop_smplx.py,github_source,8798,GitHub lightweight record or source
run/evaluate_paired_development.py,github_source,15063,GitHub lightweight record or source
run/evaluate_prior_real_history.py,github_source,12293,GitHub lightweight record or source
run/finalize_train_pilot.py,github_source,4902,GitHub lightweight record or source
run/g_pretraining_data.py,github_source,14035,GitHub lightweight record or source
run/g_pretraining_experiment.py,github_source,12531,GitHub lightweight record or source
run/g_pretraining_minimal_eval.py,github_source,10460,GitHub lightweight record or source
run/loss_ablation.py,github_source,8471,GitHub lightweight record or source
run/merge_predicted_histories.py,github_source,4100,GitHub lightweight record or source
run/observation_reference_experiment.py,github_source,11746,GitHub lightweight record or source
run/prepare_prior_expanded.py,github_source,11916,GitHub lightweight record or source
run/prepare_prior_real_history.py,github_source,3766,GitHub lightweight record or source
run/prepare_prior_sequences.py,github_source,4477,GitHub lightweight record or source
run/prior_cv_residual_experiment.py,github_source,12047,GitHub lightweight record or source
run/prior_expanded_experiment.py,github_source,6696,GitHub lightweight record or source
run/prior_real_history_experiment.py,github_source,11505,GitHub lightweight record or source
run/prior_same_shape_experiment.py,github_source,10937,GitHub lightweight record or source
run/prior_two_forward_experiment.py,github_source,13417,GitHub lightweight record or source
run/prior_velocity_experiment.py,github_source,10658,GitHub lightweight record or source
run/report_diagnosis.py,github_source,6647,GitHub lightweight record or source
run/report_engineering.py,github_source,6043,GitHub lightweight record or source
run/report_repairs.py,github_source,8122,GitHub lightweight record or source
run/sample_e7.py,github_source,3362,GitHub lightweight record or source
run/select_budget.py,github_source,2781,GitHub lightweight record or source
run/smoke_egorecover.py,github_source,4207,GitHub lightweight record or source
run/stage_job.py,github_source,1669,GitHub lightweight record or source
run/summarize_closed_loop_pilot.py,github_source,3728,GitHub lightweight record or source
run/summarize_paired_development.py,github_source,5056,GitHub lightweight record or source
run/train_g_pretraining.py,github_source,22592,GitHub lightweight record or source
run/train_observation_reference.py,github_source,16245,GitHub lightweight record or source
run/train_prior_cv_residual.py,github_source,12376,GitHub lightweight record or source
run/train_prior_expanded.py,github_source,12553,GitHub lightweight record or source
run/train_prior_same_shape.py,github_source,12734,GitHub lightweight record or source
run/train_prior_two_forward.py,github_source,11958,GitHub lightweight record or source
run/train_prior_velocity.py,github_source,12880,GitHub lightweight record or source
run/train_uem.py,github_source,4165,GitHub lightweight record or source
run/vis_uem.py,github_source,4850,GitHub lightweight record or source
tests/__pycache__/test_bootstrap_shapes.cpython-311-pytest-9.1.1.pyc,local_ephemeral,4354,"intermediate, redundant shard, synthetic diagnostic or local-only file"
tests/__pycache__/test_bootstrap_shapes.cpython-311.pyc,local_ephemeral,3002,"intermediate, redundant shard, synthetic diagnostic or local-only file"
tests/__pycache__/test_budget_selection.cpython-311-pytest-9.1.1.pyc,local_ephemeral,3951,"intermediate, redundant shard, synthetic diagnostic or local-only file"
tests/__pycache__/test_budget_selection.cpython-311.pyc,local_ephemeral,2401,"intermediate, redundant shard, synthetic diagnostic or local-only file"
tests/__pycache__/test_causal_rollout.cpython-310.pyc,local_ephemeral,4220,"intermediate, redundant shard, synthetic diagnostic or local-only file"
tests/__pycache__/test_causal_rollout.cpython-311-pytest-9.1.1.pyc,local_ephemeral,18891,"intermediate, redundant shard, synthetic diagnostic or local-only file"
tests/__pycache__/test_causal_rollout.cpython-311.pyc,local_ephemeral,9224,"intermediate, redundant shard, synthetic diagnostic or local-only file"
tests/__pycache__/test_data_selection.cpython-311-pytest-9.1.1.pyc,local_ephemeral,11568,"intermediate, redundant shard, synthetic diagnostic or local-only file"
tests/__pycache__/test_data_selection.cpython-311.pyc,local_ephemeral,3406,"intermediate, redundant shard, synthetic diagnostic or local-only file"
tests/__pycache__/test_e7_ablation.cpython-311-pytest-9.1.1.pyc,local_ephemeral,32795,"intermediate, redundant shard, synthetic diagnostic or local-only file"
tests/__pycache__/test_e7_config.cpython-310.pyc,local_ephemeral,1013,"intermediate, redundant shard, synthetic diagnostic or local-only file"
tests/__pycache__/test_e7_config.cpython-311-pytest-9.1.1.pyc,local_ephemeral,5848,"intermediate, redundant shard, synthetic diagnostic or local-only file"
tests/__pycache__/test_e7_config.cpython-311.pyc,local_ephemeral,1839,"intermediate, redundant shard, synthetic diagnostic or local-only file"
tests/__pycache__/test_e7_module.cpython-310.pyc,local_ephemeral,2535,"intermediate, redundant shard, synthetic diagnostic or local-only file"
tests/__pycache__/test_e7_module.cpython-311-pytest-9.1.1.pyc,local_ephemeral,11501,"intermediate, redundant shard, synthetic diagnostic or local-only file"
tests/__pycache__/test_e7_module.cpython-311.pyc,local_ephemeral,4870,"intermediate, redundant shard, synthetic diagnostic or local-only file"
tests/__pycache__/test_evaluation_protocol.cpython-311-pytest-9.1.1.pyc,local_ephemeral,16745,"intermediate, redundant shard, synthetic diagnostic or local-only file"
tests/__pycache__/test_evaluation_protocol.cpython-311.pyc,local_ephemeral,5825,"intermediate, redundant shard, synthetic diagnostic or local-only file"
tests/__pycache__/test_evaluation_resume.cpython-311-pytest-9.1.1.pyc,local_ephemeral,8912,"intermediate, redundant shard, synthetic diagnostic or local-only file"
tests/__pycache__/test_evaluation_resume.cpython-311.pyc,local_ephemeral,5870,"intermediate, redundant shard, synthetic diagnostic or local-only file"
tests/__pycache__/test_fixed_shape_fk.cpython-310.pyc,local_ephemeral,2531,"intermediate, redundant shard, synthetic diagnostic or local-only file"
tests/__pycache__/test_fixed_shape_fk.cpython-311-pytest-9.1.1.pyc,local_ephemeral,21400,"intermediate, redundant shard, synthetic diagnostic or local-only file"
tests/__pycache__/test_fixed_shape_fk.cpython-311.pyc,local_ephemeral,11623,"intermediate, redundant shard, synthetic diagnostic or local-only file"
tests/__pycache__/test_four_action_sampling.cpython-311-pytest-9.1.1.pyc,local_ephemeral,12236,"intermediate, redundant shard, synthetic diagnostic or local-only file"
tests/__pycache__/test_four_action_sampling.cpython-311.pyc,local_ephemeral,4478,"intermediate, redundant shard, synthetic diagnostic or local-only file"
tests/__pycache__/test_g_pretraining.cpython-311-pytest-9.1.1.pyc,local_ephemeral,26661,"intermediate, redundant shard, synthetic diagnostic or local-only file"
tests/__pycache__/test_history_codec.cpython-310.pyc,local_ephemeral,5789,"intermediate, redundant shard, synthetic diagnostic or local-only file"
tests/__pycache__/test_history_codec.cpython-311-pytest-9.1.1.pyc,local_ephemeral,20660,"intermediate, redundant shard, synthetic diagnostic or local-only file"
tests/__pycache__/test_history_codec.cpython-311.pyc,local_ephemeral,12342,"intermediate, redundant shard, synthetic diagnostic or local-only file"
tests/__pycache__/test_history_interfaces.cpython-310.pyc,local_ephemeral,12132,"intermediate, redundant shard, synthetic diagnostic or local-only file"
tests/__pycache__/test_history_interfaces.cpython-311-pytest-9.1.1.pyc,local_ephemeral,55508,"intermediate, redundant shard, synthetic diagnostic or local-only file"
tests/__pycache__/test_history_interfaces.cpython-311.pyc,local_ephemeral,26004,"intermediate, redundant shard, synthetic diagnostic or local-only file"
tests/__pycache__/test_history_merge.cpython-311-pytest-9.1.1.pyc,local_ephemeral,5688,"intermediate, redundant shard, synthetic diagnostic or local-only file"
tests/__pycache__/test_history_state_and_policy.cpython-310.pyc,local_ephemeral,6594,"intermediate, redundant shard, synthetic diagnostic or local-only file"
tests/__pycache__/test_history_state_and_policy.cpython-311-pytest-9.1.1.pyc,local_ephemeral,29626,"intermediate, redundant shard, synthetic diagnostic or local-only file"
tests/__pycache__/test_history_state_and_policy.cpython-311.pyc,local_ephemeral,14267,"intermediate, redundant shard, synthetic diagnostic or local-only file"
tests/__pycache__/test_loss_ablation.cpython-311-pytest-9.1.1.pyc,local_ephemeral,26412,"intermediate, redundant shard, synthetic diagnostic or local-only file"
tests/__pycache__/test_observation_reference.cpython-311-pytest-9.1.1.pyc,local_ephemeral,24673,"intermediate, redundant shard, synthetic diagnostic or local-only file"
tests/__pycache__/test_pilot_summary.cpython-311-pytest-9.1.1.pyc,local_ephemeral,4867,"intermediate, redundant shard, synthetic diagnostic or local-only file"
tests/__pycache__/test_pilot_summary.cpython-311.pyc,local_ephemeral,2397,"intermediate, redundant shard, synthetic diagnostic or local-only file"
tests/__pycache__/test_planar_reference_and_loss.cpython-310.pyc,local_ephemeral,3701,"intermediate, redundant shard, synthetic diagnostic or local-only file"
tests/__pycache__/test_planar_reference_and_loss.cpython-311-pytest-9.1.1.pyc,local_ephemeral,19261,"intermediate, redundant shard, synthetic diagnostic or local-only file"
tests/__pycache__/test_planar_reference_and_loss.cpython-311.pyc,local_ephemeral,8066,"intermediate, redundant shard, synthetic diagnostic or local-only file"
tests/__pycache__/test_prior_adaptation.cpython-311-pytest-9.1.1.pyc,local_ephemeral,21948,"intermediate, redundant shard, synthetic diagnostic or local-only file"
tests/__pycache__/test_prior_cv_residual.cpython-311-pytest-9.1.1.pyc,local_ephemeral,36343,"intermediate, redundant shard, synthetic diagnostic or local-only file"
tests/__pycache__/test_prior_expanded.cpython-311-pytest-9.1.1.pyc,local_ephemeral,18925,"intermediate, redundant shard, synthetic diagnostic or local-only file"
tests/__pycache__/test_prior_real_history.cpython-311-pytest-9.1.1.pyc,local_ephemeral,26343,"intermediate, redundant shard, synthetic diagnostic or local-only file"
tests/__pycache__/test_prior_same_shape.cpython-311-pytest-9.1.1.pyc,local_ephemeral,26414,"intermediate, redundant shard, synthetic diagnostic or local-only file"
tests/__pycache__/test_prior_two_forward.cpython-311-pytest-9.1.1.pyc,local_ephemeral,43292,"intermediate, redundant shard, synthetic diagnostic or local-only file"
tests/__pycache__/test_prior_velocity.cpython-311-pytest-9.1.1.pyc,local_ephemeral,31842,"intermediate, redundant shard, synthetic diagnostic or local-only file"
tests/__pycache__/test_repaint.cpython-310.pyc,local_ephemeral,6732,"intermediate, redundant shard, synthetic diagnostic or local-only file"
tests/__pycache__/test_repaint.cpython-311-pytest-9.1.1.pyc,local_ephemeral,30808,"intermediate, redundant shard, synthetic diagnostic or local-only file"
tests/__pycache__/test_repaint.cpython-311.pyc,local_ephemeral,13661,"intermediate, redundant shard, synthetic diagnostic or local-only file"
tests/__pycache__/test_replay_training.cpython-310.pyc,local_ephemeral,2640,"intermediate, redundant shard, synthetic diagnostic or local-only file"
tests/__pycache__/test_replay_training.cpython-311-pytest-9.1.1.pyc,local_ephemeral,12239,"intermediate, redundant shard, synthetic diagnostic or local-only file"
tests/__pycache__/test_replay_training.cpython-311.pyc,local_ephemeral,6658,"intermediate, redundant shard, synthetic diagnostic or local-only file"
tests/__pycache__/test_smplx_evaluation.cpython-310.pyc,local_ephemeral,4662,"intermediate, redundant shard, synthetic diagnostic or local-only file"
tests/__pycache__/test_smplx_evaluation.cpython-311-pytest-9.1.1.pyc,local_ephemeral,16485,"intermediate, redundant shard, synthetic diagnostic or local-only file"
tests/__pycache__/test_smplx_evaluation.cpython-311.pyc,local_ephemeral,10660,"intermediate, redundant shard, synthetic diagnostic or local-only file"
tests/__pycache__/test_stage_queue.cpython-311-pytest-9.1.1.pyc,local_ephemeral,23302,"intermediate, redundant shard, synthetic diagnostic or local-only file"
tests/test_bootstrap_shapes.py,github_source,1794,GitHub lightweight record or source
tests/test_budget_selection.py,github_source,1108,GitHub lightweight record or source
tests/test_causal_rollout.py,github_source,4425,GitHub lightweight record or source
tests/test_data_selection.py,github_source,3568,GitHub lightweight record or source
tests/test_e7_ablation.py,github_source,4797,GitHub lightweight record or source
tests/test_e7_config.py,github_source,680,GitHub lightweight record or source
tests/test_e7_module.py,github_source,2593,GitHub lightweight record or source
tests/test_evaluation_protocol.py,github_source,3279,GitHub lightweight record or source
tests/test_evaluation_resume.py,github_source,2887,GitHub lightweight record or source
tests/test_fixed_shape_fk.py,github_source,5013,GitHub lightweight record or source
tests/test_four_action_sampling.py,github_source,2296,GitHub lightweight record or source
tests/test_g_pretraining.py,github_source,6419,GitHub lightweight record or source
tests/test_history_codec.py,github_source,5500,GitHub lightweight record or source
tests/test_history_interfaces.py,github_source,10605,GitHub lightweight record or source
tests/test_history_merge.py,github_source,2113,GitHub lightweight record or source
tests/test_history_state_and_policy.py,github_source,5698,GitHub lightweight record or source
tests/test_loss_ablation.py,github_source,6608,GitHub lightweight record or source
tests/test_observation_reference.py,github_source,5366,GitHub lightweight record or source
tests/test_pilot_summary.py,github_source,1318,GitHub lightweight record or source
tests/test_planar_reference_and_loss.py,github_source,3670,GitHub lightweight record or source
tests/test_prior_adaptation.py,github_source,6331,GitHub lightweight record or source
tests/test_prior_cv_residual.py,github_source,8408,GitHub lightweight record or source
tests/test_prior_expanded.py,github_source,6622,GitHub lightweight record or source
tests/test_prior_real_history.py,github_source,6575,GitHub lightweight record or source
tests/test_prior_same_shape.py,github_source,6786,GitHub lightweight record or source
tests/test_prior_two_forward.py,github_source,9780,GitHub lightweight record or source
tests/test_prior_velocity.py,github_source,8451,GitHub lightweight record or source
tests/test_repaint.py,github_source,6110,GitHub lightweight record or source
tests/test_replay_training.py,github_source,3421,GitHub lightweight record or source
tests/test_smplx_evaluation.py,github_source,5301,GitHub lightweight record or source
tests/test_stage_queue.py,github_source,4773,GitHub lightweight record or source
tools/audit_release_inventory.py,github_source,15415,GitHub lightweight record or source
tools/check_upstream_e7.py,github_source,5844,GitHub lightweight record or source
utils/__init__.py,github_source,0,GitHub lightweight record or source
utils/__pycache__/__init__.cpython-311.pyc,local_ephemeral,161,"intermediate, redundant shard, synthetic diagnostic or local-only file"
utils/__pycache__/pca_conversions.cpython-311.pyc,local_ephemeral,1211,"intermediate, redundant shard, synthetic diagnostic or local-only file"
utils/__pycache__/rotation_conversions.cpython-311.pyc,local_ephemeral,26643,"intermediate, redundant shard, synthetic diagnostic or local-only file"
utils/__pycache__/task_conditioning.cpython-311.pyc,local_ephemeral,6773,"intermediate, redundant shard, synthetic diagnostic or local-only file"
utils/__pycache__/torch_utils.cpython-311.pyc,local_ephemeral,6942,"intermediate, redundant shard, synthetic diagnostic or local-only file"
utils/guofeats/__init__.py,github_source,82,GitHub lightweight record or source
utils/guofeats/common/quaternion.py,github_source,15942,GitHub lightweight record or source
utils/guofeats/common/skeleton.py,github_source,9487,GitHub lightweight record or source
utils/guofeats/motion_representation.py,github_source,15078,GitHub lightweight record or source
utils/guofeats/paramUtil.py,github_source,1694,GitHub lightweight record or source
utils/guofeats/skeleton_example_h3d.npy,github_source,1376,GitHub lightweight record or source
utils/meshviewer.py,github_source,18433,GitHub lightweight record or source
utils/pca_conversions.py,github_source,849,GitHub lightweight record or source
utils/renderer.py,github_source,6036,GitHub lightweight record or source
utils/rotation_conversions.py,github_source,20558,GitHub lightweight record or source
utils/task_conditioning.py,github_source,4352,GitHub lightweight record or source
utils/torch_utils.py,github_source,3082,GitHub lightweight record or source
utils/vis_utils.py,github_source,12893,GitHub lightweight record or source
verification/README.md,github_verification,1294,GitHub lightweight record or source
verification/e7_engineering_local_tests.xml,local_verification_binary,11545,"intermediate, redundant shard, synthetic diagnostic or local-only file"
verification/egorecover_cause_analysis.json,github_verification,1602936,GitHub lightweight record or source
verification/egorecover_cause_analysis.pdf,local_verification_binary,30750,"intermediate, redundant shard, synthetic diagnostic or local-only file"
verification/egorecover_cause_analysis.png,local_verification_binary,311020,"intermediate, redundant shard, synthetic diagnostic or local-only file"
verification/egorecover_e7_ema_smoke.json,github_verification,1032,GitHub lightweight record or source
verification/egorecover_engineering_summary.json,github_verification,41691,GitHub lightweight record or source
verification/egorecover_engineering_summary.pdf,local_verification_binary,26130,"intermediate, redundant shard, synthetic diagnostic or local-only file"
verification/egorecover_engineering_summary.png,local_verification_binary,245798,"intermediate, redundant shard, synthetic diagnostic or local-only file"
verification/egorecover_interface_smoke.json,github_verification,807,GitHub lightweight record or source
verification/egorecover_pip_freeze.txt,github_verification,1865,GitHub lightweight record or source
verification/egorecover_repair_summary.json,github_verification,95510,GitHub lightweight record or source
verification/egorecover_repair_summary.pdf,local_verification_binary,26851,"intermediate, redundant shard, synthetic diagnostic or local-only file"
verification/egorecover_repair_summary.png,local_verification_binary,266956,"intermediate, redundant shard, synthetic diagnostic or local-only file"
verification/egorecover_tests.xml,local_verification_binary,7307,"intermediate, redundant shard, synthetic diagnostic or local-only file"
verification/issue3_fk_dense_covid_gaussian_clean.json,github_verification,12657,GitHub lightweight record or source
verification/issue3_fk_dense_soccer_gaussian_clean.json,github_verification,12738,GitHub lightweight record or source
verification/issue3_smplx_covid.json,github_verification,109691,GitHub lightweight record or source
verification/issue3_smplx_soccer.json,github_verification,109860,GitHub lightweight record or source
verification/mismatch_adapter.json,github_verification,554,GitHub lightweight record or source
verification/mismatch_adapter_planar.json,github_verification,554,GitHub lightweight record or source
verification/prior_cv_residual_gpu_smoke.json,github_verification,8046,GitHub lightweight record or source
verification/prior_same_shape_gpu_smoke.json,github_verification,493,GitHub lightweight record or source
verification/prior_two_forward_cpu_smoke.json,github_verification,614,GitHub lightweight record or source
verification/prior_velocity_smoke/prior.pt,local_verification_binary,18347573,"intermediate, redundant shard, synthetic diagnostic or local-only file"
verification/prior_velocity_smoke/report.json,github_verification,412,GitHub lightweight record or source
verification/smplx_geometry_summary.json,github_verification,6700,GitHub lightweight record or source
verification/smplx_prediction_preflight.json,github_verification,3596,GitHub lightweight record or source
verification/upstream_e7_parity.json,github_verification,1372,GitHub lightweight record or source
图片和附件/image 1.png,personal_review,21684,"intermediate, redundant shard, synthetic diagnostic or local-only file"
图片和附件/image 2.png,personal_review,6045,"intermediate, redundant shard, synthetic diagnostic or local-only file"
图片和附件/image 3.png,personal_review,6594,"intermediate, redundant shard, synthetic diagnostic or local-only file"
图片和附件/image 4.png,personal_review,90522,"intermediate, redundant shard, synthetic diagnostic or local-only file"
图片和附件/image 5.png,personal_review,45697,"intermediate, redundant shard, synthetic diagnostic or local-only file"
图片和附件/image 6.png,personal_review,111487,"intermediate, redundant shard, synthetic diagnostic or local-only file"
图片和附件/image.png,personal_review,61617,"intermediate, redundant shard, synthetic diagnostic or local-only file"
