path,kind,category,top_directory,extension,size_bytes,allocated_bytes,mtime_ns,device,inode,nlink,symlink_target,resolved_target,target_exists,sha256
exp/e7/hparams.yaml,file,github_experiment_metadata,exp,.yaml,1811,512,1790515904365209766,2097170,12890703,1,,,,a947526cd2187ace15fb22b35b5c869debcab775da8fe048d5a770b3971200a5
exp/e7_frozen_smoke_20260928/README.md,file,github_experiment_metadata,exp,.md,1934,512,1790528459467996471,2097170,9034258,1,,,,1b64052b22b8841078e2813fc6ce8cee091b2202d851fd5033dc0ae53ea67035
exp/e7_frozen_smoke_20260928/launch.json,file,github_experiment_metadata,exp,.json,1379,512,1790528349678932279,2097170,12867928,1,,,,1586c08940c534822d596a0c2a1f5694e22e96cbd292c6687d260a71a6a9b302
exp/e7_frozen_smoke_20260928/take0/report.json,file,github_experiment_metadata,exp,.json,161900,163840,1790528902617545000,2097170,8828089,1,,,,88c4c641ec0727e6260ce6be2af7da425ccb2e6124de371450b36db847792095
exp/e7_frozen_smoke_20260928/take1/report.json,file,github_experiment_metadata,exp,.json,162934,163840,1790528822494915000,2097170,10491396,1,,,,cf25b3ee1e116ce5d75134e8543b7a39f3a813b0e679784e0eea5bbe7dd93ec6
exp/e7_minimal_ablation/v1/RESULTS.md,file,github_experiment_metadata,exp,.md,4167,8192,1790688184821489000,2097170,14811292,1,,,,5b14ea45ba024aca8b2e4fe8adb5c4a5b65a517eed647ecd492600317d59c048
exp/e7_minimal_ablation/v1/analysis_diagnostics.json,file,github_experiment_metadata,exp,.json,6219,8192,1790688065659266000,2097170,14811286,1,,,,ee5afd818ed18c627c3b0fcc9807f5e339392d07c5e64b1a581b2dbd24a1a865
exp/e7_minimal_ablation/v1/dev/fair_bike_01_12/1062/progress.json,file,github_experiment_metadata,exp,.json,109,512,1790687352152292930,2097170,14811226,1,,,,66b6eb1e209692f3c2812f3d7962971c204637d8a65a98f940a94eee82a1ac3d
exp/e7_minimal_ablation/v1/dev/fair_bike_01_12/1063/progress.json,file,github_experiment_metadata,exp,.json,109,512,1790687372305273020,2097170,15372895,1,,,,13f4cf9c125fd39b20fb314436b4f66ba85c27e5059ee5a683a0b18848e5146a
exp/e7_minimal_ablation/v1/dev/fair_bike_01_12/1064/progress.json,file,github_experiment_metadata,exp,.json,109,512,1790687393399465529,2097170,15416270,1,,,,d9798640c1ce2826e3516395e83fc5dbb6c6f9ca981dc211f18d1dc3aa5f945d
exp/e7_minimal_ablation/v1/dev/georgiatech_bike_05_2/1062/progress.json,file,github_experiment_metadata,exp,.json,115,512,1790687352780699029,2097170,14811222,1,,,,e0bb9e330d9d98f372dcd1861ed876b7efc665a6818216c2331b79d85e3574cf
exp/e7_minimal_ablation/v1/dev/georgiatech_bike_05_2/1063/progress.json,file,github_experiment_metadata,exp,.json,115,512,1790687374927004078,2097170,15372897,1,,,,6e400225fe7cfd973c6e6c1690358eb5dea8df9ded70df6cbbba1946d2095e4d
exp/e7_minimal_ablation/v1/dev/georgiatech_bike_05_2/1064/progress.json,file,github_experiment_metadata,exp,.json,115,512,1790687397555879521,2097170,15416284,1,,,,2795f7df4d31853d1e9080614171ca859e4973cd1c63046fb700bb2e0892a25e
exp/e7_minimal_ablation/v1/dev/iiith_cooking_109_4/1062/progress.json,file,github_experiment_metadata,exp,.json,113,512,1790687353261409391,2097170,15372888,1,,,,e8a68ec8b7fac583efa78cd6ad0e7e6b70ef2946a782a4d9c546b4a5f1f277e4
exp/e7_minimal_ablation/v1/dev/iiith_cooking_109_4/1063/progress.json,file,github_experiment_metadata,exp,.json,113,512,1790687375887574056,2097170,15416274,1,,,,20c56abbcd0bf222c8c7fc6611ead35e186cbbc0fa19a977e09d6877840039fc
exp/e7_minimal_ablation/v1/dev/iiith_cooking_109_4/1064/progress.json,file,github_experiment_metadata,exp,.json,113,512,1790687398141941460,2097170,14688627,1,,,,fe68aa05c053707eb4823b5c0f5885482ca1b7214fc4d9c33152c049fa12f694
exp/e7_minimal_ablation/v1/dev/iiith_soccer_004_5/1062/progress.json,file,github_experiment_metadata,exp,.json,112,512,1790687354656280629,2097170,14811234,1,,,,01d32fc756bd9fea393d8ef29fb1b1010ad96a20c6d7b81996d64922f799a466
exp/e7_minimal_ablation/v1/dev/iiith_soccer_004_5/1063/progress.json,file,github_experiment_metadata,exp,.json,112,512,1790687377202681911,2097170,15372879,1,,,,971b713cdcd326236ccc0c17167d2e6cada9e41ae20e3f2cf4a6fde243ff7035
exp/e7_minimal_ablation/v1/dev/iiith_soccer_004_5/1064/progress.json,file,github_experiment_metadata,exp,.json,112,512,1790687399792270734,2097170,14688616,1,,,,b36e0272c963b835e47ad8f06c2b549f3b4cd55c955beab6783814f487e387bd
exp/e7_minimal_ablation/v1/dev/indiana_music_13_5/1062/progress.json,file,github_experiment_metadata,exp,.json,112,512,1790687414174300420,2097170,15416282,1,,,,083f30ffe74856489b94a840abd9870d5455ef513e60bfcba9c9483871bef8c9
exp/e7_minimal_ablation/v1/dev/indiana_music_13_5/1063/progress.json,file,github_experiment_metadata,exp,.json,112,512,1790687433882241788,2097170,14688655,1,,,,a69002e6b676230421a7f66ed26cf7aa66e4169e1d2f3cf210a9bbc2612bc243
exp/e7_minimal_ablation/v1/dev/indiana_music_13_5/1064/progress.json,file,github_experiment_metadata,exp,.json,112,512,1790687452942433986,2097170,15416296,1,,,,3d4b23a0eb817a2e0d36053e7dfe8d07de3320467686aeacdf0a3723ee53b837
exp/e7_minimal_ablation/v1/dev/nus_cpr_52_1/1062/progress.json,file,github_experiment_metadata,exp,.json,106,512,1790687420829610876,2097170,14688639,1,,,,5b6faa2e1bb408e671d499acd4b026ee3650a47b6ac4f5f020da7197fbe5690e
exp/e7_minimal_ablation/v1/dev/nus_cpr_52_1/1063/progress.json,file,github_experiment_metadata,exp,.json,106,512,1790687444041311833,2097170,14688644,1,,,,361c3c833e12c0ee0b5131e1229c1022a91ca3d6f174fd5c24c6c4d55a3a053b
exp/e7_minimal_ablation/v1/dev/nus_cpr_52_1/1064/progress.json,file,github_experiment_metadata,exp,.json,106,512,1790687466711554074,2097170,15372934,1,,,,0743874cddb3bd7b35897451859117f1191f48d640e6ca7dc8336006f97d0816
exp/e7_minimal_ablation/v1/dev/sfu_basketball_03_44/1062/progress.json,file,github_experiment_metadata,exp,.json,114,512,1790687420019848191,2097170,15416280,1,,,,0048ec37649cb376fd5183ec75646aa9a8ffe37d55736bca7ff570e919623b23
exp/e7_minimal_ablation/v1/dev/sfu_basketball_03_44/1063/progress.json,file,github_experiment_metadata,exp,.json,114,512,1790687441714489160,2097170,14688638,1,,,,2ca732472c9d2d9a1cf3bc44cf01382f80fe7a1ab6dcedd7af7d5755346f89fc
exp/e7_minimal_ablation/v1/dev/sfu_basketball_03_44/1064/progress.json,file,github_experiment_metadata,exp,.json,114,512,1790687463474573025,2097170,14811264,1,,,,60059d4d9a0acc30a8c3bf939761decc37d0a6350a5b94421edad9bda419dbc2
exp/e7_minimal_ablation/v1/dev/sfu_basketball_08_15/1062/progress.json,file,github_experiment_metadata,exp,.json,114,512,1790687422608807699,2097170,15372915,1,,,,4ed0451623ca2c4966e83900458b5f96477ca8ab7f0546625ca497ac17881753
exp/e7_minimal_ablation/v1/dev/sfu_basketball_08_15/1063/progress.json,file,github_experiment_metadata,exp,.json,114,512,1790687445983829873,2097170,14688647,1,,,,36ad81460f6915361f9d71bd6399957108e9e2e42a711f05bbbf6b2953db589f
exp/e7_minimal_ablation/v1/dev/sfu_basketball_08_15/1064/progress.json,file,github_experiment_metadata,exp,.json,114,512,1790687468733932948,2097170,14688666,1,,,,8b01e8e09e221e7a3de3c153a5a46ba7e055139ceff803d27fed367138b33a1e
exp/e7_minimal_ablation/v1/dev/shard0.json,file,github_experiment_metadata,exp,.json,978,512,1790687516953408467,2097170,14688680,1,,,,b65444ee361ebadb3a847e06b4812c37eaf1efa8a74f0759febb335cb59ec2ab
exp/e7_minimal_ablation/v1/dev/shard1.json,file,github_experiment_metadata,exp,.json,970,512,1790687533707203649,2097170,14688660,1,,,,0d7b98309c8c977fdce64b9b9344a048139eda5189cfaafe8a30533da381a6c0
exp/e7_minimal_ablation/v1/dev/shard2.json,file,github_experiment_metadata,exp,.json,976,512,1790687526520846226,2097170,14688673,1,,,,5645bf4c220b3de709b1280e93aedac5964730cfbb175f35c939673693411794
exp/e7_minimal_ablation/v1/dev/shard3.json,file,github_experiment_metadata,exp,.json,982,512,1790687535752364587,2097170,14688677,1,,,,afd8d5217d40c5eaefd7235b588b1a0e1ff270759689bc84891ee9ee20f49d76
exp/e7_minimal_ablation/v1/dev/unc_basketball_03-16-23_01_18/1062/progress.json,file,github_experiment_metadata,exp,.json,123,512,1790687474392459850,2097170,15372928,1,,,,47db79b9b91a63e8281abcfb496d3fb831032d8a1f1e8209ece636a49edd2a8c
exp/e7_minimal_ablation/v1/dev/unc_basketball_03-16-23_01_18/1063/progress.json,file,github_experiment_metadata,exp,.json,123,512,1790687495379637385,2097170,14688674,1,,,,ad02b3337dcef3905aaf4ff1898bceefae9e46c1e48129165e8da50a66c06a17
exp/e7_minimal_ablation/v1/dev/unc_basketball_03-16-23_01_18/1064/progress.json,file,github_experiment_metadata,exp,.json,123,512,1790687516947263134,2097170,14811287,1,,,,eee85da47d58e0b3186b9b421d2374c3fee6275e03b8b326191766aecb42c20e
exp/e7_minimal_ablation/v1/dev/uniandes_dance_011_27/1062/progress.json,file,github_experiment_metadata,exp,.json,115,512,1790687489277446421,2097170,14811277,1,,,,c917989d3f654736b5f2801723c83d3d52cc71b42169240bf13b05cb010ac184
exp/e7_minimal_ablation/v1/dev/uniandes_dance_011_27/1063/progress.json,file,github_experiment_metadata,exp,.json,115,512,1790687511240771187,2097170,10627589,1,,,,4d74e7d556ef6196799223335d7cabffdf3d5a951780a92db0593ce0da3e9d4c
exp/e7_minimal_ablation/v1/dev/uniandes_dance_011_27/1064/progress.json,file,github_experiment_metadata,exp,.json,115,512,1790687533700989978,2097170,14811273,1,,,,3e9f85e48641c8c3b6611ea850c64cf81a75c7e37c6fb257fae9e8ff80d377e6
exp/e7_minimal_ablation/v1/dev/uniandes_dance_012_15/1062/progress.json,file,github_experiment_metadata,exp,.json,115,512,1790687484290790041,2097170,15372933,1,,,,4fe3aca18e098dec71941e977451d1fce7676d025b609cac445030f5e2ddcc7f
exp/e7_minimal_ablation/v1/dev/uniandes_dance_012_15/1063/progress.json,file,github_experiment_metadata,exp,.json,115,512,1790687504603694238,2097170,10627584,1,,,,56844a45bda052d409dcb37829485a5ed98c4c2ead93c2ab0b7155d2a95255cd
exp/e7_minimal_ablation/v1/dev/uniandes_dance_012_15/1064/progress.json,file,github_experiment_metadata,exp,.json,115,512,1790687526516886635,2097170,14688681,1,,,,f52d0ef747dbe97342a988b39a92e535f16ccf415d296c6ea21d465dc60e7c93
exp/e7_minimal_ablation/v1/dev/upenn_0725_Duet_Violin_1_2_8/1062/progress.json,file,github_experiment_metadata,exp,.json,122,512,1790687491315917344,2097170,15416315,1,,,,9e52ed2ebedf1f20fc96aafaeb2047c9e320823f9636ce2c4bbd90244e760cef
exp/e7_minimal_ablation/v1/dev/upenn_0725_Duet_Violin_1_2_8/1063/progress.json,file,github_experiment_metadata,exp,.json,122,512,1790687513849739969,2097170,15372948,1,,,,8f63a81a4f81d77c34bace632827e7217aaff596cab71d024b744d5ce07c1b4c
exp/e7_minimal_ablation/v1/dev/upenn_0725_Duet_Violin_1_2_8/1064/progress.json,file,github_experiment_metadata,exp,.json,122,512,1790687535745913306,2097170,10627599,1,,,,e07bacd213a7e948d85d2f011182a430d5b185ef5a2ecd9cc1dbe95b1982dcef
exp/e7_minimal_ablation/v1/matrix.json,file,github_experiment_metadata,exp,.json,891,512,1790675416156316390,2097170,8689027,1,,,,7920c1977f5b15fa4058c211a9ea75a5111f787becad90e0e429757337d5b692
exp/e7_minimal_ablation/v1/queue.json,file,github_experiment_metadata,exp,.json,532,512,1790687543743947002,2097170,14811293,1,,,,6ac35eb844f3201b3e0cb4858de25812cee47c8cc5421eacbe697eb05f2f8429
exp/e7_minimal_ablation/v1/smoke/cmu_soccer07_1/1062/progress.json,file,github_experiment_metadata,exp,.json,108,512,1790687316661368131,2097170,14811209,1,,,,dbfa0c120d77321bf10587cfcda74841e47551b397c04158c1bbbdf1bf8827d0
exp/e7_minimal_ablation/v1/smoke/cmu_soccer11_2/1062/progress.json,file,github_experiment_metadata,exp,.json,108,512,1790687318140338856,2097170,14811211,1,,,,bcf8f06c8ca8ef0ccc6019d83464e179c8cf3a569ea7987a69e62cdc3050326c
exp/e7_minimal_ablation/v1/smoke/shard0.json,file,github_experiment_metadata,exp,.json,915,512,1790687318152544481,2097170,15416256,1,,,,0b728bd96fe50ca648164122767391a89dffe6f9204db44d7f55fdfb6ad52980
exp/e7_minimal_ablation/v1/summary.json,file,github_experiment_metadata,exp,.json,92046,98304,1790687543345200000,2097170,14811291,1,,,,21df31dcf01cadd083a46085e95fb61cabff65c7a360a08bd06df1a6c7c0c495
exp/e7_minimal_ablation/v1/verification.json,file,github_experiment_metadata,exp,.json,2919,512,1790687303121150184,2097170,14811200,1,,,,01d54572457b4292204e59846ffd2001b247812cccc0aa5c29a0e28c77c7940d
exp/egorecover_closed_loop_v0/report.json,file,github_experiment_metadata,exp,.json,1381,512,1790514439393029970,2097170,12810835,1,,,,23918be08407f3a218bce7aef19c0964386747f4ccf77a7a16fa4a352980483e
exp/egorecover_closed_loop_v0_diagnosis/report.json,file,github_experiment_metadata,exp,.json,556,512,1790514439393250007,2097170,11181968,1,,,,1ffac581ecef1d3f6662a83df97cad30751a7dfd17cca04090e066ace01a85d2
exp/egorecover_closed_loop_v1/report.json,file,github_experiment_metadata,exp,.json,1783,512,1790514439393478529,2097170,4967150,1,,,,0b667e5d942681615160fb23f560eb6c257fd4d6dba99149811c11eed9d03835
exp/egorecover_closed_loop_v1_numeric_diagnosis/report.json,file,github_experiment_metadata,exp,.json,616,512,1790514439393694994,2097170,12810840,1,,,,b6c0088cc8f0a17d05526a57878a4dcbcc3833b82dbf37fa514aad30817ac63e
exp/egorecover_closed_loop_v1_planar_production/report.json,file,github_experiment_metadata,exp,.json,4021,8192,1790514439413550000,2097170,4967158,1,,,,3f624f1fba6ae572344a00f3142c19258f3f46b86c1b48135ce96ccf87f879a9
exp/egorecover_closed_loop_v1_projection_fix/report.json,file,github_experiment_metadata,exp,.json,510,512,1790514439413776190,2097170,8996905,1,,,,a92cfb5ae0e09de21824653ab43c53b46a7507044229e0ad347f430be1be8fb9
exp/egorecover_closed_loop_v2_clean/body_baselines.json,file,github_experiment_metadata,exp,.json,586,512,1790514439414009339,2097170,12810844,1,,,,e45f2864a25ecfcaf0aa87951824bf31afbe42aa5e378742c4d86ce8ca3fce99
exp/egorecover_closed_loop_v2_clean/report.json,file,github_experiment_metadata,exp,.json,1718,512,1790514439420716767,2097170,12810847,1,,,,333ee9823b553e54c4145bb375cedc1bafd10037cc5a574324092420d39e5938
exp/egorecover_closed_loop_v3_take0/body_baselines.json,file,github_experiment_metadata,exp,.json,586,512,1790514439420944801,2097170,12810848,1,,,,e45f2864a25ecfcaf0aa87951824bf31afbe42aa5e378742c4d86ce8ca3fce99
exp/egorecover_closed_loop_v3_take0/report.json,file,github_experiment_metadata,exp,.json,4316,8192,1790514439440527000,2097170,12810852,1,,,,c30ec80850358a2dafd5cc244fc0377d12ac9c78269699aaf33fc90c9634ebaf
exp/egorecover_closed_loop_v3_take0/smplx_geometry.json,file,github_experiment_metadata,exp,.json,25150,32768,1790514439440854990,2097170,12810855,1,,,,ca45dc48cd0da1fa65b8e861b8ce697ad71f4021d9561e31b151ccd7a2f549ed
exp/egorecover_closed_loop_v3_take1/body_baselines.json,file,github_experiment_metadata,exp,.json,591,512,1790514439441095406,2097170,4967159,1,,,,93a379e871919a9b7fc67860fe1476d7d44643f4addcb9c2905da0910c7d8de3
exp/egorecover_closed_loop_v3_take1/report.json,file,github_experiment_metadata,exp,.json,4302,8192,1790514439461591000,2097170,4967166,1,,,,70389fdf64247e24e6fb4c0cb574fcf445a0162bc688e7047e16025dce8548b8
exp/egorecover_closed_loop_v3_take1/smplx_geometry.json,file,github_experiment_metadata,exp,.json,25301,32768,1790514439461940747,2097170,4967167,1,,,,657e5fbc30b3feb197c803da43a1a8931d37f5e5acdf10a19cb09b36c5d6bfd4
exp/egorecover_diagnosis_dev_geometry_v1/report.json,file,github_experiment_metadata,exp,.json,12219,16384,1790514439462414000,2097170,12810859,1,,,,64582210b041b165b937c4defb1ce7a286673899b81d454707727d4047b44896
exp/egorecover_diagnosis_geometry_v1/report.json,file,github_experiment_metadata,exp,.json,436928,442368,1790514439465525855,2097170,11181969,1,,,,f278c97252802779ca43905b87301a07e3b9cb1fe5739d9c4e4af260c2a31d67
exp/egorecover_diagnosis_planar_seed63/report.json,file,github_experiment_metadata,exp,.json,235234,237568,1790514439467220381,2097170,8996907,1,,,,3d4294473446e146edbe91d896bb0bbaa44b8b41c9ed7e3f83a7a8388e30d2c9
exp/egorecover_diagnosis_planar_take2/report.json,file,github_experiment_metadata,exp,.json,231876,237568,1790514439467650165,2097170,4967168,1,,,,c761b38be4d0cddd31efc8470d7f6859bfc3be89a15ea8acdb19cdc1e4983ab9
exp/egorecover_diagnosis_train_v1/report.json,file,github_experiment_metadata,exp,.json,12261,16384,1790514439467912000,2097170,12810864,1,,,,6899e0022a77cc19f300657d21cdef39388056a1d503e57771ae192d677fe9b6
exp/egorecover_diagnosis_v1/report.json,file,github_experiment_metadata,exp,.json,522907,524288,1790514439468616875,2097170,12810865,1,,,,3ffe46d611bf5175780c8fa26f8916a3fc8da3b7c7b8c822c4de7e2ac7fc8ac2
exp/egorecover_engineering_v0/baselines.json,file,github_experiment_metadata,exp,.json,616,512,1790514439468942329,2097170,11181971,1,,,,ea9afd96d67688792981d08c7047a31223d8b5aae0a0275a478c2933943c5603
exp/egorecover_engineering_v0/report.json,file,github_experiment_metadata,exp,.json,8748,16384,1790514439469197000,2097170,11181970,1,,,,b145c5d8a675d1bcc4bf9cd458ba8e6273d9a6e14e106e25fc63adc471aee52c
exp/egorecover_engineering_v1/baselines.json,file,github_experiment_metadata,exp,.json,617,512,1790514439469404467,2097170,8996908,1,,,,0425f68100169b0b06157ec743f23d027fcb6626a188b588acc143cd2641ba63
exp/egorecover_engineering_v1/report.json,file,github_experiment_metadata,exp,.json,16684,24576,1790514439469586869,2097170,8996909,1,,,,9e7970fdd2074b024bdf1ecfdfe659ce57ecc865f3f4d338d37d77673089a2f7
exp/egorecover_engineering_v2/baselines.json,file,github_experiment_metadata,exp,.json,647,512,1790514439469797587,2097170,4967169,1,,,,4ab2c1c5e1dd43087df83b12c22d6e45d67f2cd2b181764a20c8e2634329a076
exp/egorecover_engineering_v2/report.json,file,github_experiment_metadata,exp,.json,18783,24576,1790514439470021140,2097170,4967170,1,,,,ff3ec06d9ef7abb29860ebb563037acbb024f7a184ed0f3599ec0ca975f7a121
exp/egorecover_engineering_v3/baselines.json,file,github_experiment_metadata,exp,.json,647,512,1790514439470227672,2097170,12810872,1,,,,b4bcd846cd3ae5191ffc28adcabbd5373f58d251d99da322ffeffb79089c457e
exp/egorecover_engineering_v3/report.json,file,github_experiment_metadata,exp,.json,20317,24576,1790514439470458629,2097170,12810873,1,,,,6a4281a988091864b1fbb5527f15c8c5b797762239f5ad9514ac8f4134a9df88
exp/egorecover_g_observation/v2/verification/e7_observation_length.json,file,github_experiment_metadata,exp,.json,36181,40960,1790759528879237000,2097170,14680281,1,,,,693132f0158897e7d044302a36b1959e247ccd230da55ce94aa8040d3adc172c
exp/egorecover_g_observation/v2/verification/e7_observation_length.protocol.json,file,github_experiment_metadata,exp,.json,1009,512,1790759523917667928,2097170,14680280,1,,,,5ca6db0ce7b0495b1546b556f11aaa31133080ad26983dc99087802270fc28d7
exp/egorecover_g_pretraining/v1/RESULTS.md,file,github_experiment_metadata,exp,.md,2047,512,1790748307717341685,2097170,10770517,1,,,,bb4a9681d1a3b5d887c2c4123aa9c49002950fcb40ef7a0ad51e878ed8d349d4
exp/egorecover_g_pretraining/v1/T0/seed62/identity.json,file,github_experiment_metadata,exp,.json,1779,512,1790702085780593613,2097170,14831181,1,,,,f803eacc105feb56dcb4a266b0e2a25dfd464e95e95042830f6827c5ff3b6b5c
exp/egorecover_g_pretraining/v1/T0/seed62/progress.json,file,github_experiment_metadata,exp,.json,302,512,1790714591648690083,2097170,13030609,1,,,,4d55d9df5eea0bad86564b150959fff29e8fb5a1f06b05f6ca38a0f0554c5388
exp/egorecover_g_pretraining/v1/T0/seed62/report.json,file,github_experiment_metadata,exp,.json,2214,512,1790714701290360631,2097170,13030802,1,,,,b50d90bf4c3d2dcc1e5d9acc18825647ae6cad427dfedc3cb41618b7b5e5bade
exp/egorecover_g_pretraining/v1/T0/seed62/selection.json,file,github_experiment_metadata,exp,.json,136187,139264,1790714699368232000,2097170,13030788,1,,,,dbdcc9a7ce259050fc3c3b26910ccdf8afc3b2f8ae1f9063e1223a499b6988e1
exp/egorecover_g_pretraining/v1/T0/seed62/test/minimal_report.json,file,github_experiment_metadata,exp,.json,200,512,1790746187665513379,2097170,9396255,1,,,,39bfc781b878e677d00e30bba89894c41e50524ce237dff5061efd9abf7fc291
exp/egorecover_g_pretraining/v1/T0/seed63/identity.json,file,github_experiment_metadata,exp,.json,1779,512,1790715370635915492,2097170,14995301,1,,,,c400477faa2e9d4c62a9adeaf094ccc6caa2632573733bb86559ed53b35dd0bd
exp/egorecover_g_pretraining/v1/T0/seed63/progress.json,file,github_experiment_metadata,exp,.json,302,512,1790727816530370008,2097170,12758643,1,,,,765d94d97cd4ba00dc0d22969dd02363f56e8d43aa9ffcfe0b2aed3a8c2f76de
exp/egorecover_g_pretraining/v1/T0/seed63/report.json,file,github_experiment_metadata,exp,.json,2213,512,1790727918573608512,2097170,13373737,1,,,,39165d8ac19d2ed51bca8bcd0fec88e926dd675a0a295c02589fe6b532611f3a
exp/egorecover_g_pretraining/v1/T0/seed63/selection.json,file,github_experiment_metadata,exp,.json,136246,139264,1790727916551572000,2097170,15651981,1,,,,cdef94267b55e4b30790aa7e39be368cbb1357faf0ed935f33ff45b20952de59
exp/egorecover_g_pretraining/v1/T0/seed63/test/minimal_report.json,file,github_experiment_metadata,exp,.json,200,512,1790747067175208276,2097170,8781411,1,,,,f974bae8c42b0a61714fbba2f807af6bf3fe5fbf8643d8e9215213c64159d031
exp/egorecover_g_pretraining/v1/T0/seed64/identity.json,file,github_experiment_metadata,exp,.json,1779,512,1790728186751516380,2097170,15439523,1,,,,34a4a35afc499d90830f29580756405fc4cb1638145cc952e3440038db763c41
exp/egorecover_g_pretraining/v1/T0/seed64/progress.json,file,github_experiment_metadata,exp,.json,299,512,1790740699666541321,2097170,15266154,1,,,,f02ebaa5ebc4dbed20ba2dc77a32b174dada6006871e7f54d502fb9ca8ec29a9
exp/egorecover_g_pretraining/v1/T0/seed64/report.json,file,github_experiment_metadata,exp,.json,2214,512,1790740806310643852,2097170,8878611,1,,,,e990b97b3252ea4505c2b6fdcdde232f5f2175b7700455cdca3b0bebb15d4338
exp/egorecover_g_pretraining/v1/T0/seed64/selection.json,file,github_experiment_metadata,exp,.json,136278,139264,1790740804465121000,2097170,8878606,1,,,,4f7d59758d12a90a0361d5067e7d6f0a3f4cce0d0efcb08e140f82926185e508
exp/egorecover_g_pretraining/v1/T0/seed64/test/minimal_report.json,file,github_experiment_metadata,exp,.json,198,512,1790748303898503182,2097170,15616743,1,,,,eb668c49d2e42f287bed3ac35d0f8c71f6680d46e10fdcb9ba69281a7d961b20
exp/egorecover_g_pretraining/v1/T1/seed62/identity.json,file,github_experiment_metadata,exp,.json,1779,512,1790702085799341127,2097170,10748120,1,,,,fd82a3ddd82d4bbb60636098d390ef8fa54542f9a26c18614fd2b7b8685744f1
exp/egorecover_g_pretraining/v1/T1/seed62/progress.json,file,github_experiment_metadata,exp,.json,303,512,1790714203784516779,2097170,9303045,1,,,,abd3fcafa7ddd168f5065534ec4792c38efbe04ae8183a877d6a7ef2f9a349c4
exp/egorecover_g_pretraining/v1/T1/seed62/report.json,file,github_experiment_metadata,exp,.json,2214,512,1790714300272530315,2097170,9303086,1,,,,79398db9c95ce19043b25a00480f99581f2d95e32061b12a7ecfa9e47c34f06f
exp/egorecover_g_pretraining/v1/T1/seed62/selection.json,file,github_experiment_metadata,exp,.json,136310,139264,1790714298357168000,2097170,9303084,1,,,,6f1134063b37b9689742a7a5a8c8c713d706b011329bd592e44946d25e1169f2
exp/egorecover_g_pretraining/v1/T1/seed62/test/minimal_report.json,file,github_experiment_metadata,exp,.json,198,512,1790746127473883549,2097170,14706833,1,,,,7815199b0771155db27a74a85a0cdb6a492c564efb307b925e859115657909d6
exp/egorecover_g_pretraining/v1/T1/seed63/identity.json,file,github_experiment_metadata,exp,.json,1779,512,1790715370659213807,2097170,14908623,1,,,,088a59a6c001b4fb12a2a4bea4da8328bf12553694b41542bb88ee70e3656efb
exp/egorecover_g_pretraining/v1/T1/seed63/progress.json,file,github_experiment_metadata,exp,.json,301,512,1790727347036119888,2097170,13545818,1,,,,e4ec6492bbe4951ac6e60505dc6e693333eb3534faf7ed7f0891380ef4affe01
exp/egorecover_g_pretraining/v1/T1/seed63/report.json,file,github_experiment_metadata,exp,.json,2213,512,1790727496283010880,2097170,15209110,1,,,,807c326558265cf38e032daedf45471ebab3314f9136b8ce242a999333f7a42b
exp/egorecover_g_pretraining/v1/T1/seed63/selection.json,file,github_experiment_metadata,exp,.json,136273,139264,1790727494418348000,2097170,15209106,1,,,,5a3d44db09a28f342278b0c764740ae33b5fc031b74650d8e246a8acf554f062
exp/egorecover_g_pretraining/v1/T1/seed63/test/minimal_report.json,file,github_experiment_metadata,exp,.json,200,512,1790747037794953357,2097170,12708396,1,,,,839ce6c156e47643ab5ec396cc3b08889e95537b3f3b86b377244e4d9a9167d9
exp/egorecover_g_pretraining/v1/T1/seed64/identity.json,file,github_experiment_metadata,exp,.json,1779,512,1790728186751528514,2097170,15439524,1,,,,9989884e76f9f39289d3c99f4c4b4f1af4a9b595a43ca0ecf6932ee9302d1dd6
exp/egorecover_g_pretraining/v1/T1/seed64/progress.json,file,github_experiment_metadata,exp,.json,302,512,1790741357216462532,2097170,10542204,1,,,,af8b88b608ad434fd3386f68dd2960286710215d99d13c66eb1b7a649a0a00c3
exp/egorecover_g_pretraining/v1/T1/seed64/report.json,file,github_experiment_metadata,exp,.json,2214,512,1790741463054014080,2097170,10542431,1,,,,44302809640c9f236be5f00763d65697ecab93bd0c75c0c3b303558b8cb1a24e
exp/egorecover_g_pretraining/v1/T1/seed64/selection.json,file,github_experiment_metadata,exp,.json,136288,139264,1790741460908335000,2097170,10542428,1,,,,76fba64be754ceae9d062ae0d823e795a445fc5a2e8d010ecb7bd8c99cbdd3d4
exp/egorecover_g_pretraining/v1/T1/seed64/test/minimal_report.json,file,github_experiment_metadata,exp,.json,199,512,1790748119936998527,2097170,9107431,1,,,,995a66b81f6040106f363905e5a7b9ce5ccf97e58db9e92f3bb555550f4bb9cb
exp/egorecover_g_pretraining/v1/T2/seed62/identity.json,file,github_experiment_metadata,exp,.json,1779,512,1790702085780582210,2097170,10748109,1,,,,147f9f283ddc9c6da05e7d17946f6d943ea84c71aaab85906e7525302f9149d8
exp/egorecover_g_pretraining/v1/T2/seed62/progress.json,file,github_experiment_metadata,exp,.json,306,512,1790714661152690761,2097170,10966873,1,,,,5227ce067abf27465a5f346a9183b11bed478ddbcf219db370930750d1e3ae16
exp/egorecover_g_pretraining/v1/T2/seed62/report.json,file,github_experiment_metadata,exp,.json,2214,512,1790714831974087869,2097170,12630247,1,,,,191f63dd6142e6daf80f8f215781adb94ed87e850328fcce0d98fbdb6f5cecd1
exp/egorecover_g_pretraining/v1/T2/seed62/selection.json,file,github_experiment_metadata,exp,.json,136171,139264,1790714830206373000,2097170,12630393,1,,,,c8ad1d0bbc12ed17d5817652eb369c6fb348b6935cb2c0b2f7b95f39238a9f86
exp/egorecover_g_pretraining/v1/T2/seed62/test/minimal_report.json,file,github_experiment_metadata,exp,.json,200,512,1790745728723182662,2097170,13312099,1,,,,e8cfafc56d1cac50905c3bc99c38c388213d0778d2256daca63275ac71b99579
exp/egorecover_g_pretraining/v1/T2/seed63/identity.json,file,github_experiment_metadata,exp,.json,1779,512,1790715370708843021,2097170,14908624,1,,,,51b2a9dc58935151e6a6afa693798a6799ff9561002f25296557f4c34b1f7812
exp/egorecover_g_pretraining/v1/T2/seed63/progress.json,file,github_experiment_metadata,exp,.json,303,512,1790727466316917555,2097170,15209018,1,,,,30f617af13f3a1e458caa8360d5097a61dc5fe6c335ee7e08d8bc480beec0d3d
exp/egorecover_g_pretraining/v1/T2/seed63/report.json,file,github_experiment_metadata,exp,.json,2214,512,1790727595539553678,2097170,15209315,1,,,,bdeab7dd584ed375919ed1e4ceb70f5eaeabefdadcec93d967612eb728fb3b3b
exp/egorecover_g_pretraining/v1/T2/seed63/selection.json,file,github_experiment_metadata,exp,.json,136287,139264,1790727593679604000,2097170,15209313,1,,,,065196d0b8a19f153800f7a44aa5c879a444a91b2147ed478b85430707b8954d
exp/egorecover_g_pretraining/v1/T2/seed63/test/minimal_report.json,file,github_experiment_metadata,exp,.json,200,512,1790747049074445846,2097170,9370327,1,,,,4f4b1876e405bf91572d31a4a214b3857cf7a3171b009da5b477c381c5f48723
exp/egorecover_g_pretraining/v1/T2/seed64/identity.json,file,github_experiment_metadata,exp,.json,1779,512,1790728186751501838,2097170,14931725,1,,,,6111db8e6889991142424afff9609ed41d4434da7a5c9a2970fefdf2a2b381a0
exp/egorecover_g_pretraining/v1/T2/seed64/progress.json,file,github_experiment_metadata,exp,.json,306,512,1790740203593747807,2097170,14895952,1,,,,049d6cd8845f68059c18c46b08ee448f86f624cb3a523b4a4c4149b738b98d28
exp/egorecover_g_pretraining/v1/T2/seed64/report.json,file,github_experiment_metadata,exp,.json,2214,512,1790740293884093655,2097170,15510571,1,,,,5379d8c6aa2c15086ebabf86cb980de82d190b8239aeeebe7b063171b5092e42
exp/egorecover_g_pretraining/v1/T2/seed64/selection.json,file,github_experiment_metadata,exp,.json,136270,139264,1790740291849413000,2097170,15510590,1,,,,c1b1068a14763fc667f4d0afe4e1db127b35ea258b14fdc9eca6641f1da97d27
exp/egorecover_g_pretraining/v1/T2/seed64/test/minimal_report.json,file,github_experiment_metadata,exp,.json,199,512,1790748198598449914,2097170,15616716,1,,,,b5c326b40c74720545686a138083079a3b43bc81a998d3e3dea549f5b6fab45d
exp/egorecover_g_pretraining/v1/T3/seed62/identity.json,file,github_experiment_metadata,exp,.json,1779,512,1790702085780582012,2097170,10748149,1,,,,0f4b500325d915eddfe699407bf3ae9a3657bfb057b98b3882328003bd92374b
exp/egorecover_g_pretraining/v1/T3/seed62/progress.json,file,github_experiment_metadata,exp,.json,306,512,1790714683358186383,2097170,12630047,1,,,,924d501249c7fa6416bb05d0d89849a9139f027e207897681bbc10bfac62e1db
exp/egorecover_g_pretraining/v1/T3/seed62/report.json,file,github_experiment_metadata,exp,.json,2214,512,1790714786725630291,2097170,12630371,1,,,,d0ad819c265054af6863f5786ee6d9fd44c21c3a14cec5d2d050c4ae32ccb658
exp/egorecover_g_pretraining/v1/T3/seed62/selection.json,file,github_experiment_metadata,exp,.json,136239,139264,1790714785072269000,2097170,12630369,1,,,,b2d3a1daf71ed360a4de1c62dc6e5d915e3d43787e0a9b3759ccdad7c91331eb
exp/egorecover_g_pretraining/v1/T3/seed62/test/minimal_report.json,file,github_experiment_metadata,exp,.json,200,512,1790745987805807785,2097170,13312407,1,,,,a1d1f991e5ce6a3dd20713ed23307e5c66c1402251dd0e2944f674c0263fb1c7
exp/egorecover_g_pretraining/v1/T3/seed63/identity.json,file,github_experiment_metadata,exp,.json,1779,512,1790715370635926264,2097170,14908622,1,,,,9d1a6238b528a3e784cf8a64e66e06ee9128ccb7d77585c93bd41a417bd09d7d
exp/egorecover_g_pretraining/v1/T3/seed63/progress.json,file,github_experiment_metadata,exp,.json,307,512,1790727700693169388,2097170,7108337,1,,,,a9b49256a3a12c77b511e156022f1f363a0b663fb686c4912a6d67bbc5b7f3a2
exp/egorecover_g_pretraining/v1/T3/seed63/report.json,file,github_experiment_metadata,exp,.json,2212,512,1790727804548432678,2097170,11049987,1,,,,c2dca27461e0ad07c43dc074cb277882dc8134184b8fb6e7d2f4b4c5e257c0d3
exp/egorecover_g_pretraining/v1/T3/seed63/selection.json,file,github_experiment_metadata,exp,.json,136333,139264,1790727802632696000,2097170,11049985,1,,,,22173bd69352391ce20cb3a3679baff5c11da654d5f4bb46b1bb9a20db37679e
exp/egorecover_g_pretraining/v1/T3/seed63/test/minimal_report.json,file,github_experiment_metadata,exp,.json,200,512,1790747015819678545,2097170,9370319,1,,,,4bd87552fbd08d5220172454e3549f3962878d56a325a4adb06dbf6c3b72b376
exp/egorecover_g_pretraining/v1/T3/seed64/identity.json,file,github_experiment_metadata,exp,.json,1779,512,1790728186772167608,2097170,14931726,1,,,,8ab1e0723d71e33e2b025ade309989ce3bf0731ff72fc551d081aaf5220ccc16
exp/egorecover_g_pretraining/v1/T3/seed64/progress.json,file,github_experiment_metadata,exp,.json,307,512,1790740537482893124,2097170,10697071,1,,,,a40aae32f57bb84e15db10731f292d3f79bb7a284559566e9202d33aa0686c88
exp/egorecover_g_pretraining/v1/T3/seed64/report.json,file,github_experiment_metadata,exp,.json,2214,512,1790740652152623785,2097170,11311720,1,,,,3e7d0312263f283464fb0b4dd83ace57ed2440441a3cfd83e035f796f844b4e6
exp/egorecover_g_pretraining/v1/T3/seed64/selection.json,file,github_experiment_metadata,exp,.json,136232,139264,1790740650098410000,2097170,11311717,1,,,,cde3076876a0ea35a154bedfb81ee66ea2ba67c8162e21ee58ad4c7e2017f6a8
exp/egorecover_g_pretraining/v1/T3/seed64/test/minimal_report.json,file,github_experiment_metadata,exp,.json,200,512,1790748243653086968,2097170,12715505,1,,,,109b1d34da89def4657a69e2828ef24375110c322e90babae3a1b24bdadcf87f
exp/egorecover_g_pretraining/v1/analysis/20260930-0124-progress.json,file,github_experiment_metadata,exp,.json,4286,8192,1790702640212401000,2097170,15446379,1,,,,51f54d8035e22bc751e75d130621f6f737ccdca3038987033f92d1366b08b868
exp/egorecover_g_pretraining/v1/analysis/20260930-1008-dev-summary.json,file,github_experiment_metadata,exp,.json,7728,8192,1790734083881753000,2097170,15011313,1,,,,b1e77f9036655b4c02d573576dfe40cc7c67a0bd21219d021323dca25749809c
exp/egorecover_g_pretraining/v1/analysis/20260930-1008-dev-summary.md,file,github_experiment_metadata,exp,.md,3006,512,1790734083881984549,2097170,15011294,1,,,,a6929cd9fbc57f29c95dd7c92cb7fc3a826f3efe63daf721635fa43420e085bd
exp/egorecover_g_pretraining/v1/analysis/minimal-evaluation-conclusions.md,file,github_experiment_metadata,exp,.md,5076,8192,1790750523344711000,2097170,14812075,1,,,,94e8137745b5473fec5cd4eaa09cae87be17eeceb81bd639bf053edf036931b7
exp/egorecover_g_pretraining/v1/code_snapshot/config/egorecover_g_pretraining_v1.json,file,github_experiment_metadata,exp,.json,742,512,1790690794454483553,2097170,13447054,1,,,,8f98fb0d602cf1e299717c2e2d53ecebfba1f723640ef6ffd1c32a3e58f169c5
exp/egorecover_g_pretraining/v1/code_snapshot/egorecover/annotations.py,file,github_experiment_metadata,exp,.py,2806,512,1790514439378961006,2097170,10628033,1,,,,e36e552b7aab6ba65ac02387c19b60f36c6deeb3343a688ba1f01e802667ffa5
exp/egorecover_g_pretraining/v1/code_snapshot/egorecover/codec.py,file,github_experiment_metadata,exp,.py,10103,16384,1790514439382548000,2097170,10628031,1,,,,109517b8ac9d3288d8bafb6d44b6b98632cefebaa4139d80d62f4f0a25d05443
exp/egorecover_g_pretraining/v1/code_snapshot/egorecover/conditioning.py,file,github_experiment_metadata,exp,.py,5335,8192,1790690585911135000,2097170,10628035,1,,,,e325258cd60f62a8c3bb05cfe9f9ef437c24b2cf3b21357f6b3992beeb7d9432
exp/egorecover_g_pretraining/v1/code_snapshot/egorecover/e7_ablation.py,file,github_experiment_metadata,exp,.py,5909,8192,1790675596574532000,2097170,10628030,1,,,,78e806aa7258e3125bcfb04043954fa09d7bafb1a07f239d75a451858b08b6e5
exp/egorecover_g_pretraining/v1/code_snapshot/egorecover/fk.py,file,github_experiment_metadata,exp,.py,4713,8192,1790528160001214000,2097170,10628037,1,,,,37e10adb2c07db8baaf4ccf9fce60429c35d059d943d6b06f33a668adf58521b
exp/egorecover_g_pretraining/v1/code_snapshot/egorecover/g_pretraining.py,file,github_experiment_metadata,exp,.py,7116,8192,1790691321685581000,2097170,10628042,1,,,,353c56c253390e14bda823e894585431e1b2387306064ff0205a065ad937d23a
exp/egorecover_g_pretraining/v1/code_snapshot/egorecover/history_flow.py,file,github_experiment_metadata,exp,.py,3884,512,1790514439386018758,2097170,10628040,1,,,,9b9cc6d62c55b0f569fbe14bfd5449d82ddf83d7cdd89af745f6c5acb00ee86f
exp/egorecover_g_pretraining/v1/code_snapshot/egorecover/losses.py,file,github_experiment_metadata,exp,.py,4088,8192,1790610881275720000,2097170,10628034,1,,,,047adb771c123306ac8f5974877c55c03c21d29c12c68215627a44b44c0e8ab3
exp/egorecover_g_pretraining/v1/code_snapshot/egorecover/prior.py,file,github_experiment_metadata,exp,.py,2266,512,1790514439386308444,2097170,10628045,1,,,,00918a4c1477207fb773af8b9cab1ae1466b90e47fe4c17da6c99ddb5e55eae7
exp/egorecover_g_pretraining/v1/code_snapshot/egorecover/prior_cv_residual.py,file,github_experiment_metadata,exp,.py,5927,8192,1790662522489138000,2097170,10627960,1,,,,242e62713c216f4545fa9a45776d261a320a2c1060c22c3bff0badfdd12a25b1
exp/egorecover_g_pretraining/v1/code_snapshot/egorecover/prior_two_forward.py,file,github_experiment_metadata,exp,.py,11381,16384,1790618921081607000,2097170,10627963,1,,,,9b77f022049f45ce5ac429b6611bd77a04e4f104674a1a11c71ff816ff086e0b
exp/egorecover_g_pretraining/v1/code_snapshot/model/history_uniegomotion.py,file,github_experiment_metadata,exp,.py,5454,8192,1790690585923525000,2097170,10628041,1,,,,4fe5c530e8e255b1d9982ddcd509e2e2a87566cae9160dede3546a1d707b0189
exp/egorecover_g_pretraining/v1/code_snapshot/model/uniegomotion.py,file,github_experiment_metadata,exp,.py,8289,16384,1790514439474810000,2097170,10628038,1,,,,a2bf0fcb08ea401335711440d76cc9d18e267d54970a24884b2b2f1dc4f30f5c
exp/egorecover_g_pretraining/v1/code_snapshot/mydiffusion/flow_matching.py,file,github_experiment_metadata,exp,.py,11660,16384,1790514439476085000,2097170,13560088,1,,,,18bcf9b45ccf4cb2c7b50a943b1704c4400ff0c38a0ae9aa7d2f05aca6ad4009
exp/egorecover_g_pretraining/v1/code_snapshot/run/g_pretraining_data.py,file,github_experiment_metadata,exp,.py,14035,16384,1790691443457741000,2097170,10628039,1,,,,25e6b39ea0713299a3102e32beb4210022cd310ecc416fa09314b523ee485212
exp/egorecover_g_pretraining/v1/code_snapshot/run/g_pretraining_experiment.py,file,github_experiment_metadata,exp,.py,12531,16384,1790691897167921000,2097170,10628036,1,,,,a070c5ea568a9cc9b89a28f4e27f6383b4e613c1ea3ccf0f2205b16c904b3190
exp/egorecover_g_pretraining/v1/code_snapshot/run/train_g_pretraining.py,file,github_experiment_metadata,exp,.py,22592,24576,1790691693607544000,2097170,10628032,1,,,,9ff095d5a61ae44be16624366e8c7d46fff312ba7ce5b38712fa8e63e120e8c9
exp/egorecover_g_pretraining/v1/evaluation/e7_baseline.json,file,github_experiment_metadata,exp,.json,144242,147456,1790741493039666000,2097170,10542481,1,,,,ee34f81e3510cb20a6a267e75cbbd26b8d12605ea920705a9cd4b17f859d08ad
exp/egorecover_g_pretraining/v1/evaluation/minimal_plan.json,file,github_experiment_metadata,exp,.json,1434,512,1790744112403414783,2097170,15451307,1,,,,934e45620d801b49ab73037498aa6c63a057c9129e5924458fb71b1439900949
exp/egorecover_g_pretraining/v1/evaluation/queue.before_minimal.json,file,github_experiment_metadata,exp,.json,492,512,1790743957619824060,2097170,15451137,1,,,,d76f9bc4431087b61fe1a0ccfe83f4b021bee86ebe2a0ffcf37d30f6a89813e4
exp/egorecover_g_pretraining/v1/minimal_summary.json,file,github_experiment_metadata,exp,.json,1827540,1835008,1790748307715464913,2097170,10770516,1,,,,8a7cd608b0b44a1c0cfeb8333ece21bb6c70e6a6671f4a2319fd98f774793a9b
exp/egorecover_g_pretraining/v1/plan.json,file,github_experiment_metadata,exp,.json,833,512,1790691083539482684,2097170,13447015,1,,,,bc66d41bad148e3faee9378ac0f51b45372129b7ab9468d7119d78b6a15e7505
exp/egorecover_g_pretraining/v1/prior/progress.json,file,github_experiment_metadata,exp,.json,84,512,1790702000739527968,2097170,10747987,1,,,,cc3b2ea8bf618e60d5da51e302dc918147a2e88b5251fa373687ef3377935f51
exp/egorecover_g_pretraining/v1/prior/report.json,file,github_experiment_metadata,exp,.json,400,512,1790702001799949227,2097170,10747941,1,,,,3e46b4ae3fd965944a2f172d539f3924611cf3d58086c7bf1646d6db32f6c9dd
exp/egorecover_g_pretraining/v1/prior/selection.json,file,github_experiment_metadata,exp,.json,6610,8192,1790702001777518000,2097170,10748087,1,,,,c5d8727cfcf5574e7bddbd1ba4056c2a3d9838551418722da0f3e128f8c40d7e
exp/egorecover_g_pretraining/v1/queue.json,file,github_experiment_metadata,exp,.json,194,512,1790748307726076390,2097170,10770518,1,,,,f99e79eb7b8f0dc83c7264a61b0d92ee1d89e89faa5320ed6dea49b24136a629
exp/egorecover_g_pretraining/v1/verification/T0_smoke/identity.json,file,github_experiment_metadata,exp,.json,1779,512,1790691706863572363,2097170,11242540,1,,,,42e96c3eef3f211a5ac12c942c849d5606ebb1f9692361b00d41fef1622f46a4
exp/egorecover_g_pretraining/v1/verification/T0_smoke/progress.json,file,github_experiment_metadata,exp,.json,289,512,1790691707808390390,2097170,11242634,1,,,,7a48ca3e4558a0db166872ee2779d54cd0a53af2a0ddf6743c070f162061d78f
exp/egorecover_g_pretraining/v1/verification/T0_smoke/report.json,file,github_experiment_metadata,exp,.json,2205,512,1790691714389907234,2097170,11242644,1,,,,f2688893e33036eb34149f6933767d363a560862e07ca2cc88b93b8f0facfb84
exp/egorecover_g_pretraining/v1/verification/T0_smoke/selection.json,file,github_experiment_metadata,exp,.json,2059,512,1790691709001625015,2097170,10627806,1,,,,916bac6f0aa2a355627a061e3c103f2be8a2b3771797f3806af46af8b7448516
exp/egorecover_g_pretraining/v1/verification/T0_smoke_attempt1/identity.json,file,github_experiment_metadata,exp,.json,1779,512,1790691634141644373,2097170,13447013,1,,,,341e135bf7d7293e08fac13920bd2e7b77c0de6f6d1dd336d682fb0bafbd650f
exp/egorecover_g_pretraining/v1/verification/T0_smoke_attempt1/progress.json,file,github_experiment_metadata,exp,.json,289,512,1790691635045334903,2097170,13447034,1,,,,9c0c8796fef1fb1e4dbf8300d96d5ad2f50a4f44f68b4a890aa8f96c7d339f69
exp/egorecover_g_pretraining/v1/verification/T1_smoke/identity.json,file,github_experiment_metadata,exp,.json,1779,512,1790691706863565744,2097170,9152588,1,,,,9149d7a09e18ea545bdd240ad389fea06ffd3bb530435889ce9a1be93c27b458
exp/egorecover_g_pretraining/v1/verification/T1_smoke/progress.json,file,github_experiment_metadata,exp,.json,287,512,1790691707811332366,2097170,9152598,1,,,,820aac8e9d785e9d5ac855df282718689789965e096da3a8269f36986686f3ca
exp/egorecover_g_pretraining/v1/verification/T1_smoke/report.json,file,github_experiment_metadata,exp,.json,2204,512,1790691713769533389,2097170,10816332,1,,,,8131fcafcd97f2dec4176d794047dc5867d56fe575d8a1fd683bc7b35fd37efb
exp/egorecover_g_pretraining/v1/verification/T1_smoke/selection.json,file,github_experiment_metadata,exp,.json,2042,512,1790691709216149981,2097170,9152710,1,,,,5c4ec23273a6a1d4b9c6845c991af057d5b397c33719446a220f94014bb87e58
exp/egorecover_g_pretraining/v1/verification/T1_smoke_attempt1/identity.json,file,github_experiment_metadata,exp,.json,1779,512,1790691634100512866,2097170,13560049,1,,,,b8bc56d92d43af3992a3857ae3e7a27290780ac908b8f794cc23fdc086cb4f9a
exp/egorecover_g_pretraining/v1/verification/T1_smoke_attempt1/progress.json,file,github_experiment_metadata,exp,.json,288,512,1790691635014662042,2097170,13560061,1,,,,6faf6bce0b8c7661f02218a26f9b4d7d8b75de3362ab9b492158312c216cde56
exp/egorecover_g_pretraining/v1/verification/T2_smoke/identity.json,file,github_experiment_metadata,exp,.json,1779,512,1790691706823613464,2097170,13447039,1,,,,37c80de33fcfc77b95401607e1fd77ba4883c61c8b825ab8a47bc4e0040f1b65
exp/egorecover_g_pretraining/v1/verification/T2_smoke/progress.json,file,github_experiment_metadata,exp,.json,293,512,1790691707753086264,2097170,13447033,1,,,,3728f3acb42c186b589f644be9dde69bd647bf5909571df06e04aee2e4d5e711
exp/egorecover_g_pretraining/v1/verification/T2_smoke/report.json,file,github_experiment_metadata,exp,.json,2205,512,1790691714389916016,2097170,13447047,1,,,,9db4ce775c21dc0f6ad406f2b3a2e447c853cf1e3fe7a824f59d3c87af3f3541
exp/egorecover_g_pretraining/v1/verification/T2_smoke/selection.json,file,github_experiment_metadata,exp,.json,2053,512,1790691709062138304,2097170,13447045,1,,,,a1b59e951bc23f51173393b27daacdc7502bc533f3dc8607a5f30f4a6342dc08
exp/egorecover_g_pretraining/v1/verification/T2_smoke_attempt1/identity.json,file,github_experiment_metadata,exp,.json,1779,512,1790691634127300670,2097170,9152596,1,,,,21033fad33ab19f612b33bce1dce7977091b3d3c28718971e1faec4fb32edf57
exp/egorecover_g_pretraining/v1/verification/T2_smoke_attempt1/progress.json,file,github_experiment_metadata,exp,.json,292,512,1790691635083691389,2097170,10816037,1,,,,a860b976981c9c6ba42dcce31239c74294160e54850667a0cb543320760fce77
exp/egorecover_g_pretraining/v1/verification/T3_smoke/identity.json,file,github_experiment_metadata,exp,.json,1779,512,1790691706872650592,2097170,13559832,1,,,,c3542d257ff5990438d44d84032fcf95b2074d044f74efdfdd0a1ca702445ca3
exp/egorecover_g_pretraining/v1/verification/T3_smoke/progress.json,file,github_experiment_metadata,exp,.json,293,512,1790691707821310147,2097170,13559828,1,,,,48dc9c4ad005c0812a4a0e0fc8cb2a08b5983afea0618b5fcaf443ecb3e249aa
exp/egorecover_g_pretraining/v1/verification/T3_smoke/report.json,file,github_experiment_metadata,exp,.json,2204,512,1790691714715914090,2097170,13559833,1,,,,ac38636ade0accc224f5d037bb84b9c1df75e553e8e9d74976ce2f324d1d7a9a
exp/egorecover_g_pretraining/v1/verification/T3_smoke/selection.json,file,github_experiment_metadata,exp,.json,2040,512,1790691709444532248,2097170,13559827,1,,,,2b9c595e682d4f7bd6fc209b2be1a4a924b37bfcf27ea4a8ded8fd85742c4b87
exp/egorecover_g_pretraining/v1/verification/T3_smoke_attempt1/identity.json,file,github_experiment_metadata,exp,.json,1779,512,1790691634123926876,2097170,11242533,1,,,,cde7bc823d3548aad6214b45829bf146cf61e5f529d51b9cc8656c62822af027
exp/egorecover_g_pretraining/v1/verification/T3_smoke_attempt1/progress.json,file,github_experiment_metadata,exp,.json,293,512,1790691635055922077,2097170,11242526,1,,,,d577f920ec183e362bf49a1c44a1f3ef85c53edf1566e3b813c8d278f5cda199
exp/egorecover_g_pretraining/v1/verification/smoke.json,file,github_experiment_metadata,exp,.json,2660,512,1790692115509492176,2097170,13447055,1,,,,b70a64b7ba3bff7dff40d67b0c94b736cf1cf3f581448e4e5f78c3de0a97fbc1
exp/egorecover_g_pretraining/v1/verification/smoke_processes.json,file,github_experiment_metadata,exp,.json,247,512,1790691620022584194,2097170,13447028,1,,,,62017b7f15285c6615b01af6d7aad815e8bb30c466a0b70c29938e96f9925173
exp/egorecover_loss_ablation/g00_g11_v1/PLAN.md,file,github_experiment_metadata,exp,.md,1993,512,1790611099869082514,2097170,10741992,1,,,,693ab0b1e554de31ed8fee221152d55cf1951fd3a3d88aed5e9952ef53ff4497
exp/egorecover_loss_ablation/g00_g11_v1/eval/g0f0_gaussian/progress.json,file,github_experiment_metadata,exp,.json,77965,81920,1790654807977477000,2097170,13258790,1,,,,157991598f80652992efbca1a371cf7bf3b183c086db10041966e60854389efa
exp/egorecover_loss_ablation/g00_g11_v1/eval/g0f0_gaussian/report.json,file,github_experiment_metadata,exp,.json,1131,512,1790654807989633407,2097170,13258791,1,,,,e5d700b60f7a3f82be92e471c7c0f586f166cf47b89e5983d899271696152f47
exp/egorecover_loss_ablation/g00_g11_v1/eval/g0f0_history/progress.json,file,github_experiment_metadata,exp,.json,78035,81920,1790654875664420000,2097170,13085267,1,,,,47aedbf4807d6cf6fe51620bc9fb1d75ff6fbc8677f14be11c58c1bc950ac3b7
exp/egorecover_loss_ablation/g00_g11_v1/eval/g0f0_history/report.json,file,github_experiment_metadata,exp,.json,1128,512,1790654807901456491,2097170,13085262,1,,,,ff63bf0dcb1365887fa195d5044ce6304a06a295d1c2b3ece385cf953b094652
exp/egorecover_loss_ablation/g00_g11_v1/eval/g1f1_gaussian/progress.json,file,github_experiment_metadata,exp,.json,77965,81920,1790654807820631000,2097170,14752321,1,,,,b3fc6b795c7e7200754b7d6835b39602bee0ed80e35537c3b0cf0c2bdde0a656
exp/egorecover_loss_ablation/g00_g11_v1/eval/g1f1_gaussian/report.json,file,github_experiment_metadata,exp,.json,1131,512,1790654807824705905,2097170,14752347,1,,,,9086eec44a182f787116a0ff07c34dc0838ae7a93f81d1b74902d814b549b46d
exp/egorecover_loss_ablation/g00_g11_v1/eval/g1f1_history/progress.json,file,github_experiment_metadata,exp,.json,77888,81920,1790654807818699000,2097170,13258788,1,,,,6aa43ab804e962295da790a2e52638915ae438fabea1f66cfd8a0cdadc4f2c51
exp/egorecover_loss_ablation/g00_g11_v1/eval/g1f1_history/report.json,file,github_experiment_metadata,exp,.json,1128,512,1790654807827137801,2097170,13258789,1,,,,43d547dfb533c2b79b57a31e8eaa1470014cf9a56b5fc06e5bb50f91d02d8a2e
exp/egorecover_loss_ablation/g00_g11_v1/experiment.json,file,github_experiment_metadata,exp,.json,2794,512,1790610991533978018,2097170,10741961,1,,,,58547aa49e6fb1f403d1986e0b18ec23a6ecd621c79350571b30a386f551a310
exp/egorecover_loss_ablation/g00_g11_v1/jobs/eval_g0f0_gaussian.1.json,file,github_experiment_metadata,exp,.json,677,512,1790654537084665897,2097170,14683991,1,,,,5cc9996db498a13584c4acf15e4e9b486d47ad15d3d480bc6175876c157e5288
exp/egorecover_loss_ablation/g00_g11_v1/jobs/eval_g0f0_gaussian.1.status.json,file,github_experiment_metadata,exp,.json,841,512,1790654881581589285,2097170,14684024,1,,,,f938cddf81413c1bfad3cdbd9768bbdb14c9c5e56554dacdcc9c5bb1148cc308
exp/egorecover_loss_ablation/g00_g11_v1/jobs/eval_g0f0_history.1.json,file,github_experiment_metadata,exp,.json,673,512,1790622782464207416,2097170,11356994,1,,,,c7d9855bc9b7c4f20f4d8c23391c8d93d0f1a03f7fed6c5f3d8c58afa1328cc6
exp/egorecover_loss_ablation/g00_g11_v1/jobs/eval_g0f0_history.1.status.json,file,github_experiment_metadata,exp,.json,835,512,1790623009511148889,2097170,11357004,1,,,,66872c550939946ddc437e97f7940ff9e373d81f3a507b6681a73fee63d3c2ee
exp/egorecover_loss_ablation/g00_g11_v1/jobs/eval_g0f0_history.2.json,file,github_experiment_metadata,exp,.json,673,512,1790654537097690878,2097170,14683986,1,,,,c7d9855bc9b7c4f20f4d8c23391c8d93d0f1a03f7fed6c5f3d8c58afa1328cc6
exp/egorecover_loss_ablation/g00_g11_v1/jobs/eval_g0f0_history.2.status.json,file,github_experiment_metadata,exp,.json,837,512,1790654881603864582,2097170,14684010,1,,,,b0fbbb9fab0b13aca4c95adbd849b6feedeb8a282e1d62ae8c8171122aea028e
exp/egorecover_loss_ablation/g00_g11_v1/jobs/eval_g1f1_gaussian.1.json,file,github_experiment_metadata,exp,.json,677,512,1790654537106879217,2097170,14683993,1,,,,a6f9a404b61be5ebaaaced459da10b7cde8e6abb8f68e44d5fe1cd5a93e21b95
exp/egorecover_loss_ablation/g00_g11_v1/jobs/eval_g1f1_gaussian.1.status.json,file,github_experiment_metadata,exp,.json,841,512,1790654881549178454,2097170,14684023,1,,,,fbff39ef8aa171b9bb5b543d5cbe91628908248ae1d7a11087b6150a1e6b0d9d
exp/egorecover_loss_ablation/g00_g11_v1/jobs/eval_g1f1_history.1.json,file,github_experiment_metadata,exp,.json,673,512,1790654537117629385,2097170,14683996,1,,,,fed5ffe0fa34a588a1c33ad95a447e22e046eff17e0d8f47eae4db3d9774d343
exp/egorecover_loss_ablation/g00_g11_v1/jobs/eval_g1f1_history.1.status.json,file,github_experiment_metadata,exp,.json,837,512,1790654881633836991,2097170,14683989,1,,,,8555252330d8b1d788f5aa53e9a8b5a288e1b94af90aa9e249214d62fb1fcbb3
exp/egorecover_loss_ablation/g00_g11_v1/jobs/train_g0f0_gaussian.1.json,file,github_experiment_metadata,exp,.json,1070,512,1790611006812085777,2097170,10741965,1,,,,048decb0568899b1b3c6dfb46977d3c141fb7205e60409a1785841ea12fa5759
exp/egorecover_loss_ablation/g00_g11_v1/jobs/train_g0f0_gaussian.1.status.json,file,github_experiment_metadata,exp,.json,1232,512,1790623466828554110,2097170,11357003,1,,,,8e5c0f30babf58b2f466ab72de23393f018917004e184a2865c715080b37eae9
exp/egorecover_loss_ablation/g00_g11_v1/jobs/train_g0f0_history.1.json,file,github_experiment_metadata,exp,.json,1068,512,1790611006827223141,2097170,10741968,1,,,,66ebaa8b34bfa9bc66828b5df12df4e16450b582e4784bb473bbfc8b41d12411
exp/egorecover_loss_ablation/g00_g11_v1/jobs/train_g0f0_history.1.status.json,file,github_experiment_metadata,exp,.json,1230,512,1790622771982424238,2097170,11357008,1,,,,7d53e4e5a863ff2af9d5a80feeaa94c6e548619a065b6e3787d17a20bcf1b277
exp/egorecover_loss_ablation/g00_g11_v1/jobs/train_g1f1_gaussian.1.json,file,github_experiment_metadata,exp,.json,1070,512,1790611006835887901,2097170,10741962,1,,,,1852ca33a38a8ce5289d0c1e84d87ead7e4dd05ff55ffb5264d9737f11c0059c
exp/egorecover_loss_ablation/g00_g11_v1/jobs/train_g1f1_gaussian.1.status.json,file,github_experiment_metadata,exp,.json,1232,512,1790623828536057887,2097170,11357039,1,,,,3551b0745cd2013313620df5daacf5ea34128b6b8ea8ba971c591711a095c3dd
exp/egorecover_loss_ablation/g00_g11_v1/jobs/train_g1f1_history.1.json,file,github_experiment_metadata,exp,.json,1068,512,1790611006844399843,2097170,10741971,1,,,,bc4b5af8b64203dd80e9b118168f71e33e2515efe88d1bdf5c38153a0b6bed7b
exp/egorecover_loss_ablation/g00_g11_v1/jobs/train_g1f1_history.1.status.json,file,github_experiment_metadata,exp,.json,1230,512,1790623561225802236,2097170,11357028,1,,,,66a7d643bef58ebcffea356f3f0ac67f31618b9d3f745e01b7f7a27a63109921
exp/egorecover_loss_ablation/g00_g11_v1/launch.json,file,github_experiment_metadata,exp,.json,249,512,1790610988748141594,2097170,10741958,1,,,,38f18fa2edd8ca6376585e3ab4c979dbf1c52e21bdc5c45bff49279faaad6775
exp/egorecover_loss_ablation/g00_g11_v1/queue.before_eval_repair_20260929.json,file,github_experiment_metadata,exp,.json,12707,16384,1790654506441015000,2097170,14683985,1,,,,f3420a571c09df8033cd094f45fb8370687d1799f6c09a80ab62d1613e0e09b5
exp/egorecover_loss_ablation/g00_g11_v1/queue.before_user_stop_20260929.json,file,github_experiment_metadata,exp,.json,13405,16384,1790654923083324000,2097170,14683995,1,,,,2db62f0a36da2099febd05e4bb0311547257340384d3258ca2e0b0db23acb455
exp/egorecover_loss_ablation/g00_g11_v1/queue.json,file,github_experiment_metadata,exp,.json,14203,16384,1790654923090613000,2097170,14684009,1,,,,dfc7402524a3a8383d8ba48c46f7c138f345c22ffd227f5558f6747f3a1b58dc
exp/egorecover_loss_ablation/g00_g11_v1/startup_verified.json,file,github_experiment_metadata,exp,.json,1117,512,1790611330935320869,2097170,10741998,1,,,,1b740ab1f182215e2173ecb3fd9a404111556ee4e32f02f7a56dd6e5dd997a6d
exp/egorecover_loss_ablation/g00_g11_v1/train/g0f0_gaussian/report.json,file,github_experiment_metadata,exp,.json,81709,81920,1790623465615901000,2097170,16792632,1,,,,ade80cde58287b7e38cefa2a8359980210d9ffc4e6eae438a87d85426866d4b1
exp/egorecover_loss_ablation/g00_g11_v1/train/g0f0_history/report.json,file,github_experiment_metadata,exp,.json,81776,81920,1790622770891480000,2097170,10741982,1,,,,bcc10fefcc9dee04e66ef91f26ec2088b9915544aea2b2285a437565b09a0231
exp/egorecover_loss_ablation/g00_g11_v1/train/g1f1_gaussian/report.json,file,github_experiment_metadata,exp,.json,85280,90112,1790623827320555000,2097170,15375893,1,,,,ffd810506f8f4f50a2ea6df2e36ed362e0b62cce985fd87e13d82b4767249833
exp/egorecover_loss_ablation/g00_g11_v1/train/g1f1_history/report.json,file,github_experiment_metadata,exp,.json,85334,90112,1790623560148192000,2097170,16792631,1,,,,a38957ff8125099fe61c8560059d662f1d5956e8fa392741768f963cc1a52303
exp/egorecover_observation_reference/v1/R0/seed62/identity.json,file,github_experiment_metadata,exp,.json,1671,512,1790760838024877543,2097170,13274208,1,,,,d48c7fc329db7c3d033812d0ce9e5cfafa9106f17a08520cb3ba2abc5d81a81b
exp/egorecover_observation_reference/v1/R0/seed62/progress.json,file,github_experiment_metadata,exp,.json,290,512,1790761426712497243,2097170,13274323,1,,,,1cb1412d164348e65a70a7623af333642deec9f8b21951e97dccbe31e3da56c1
exp/egorecover_observation_reference/v1/R1/seed62/identity.json,file,github_experiment_metadata,exp,.json,1671,512,1790760838105510958,2097170,14719913,1,,,,d76892be2e92bc7a78f448243f1848cc327f926faeddd1ae31a57f5ecf5785ca
exp/egorecover_observation_reference/v1/R1/seed62/progress.json,file,github_experiment_metadata,exp,.json,294,512,1790761431123635665,2097170,15334843,1,,,,cfca0a8c280791d39214fe17b8d081bc31297ee3212b36738fd5d2803162c876
exp/egorecover_observation_reference/v1/R2/seed62/identity.json,file,github_experiment_metadata,exp,.json,1671,512,1790760838024877541,2097170,14719951,1,,,,b2cc14a8847a2753f01dec1d5cde419043d407e1f5f954578ac6f0d2c740cc78
exp/egorecover_observation_reference/v1/R2/seed62/progress.json,file,github_experiment_metadata,exp,.json,292,512,1790761430161999361,2097170,15334825,1,,,,e33c202830928232953d6c079afb0dfff52e38feb642bf4ebeddf32013b341eb
exp/egorecover_observation_reference/v1/R3/seed62/identity.json,file,github_experiment_metadata,exp,.json,1671,512,1790760838024876424,2097170,13416362,1,,,,6ef440a939ae21b0c464567024c3a3d682dfa67c5a7f08d9588f7f1215cbc01f
exp/egorecover_observation_reference/v1/R3/seed62/progress.json,file,github_experiment_metadata,exp,.json,296,512,1790761337036085821,2097170,15079469,1,,,,0235733c7469db383c0151bc5a60316bfb6e55d55155a7747e56d6ce5e71c94f
exp/egorecover_observation_reference/v1/diagnostic/progress.json,file,github_experiment_metadata,exp,.json,1875,512,1790760036194732144,2097170,15713701,1,,,,20ee429ce39398925e65e10085e47ae24b7b73d26729ec13ae2ab71f1a4f7680
exp/egorecover_observation_reference/v1/diagnostic/report.json,file,github_experiment_metadata,exp,.json,2148,512,1790760036196587918,2097170,15713702,1,,,,b578e500b493202df4ede68b6b17ea965e63d16399f33d11facf22f3defc378b
exp/egorecover_observation_reference/v1/evaluation/e7_baseline.json,file,github_experiment_metadata,exp,.json,144242,147456,1790741493039666000,2097170,10996024,1,,,,ee34f81e3510cb20a6a267e75cbbd26b8d12605ea920705a9cd4b17f859d08ad
exp/egorecover_observation_reference/v1/identity.json,file,github_experiment_metadata,exp,.json,1769,512,1790760153412894550,2097170,6992109,1,,,,aec97a8e3ec8f18d47dbcb2fcb1f17e31eb6a7408c5f1c7b427eac28ea302c9c
exp/egorecover_observation_reference/v1/plan.json,file,github_experiment_metadata,exp,.json,998,512,1790759987365544742,2097170,771928,1,,,,275b98c4d9ddbb3c83c05574cfb1680308b80e68c9982541de9bc5a0789ac435
exp/egorecover_observation_reference/v1/queue.json,file,github_experiment_metadata,exp,.json,160,512,1790761347195445639,2097170,8655435,1,,,,aa9f8ff8004547332db80b3856d4ab7e488474ad064aae152d8d65f80ac25310
exp/egorecover_observation_reference/v1/verification/R0_smoke/identity.json,file,github_experiment_metadata,exp,.json,1671,512,1790760171063658229,2097170,14719958,1,,,,d48c7fc329db7c3d033812d0ce9e5cfafa9106f17a08520cb3ba2abc5d81a81b
exp/egorecover_observation_reference/v1/verification/R0_smoke/progress.json,file,github_experiment_metadata,exp,.json,294,512,1790760172310700846,2097170,14719960,1,,,,d940ad5da95077941bee207c5124ef9d00aa6d83c9e28e32f58b867f052bcff9
exp/egorecover_observation_reference/v1/verification/R0_smoke/report.json,file,github_experiment_metadata,exp,.json,2092,512,1790760194205812033,2097170,14719986,1,,,,b85071b3b68b5e94a9fb8ca096d9e9d14613cf89f98e819c718de5ad3f27c719
exp/egorecover_observation_reference/v1/verification/R0_smoke/selection.json,file,github_experiment_metadata,exp,.json,1937,512,1790760191688658304,2097170,14719984,1,,,,e6f27ae8777b78b9b6017d708efc687f165ce723da27f8d34cc5688083b54633
exp/egorecover_observation_reference/v1/verification/R1_smoke/identity.json,file,github_experiment_metadata,exp,.json,1671,512,1790760171236494734,2097170,771610,1,,,,d76892be2e92bc7a78f448243f1848cc327f926faeddd1ae31a57f5ecf5785ca
exp/egorecover_observation_reference/v1/verification/R1_smoke/progress.json,file,github_experiment_metadata,exp,.json,293,512,1790760172845060397,2097170,6992087,1,,,,9502f16c2494ec304fa99fafb76d635bd177e576e674becd6b7e6ce054c26523
exp/egorecover_observation_reference/v1/verification/R1_smoke/report.json,file,github_experiment_metadata,exp,.json,2093,512,1790760197678982252,2097170,6992220,1,,,,fd15a333aab2d42f77e03fb626fc87540ae846284f121939f834a0210512a562
exp/egorecover_observation_reference/v1/verification/R1_smoke/selection.json,file,github_experiment_metadata,exp,.json,1972,512,1790760195589211600,2097170,6992180,1,,,,c9beb0744fbae7ef58c3a1b4d27aa5afbdd29af0236ae6beeb211ae759d2fbb1
exp/egorecover_observation_reference/v1/verification/R2_smoke/identity.json,file,github_experiment_metadata,exp,.json,1671,512,1790760171181930588,2097170,12659541,1,,,,b2cc14a8847a2753f01dec1d5cde419043d407e1f5f954578ac6f0d2c740cc78
exp/egorecover_observation_reference/v1/verification/R2_smoke/progress.json,file,github_experiment_metadata,exp,.json,293,512,1790760172441237675,2097170,12659543,1,,,,44e4d1d76be74ca9f48d19c510e8366491dfb1e270364f71c382657bf73c87b9
exp/egorecover_observation_reference/v1/verification/R2_smoke/report.json,file,github_experiment_metadata,exp,.json,2090,512,1790760201658471411,2097170,12659580,1,,,,e968dd9b9b5e2dc97644b21ad4e62bc79dc9bb0056f395cfb6c7f09f5fb49db2
exp/egorecover_observation_reference/v1/verification/R2_smoke/selection.json,file,github_experiment_metadata,exp,.json,1947,512,1790760199358716432,2097170,12659578,1,,,,31fb2cf944bc79f3bc23a9e4b96b39c2d4037114de9946076c3eecee37efcb02
exp/egorecover_observation_reference/v1/verification/R3_smoke/identity.json,file,github_experiment_metadata,exp,.json,1671,512,1790760171128693583,2097170,13416120,1,,,,6ef440a939ae21b0c464567024c3a3d682dfa67c5a7f08d9588f7f1215cbc01f
exp/egorecover_observation_reference/v1/verification/R3_smoke/progress.json,file,github_experiment_metadata,exp,.json,293,512,1790760172348037957,2097170,13416124,1,,,,d2562a6658933804a171ecde694c7e819ba7b719cc80a143a16d11ffd34a999a
exp/egorecover_observation_reference/v1/verification/R3_smoke/report.json,file,github_experiment_metadata,exp,.json,2090,512,1790760193194581128,2097170,13416139,1,,,,8da50cf430bbe9f40a399eae22327ec5d5cc3d52ef674136c2183fb372f461b2
exp/egorecover_observation_reference/v1/verification/R3_smoke/selection.json,file,github_experiment_metadata,exp,.json,1933,512,1790760190834547893,2097170,13416137,1,,,,0ad332b7973e5f1105b129f83383e67d0fc88c54d4bb3b4e02d82f2c4a7f0c2e
exp/egorecover_observation_reference/v1/verification/report.json,file,github_experiment_metadata,exp,.json,702,512,1790760206606007548,2097170,13416145,1,,,,5d7f8ed01ddb36327e097b568f60a6939026f8fb8c2f34e6376e835c25ae43ec
exp/egorecover_observation_reference/v2/R0/seed62/identity.json,file,github_experiment_metadata,exp,.json,1788,512,1790762462949967141,2097170,15694342,1,,,,c3e44355ef8f33b2f8d88cea1953ea0f42f9e2ed6804e6a04430034d97df4a3e
exp/egorecover_observation_reference/v2/R0/seed62/progress.json,file,github_experiment_metadata,exp,.json,305,512,1790770155170676274,2097170,12619635,1,,,,fdabac1b9d4dd6fdcf8f137d3758770f07212c13bf13d0f868538baf56d1f9d8
exp/egorecover_observation_reference/v2/R0/seed62/report.json,file,github_experiment_metadata,exp,.json,2227,512,1790770211274631495,2097170,12619647,1,,,,cb68abfe82902f7dd077fb0f92aaffd6b2482af1eb87df8d8abcdca9939534d0
exp/egorecover_observation_reference/v2/R0/seed62/selection.json,file,github_experiment_metadata,exp,.json,136111,139264,1790770209291476000,2097170,12619640,1,,,,b5e439c8403af4a505438abeb2ba37654d373d0067bc9ec4ca27591247244bb7
exp/egorecover_observation_reference/v2/R0/seed62/test/report.json,file,github_experiment_metadata,exp,.json,57,512,1790786802439937202,2097170,14948039,1,,,,61dadd2f9555d8412bb77aa7c8dfe98af439a94d17e6417a87cc2d15ef925c8f
exp/egorecover_observation_reference/v2/R0/seed63/identity.json,file,github_experiment_metadata,exp,.json,1788,512,1790771241525085161,2097170,12619770,1,,,,257e9a2401596bdf58c1c75bb28b9e2812e6e794128aed871cc8f4422b480a47
exp/egorecover_observation_reference/v2/R0/seed63/progress.json,file,github_experiment_metadata,exp,.json,307,512,1790778215888904875,2097170,10998044,1,,,,e16df0ecd8010d0266f014a376986b1e419f15decd904a2609bc2b15ad33e02d
exp/egorecover_observation_reference/v2/R0/seed63/report.json,file,github_experiment_metadata,exp,.json,2227,512,1790778274422771268,2097170,10998053,1,,,,5a06c56c7b6555f5e3bb10d08af12993dbacd34dc09476d82b39a012cf10d6e5
exp/egorecover_observation_reference/v2/R0/seed63/selection.json,file,github_experiment_metadata,exp,.json,136163,139264,1790778272280700000,2097170,10998050,1,,,,071d23f466199482e3f98bd7b27966dd782d18d9590e1d3eab9b271cfeee8589
exp/egorecover_observation_reference/v2/R0/seed63/test/report.json,file,github_experiment_metadata,exp,.json,57,512,1790787636021655796,2097170,15001267,1,,,,5abdea29de409e6bb66602f0f872ebe3367710806acd582cee31d1e6434f03f3
exp/egorecover_observation_reference/v2/R0/seed64/identity.json,file,github_experiment_metadata,exp,.json,1788,512,1790779163502812482,2097170,15371891,1,,,,569f3e84d49484e7c2f2ec6642578adf8d673bf68f7a6f58e4125cda52888be7
exp/egorecover_observation_reference/v2/R0/seed64/progress.json,file,github_experiment_metadata,exp,.json,306,512,1790785736417445206,2097170,15011127,1,,,,7ae630ccd24011e6c9dfb5b182c55973f359b7f6c3df4059aa8d6e247b039c1a
exp/egorecover_observation_reference/v2/R0/seed64/report.json,file,github_experiment_metadata,exp,.json,2227,512,1790785789890017827,2097170,15011140,1,,,,014fff2b1a322874831724107ff9ab1eb0d3d3669297d43cbb23ec840417da8d
exp/egorecover_observation_reference/v2/R0/seed64/selection.json,file,github_experiment_metadata,exp,.json,136249,139264,1790785787862797000,2097170,15011138,1,,,,8ebed25d75408ee800286cb43c416ea80f4bcdc3e2b486a8c6d3a27c1dd45b82
exp/egorecover_observation_reference/v2/R0/seed64/test/report.json,file,github_experiment_metadata,exp,.json,56,512,1790788377410197092,2097170,15626081,1,,,,cd7b8204ba99d685be7fda7be18875a55bda85d3e7d921956e9257853d6f6477
exp/egorecover_observation_reference/v2/R1/seed62/identity.json,file,github_experiment_metadata,exp,.json,1788,512,1790762462949968788,2097170,4481996,1,,,,704a317bb2bc5b654fbfaba3ef4d59d345bd420a5525e490bb75b3950439416b
exp/egorecover_observation_reference/v2/R1/seed62/progress.json,file,github_experiment_metadata,exp,.json,305,512,1790770571838778412,2097170,13595486,1,,,,48fe8f9549a9da39ace2bcf468d618b45e374acda5df1dbf76b634b382aeaad2
exp/egorecover_observation_reference/v2/R1/seed62/report.json,file,github_experiment_metadata,exp,.json,2227,512,1790770627919578801,2097170,13595510,1,,,,6c70539c4b6b4afa3064d36f6c5a8c1c7bd8adfa04983ca862b0e54cc7315d32
exp/egorecover_observation_reference/v2/R1/seed62/selection.json,file,github_experiment_metadata,exp,.json,136163,139264,1790770625889213000,2097170,13595511,1,,,,630b406923c651d979cffb87761059bd39be37452b815f8dd8d8bdc5f8ab493d
exp/egorecover_observation_reference/v2/R1/seed62/test/report.json,file,github_experiment_metadata,exp,.json,57,512,1790786759997744907,2097170,15098323,1,,,,250e65e3b1c876ca113a49aba7b9fa47bfade999db68f91c9dd245429909c151
exp/egorecover_observation_reference/v2/R1/seed63/identity.json,file,github_experiment_metadata,exp,.json,1788,512,1790771241526314936,2097170,13595618,1,,,,20118092bbbf48c4043cbcf58f9f25db0e06b6f69e7dd8d0fe6b9a1c99ca2289
exp/egorecover_observation_reference/v2/R1/seed63/progress.json,file,github_experiment_metadata,exp,.json,306,512,1790778065980117882,2097170,7214191,1,,,,70d7732d1f3a77fd6d79b8fe89065a7e9d7f8bc0bcca399df9e621bd143e1aa7
exp/egorecover_observation_reference/v2/R1/seed63/report.json,file,github_experiment_metadata,exp,.json,2226,512,1790778124894912109,2097170,7214553,1,,,,bc061ddaab020891dd9c9ced0be34c4a4e1d34bee2b8d1b6715272ca5d45e952
exp/egorecover_observation_reference/v2/R1/seed63/selection.json,file,github_experiment_metadata,exp,.json,136240,139264,1790778122627731000,2097170,8877976,1,,,,d90dfcd8b0576f0c5f71eb168f1fd392e073e8124d6c2949ca28857c6b25112b
exp/egorecover_observation_reference/v2/R1/seed63/test/report.json,file,github_experiment_metadata,exp,.json,57,512,1790787617389631575,2097170,15001230,1,,,,abf6c18f4e6b9c2826b302cf3630da62962d7c735c67643650f2c3e5f510cff0
exp/egorecover_observation_reference/v2/R1/seed64/identity.json,file,github_experiment_metadata,exp,.json,1788,512,1790779163482147801,2097170,10541154,1,,,,ae09f5cd04bb4fbed39fff0e29281f9131ea3888214055e1083e3394d244621a
exp/egorecover_observation_reference/v2/R1/seed64/progress.json,file,github_experiment_metadata,exp,.json,305,512,1790785828038093987,2097170,15098202,1,,,,76bafa1f1b487f72f41eee4f715d370dbd793aea31c9121a3338497c1ffce2d1
exp/egorecover_observation_reference/v2/R1/seed64/report.json,file,github_experiment_metadata,exp,.json,2226,512,1790785881051892366,2097170,15098229,1,,,,d50e51241a3bb718239f45ac60dba8f2edf5edf7ce9ff31caeb6bf5548193a05
exp/egorecover_observation_reference/v2/R1/seed64/selection.json,file,github_experiment_metadata,exp,.json,136261,139264,1790785879239575000,2097170,15098227,1,,,,586f85c84ec1fa9792694b470c73522674b80491a93547998acbe0e3feb9313c
exp/egorecover_observation_reference/v2/R1/seed64/test/report.json,file,github_experiment_metadata,exp,.json,57,512,1790788405567591834,2097170,15626098,1,,,,927b616bec92f110b629a6827ca621b8e6a410d4c781f245cf2d77a027b7c66f
exp/egorecover_observation_reference/v2/R2/seed62/identity.json,file,github_experiment_metadata,exp,.json,1788,512,1790762462952193605,2097170,15694343,1,,,,ee304c2a10bd54439b24c1f2156e03292bd30d292b019c5a628d2f9f31ae2e00
exp/egorecover_observation_reference/v2/R2/seed62/progress.json,file,github_experiment_metadata,exp,.json,304,512,1790770190254553849,2097170,12619645,1,,,,907669427afb2980476f1edfd49e7a0cd952d7315abc82a25169c8ea970f2904
exp/egorecover_observation_reference/v2/R2/seed62/report.json,file,github_experiment_metadata,exp,.json,2226,512,1790770245420162597,2097170,12619614,1,,,,b42c4b435c76ee1c4018bab2f2bf9e15c1d140b3f728f878f0fd274348bc6267
exp/egorecover_observation_reference/v2/R2/seed62/selection.json,file,github_experiment_metadata,exp,.json,136254,139264,1790770243529709000,2097170,12619625,1,,,,d0d593d2b83855296204ee85c35309c49a76960bd1c58d7adf44b67b48bbbaa4
exp/egorecover_observation_reference/v2/R2/seed62/test/report.json,file,github_experiment_metadata,exp,.json,57,512,1790786755264739552,2097170,13338002,1,,,,8c5d20c2ebb10bc1e580f74671869923b8739ff6ee80df9033ad0c12d10511aa
exp/egorecover_observation_reference/v2/R2/seed63/identity.json,file,github_experiment_metadata,exp,.json,1788,512,1790771241523859528,2097170,13595616,1,,,,1eae4413eb06d5c0391c091c68461df8a5c9d092b4e25b98d388567a3f1ad039
exp/egorecover_observation_reference/v2/R2/seed63/progress.json,file,github_experiment_metadata,exp,.json,305,512,1790777842723696062,2097170,8877866,1,,,,3dc0638e3c167b09e216c10ee503952c37ae32a26800ee9854a49305de0cadcd
exp/egorecover_observation_reference/v2/R2/seed63/report.json,file,github_experiment_metadata,exp,.json,2227,512,1790777948975695799,2097170,8877944,1,,,,43ef93788d45118b416f30bc8ae59671f0a8a227800a9fe401d43e2ca0305e33
exp/egorecover_observation_reference/v2/R2/seed63/selection.json,file,github_experiment_metadata,exp,.json,136264,139264,1790777946827504000,2097170,8877929,1,,,,d78a494510d63db4e1748c38c74e2cc4b1cf587e0139a421c62a61ed171da63b
exp/egorecover_observation_reference/v2/R2/seed63/test/report.json,file,github_experiment_metadata,exp,.json,56,512,1790787612803048861,2097170,15001258,1,,,,6a9eddea3906e06e35c7f5b489b559d7181e4eed613efc8bad8903969831f68f
exp/egorecover_observation_reference/v2/R2/seed64/identity.json,file,github_experiment_metadata,exp,.json,1788,512,1790779163480999270,2097170,10998225,1,,,,79fa925fddc51d7e04c050b01b2767ddab76d361cf1180cba5927c6f497f5556
exp/egorecover_observation_reference/v2/R2/seed64/progress.json,file,github_experiment_metadata,exp,.json,307,512,1790785647740402658,2097170,13337740,1,,,,aef3546a10dd1a0b627d07b09d2418824c6ba059469c95e1990d96239fdee23c
exp/egorecover_observation_reference/v2/R2/seed64/report.json,file,github_experiment_metadata,exp,.json,2227,512,1790785702093641831,2097170,13337765,1,,,,4899205a6673626219183e95ee1696bdcec84019959987868b76491c0921d5e5
exp/egorecover_observation_reference/v2/R2/seed64/selection.json,file,github_experiment_metadata,exp,.json,136212,139264,1790785700166566000,2097170,13337753,1,,,,07466f740c96466f9adba60733f76bd2829bbc5e740daedac97705e830680b28
exp/egorecover_observation_reference/v2/R2/seed64/test/report.json,file,github_experiment_metadata,exp,.json,57,512,1790788414664674077,2097170,15626100,1,,,,8ad63a30449215b4cf7c1e74d21e29c7f808059ffd5f1d1e4a48714bc87044a9
exp/egorecover_observation_reference/v2/R3/seed62/identity.json,file,github_experiment_metadata,exp,.json,1788,512,1790762463064808058,2097170,4481997,1,,,,c50b80e4bc931943cabe4f0900635589f2c1b872935faed2931e5b12c77b2ead
exp/egorecover_observation_reference/v2/R3/seed62/progress.json,file,github_experiment_metadata,exp,.json,306,512,1790770161074201027,2097170,13595358,1,,,,1aa709fe0c48b6ec6aa1a2f233908c66125e1dd21022a4fd0482b381b743c214
exp/egorecover_observation_reference/v2/R3/seed62/report.json,file,github_experiment_metadata,exp,.json,2225,512,1790770217736718736,2097170,13595349,1,,,,2c6f33721c15f6dad4c58df0ec50acf9a0efca0d706ca493d74d4d4ad4427fb9
exp/egorecover_observation_reference/v2/R3/seed62/selection.json,file,github_experiment_metadata,exp,.json,136308,139264,1790770215913844000,2097170,13595371,1,,,,645cd0a466e00715ef9512f3c96bc52a77901316a9028d3dace54c6e5554611c
exp/egorecover_observation_reference/v2/R3/seed62/test/report.json,file,github_experiment_metadata,exp,.json,57,512,1790786890408500967,2097170,14948049,1,,,,93af3badeeb633b48057291a3592400acf0a55b5afbb554ac52a30f5e196f823
exp/egorecover_observation_reference/v2/R3/seed63/identity.json,file,github_experiment_metadata,exp,.json,1788,512,1790771241523869421,2097170,13595617,1,,,,80960b850fd1eab58c593413784017426700ae7c65ea1256d5cc87c288f70def
exp/egorecover_observation_reference/v2/R3/seed63/progress.json,file,github_experiment_metadata,exp,.json,306,512,1790778500172367457,2097170,8878018,1,,,,c89d8f0f88f7674e4d9485e7479466e1df820bf2a149aa45f7106bd38c24654f
exp/egorecover_observation_reference/v2/R3/seed63/report.json,file,github_experiment_metadata,exp,.json,2226,512,1790778561649428752,2097170,8878026,1,,,,317377122c527f4d26a0d1cd8bbc7ec5bd40e4cdac4c8c62bcaf9605f296d1e0
exp/egorecover_observation_reference/v2/R3/seed63/selection.json,file,github_experiment_metadata,exp,.json,136267,139264,1790778559702849000,2097170,8878021,1,,,,ed1006998a8b1b0f62de3e69acc79be9d2772ce89c1d8bbdb9e37d4c1370219e
exp/egorecover_observation_reference/v2/R3/seed63/test/report.json,file,github_experiment_metadata,exp,.json,57,512,1790787610583649245,2097170,15001241,1,,,,0cee697b69bbfbbcdcb101f41bdd4244f88d16a5fe937a0c730ea59220b38afd
exp/egorecover_observation_reference/v2/R3/seed64/identity.json,file,github_experiment_metadata,exp,.json,1788,512,1790779163491235844,2097170,15657926,1,,,,21c40f126f059c7b47a57911e40eab98a250e43fd492ffb7b6df25d9461168bd
exp/egorecover_observation_reference/v2/R3/seed64/progress.json,file,github_experiment_metadata,exp,.json,307,512,1790785975265425410,2097170,13284851,1,,,,2777332678327c3909e173b310b009475ddcc88c23189e71ebf7ba130b508cf5
exp/egorecover_observation_reference/v2/R3/seed64/report.json,file,github_experiment_metadata,exp,.json,2226,512,1790786030335591954,2097170,14947842,1,,,,7b173ab8ef24f1b91e8dbb42a40de500475d10b5e7d40ef95f939d919603b1e4
exp/egorecover_observation_reference/v2/R3/seed64/selection.json,file,github_experiment_metadata,exp,.json,136199,139264,1790786028311911000,2097170,13284860,1,,,,5157baf55ebce610074889097ba2aff8331a389f4f2972ae31796b6acfeda99e
exp/egorecover_observation_reference/v2/R3/seed64/test/report.json,file,github_experiment_metadata,exp,.json,57,512,1790788368185094087,2097170,15001516,1,,,,2fd3be251e7dae61d5f17e3b491a936621fae177c5b6111f61a54d2e47ee0dcd
exp/egorecover_observation_reference/v2/RESULTS.md,file,github_experiment_metadata,exp,.md,2106,512,1790788425354719747,2097170,15001520,1,,,,b0bda988f08cf7df7e55a9179e51530a6bed1684a8066410e7433833ded3ba4e
exp/egorecover_observation_reference/v2/analysis/cross-round-comparisons.json,file,github_experiment_metadata,exp,.json,870,512,1790877525116852116,2097170,10864258,1,,,,695b7e78c3d44a89355b1c7e0c48bb840b3d6cdd4223a1a1bdfc868012f792d2
exp/egorecover_observation_reference/v2/analysis/final-conclusions.md,file,github_experiment_metadata,exp,.md,5421,8192,1790877635680965000,2097170,10864276,1,,,,7c2846ad52aff9373571e4d0753e1a2283898a885f511e304b3ac07d582c4818
exp/egorecover_observation_reference/v2/diagnostic/report.json,file,github_experiment_metadata,exp,.json,2148,512,1790760036196587918,2097170,6992053,1,,,,b578e500b493202df4ede68b6b17ea965e63d16399f33d11facf22f3defc378b
exp/egorecover_observation_reference/v2/evaluation/e7_baseline.json,file,github_experiment_metadata,exp,.json,144242,147456,1790741493039666000,2097170,13274534,1,,,,ee34f81e3510cb20a6a267e75cbbd26b8d12605ea920705a9cd4b17f859d08ad
exp/egorecover_observation_reference/v2/evaluation/selected_checkpoints.json,file,github_experiment_metadata,exp,.json,999,512,1790786042105017946,2097170,13284862,1,,,,35747cfcd123ab6bc9b1d0d3b53207d2918f288a7ad17638c893d4f306ae15d4
exp/egorecover_observation_reference/v2/identity.json,file,github_experiment_metadata,exp,.json,1886,512,1790761817828214567,2097170,15079718,1,,,,72c2361367a6c03ddd68b99fc7af4fe7c704294d1983fd8f896ac5411baba619
exp/egorecover_observation_reference/v2/interim/seed62_step18000.json,file,github_experiment_metadata,exp,.json,44703,49152,1790769599177610000,2097170,11100973,1,,,,63a757768efee763f043f7ad132fd834e9c684964edcdc31b1500245df578d8f
exp/egorecover_observation_reference/v2/plan.json,file,github_experiment_metadata,exp,.json,1113,512,1790761817622701575,2097170,15079710,1,,,,df7485893ac37243d80c7ce59204b991024934b77284f2e64ced2e5337b14bbc
exp/egorecover_observation_reference/v2/queue.json,file,github_experiment_metadata,exp,.json,77,512,1790788425364835412,2097170,15001511,1,,,,0657926195578da20f76fcb8d78d89a4a70beb85a65ed744829bee9777849778
exp/egorecover_observation_reference/v2/summary.json,file,github_experiment_metadata,exp,.json,1827289,1835008,1790788425353902839,2097170,15001518,1,,,,461e69cafdbbf00158273b90d780ac6a80ab75e4cab42560c27e6f71ddf8b0a3
exp/egorecover_observation_reference/v2/verification/R0_smoke/identity.json,file,github_experiment_metadata,exp,.json,1788,512,1790761835848340215,2097170,13274549,1,,,,c3e44355ef8f33b2f8d88cea1953ea0f42f9e2ed6804e6a04430034d97df4a3e
exp/egorecover_observation_reference/v2/verification/R0_smoke/progress.json,file,github_experiment_metadata,exp,.json,294,512,1790761838250231943,2097170,13274552,1,,,,b912df71cb2d0d20d03b13056aa099c42d95e198bd7dad41c0df72f0f2f9d375
exp/egorecover_observation_reference/v2/verification/R0_smoke/report.json,file,github_experiment_metadata,exp,.json,2218,512,1790761862457494445,2097170,13274551,1,,,,92c03090103170d9af997c9f78f1dc924b27bbad155616d9e744382c366b186e
exp/egorecover_observation_reference/v2/verification/R0_smoke/selection.json,file,github_experiment_metadata,exp,.json,2044,512,1790761860269542467,2097170,13274118,1,,,,6c919144c045eeaede78469994dd01b9997d3bfe38e1370f2f7f06097a0347d3
exp/egorecover_observation_reference/v2/verification/R1_smoke/identity.json,file,github_experiment_metadata,exp,.json,1788,512,1790761835527977971,2097170,4481689,1,,,,704a317bb2bc5b654fbfaba3ef4d59d345bd420a5525e490bb75b3950439416b
exp/egorecover_observation_reference/v2/verification/R1_smoke/progress.json,file,github_experiment_metadata,exp,.json,295,512,1790761836841672779,2097170,4481701,1,,,,d66a8205ceb7e530e5b5bfdf241a819b1250e383ae6cef6c3b9f0a2c7a51e3c2
exp/egorecover_observation_reference/v2/verification/R1_smoke/report.json,file,github_experiment_metadata,exp,.json,2217,512,1790761867371309997,2097170,4481752,1,,,,9780da22e9cd227606e6411038a431d8b95a12ca4375581177ddf70e712e4550
exp/egorecover_observation_reference/v2/verification/R1_smoke/selection.json,file,github_experiment_metadata,exp,.json,2049,512,1790761865007455927,2097170,4481750,1,,,,87757c3e5cb512717e15078ef995ec48f37ba88fb6d03b605aa6ec1c06084b4f
exp/egorecover_observation_reference/v2/verification/R2_smoke/identity.json,file,github_experiment_metadata,exp,.json,1788,512,1790761835559145774,2097170,15079733,1,,,,ee304c2a10bd54439b24c1f2156e03292bd30d292b019c5a628d2f9f31ae2e00
exp/egorecover_observation_reference/v2/verification/R2_smoke/progress.json,file,github_experiment_metadata,exp,.json,294,512,1790761836875965956,2097170,15079735,1,,,,5345668d0d1ca5b4cccdf7c27d97403d12d590cbc129327bd192eb815088258b
exp/egorecover_observation_reference/v2/verification/R2_smoke/report.json,file,github_experiment_metadata,exp,.json,2218,512,1790761866389001009,2097170,15079743,1,,,,8914f9a87b97acc9ab56aac1214ea1141cd82421b9b675da50081f63e524ed62
exp/egorecover_observation_reference/v2/verification/R2_smoke/selection.json,file,github_experiment_metadata,exp,.json,2054,512,1790761863765845044,2097170,15079744,1,,,,129af42db13a6e34222a4a4c7e9cd685be9ef2224a3d148a9f9efb3cb7ed16b0
exp/egorecover_observation_reference/v2/verification/R3_smoke/identity.json,file,github_experiment_metadata,exp,.json,1788,512,1790761835689734342,2097170,8655801,1,,,,c50b80e4bc931943cabe4f0900635589f2c1b872935faed2931e5b12c77b2ead
exp/egorecover_observation_reference/v2/verification/R3_smoke/progress.json,file,github_experiment_metadata,exp,.json,295,512,1790761836967360620,2097170,8655804,1,,,,d64f1f67cdfce21374e207466a36af6d75f53aada3686a8b0b39ec1d7a6354ac
exp/egorecover_observation_reference/v2/verification/R3_smoke/report.json,file,github_experiment_metadata,exp,.json,2217,512,1790761864149086556,2097170,8655802,1,,,,289588b2791a19fb0ba67ac70ba08b009dcf36b86d399b35a4ce04d3998bfdb0
exp/egorecover_observation_reference/v2/verification/R3_smoke/selection.json,file,github_experiment_metadata,exp,.json,2052,512,1790761861857317556,2097170,8655773,1,,,,2be2bd804748b8c3c82949bc5b4cb9b59593ab4fec387639471980c180f613f4
exp/egorecover_observation_reference/v2/verification/interface_diagnostic.json,file,github_experiment_metadata,exp,.json,313,512,1790761779626128528,2097170,15079714,1,,,,2b474601fe0e885b079c897d998893dde1409b162fd5ebffa5d485522986f77a
exp/egorecover_observation_reference/v2/verification/interface_diagnostic.py,file,github_experiment_metadata,exp,.py,2952,512,1790761869118187555,2097170,15079715,1,,,,c8bdfda3293f3ce78945f7681c96d0ffa3cca1414bdf89ca5352080e1f9ca2f4
exp/egorecover_observation_reference/v2/verification/report.json,file,github_experiment_metadata,exp,.json,702,512,1790761870857096011,2097170,15079751,1,,,,9d9bff355a31ea5b52982a3852c0f8d005b8ced7ae482b33858226e56c7d89e0
exp/egorecover_predicted_train_v1/report.json,file,github_experiment_metadata,exp,.json,2306,512,1790514439470675828,2097170,12810875,1,,,,d27a317dfe2631b9cf1bb028f19babc594806e568f1de6fd9444b308e6730b56
exp/egorecover_prior_adaptation/v1/plan.json,file,github_experiment_metadata,exp,.json,653,512,1790616019986713434,2097170,15376275,1,,,,5810dbe44536a0f2ef1cfa6e4070bf0b4eb05d497c46ede60b2c715e5b9601bd
exp/egorecover_prior_adaptation/v1/status.json,file,github_experiment_metadata,exp,.json,689,512,1790620196706993718,2097170,10810448,1,,,,4406d1b3fa1e3b4a3c06175a014361551b0a49eadfc7782245e7c343aad4d9a3
exp/egorecover_prior_cv_residual/v1/RESULTS.md,file,github_experiment_metadata,exp,.md,1594,512,1790663503703629175,2097170,14922283,1,,,,c2e2e54553b979f62a3e12ae49868a2118091f9018e3d8a8b2e1af8091acb021
exp/egorecover_prior_cv_residual/v1/SCREENING.md,file,github_experiment_metadata,exp,.md,2119,512,1790663299020351261,2097170,13259241,1,,,,6b755702d5cb147b4f375f656cb70da14399281138c0fcbc5dfdb0ece2b1a64d
exp/egorecover_prior_cv_residual/v1/jobs/H0_hold_dense_s62.1.json,file,github_experiment_metadata,exp,.json,387,512,1790662836312387717,2097170,13085681,1,,,,5359b77c1b1b6d34840753eed67f59452b704064ef7479d66925d9335953edb9
exp/egorecover_prior_cv_residual/v1/jobs/H0_hold_dense_s62.1.status.json,file,github_experiment_metadata,exp,.json,549,512,1790662990309546597,2097170,14748766,1,,,,ef5b0e6693dac3a1173ab1afbb3b61eb49d917cde6e4004a293d0491215ba2e8
exp/egorecover_prior_cv_residual/v1/jobs/H0_hold_dense_s63.1.json,file,github_experiment_metadata,exp,.json,368,512,1790663169636312692,2097170,14748841,1,,,,9a34264708e54d4921a78ec62412322cca7c203f2b96d2219532d0eefeac2133
exp/egorecover_prior_cv_residual/v1/jobs/H0_hold_dense_s63.1.status.json,file,github_experiment_metadata,exp,.json,530,512,1790663269062320110,2097170,14748826,1,,,,1b5e7d6efdec8d60b39f77dd6971a365ff6ecce2ff199b08f942487f02389714
exp/egorecover_prior_cv_residual/v1/jobs/H0_hold_dense_s64.1.json,file,github_experiment_metadata,exp,.json,368,512,1790663336282450137,2097170,14748785,1,,,,6a1a9baf802e9ce88d8c5bb31f905d2bf53025a0a7298ebb8e0533298238c438
exp/egorecover_prior_cv_residual/v1/jobs/H0_hold_dense_s64.1.status.json,file,github_experiment_metadata,exp,.json,530,512,1790663434222843161,2097170,14748859,1,,,,1e59b6b7c0a14eb621f314d53fe4a7e69029fd4d336e9c1c07dc3ae80ffaa4dc
exp/egorecover_prior_cv_residual/v1/jobs/H1_hold_fk_s62.1.json,file,github_experiment_metadata,exp,.json,365,512,1790662836335394328,2097170,13085684,1,,,,94cd3f4b133db877f00a95abe215eb0728ff36a69bb44fbd4e77de698941cc1c
exp/egorecover_prior_cv_residual/v1/jobs/H1_hold_fk_s62.1.status.json,file,github_experiment_metadata,exp,.json,527,512,1790663152145251415,2097170,14748840,1,,,,14813a2e8528422b9273b4db82a9940997802f7a075aea178e76ae02854e7b2e
exp/egorecover_prior_cv_residual/v1/jobs/H1_hold_fk_s63.1.json,file,github_experiment_metadata,exp,.json,365,512,1790663169659041880,2097170,14748851,1,,,,9042cc72cbded5824247fecec5e798b86379036d48291e1f5acad2369d228f1e
exp/egorecover_prior_cv_residual/v1/jobs/H1_hold_fk_s63.1.status.json,file,github_experiment_metadata,exp,.json,527,512,1790663325168435406,2097170,14748782,1,,,,a9dc7b81d0b1e46c7d609764ffa3a11831dfbf77325e089f1463ccdc4a2f8efb
exp/egorecover_prior_cv_residual/v1/jobs/H1_hold_fk_s64.1.json,file,github_experiment_metadata,exp,.json,365,512,1790663336301681792,2097170,14748790,1,,,,9f872fd50fd0f40705d882974e40e109d596df4410a690c47201ddcfab6efab6
exp/egorecover_prior_cv_residual/v1/jobs/H1_hold_fk_s64.1.status.json,file,github_experiment_metadata,exp,.json,527,512,1790663499018840985,2097170,14748828,1,,,,bed55befb3a9d3a2c6307fcaa08f8d61e434156d9b4ef514bda2348b0d7dfaa2
exp/egorecover_prior_cv_residual/v1/jobs/V0_cv_dense_s62.1.json,file,github_experiment_metadata,exp,.json,379,512,1790662836323599947,2097170,13085680,1,,,,d53045dc096110b09abb057cf069ab9dc6cf5cd65cd510ef34a8d048a4ffee75
exp/egorecover_prior_cv_residual/v1/jobs/V0_cv_dense_s62.1.status.json,file,github_experiment_metadata,exp,.json,541,512,1790663102355711866,2097170,14748814,1,,,,a91e9716007ce726994c8902310aca4adac6837fd829da4ff226ee2514a16e13
exp/egorecover_prior_cv_residual/v1/jobs/V0_cv_dense_s63.1.json,file,github_experiment_metadata,exp,.json,379,512,1790663169648962987,2097170,14748850,1,,,,14cb5d296b6f1a6135aaae68018a3a540cba2acf829e79ddd1c3fd37a05b1702
exp/egorecover_prior_cv_residual/v1/jobs/V0_cv_dense_s63.1.status.json,file,github_experiment_metadata,exp,.json,541,512,1790663272618841182,2097170,14748830,1,,,,f45caf588ec7f3a9dce1122e76f3f8536def93e5da99ec9565ce66551cba6954
exp/egorecover_prior_cv_residual/v1/jobs/V0_cv_dense_s64.1.json,file,github_experiment_metadata,exp,.json,379,512,1790663336293295781,2097170,14748787,1,,,,14de3f80ff976fca165361fcac15da993518d69f34e0629fd7f5b74ad78fdae7
exp/egorecover_prior_cv_residual/v1/jobs/V0_cv_dense_s64.1.status.json,file,github_experiment_metadata,exp,.json,541,512,1790663440659668681,2097170,14748821,1,,,,c3e952f80a6c260b72229f8dfbeff7062423185444932024b83dfe880c9fb581
exp/egorecover_prior_cv_residual/v1/jobs/V1_cv_fk_s62.1.json,file,github_experiment_metadata,exp,.json,376,512,1790662836344720015,2097170,13085686,1,,,,d1daa89b279b44475f9b9f9b51419088bf72d6e984fe9a4abcb638b3ee5d5cf9
exp/egorecover_prior_cv_residual/v1/jobs/V1_cv_fk_s62.1.status.json,file,github_experiment_metadata,exp,.json,538,512,1790663159808838655,2097170,14748847,1,,,,febb41ec00a0a08c83d60993f79fe72a3eeeee588f64a98a59bae469afcb2fd4
exp/egorecover_prior_cv_residual/v1/jobs/V1_cv_fk_s63.1.json,file,github_experiment_metadata,exp,.json,376,512,1790663169668927713,2097170,14748854,1,,,,1e147f0179ff87dd674775c62135d3da42c660f6be32bfb1925c0cdb02d4a02f
exp/egorecover_prior_cv_residual/v1/jobs/V1_cv_fk_s63.1.status.json,file,github_experiment_metadata,exp,.json,538,512,1790663322764858481,2097170,14748783,1,,,,f93af9d350c34e8a7f8edbad87e7a0f0d6541bf9734e2c1261f6c5171db92ce5
exp/egorecover_prior_cv_residual/v1/jobs/V1_cv_fk_s64.1.json,file,github_experiment_metadata,exp,.json,376,512,1790663336309448775,2097170,14748784,1,,,,db45e13ab0407ea3f994f392756d9880a86c0e88d75726b28ebcad6b66a927e6
exp/egorecover_prior_cv_residual/v1/jobs/V1_cv_fk_s64.1.status.json,file,github_experiment_metadata,exp,.json,538,512,1790663485411978762,2097170,14748832,1,,,,be657c8357b8209faa7fddf6e0bc864329568b5cc4fdc1ce461562eeeb3f419d
exp/egorecover_prior_cv_residual/v1/plan.json,file,github_experiment_metadata,exp,.json,475,512,1790662821104051737,2097170,13259140,1,,,,2367eb9f9a01faf569b6b9e045d8931eede1f3f43443f488ffdc8accfe598b28
exp/egorecover_prior_cv_residual/v1/queue.json,file,github_experiment_metadata,exp,.json,12730,16384,1790663504239956000,2097170,14922285,1,,,,c0afbd88f6df9cd7a0b681cd510f7cfd46177d6e8f353bc08a598c8955fd9cd6
exp/egorecover_prior_cv_residual/v1/screening.json,file,github_experiment_metadata,exp,.json,333711,335872,1790663299032007000,2097170,13259259,1,,,,56f10c5b33c08b505c0bc7d426012f583a0820ba9e1690e4d3b36c080e9e3748
exp/egorecover_prior_cv_residual/v1/summary.json,file,github_experiment_metadata,exp,.json,948298,950272,1790663503687703891,2097170,14922266,1,,,,9bb8c58a93b374f876f0ef166ff8a1e28b17bde588e7f5be3c7f9353f924e0ea
exp/egorecover_prior_cv_residual/v1/train/H0_hold_dense_s62/experiment.json,file,github_experiment_metadata,exp,.json,4853,8192,1790662842656204000,2097170,13259152,1,,,,53b68b2d8276047a3dfd99665deb442b8ba9d56acc29ffe0ea1148cd195a2164
exp/egorecover_prior_cv_residual/v1/train/H0_hold_dense_s62/progress.json,file,github_experiment_metadata,exp,.json,178,512,1790662979961430396,2097170,13259233,1,,,,ea6772111cb10828e236484e53a20ac8e0d9d6a709184860c0cb42592eb1932d
exp/egorecover_prior_cv_residual/v1/train/H0_hold_dense_s62/report.json,file,github_experiment_metadata,exp,.json,399868,401408,1790662989609846000,2097170,13259226,1,,,,f007c36d5c381a0257241032e72179cf7f46bae68ff5be0a31c8bcd081b29e92
exp/egorecover_prior_cv_residual/v1/train/H0_hold_dense_s62/selection.json,file,github_experiment_metadata,exp,.json,211439,212992,1790662979975976000,2097170,13259163,1,,,,eac24809981dbec95844f1142e6db8f1c96b832e7cd731b759fb4b3c7d4909d0
exp/egorecover_prior_cv_residual/v1/train/H0_hold_dense_s63/experiment.json,file,github_experiment_metadata,exp,.json,4854,8192,1790663176127726000,2097170,13259252,1,,,,649661f44ed33630deef75daa16a652ea88a3946e6194689acc159e94cb3825c
exp/egorecover_prior_cv_residual/v1/train/H0_hold_dense_s63/progress.json,file,github_experiment_metadata,exp,.json,178,512,1790663263881055522,2097170,14922245,1,,,,7715cd95d0e69a4985dfe8cf1b14ce21794523448ecba43c2f3679276554177d
exp/egorecover_prior_cv_residual/v1/train/H0_hold_dense_s63/report.json,file,github_experiment_metadata,exp,.json,289803,294912,1790663268423081000,2097170,14922241,1,,,,fb649cf62f39d5e667eede84e3fc97bb44e9d243ca6ac0acc45738e01e758c53
exp/egorecover_prior_cv_residual/v1/train/H0_hold_dense_s63/selection.json,file,github_experiment_metadata,exp,.json,211414,212992,1790663263893592000,2097170,14922246,1,,,,055b26afa3d8a41286d15cb68ee18c519b26d18a727d9bc625bafa64b058bbfc
exp/egorecover_prior_cv_residual/v1/train/H0_hold_dense_s64/experiment.json,file,github_experiment_metadata,exp,.json,4854,8192,1790663342494230000,2097170,13259161,1,,,,6a8e6fdcc5d70621bac3ef7f2e7256a062410ed11ba53f3b6086f0ad3da73e31
exp/egorecover_prior_cv_residual/v1/train/H0_hold_dense_s64/progress.json,file,github_experiment_metadata,exp,.json,178,512,1790663429020655322,2097170,14922270,1,,,,0c7f38d1b3e519ff1c06713a0d631edd9ac37f6556ed44e936818b6297da9e38
exp/egorecover_prior_cv_residual/v1/train/H0_hold_dense_s64/report.json,file,github_experiment_metadata,exp,.json,289687,294912,1790663433548899000,2097170,14922275,1,,,,9e0020057378367880163349c5d50f2a8f2299428d6961aef284fdefd918b01d
exp/egorecover_prior_cv_residual/v1/train/H0_hold_dense_s64/selection.json,file,github_experiment_metadata,exp,.json,211324,212992,1790663429034113000,2097170,14922260,1,,,,ceb878bddba9cf4c36d7a8ba97c08b7051cdaacacdcc56c07008d28d98862c13
exp/egorecover_prior_cv_residual/v1/train/H1_hold_fk_s62/experiment.json,file,github_experiment_metadata,exp,.json,4854,8192,1790662842656207000,2097170,13259151,1,,,,e7eb1d2238e4e81a7f76e2df0d2e5305be06f20767209edbd122550886198b2b
exp/egorecover_prior_cv_residual/v1/train/H1_hold_fk_s62/progress.json,file,github_experiment_metadata,exp,.json,177,512,1790663146878402469,2097170,13259230,1,,,,c832139cbb909e80adb495094794eabc9712ba5ab22498a1578d79d75b7c5eab
exp/egorecover_prior_cv_residual/v1/train/H1_hold_fk_s62/report.json,file,github_experiment_metadata,exp,.json,290027,294912,1790663151515406000,2097170,13259167,1,,,,b10477890289ea7cd83947c7850cf0575a41a98df760c6200958dcc4879317d4
exp/egorecover_prior_cv_residual/v1/train/H1_hold_fk_s62/selection.json,file,github_experiment_metadata,exp,.json,211683,212992,1790663146892773000,2097170,13259169,1,,,,0adde82b07e7c2f9be1fe35fd384b988875cbfb74a8cb2ddb6dfe781c1ec0c23
exp/egorecover_prior_cv_residual/v1/train/H1_hold_fk_s63/experiment.json,file,github_experiment_metadata,exp,.json,4854,8192,1790663176127652000,2097170,13259253,1,,,,d576123df6fcda7b1645681bc26b217a1eaed13731539bf24c4be53f85a07aee
exp/egorecover_prior_cv_residual/v1/train/H1_hold_fk_s63/progress.json,file,github_experiment_metadata,exp,.json,177,512,1790663319614958147,2097170,14922247,1,,,,b9fdc5816dfc86a0246a49a4314351bf8a9c60c855a8ab9a76a0ced5b71274db
exp/egorecover_prior_cv_residual/v1/train/H1_hold_fk_s63/report.json,file,github_experiment_metadata,exp,.json,289958,294912,1790663324408801000,2097170,13259251,1,,,,42dcd5e2d987fd870a338c7c3449ceaedbf28389ad509781478878d35bf99101
exp/egorecover_prior_cv_residual/v1/train/H1_hold_fk_s63/selection.json,file,github_experiment_metadata,exp,.json,211613,212992,1790663319630676000,2097170,14922248,1,,,,7c8fc912164269f3e0ff599079269c240f09c4adda833b6e962fc51d2d939ab3
exp/egorecover_prior_cv_residual/v1/train/H1_hold_fk_s64/experiment.json,file,github_experiment_metadata,exp,.json,4854,8192,1790663342494141000,2097170,15298859,1,,,,2b81da33d5011e4b16ff5e56fd9cfab50883463352929d8f12d743dd1e6647d9
exp/egorecover_prior_cv_residual/v1/train/H1_hold_fk_s64/progress.json,file,github_experiment_metadata,exp,.json,178,512,1790663493526381675,2097170,15298887,1,,,,83fb94574a87c43884f2dcee3baea8ba49d563ecf50a613cd03c2f468cfcc6a0
exp/egorecover_prior_cv_residual/v1/train/H1_hold_fk_s64/report.json,file,github_experiment_metadata,exp,.json,290068,294912,1790663498283871000,2097170,15298867,1,,,,bb55bc28eb32a6f01de5702da36b207842236f729604f7d3f5323edd5e8f0d16
exp/egorecover_prior_cv_residual/v1/train/H1_hold_fk_s64/selection.json,file,github_experiment_metadata,exp,.json,211718,212992,1790663493542109000,2097170,15298888,1,,,,1374000d4913126f94b3dd4a5458cc8218d8a84c99ee8b0a6637aea7a8b0d728
exp/egorecover_prior_cv_residual/v1/train/V0_cv_dense_s62/experiment.json,file,github_experiment_metadata,exp,.json,4867,8192,1790662842656116000,2097170,15298818,1,,,,3bec036a2ff61c0d7c2845dd64dc80b14171bd492b4928573f7e53833f18de77
exp/egorecover_prior_cv_residual/v1/train/V0_cv_dense_s62/progress.json,file,github_experiment_metadata,exp,.json,178,512,1790663096972902432,2097170,15298873,1,,,,bcc28bbd7b6bea95fa47f41387d418a21e4fadbc7c4232ec62d4326b26d6e809
exp/egorecover_prior_cv_residual/v1/train/V0_cv_dense_s62/report.json,file,github_experiment_metadata,exp,.json,289788,294912,1790663101640921000,2097170,15298892,1,,,,86c09a93a420b3c6a4dfb43947a4fb339f41f125d2aa5356f9cce6f6f5565a32
exp/egorecover_prior_cv_residual/v1/train/V0_cv_dense_s62/selection.json,file,github_experiment_metadata,exp,.json,211428,212992,1790663096988353000,2097170,15298881,1,,,,d2902d8e75b96da2722cd7a43318519112c95c60f7ff1d54acb504e7ea057cd8
exp/egorecover_prior_cv_residual/v1/train/V0_cv_dense_s63/experiment.json,file,github_experiment_metadata,exp,.json,4867,8192,1790663176127719000,2097170,15367230,1,,,,8a3bbdb616ff257e547b36fb1c1563bb6103b3b77526ab0ce4d1c6f2bc05f3e9
exp/egorecover_prior_cv_residual/v1/train/V0_cv_dense_s63/progress.json,file,github_experiment_metadata,exp,.json,177,512,1790663267079278728,2097170,15367197,1,,,,1b6f348e8cd7ef254093cbece2924b2757710b279993d9f7c7f62129c7bc5621
exp/egorecover_prior_cv_residual/v1/train/V0_cv_dense_s63/report.json,file,github_experiment_metadata,exp,.json,289674,294912,1790663271786320000,2097170,15367246,1,,,,cdc62327ec80c95ad3166b4e8e1795900ced6ee77b91ab20a7382d787dfc0aa2
exp/egorecover_prior_cv_residual/v1/train/V0_cv_dense_s63/selection.json,file,github_experiment_metadata,exp,.json,211320,212992,1790663267094286000,2097170,15367243,1,,,,b08b3f79b93f77a3b5d8b8bc0cf424a2d74938697379383004b38607669d20d9
exp/egorecover_prior_cv_residual/v1/train/V0_cv_dense_s64/experiment.json,file,github_experiment_metadata,exp,.json,4867,8192,1790663342494220000,2097170,14922249,1,,,,d4243fadc93c9510a099c14497872eeeeb7dc9d2bdfee3bffb776b102aef15db
exp/egorecover_prior_cv_residual/v1/train/V0_cv_dense_s64/progress.json,file,github_experiment_metadata,exp,.json,177,512,1790663435015315838,2097170,14922279,1,,,,62df98c422d02a461c5fbcc1c1ceeef2e5af368d13c2fd6220f2524581e7f6c7
exp/egorecover_prior_cv_residual/v1/train/V0_cv_dense_s64/report.json,file,github_experiment_metadata,exp,.json,289714,294912,1790663439805381000,2097170,14922253,1,,,,793230094eb7063319d2f96b4a92727dd68a64ac83a9a38bdd3bf0a0946bab95
exp/egorecover_prior_cv_residual/v1/train/V0_cv_dense_s64/selection.json,file,github_experiment_metadata,exp,.json,211408,212992,1790663435030467000,2097170,14922271,1,,,,d53d1fe6d7a84f396d1b447e61c9919214848afefdc73f2e29f435afc07d2298
exp/egorecover_prior_cv_residual/v1/train/V1_cv_fk_s62/experiment.json,file,github_experiment_metadata,exp,.json,4867,8192,1790662842657436000,2097170,13085695,1,,,,bfa01e5ca8640f969ef750c4e10ccdf841854c395890109631abd57f276279d3
exp/egorecover_prior_cv_residual/v1/train/V1_cv_fk_s62/progress.json,file,github_experiment_metadata,exp,.json,177,512,1790663154315225245,2097170,14748839,1,,,,292b3ef2c91868ca67f23d16cb389e178a07f79e08c481c4070dfe7ddd856f1f
exp/egorecover_prior_cv_residual/v1/train/V1_cv_fk_s62/report.json,file,github_experiment_metadata,exp,.json,290152,294912,1790663159116632000,2097170,14748845,1,,,,e0a82666465048e6bbe0bfcab9ec621b5f6bf593e326d73cde9315f5787d8bee
exp/egorecover_prior_cv_residual/v1/train/V1_cv_fk_s62/selection.json,file,github_experiment_metadata,exp,.json,211794,212992,1790663154327442000,2097170,14748843,1,,,,4a4b0bf10298e5fe51e572b90939efd90b9f7145665da4291d4bce016644f1da
exp/egorecover_prior_cv_residual/v1/train/V1_cv_fk_s63/experiment.json,file,github_experiment_metadata,exp,.json,4867,8192,1790663176127626000,2097170,14748730,1,,,,48d9558ac15c48fd3a618e24b31c5b4c193477023fa91db235e2840b654a5c8a
exp/egorecover_prior_cv_residual/v1/train/V1_cv_fk_s63/progress.json,file,github_experiment_metadata,exp,.json,178,512,1790663317469024720,2097170,14748778,1,,,,441fe17c9341903c5d9ffee9d9b13060abc40379388672c9858854da0868fc1f
exp/egorecover_prior_cv_residual/v1/train/V1_cv_fk_s63/report.json,file,github_experiment_metadata,exp,.json,290166,294912,1790663322111397000,2097170,14748775,1,,,,51a37017a8e0c35f817f918875e0586d22aab0c69d03b45aabf9f9cebb4afdfc
exp/egorecover_prior_cv_residual/v1/train/V1_cv_fk_s63/selection.json,file,github_experiment_metadata,exp,.json,211807,212992,1790663317479007000,2097170,14748779,1,,,,46ae4711cf544154c0d21c64302446b99a9c8861c38b1e07913f1f975d05c08c
exp/egorecover_prior_cv_residual/v1/train/V1_cv_fk_s64/experiment.json,file,github_experiment_metadata,exp,.json,4867,8192,1790663342494083000,2097170,14922257,1,,,,1f4ee626a628d6032b83b2b68ca12c2ea4a7e34cdb6d762cb26f92456719a818
exp/egorecover_prior_cv_residual/v1/train/V1_cv_fk_s64/progress.json,file,github_experiment_metadata,exp,.json,177,512,1790663480260107025,2097170,14922264,1,,,,ff96efc74fe6958265768fe5ae7ff736fccb50b8869d6b1cdf26363956e30ac7
exp/egorecover_prior_cv_residual/v1/train/V1_cv_fk_s64/report.json,file,github_experiment_metadata,exp,.json,290056,294912,1790663484752933000,2097170,14922250,1,,,,c0a398fc76b49634dd3e1395abdd68726298508d305cb1f453ea30ca99c1496e
exp/egorecover_prior_cv_residual/v1/train/V1_cv_fk_s64/selection.json,file,github_experiment_metadata,exp,.json,211742,212992,1790663480275594000,2097170,14922258,1,,,,36519067a99a70c09c726685c2e503a5b7e2564f560c75c989ade4bfdbd04605
exp/egorecover_prior_data_budget/v1/RESULTS.md,file,github_experiment_metadata,exp,.md,713,512,1790669678777712409,2097170,9303939,1,,,,8da47579dc031fa27dba4a1eea4599ddd40ef49afb5255a778e3d315ab2622d7
exp/egorecover_prior_data_budget/v1/data_shards/cmu_bike01_7.json,file,github_experiment_metadata,exp,.json,172,512,1790668173991938717,2097170,11076260,1,,,,3d692d49d23a7a0f1183b425467e17f0c4aa5c154237d4e4b531fa695ed848d5
exp/egorecover_prior_data_budget/v1/data_shards/cmu_bike02_6.json,file,github_experiment_metadata,exp,.json,172,512,1790668175131923693,2097170,11076265,1,,,,1f619e1c38a4d19e63dcf689579f7a19c291918f049212a84b617c7abd22fd9b
exp/egorecover_prior_data_budget/v1/data_shards/cmu_bike05_4.json,file,github_experiment_metadata,exp,.json,172,512,1790668177951064851,2097170,11076259,1,,,,47d2b4c089e164d3f1be74f300b35003c2d8a8aee3b4b2d49a263d25033ab57d
exp/egorecover_prior_data_budget/v1/data_shards/cmu_bike19_2.json,file,github_experiment_metadata,exp,.json,172,512,1790668180065160727,2097170,11076128,1,,,,dec30b70902ec0412e0f4dafe9b9c9dcf15c0dafa547a7ad4c663a50440d0804
exp/egorecover_prior_data_budget/v1/data_shards/cmu_soccer06_4.json,file,github_experiment_metadata,exp,.json,172,512,1790668181708819119,2097170,11076118,1,,,,875e7b643702bca1f82c26097f676d32d61893cd41414aa408b2105c65e5d43b
exp/egorecover_prior_data_budget/v1/data_shards/cmu_soccer06_5.json,file,github_experiment_metadata,exp,.json,172,512,1790668182804275577,2097170,11076124,1,,,,bc176ec66732004ce39dee82a9eefe5aedec7f4879b012534f2f6fc0d1ba57b6
exp/egorecover_prior_data_budget/v1/data_shards/cmu_soccer07_1.json,file,github_experiment_metadata,exp,.json,172,512,1790668183498194319,2097170,11076132,1,,,,bf8e0d94bf207b9f804f4b79cd55a1638411fe2a002f9907809d7b04bf16e93c
exp/egorecover_prior_data_budget/v1/data_shards/cmu_soccer07_3.json,file,github_experiment_metadata,exp,.json,172,512,1790668184742914683,2097170,11076247,1,,,,07b85703da0a7fabd11236f22ac7b566442023848815dbf92c1083c3ad7d0e8e
exp/egorecover_prior_data_budget/v1/data_shards/cmu_soccer08_1.json,file,github_experiment_metadata,exp,.json,172,512,1790668185247357154,2097170,11076243,1,,,,961b71344b19bdd5d2ea2ce36fa9607ab2af96c2bdb9f05b02a1137118ca95a2
exp/egorecover_prior_data_budget/v1/data_shards/cmu_soccer09_1.json,file,github_experiment_metadata,exp,.json,172,512,1790668186297627735,2097170,11076248,1,,,,6d9a5d0f23b78ef1e9a4876d5ec6f370328db9efaaa42e5f96ca84de8c87ca05
exp/egorecover_prior_data_budget/v1/data_shards/cmu_soccer11_2.json,file,github_experiment_metadata,exp,.json,172,512,1790668186309547795,2097170,11076242,1,,,,8e25c443dc944dbf57ec52587f4190ef25fa47288adb992c94449bb9b135c3a0
exp/egorecover_prior_data_budget/v1/data_shards/cmu_soccer16_4.json,file,github_experiment_metadata,exp,.json,172,512,1790668186798121198,2097170,11076238,1,,,,d6b53ef30320e19d87f0bb69862dbb2243c3a7be333785003c8f8f88d57c8480
exp/egorecover_prior_data_budget/v1/data_shards/fair_bike_01_10.json,file,github_experiment_metadata,exp,.json,172,512,1790668187475304401,2097170,11076252,1,,,,2f1c3ec2b828f94833e8ae1eed69224b19749b1b7ecb5b713973163638da8414
exp/egorecover_prior_data_budget/v1/data_shards/fair_bike_01_14.json,file,github_experiment_metadata,exp,.json,172,512,1790668187485824872,2097170,11076178,1,,,,ea57a3ecbd627746a2d657a3c72c2f6b08f079d7c135c566a58da02ec84876a4
exp/egorecover_prior_data_budget/v1/data_shards/fair_bike_01_16.json,file,github_experiment_metadata,exp,.json,172,512,1790668188558792755,2097170,11076181,1,,,,7346cdd0596d6277e5bc8878c048758f4362bd5a2cb1011e08067016cabdf6a9
exp/egorecover_prior_data_budget/v1/data_shards/fair_bike_01_7.json,file,github_experiment_metadata,exp,.json,172,512,1790668189644824803,2097170,11076180,1,,,,0be495e6136cf189982e25b1b517a8b5a2dc460bdb042ffb612f1e44a7d6acaf
exp/egorecover_prior_data_budget/v1/data_shards/fair_bike_06_2.json,file,github_experiment_metadata,exp,.json,172,512,1790668190129061534,2097170,11076182,1,,,,b669c0385c8af7dd6509090b47ba7ca761096c058599228d28940ba183e59e27
exp/egorecover_prior_data_budget/v1/data_shards/fair_bike_08_10.json,file,github_experiment_metadata,exp,.json,172,512,1790668190768569183,2097170,11076253,1,,,,61e6b3f9e3c624b3acff7b1ca1d1b89d5d79f57985e488ebaf64bce96b299e81
exp/egorecover_prior_data_budget/v1/data_shards/fair_bike_08_2.json,file,github_experiment_metadata,exp,.json,172,512,1790668191679270432,2097170,11076397,1,,,,c4848cc94199faa9ce1bf2f0e7a46b474e1aaa9f5b63c14bd7b0546ce6a7dfce
exp/egorecover_prior_data_budget/v1/data_shards/fair_bike_09_2.json,file,github_experiment_metadata,exp,.json,172,512,1790668192834585169,2097170,11076401,1,,,,692979957d8492124cb0b19b3e2739bacbac321360d087f55b699b0fc39ae422
exp/egorecover_prior_data_budget/v1/data_shards/georgiatech_bike_04_8.json,file,github_experiment_metadata,exp,.json,172,512,1790668192843892729,2097170,11076395,1,,,,e30ce02666963ab21a37f363066c4c717704d207be4473c64cbab566738d800c
exp/egorecover_prior_data_budget/v1/data_shards/georgiatech_bike_05_7.json,file,github_experiment_metadata,exp,.json,172,512,1790668194054810738,2097170,11076391,1,,,,ff28a65cefe214f59e138d1f1d5cad1592e0286a3e734f4474b636ec544876ad
exp/egorecover_prior_data_budget/v1/data_shards/georgiatech_bike_08_14.json,file,github_experiment_metadata,exp,.json,172,512,1790668197262673067,2097170,11076404,1,,,,137cbb0e48a9aadc368ab1fefed4f2b82a4093003dca856cc5020421fb6203c8
exp/egorecover_prior_data_budget/v1/data_shards/georgiatech_bike_09_8.json,file,github_experiment_metadata,exp,.json,172,512,1790668199245953844,2097170,12739900,1,,,,d7f8c048f5e1698e007ee67f7af64ffad0c02a72eac9066c2679b7d27e1121ba
exp/egorecover_prior_data_budget/v1/data_shards/georgiatech_bike_11_4.json,file,github_experiment_metadata,exp,.json,172,512,1790668200756817881,2097170,11076102,1,,,,67bef4a735b5f0d49e620b31de13bc866b6cdc9b4018cb2454d0249e05a87f76
exp/egorecover_prior_data_budget/v1/data_shards/georgiatech_bike_11_8.json,file,github_experiment_metadata,exp,.json,172,512,1790668201905235782,2097170,11076100,1,,,,d0c850d05231fd2acdeed399e49085319ed30d1b351a1ed3110387714df5a718
exp/egorecover_prior_data_budget/v1/data_shards/georgiatech_cooking_01_02_2.json,file,github_experiment_metadata,exp,.json,172,512,1790668203039038450,2097170,11076108,1,,,,2c200dff582e55cb705a0b26bf448d18b80042ac7a9b302f7959cf7ae0a91524
exp/egorecover_prior_data_budget/v1/data_shards/georgiatech_cooking_04_01_2.json,file,github_experiment_metadata,exp,.json,172,512,1790668204183990538,2097170,11076185,1,,,,9596216477191c38c181760b1af597886e8a13e9293f99bbb990c859473bc0cd
exp/egorecover_prior_data_budget/v1/data_shards/georgiatech_covid_03_14.json,file,github_experiment_metadata,exp,.json,172,512,1790668204867102900,2097170,11076148,1,,,,95e1f040e560ee4229947e19b624f033e4006cfe6e335aaf3fa5946092fc0d29
exp/egorecover_prior_data_budget/v1/data_shards/georgiatech_covid_03_2.json,file,github_experiment_metadata,exp,.json,172,512,1790668205520855699,2097170,11076589,1,,,,b02449581584223a46bd5844dd6c05da82151a8dad608050f6d0f8ebc77933af
exp/egorecover_prior_data_budget/v1/data_shards/georgiatech_covid_03_6.json,file,github_experiment_metadata,exp,.json,172,512,1790668206595583895,2097170,11076592,1,,,,3696bfda03af16854484a20640c808be2948aac8f1839456b3caefea4a86ab16
exp/egorecover_prior_data_budget/v1/data_shards/georgiatech_covid_05_12.json,file,github_experiment_metadata,exp,.json,172,512,1790668207626649848,2097170,11076591,1,,,,f5aa575a5f1ce461aaca69966521c2485e60469c995cb646e095ced5454715e8
exp/egorecover_prior_data_budget/v1/data_shards/georgiatech_covid_05_2.json,file,github_experiment_metadata,exp,.json,172,512,1790668208817338926,2097170,11076590,1,,,,e9dbfce56b3675698da049477f09254b84857cceb37e2efab36480d83081bb14
exp/egorecover_prior_data_budget/v1/data_shards/georgiatech_covid_09_10.json,file,github_experiment_metadata,exp,.json,172,512,1790668209668782067,2097170,11076584,1,,,,025bf5ef8264725791f5f09001c117bb3d5f589c13e0fb8b221dd25e57d61695
exp/egorecover_prior_data_budget/v1/data_shards/georgiatech_covid_09_8.json,file,github_experiment_metadata,exp,.json,172,512,1790668210337646018,2097170,11076580,1,,,,83ea8072dee43923b197a5385d7fd80103f5fb4106083176981444e28ca0ecde
exp/egorecover_prior_data_budget/v1/data_shards/georgiatech_covid_12_13.json,file,github_experiment_metadata,exp,.json,172,512,1790668211003153586,2097170,11076593,1,,,,96433b72f3fac0012990a110035f6c5fca80e06d481b5d71cdc8821e7c4efe54
exp/egorecover_prior_data_budget/v1/data_shards/georgiatech_covid_12_5.json,file,github_experiment_metadata,exp,.json,172,512,1790668212160970604,2097170,11076298,1,,,,796d705ac8874b8054f4b880bc8542910c89e160993b487956b3f7fbdae59903
exp/egorecover_prior_data_budget/v1/data_shards/georgiatech_covid_13_10.json,file,github_experiment_metadata,exp,.json,172,512,1790668215844751572,2097170,11076300,1,,,,cbc44c9a9f7efdb4d8d2b9f9634bb7cb9569d751a53d7a72701938745f7d3ff6
exp/egorecover_prior_data_budget/v1/data_shards/georgiatech_covid_14_8.json,file,github_experiment_metadata,exp,.json,172,512,1790668219304951052,2097170,11076290,1,,,,11aba2d84180d4205bf9cf1f916873e96be53c4e7026becb75f7f87b17f07267
exp/egorecover_prior_data_budget/v1/data_shards/georgiatech_covid_16_10.json,file,github_experiment_metadata,exp,.json,172,512,1790668220412846120,2097170,11076289,1,,,,b185c9c8f723e3a27d26a098e5ff85584705abf5e122254509c31db1b43c8c4f
exp/egorecover_prior_data_budget/v1/data_shards/georgiatech_covid_16_4.json,file,github_experiment_metadata,exp,.json,172,512,1790668221547545208,2097170,11076302,1,,,,c699920723aa301c332d0c0d45c6df5d11fd97397c9d9a67311267644598b22a
exp/egorecover_prior_data_budget/v1/data_shards/georgiatech_covid_16_8.json,file,github_experiment_metadata,exp,.json,172,512,1790668222620671776,2097170,12739800,1,,,,75fea71aab46dda4c1ba4df1757554a3afd08c9315f9d6543a9cb8974dcc5ac0
exp/egorecover_prior_data_budget/v1/data_shards/iiith_cooking_112_4.json,file,github_experiment_metadata,exp,.json,172,512,1790668223507479650,2097170,12739828,1,,,,31a1cf58a01928c3cf3578290e6e197dd803384683ae9cac08143f45dd5e507b
exp/egorecover_prior_data_budget/v1/data_shards/iiith_cooking_116_4.json,file,github_experiment_metadata,exp,.json,172,512,1790668224167341472,2097170,12739814,1,,,,5ab485b0fc87808b6c6e16c861754b8c51ccd13b936a1eae10d01e6d370b22c5
exp/egorecover_prior_data_budget/v1/data_shards/iiith_cooking_146_2.json,file,github_experiment_metadata,exp,.json,172,512,1790668224836688837,2097170,11076513,1,,,,f42c671285ed20030d2aee68a8785ec899ab1b96b25464d7993e1d85292f8ef8
exp/egorecover_prior_data_budget/v1/data_shards/iiith_cooking_18_1.json,file,github_experiment_metadata,exp,.json,172,512,1790668225319186354,2097170,11076510,1,,,,3bb9bb4f38b18a5765bbceaacdda4d4c42141104c93cf5cb57372da264f21d38
exp/egorecover_prior_data_budget/v1/data_shards/iiith_cooking_77_2.json,file,github_experiment_metadata,exp,.json,172,512,1790668226409617689,2097170,11076206,1,,,,8f56ac1bd2b4c7b4e3f0ed52f36a65b9d0cbab8c36a0ef7d03c44c3a7bad3fac
exp/egorecover_prior_data_budget/v1/data_shards/iiith_cooking_85_2.json,file,github_experiment_metadata,exp,.json,172,512,1790668227551515629,2097170,12739778,1,,,,1b1f3fea4cdce694821e8f1c3146b97da2894c07b755f8b8bb03bf7355b4a007
exp/egorecover_prior_data_budget/v1/data_shards/iiith_piano_001_8.json,file,github_experiment_metadata,exp,.json,172,512,1790668227561445847,2097170,11076165,1,,,,7a7ad53c60dcbe3dc119f092f3c66307a757af2b9f09d6dfc8d8fa5da4eea981
exp/egorecover_prior_data_budget/v1/data_shards/iiith_soccer_004_2.json,file,github_experiment_metadata,exp,.json,172,512,1790668228650340002,2097170,13354497,1,,,,4e0dad68dcba669441e0aabfd5dc9adb7449e6554b211c08e927911873b9f12a
exp/egorecover_prior_data_budget/v1/data_shards/iiith_soccer_014_3.json,file,github_experiment_metadata,exp,.json,172,512,1790668229785825733,2097170,13354499,1,,,,03be026a34030b712ba88676478d2886574564354ee97ddd589d84079b4dbbae
exp/egorecover_prior_data_budget/v1/data_shards/iiith_soccer_016_2.json,file,github_experiment_metadata,exp,.json,172,512,1790668230870857135,2097170,13354501,1,,,,c8fbfc59d3c97194c867965948ea9d3276844b0c429b9055fd2da8a471b0b6af
exp/egorecover_prior_data_budget/v1/data_shards/iiith_soccer_020_3.json,file,github_experiment_metadata,exp,.json,172,512,1790668231602307748,2097170,13354503,1,,,,1b0f7fd06c1949c38111bd9e025d34960f0efe25fdb60a6e08381afec5a04918
exp/egorecover_prior_data_budget/v1/data_shards/iiith_soccer_020_6.json,file,github_experiment_metadata,exp,.json,172,512,1790668233090611230,2097170,13354505,1,,,,d02a8b85a295a0dac069107d891ca234c27e276eb44d1f07dd37a4c3cdeb08d9
exp/egorecover_prior_data_budget/v1/data_shards/iiith_soccer_029_3.json,file,github_experiment_metadata,exp,.json,172,512,1790668234999139160,2097170,13354522,1,,,,b371d0c095771e915f67bee83dcc3f878b9d3821c5a56a3a798117e68baef1d0
exp/egorecover_prior_data_budget/v1/data_shards/iiith_soccer_034_2.json,file,github_experiment_metadata,exp,.json,172,512,1790668239126756276,2097170,13354525,1,,,,798a815f32fc6ec769a1552132f744e81dfeaea66645454785449f5732b6331d
exp/egorecover_prior_data_budget/v1/data_shards/iiith_soccer_034_4.json,file,github_experiment_metadata,exp,.json,172,512,1790668240666230777,2097170,13354527,1,,,,7184c3e8216aa22c4787dbcd4f03f034dedbe20f81065efff630a6b1e9acfe67
exp/egorecover_prior_data_budget/v1/data_shards/iiith_soccer_035_3.json,file,github_experiment_metadata,exp,.json,172,512,1790668240932700192,2097170,13354529,1,,,,1dca7d3b9f613b631f2b5a227acd6116df02f229a8942726168841dac9aa04be
exp/egorecover_prior_data_budget/v1/data_shards/iiith_soccer_035_5.json,file,github_experiment_metadata,exp,.json,172,512,1790668242001486181,2097170,13354531,1,,,,560dd1109831bac55d906d43a0b4b8ea228991776aaec5c109385ddeae1c602d
exp/egorecover_prior_data_budget/v1/data_shards/iiith_soccer_036_2.json,file,github_experiment_metadata,exp,.json,172,512,1790668243145534714,2097170,13354533,1,,,,883d023e0942e70155ce3b6fc42461e979702ab2b2a651e85cf66abd9e487626
exp/egorecover_prior_data_budget/v1/data_shards/iiith_soccer_036_3.json,file,github_experiment_metadata,exp,.json,172,512,1790668243984188237,2097170,13354550,1,,,,e12680158d7132b5a2f7632c1b11a4219ec9205eec63afeaffc8f72ce1cb7c95
exp/egorecover_prior_data_budget/v1/data_shards/iiith_soccer_041_4.json,file,github_experiment_metadata,exp,.json,172,512,1790668244674964203,2097170,13354552,1,,,,0c8c4a79f6aa241fca561ac94d9998abb886d34e323a55a4a4390e64304e7062
exp/egorecover_prior_data_budget/v1/data_shards/iiith_soccer_052_4.json,file,github_experiment_metadata,exp,.json,172,512,1790668245760391768,2097170,13354554,1,,,,ead5c596a5ee88853d30df967729bdfad7c6ffc3345677abb504f57658f2a5dd
exp/egorecover_prior_data_budget/v1/data_shards/iiith_soccer_061_6.json,file,github_experiment_metadata,exp,.json,172,512,1790668246434854082,2097170,13354556,1,,,,5099aede252029d504f8ccea813a055389e40278a0d99f4fa82884b0ab335d07
exp/egorecover_prior_data_budget/v1/data_shards/indiana_bike_04_2.json,file,github_experiment_metadata,exp,.json,172,512,1790668247513917072,2097170,13354561,1,,,,6deedecfaa92ecb9b7560fc90cf73057c4f8075053d5be63e3943f15cdf46dec
exp/egorecover_prior_data_budget/v1/data_shards/indiana_bike_04_7.json,file,github_experiment_metadata,exp,.json,172,512,1790668248149456294,2097170,13354563,1,,,,3905bc775538ca58df44cd58b570c94fb33f923c5b11eee88e4cb15172868efb
exp/egorecover_prior_data_budget/v1/data_shards/indiana_bike_06_7.json,file,github_experiment_metadata,exp,.json,172,512,1790668249215350785,2097170,13354565,1,,,,01f43ed939b526170c89a7fbc2e4d585b5a05334b037d09a0d4fbc78afe26d2a
exp/egorecover_prior_data_budget/v1/data_shards/indiana_bike_06_9.json,file,github_experiment_metadata,exp,.json,172,512,1790668250344768673,2097170,13354567,1,,,,ff67b76e44a147f32d7e3dd7ad2d8df56049bbe413a7505cf8f3f3e371b2763b
exp/egorecover_prior_data_budget/v1/data_shards/indiana_bike_12_15.json,file,github_experiment_metadata,exp,.json,172,512,1790668250821801048,2097170,13354571,1,,,,cadadebd2527485384e447b380590d9df2c97a03255277a47df35566179a9acb
exp/egorecover_prior_data_budget/v1/data_shards/indiana_bike_13_4.json,file,github_experiment_metadata,exp,.json,172,512,1790668251618958784,2097170,13354573,1,,,,637803424f79f5409e419a2689a382b7fc284d2eaa7098549acf4795b450914d
exp/egorecover_prior_data_budget/v1/data_shards/indiana_bike_15_20.json,file,github_experiment_metadata,exp,.json,172,512,1790668252086616320,2097170,13354575,1,,,,6c8ff351c0ca038be1853b022aaa20b16686fb58c183187378796522817af8ba
exp/egorecover_prior_data_budget/v1/data_shards/indiana_bike_15_4.json,file,github_experiment_metadata,exp,.json,172,512,1790668252764454144,2097170,13354577,1,,,,74f8fffae02e3aa7f82412c8728f804b77f51aa1e86b72a75849766a2ead3bb2
exp/egorecover_prior_data_budget/v1/data_shards/indiana_cooking_03_2.json,file,github_experiment_metadata,exp,.json,172,512,1790668253370473441,2097170,13354579,1,,,,8a80c684baa10cc901cb811357022ed1bd4bb6d2349783f3703a528283085bb3
exp/egorecover_prior_data_budget/v1/data_shards/indiana_cooking_03_3.json,file,github_experiment_metadata,exp,.json,172,512,1790668258507486774,2097170,13354581,1,,,,399c03a477fde1e5f85d28c7df0e2b21eb7511d71ae1815ad24a1c17f618430f
exp/egorecover_prior_data_budget/v1/data_shards/indiana_cooking_10_4.json,file,github_experiment_metadata,exp,.json,172,512,1790668261261735647,2097170,13354583,1,,,,9153f66cc2dd36cb485fa7fcc9c14f0d2e2535909991f85e954648e6ef809f29
exp/egorecover_prior_data_budget/v1/data_shards/indiana_cooking_21_4.json,file,github_experiment_metadata,exp,.json,172,512,1790668264733504681,2097170,13354586,1,,,,933120d91830cc5ef63d862f3069b1b22ac2341d2fa409f57dfdca8e126da26d
exp/egorecover_prior_data_budget/v1/data_shards/indiana_music_06_4.json,file,github_experiment_metadata,exp,.json,172,512,1790668268296196087,2097170,13354588,1,,,,9d0d29f1bac9e5bb39772984402fa5177a36a47088269a13a0a553ee0c6ff897
exp/egorecover_prior_data_budget/v1/data_shards/indiana_music_09_5.json,file,github_experiment_metadata,exp,.json,172,512,1790668270382730608,2097170,13354592,1,,,,8183231618121e1343aecdc162ee7840479692892121719ffad5479cdaa54e24
exp/egorecover_prior_data_budget/v1/data_shards/indiana_music_11_5.json,file,github_experiment_metadata,exp,.json,172,512,1790668271006512229,2097170,13354594,1,,,,94477140bfb19b2ab48c612c83f8d1eed060f3a0ba26af7e85d6c8ab417df3f2
exp/egorecover_prior_data_budget/v1/data_shards/indiana_music_14_3.json,file,github_experiment_metadata,exp,.json,172,512,1790668272110261254,2097170,13354596,1,,,,ff2620324ea2f46a1ea47bc2cdb88453ba38c53f5663312c4b8b8338c5a473d3
exp/egorecover_prior_data_budget/v1/data_shards/indiana_music_14_4.json,file,github_experiment_metadata,exp,.json,172,512,1790668272793207528,2097170,13354598,1,,,,d62f1f2e810bbc3628a46d5dfcbaa3eba8f92ce47d6ab0b72c81039109a9d885
exp/egorecover_prior_data_budget/v1/data_shards/manifest.json,file,github_experiment_metadata,exp,.json,213060,221184,1790668160974981000,2097170,11076377,1,,,,dd946edfbe75267664e4efedf9835715ac9f91f4d7a6f7e06be19107d77122f3
exp/egorecover_prior_data_budget/v1/data_shards/minnesota_cooking_023_2.json,file,github_experiment_metadata,exp,.json,172,512,1790668273440956523,2097170,13354600,1,,,,a815fa90d8f771d6997cf39211ebfd435b887a7becfe060edde6b5fa3a03319a
exp/egorecover_prior_data_budget/v1/data_shards/nus_cpr_08_2.json,file,github_experiment_metadata,exp,.json,172,512,1790668273887906607,2097170,13354602,1,,,,b8132a6a2095c65ddcb4ca62f66918912414757d4179bfa392353ee2a3a7fa62
exp/egorecover_prior_data_budget/v1/data_shards/nus_cpr_09_2.json,file,github_experiment_metadata,exp,.json,172,512,1790668274308743471,2097170,13354604,1,,,,41061037809ba97c0afd8664fb5a0fc6722de2052611bdcf2f65b022a577a1fc
exp/egorecover_prior_data_budget/v1/data_shards/nus_cpr_29_2.json,file,github_experiment_metadata,exp,.json,172,512,1790668275142482702,2097170,13354606,1,,,,41468c56fd492628f14fc64f23af4277844de55c609ec5a0c0f1297b77fabe4e
exp/egorecover_prior_data_budget/v1/data_shards/nus_cpr_47_1.json,file,github_experiment_metadata,exp,.json,172,512,1790668275629933068,2097170,13354608,1,,,,49c572b7271feb2bf9a3395214d2a0105012b3ca0c55dc82f3293a32787bbdde
exp/egorecover_prior_data_budget/v1/data_shards/nus_cpr_48_1.json,file,github_experiment_metadata,exp,.json,172,512,1790668275835318421,2097170,13354610,1,,,,1c0ab868720068ce5c017e6396b3767a33c617d0f300a11347f7714d7f19c87a
exp/egorecover_prior_data_budget/v1/data_shards/nus_cpr_50_1.json,file,github_experiment_metadata,exp,.json,172,512,1790668276339821629,2097170,13354612,1,,,,a03c367d2e975013de82d710c295dca356f40cb25277301769c23de2fe3ac358
exp/egorecover_prior_data_budget/v1/data_shards/sfu_basketball013_28.json,file,github_experiment_metadata,exp,.json,172,512,1790668279176440679,2097170,13354614,1,,,,1cd345e188920df44fdf15265bbdd5808d353c4e62372cff383df0c698b5c9e5
exp/egorecover_prior_data_budget/v1/data_shards/sfu_basketball013_7.json,file,github_experiment_metadata,exp,.json,172,512,1790668282186476025,2097170,13354616,1,,,,fdb116e938a8af68d8d7ba37f4b0b8476d391b4dd2fd21bc7b9602db871be061
exp/egorecover_prior_data_budget/v1/data_shards/sfu_basketball015_28.json,file,github_experiment_metadata,exp,.json,172,512,1790668284249795652,2097170,13354618,1,,,,9443f214dee0025d94ae9a75f619436566ee754586a10bef890c0e48651a66bb
exp/egorecover_prior_data_budget/v1/data_shards/sfu_basketball017_18.json,file,github_experiment_metadata,exp,.json,172,512,1790668286033873987,2097170,13354620,1,,,,7a5f0dfbcdb20826da9d82cd8658cbab157d47f11e92780d0cf3f751fb244339
exp/egorecover_prior_data_budget/v1/data_shards/sfu_basketball_02_26.json,file,github_experiment_metadata,exp,.json,172,512,1790668286047952249,2097170,13354622,1,,,,7f9b86e08498d64545df2d7f7c9cd6754ce94ece745e01c18d3ffbae5d77bfd2
exp/egorecover_prior_data_budget/v1/data_shards/sfu_basketball_11_29.json,file,github_experiment_metadata,exp,.json,172,512,1790668286548856268,2097170,13354624,1,,,,bab4cb8f1a01ce11f54f98bc930e8d43d52bd9a69709dac9c246a1057196db33
exp/egorecover_prior_data_budget/v1/data_shards/sfu_cooking023_6.json,file,github_experiment_metadata,exp,.json,172,512,1790668287659049786,2097170,13354626,1,,,,3b47a63b3d209a20a868a68d4e5db6926ffaa9e85aed8e7047c70dda5557d046
exp/egorecover_prior_data_budget/v1/data_shards/sfu_cooking_001_8.json,file,github_experiment_metadata,exp,.json,172,512,1790668288805215601,2097170,13354628,1,,,,c9c09005533525edb19f33be6b34b8e70b642de722220563da3e1a947b9440ec
exp/egorecover_prior_data_budget/v1/data_shards/sfu_cooking_002_5.json,file,github_experiment_metadata,exp,.json,172,512,1790668289532119350,2097170,13354630,1,,,,f809ef7e1024e0328e2b46d74dd1e56099cefac8334af23fe7099e3b609b78e7
exp/egorecover_prior_data_budget/v1/data_shards/sfu_cooking_005_2.json,file,github_experiment_metadata,exp,.json,172,512,1790668290202144401,2097170,13354632,1,,,,e142cfcfdd6f227ee1a223f453625df0f25c2e5fc21c979f9c2d1d875862096e
exp/egorecover_prior_data_budget/v1/data_shards/sfu_cooking_006_1.json,file,github_experiment_metadata,exp,.json,172,512,1790668291513348586,2097170,13354634,1,,,,e83ee1fd66af1c8ddd3d40aca431e5a6ed921656b6cc23cee32164203d56202d
exp/egorecover_prior_data_budget/v1/data_shards/sfu_covid_001_4.json,file,github_experiment_metadata,exp,.json,172,512,1790668292058064270,2097170,13354636,1,,,,b0fd03ca6ea1374e756c5aad4471c38315fcb34e702ecbbc67c2729fba2c169b
exp/egorecover_prior_data_budget/v1/data_shards/sfu_covid_002_10.json,file,github_experiment_metadata,exp,.json,172,512,1790668292307443874,2097170,13354638,1,,,,976ebe6f1c387baf9ca9279e35e896358eb2dedae8d8814083347aa6059cfbe3
exp/egorecover_prior_data_budget/v1/data_shards/sfu_covid_010_6.json,file,github_experiment_metadata,exp,.json,172,512,1790668292620105315,2097170,13354640,1,,,,d6e6ad6905529c98061ee0c3e78d6c62b7edb005f00344c111d1a2e46704fcc3
exp/egorecover_prior_data_budget/v1/data_shards/unc_basketball_02-24-23_01_28.json,file,github_experiment_metadata,exp,.json,172,512,1790668292890004778,2097170,13354642,1,,,,9a88fe665e60a35a4d15fa28f6abc5395e0b2edb31720ad6cb99533f88f90f9d
exp/egorecover_prior_data_budget/v1/data_shards/unc_basketball_02-24-23_01_40.json,file,github_experiment_metadata,exp,.json,172,512,1790668293087297235,2097170,13354646,1,,,,9331fb30fa3d0fef0350b051d11ca67f19eeded0e2f4ca353797f262fd0f7117
exp/egorecover_prior_data_budget/v1/data_shards/unc_basketball_03-09-23_01_32.json,file,github_experiment_metadata,exp,.json,172,512,1790668293312744544,2097170,13354648,1,,,,2e6bb925602abc4cfa917c6429ad4dcd00b48defb320f85ae28d543b4a227d6f
exp/egorecover_prior_data_budget/v1/data_shards/unc_basketball_03-09-23_02_5.json,file,github_experiment_metadata,exp,.json,172,512,1790668293529500435,2097170,13354650,1,,,,84dbbc89a576b5f506238107bec17d28c5c30db514d25bdff6a99fd028e3f69b
exp/egorecover_prior_data_budget/v1/data_shards/unc_basketball_03-16-23_01_37.json,file,github_experiment_metadata,exp,.json,172,512,1790668293784427742,2097170,13354652,1,,,,0eb1c59e14b0d070defccbd0b3602ea172339bfb5b56f6d095994b1976ff7722
exp/egorecover_prior_data_budget/v1/data_shards/unc_basketball_03-16-23_02_28.json,file,github_experiment_metadata,exp,.json,172,512,1790668294021605765,2097170,13354654,1,,,,6de71f38330914dc712c731ab42fa54dcce379e75409d38615fcf642bb033e78
exp/egorecover_prior_data_budget/v1/data_shards/unc_basketball_03-30-23_02_32.json,file,github_experiment_metadata,exp,.json,172,512,1790668294302301160,2097170,13354656,1,,,,14bdd4c3d5e4775ec51bbd05dcb652058d9f8772fb557006050fe51e5b725503
exp/egorecover_prior_data_budget/v1/data_shards/unc_basketball_03-31-23_01_13.json,file,github_experiment_metadata,exp,.json,172,512,1790668294577689666,2097170,13354658,1,,,,88c1dc6f427b790cdde793187aee29f00876f915cb1de24acbf9a8b23ed514a7
exp/egorecover_prior_data_budget/v1/data_shards/unc_basketball_03-31-23_01_42.json,file,github_experiment_metadata,exp,.json,172,512,1790668294876042307,2097170,13354660,1,,,,60101d92d83f2802f4e1f5434f20266e4e98fa3b90095c45711385d1c566439c
exp/egorecover_prior_data_budget/v1/data_shards/unc_basketball_03-31-23_02_23.json,file,github_experiment_metadata,exp,.json,172,512,1790668294984908463,2097170,13354662,1,,,,649f03114c977bab7c8ee1fa297431a098fae0b37e7f44e06c4edfb61eb1837b
exp/egorecover_prior_data_budget/v1/data_shards/unc_soccer_09-21-23_01_45.json,file,github_experiment_metadata,exp,.json,172,512,1790668295163875501,2097170,13354664,1,,,,04133544c16ee050515fed809d059c73d0ab5adac3b373b4641c61d98715b81a
exp/egorecover_prior_data_budget/v1/data_shards/unc_soccer_09-22-23_01_10.json,file,github_experiment_metadata,exp,.json,172,512,1790668295379041892,2097170,13354666,1,,,,4b46f3836ff7c5544b6d59c5011f5526d404b8b2355efa8f4ba4a908f44080aa
exp/egorecover_prior_data_budget/v1/data_shards/unc_soccer_09-22-23_01_9.json,file,github_experiment_metadata,exp,.json,172,512,1790668295563537387,2097170,13354668,1,,,,74b7c6b08b7309af08522b02dc05eaabb4b21a20d85683f746aca081e99bc4fd
exp/egorecover_prior_data_budget/v1/data_shards/uniandes_basketball_001_7.json,file,github_experiment_metadata,exp,.json,172,512,1790668295822619259,2097170,13354670,1,,,,1f9c7fe1ce5fef72a6fafb9d874eb037de1d9a6c79fdab93f36673ec104edc6c
exp/egorecover_prior_data_budget/v1/data_shards/uniandes_basketball_002_23.json,file,github_experiment_metadata,exp,.json,172,512,1790668296070496404,2097170,13354672,1,,,,fc54ead315ef58efa119a248383bd0dba24bb4e127ea39bfb87474e58b6ec8c3
exp/egorecover_prior_data_budget/v1/data_shards/uniandes_basketball_002_4.json,file,github_experiment_metadata,exp,.json,172,512,1790668296347348710,2097170,13354674,1,,,,97cdf0ca184e91cc82e08c93120956cb24b2c6ddd3aacd60150947be2c9e9db1
exp/egorecover_prior_data_budget/v1/data_shards/uniandes_basketball_002_9.json,file,github_experiment_metadata,exp,.json,172,512,1790668296543641004,2097170,13354676,1,,,,cdfa282f6d70a23c31b2db3fb54aaca992a444d7e429aacd4b4494ee8b5f51fb
exp/egorecover_prior_data_budget/v1/data_shards/uniandes_basketball_003_23.json,file,github_experiment_metadata,exp,.json,172,512,1790668297012040992,2097170,13354678,1,,,,6273e862ffe38c7f234fd1fc6cbd624654527ab79e5f7f9c86781d78c88e96d8
exp/egorecover_prior_data_budget/v1/data_shards/uniandes_basketball_003_29.json,file,github_experiment_metadata,exp,.json,172,512,1790668297941635492,2097170,13354680,1,,,,63dd0086b9cbeab7302d18cc5bf26301ca119adedd8b8c51047559ba6f085ff5
exp/egorecover_prior_data_budget/v1/data_shards/uniandes_basketball_003_32.json,file,github_experiment_metadata,exp,.json,172,512,1790668298720630122,2097170,13354682,1,,,,1f1674db0c3ef9941babe14a6abb90e49f6f79c0ee126a364f1d59f273ea58c9
exp/egorecover_prior_data_budget/v1/data_shards/uniandes_basketball_003_35.json,file,github_experiment_metadata,exp,.json,172,512,1790668298732923028,2097170,13354684,1,,,,39b4d0d5b5fde2d015d34a9bbf450de3b3fe5ee07330d25e501c40cc0e56de67
exp/egorecover_prior_data_budget/v1/data_shards/uniandes_basketball_003_36.json,file,github_experiment_metadata,exp,.json,172,512,1790668298744663210,2097170,13354686,1,,,,6aa72800c0b8aa9889f17970d2325e4b2c841b163cb565ec09fc842a6918130e
exp/egorecover_prior_data_budget/v1/data_shards/uniandes_basketball_004_6.json,file,github_experiment_metadata,exp,.json,172,512,1790668298755144226,2097170,13354688,1,,,,04faadf5fff99b392859c06266abcc41faf69712f723b3473f78efeddf4e7b49
exp/egorecover_prior_data_budget/v1/data_shards/uniandes_cooking_005_4.json,file,github_experiment_metadata,exp,.json,172,512,1790668299908389108,2097170,13354690,1,,,,1b5f9fed895900f77824ce8cbb3f0365238b1f2f29e6916fb34bebd0798012ac
exp/egorecover_prior_data_budget/v1/data_shards/uniandes_cooking_005_8.json,file,github_experiment_metadata,exp,.json,172,512,1790668301081961246,2097170,13354692,1,,,,74657eb4896f5fa16a9e40cdfa3efa9da9a2cd43aa3cdaf59825c612cbce5c33
exp/egorecover_prior_data_budget/v1/data_shards/uniandes_cooking_006_10.json,file,github_experiment_metadata,exp,.json,172,512,1790668302219417584,2097170,13354694,1,,,,5d4eb1f0878611904b4782679ca6565fcb09aef11baa7421efcbdf4aededf4be
exp/egorecover_prior_data_budget/v1/data_shards/uniandes_cooking_008_8.json,file,github_experiment_metadata,exp,.json,172,512,1790668306434263324,2097170,13354696,1,,,,d045721b051d7f8023b0a14c93e26207d0a9d3ac17b98832e29112ee4517a96c
exp/egorecover_prior_data_budget/v1/data_shards/uniandes_cooking_009_2.json,file,github_experiment_metadata,exp,.json,172,512,1790668311917717058,2097170,13354699,1,,,,4500bf8b70a43f2093a30f2e6aa7cf114a5047b13df38358403446414e2e241f
exp/egorecover_prior_data_budget/v1/data_shards/uniandes_cooking_009_4.json,file,github_experiment_metadata,exp,.json,172,512,1790668314374766362,2097170,13354701,1,,,,4da53ed197d2f59f9a735d4dc9750356ee53e6be2e789609ad4d67656afbcabb
exp/egorecover_prior_data_budget/v1/data_shards/uniandes_cooking_009_6.json,file,github_experiment_metadata,exp,.json,172,512,1790668314843629690,2097170,13354703,1,,,,8b9884d1d0a82b86b48941596283a96e2720502a5d4bea9a5482acfb40f70b4c
exp/egorecover_prior_data_budget/v1/data_shards/uniandes_dance_008_22.json,file,github_experiment_metadata,exp,.json,172,512,1790668314857813899,2097170,13354705,1,,,,67fb4b4632d99ab459d152b705830ffb4a81b427169bb1c10858db9e3a1d2844
exp/egorecover_prior_data_budget/v1/data_shards/uniandes_dance_008_25.json,file,github_experiment_metadata,exp,.json,172,512,1790668315142552424,2097170,13354707,1,,,,6130e0db3f4ddfeeb0cdd84e507506a03abdf6dca8a8291db9af6cd8ae1d9c16
exp/egorecover_prior_data_budget/v1/data_shards/uniandes_dance_008_27.json,file,github_experiment_metadata,exp,.json,172,512,1790668315436619943,2097170,13354711,1,,,,02129836f7d2204ed84dbe6f5323c486208ec067c646a68339e561f1b77063ff
exp/egorecover_prior_data_budget/v1/data_shards/uniandes_dance_012_28.json,file,github_experiment_metadata,exp,.json,172,512,1790668315656659853,2097170,11076529,1,,,,d320f3df7c9e8e954c8cd349c9016963196c287499145426cba14590e42ccb21
exp/egorecover_prior_data_budget/v1/data_shards/uniandes_dance_012_5.json,file,github_experiment_metadata,exp,.json,172,512,1790668315897318662,2097170,11076507,1,,,,2b6dc8dcf4726030626819c4dc681190e2f691035a22f3f1133b69a3b78948c2
exp/egorecover_prior_data_budget/v1/data_shards/uniandes_dance_012_7.json,file,github_experiment_metadata,exp,.json,172,512,1790668316227188311,2097170,12739661,1,,,,c7cde527f2d036b78ed9fa811b812abdb3acad10f10cfaa6eeaa67d3d1f402b7
exp/egorecover_prior_data_budget/v1/data_shards/uniandes_dance_013_19.json,file,github_experiment_metadata,exp,.json,172,512,1790668316272403052,2097170,13354713,1,,,,d78c1d08e69f0c7b396037686941f03fd722db5d783f2ec789cc95058cc02cca
exp/egorecover_prior_data_budget/v1/data_shards/uniandes_dance_015_13.json,file,github_experiment_metadata,exp,.json,172,512,1790668316525360431,2097170,13354715,1,,,,eef32bcc17c2fa21b650e728efc4894cdd0ccf0554c3fa3870ad26246a296a2f
exp/egorecover_prior_data_budget/v1/data_shards/uniandes_dance_017_57.json,file,github_experiment_metadata,exp,.json,172,512,1790668316613609206,2097170,13354717,1,,,,e329c592c2b0e4c4f3ce62a76ccbe81408da62d0d71efabebbd2a07429782e60
exp/egorecover_prior_data_budget/v1/data_shards/uniandes_dance_019_36.json,file,github_experiment_metadata,exp,.json,172,512,1790668316625982390,2097170,13354719,1,,,,76e832867bc31095990b06de28ecdf6ed7bd3e1b4a9c31f50ea27509279a9ca3
exp/egorecover_prior_data_budget/v1/data_shards/uniandes_dance_019_5.json,file,github_experiment_metadata,exp,.json,172,512,1790668316943036571,2097170,13354721,1,,,,3b403ea289dacb6f42ae4a2ba1b45d05f4a07c8c4fc4522fe043dffdd99c5069
exp/egorecover_prior_data_budget/v1/data_shards/uniandes_dance_020_13.json,file,github_experiment_metadata,exp,.json,172,512,1790668317083010249,2097170,13354723,1,,,,759ba2363a879b2d3fa00e5b9d01d0a9d90a2c39a08f735be699d8a41414ff13
exp/egorecover_prior_data_budget/v1/data_shards/uniandes_dance_020_33.json,file,github_experiment_metadata,exp,.json,172,512,1790668317349352099,2097170,13354725,1,,,,9f52e18538f0468daa0b0bc057ce03e53254ec4806226d6bea326a8326025b08
exp/egorecover_prior_data_budget/v1/data_shards/uniandes_dance_020_50.json,file,github_experiment_metadata,exp,.json,172,512,1790668317489727870,2097170,13354727,1,,,,4e76ba2a28862335b30fb6b3f7142c2d47d12ef7f21d1f4cc4b397186ceb8d73
exp/egorecover_prior_data_budget/v1/data_shards/uniandes_dance_020_61.json,file,github_experiment_metadata,exp,.json,172,512,1790668317737242448,2097170,13354729,1,,,,fe850199ae73c4ef7d1af5f9baa0e277a4a646b511742b47fef35097e0ceb3a8
exp/egorecover_prior_data_budget/v1/data_shards/uniandes_dance_021_35.json,file,github_experiment_metadata,exp,.json,172,512,1790668318088181587,2097170,13354731,1,,,,59c8a887e708a59bd633a7e948f1106de46add54be95f29748f8010dadf9692b
exp/egorecover_prior_data_budget/v1/data_shards/uniandes_dance_022_22.json,file,github_experiment_metadata,exp,.json,172,512,1790668318150122147,2097170,13354733,1,,,,a0232a20125dc0c06cd5a41e47234422177b367d6570ba93f8e200384f3a154b
exp/egorecover_prior_data_budget/v1/data_shards/uniandes_dance_022_24.json,file,github_experiment_metadata,exp,.json,172,512,1790668318345651579,2097170,13354736,1,,,,dd48ae2eb764dcfba4b01f684c6eb3a988f14846c6e4da46750766bced8d24fa
exp/egorecover_prior_data_budget/v1/data_shards/uniandes_dance_022_30.json,file,github_experiment_metadata,exp,.json,172,512,1790668318527011760,2097170,13354738,1,,,,8bd6c170769612c15ca59538f216d99cc73ddb6cb689f604881faaba17d787de
exp/egorecover_prior_data_budget/v1/data_shards/uniandes_dance_022_5.json,file,github_experiment_metadata,exp,.json,172,512,1790668318918783697,2097170,13354740,1,,,,f001ac64d5d3ab77619b17a5627669def953bbab1f17720f80c8c2aaa9911829
exp/egorecover_prior_data_budget/v1/data_shards/uniandes_dance_022_8.json,file,github_experiment_metadata,exp,.json,172,512,1790668319283449167,2097170,13354742,1,,,,ffb586d128c69b6a33e6cc75715b7a33ffc5f88b516e3e6584d9113d041dff7f
exp/egorecover_prior_data_budget/v1/data_shards/uniandes_dance_023_15.json,file,github_experiment_metadata,exp,.json,172,512,1790668319566571153,2097170,13354744,1,,,,9a6b602627d577955df41fb0d94ed6ce4b19c70a4677e914ba738b4132ecb437
exp/egorecover_prior_data_budget/v1/data_shards/uniandes_dance_024_3.json,file,github_experiment_metadata,exp,.json,172,512,1790668320884334753,2097170,13354746,1,,,,f10a5598cff70f58ec5e07468f6ce2e1b69d6489b713b80290705abff4e751b0
exp/egorecover_prior_data_budget/v1/data_shards/uniandes_dance_024_4.json,file,github_experiment_metadata,exp,.json,172,512,1790668321958971853,2097170,13354748,1,,,,c98752a4e75a0e0a8628df404764f86eb8a29dbad118486482507b89ec9e0480
exp/egorecover_prior_data_budget/v1/data_shards/upenn_0324_Piano_1_3.json,file,github_experiment_metadata,exp,.json,172,512,1790668323471598062,2097170,13354750,1,,,,141e50abf626c55ed86a78b4baf47f09c1e9f2928f4d316ce17904991c555f7c
exp/egorecover_prior_data_budget/v1/data_shards/upenn_0407_Violin_1_3.json,file,github_experiment_metadata,exp,.json,172,512,1790668324307124824,2097170,13354752,1,,,,d41462191db400614cdba18ca07c4c4f83aef5acce3245f213aaa7680c97b9b0
exp/egorecover_prior_data_budget/v1/data_shards/upenn_0407_Violin_1_4.json,file,github_experiment_metadata,exp,.json,172,512,1790668326024981694,2097170,13354754,1,,,,3a82cadb71d693abcda4dea27218fa5b2ee7381055e4f9d536a31592a21b6900
exp/egorecover_prior_data_budget/v1/data_shards/upenn_0407_Violin_1_5.json,file,github_experiment_metadata,exp,.json,172,512,1790668326988273984,2097170,13354756,1,,,,8c4253aebbb109a41652b15318cce2e629f60607ddb2f7a4e73c8b2fb1d180a0
exp/egorecover_prior_data_budget/v1/data_shards/upenn_0407_Violin_2_3.json,file,github_experiment_metadata,exp,.json,172,512,1790668327228673837,2097170,13354758,1,,,,4981fc29295de2b3fcd9e9426289304271ff821b4fbbe33ccb2e7a7fa87f07e3
exp/egorecover_prior_data_budget/v1/data_shards/upenn_0706_Dance_1_3.json,file,github_experiment_metadata,exp,.json,172,512,1790668327663419822,2097170,13354761,1,,,,5548c2000d0f7cce2dcb2569e7be7832d8c2d771091fb397b9c508ffa97bccd7
exp/egorecover_prior_data_budget/v1/data_shards/upenn_0706_Dance_5_3.json,file,github_experiment_metadata,exp,.json,172,512,1790668328089104113,2097170,13354763,1,,,,7432451901e91f9358f47b8135e4d812bd8a06d69258fe6086d21414cf47f39d
exp/egorecover_prior_data_budget/v1/data_shards/upenn_0706_Dance_5_6.json,file,github_experiment_metadata,exp,.json,172,512,1790668328529363284,2097170,13354765,1,,,,712f699e8af284b9d264853782ce3c2850441adbbdae5a1fdcd653cb355e1091
exp/egorecover_prior_data_budget/v1/data_shards/upenn_0714_Cooking_1_4.json,file,github_experiment_metadata,exp,.json,172,512,1790668328935634935,2097170,13354767,1,,,,f69e4bde1c3b7b7d96e880d8286a270022c61d03033c55afc2abfc3204f4a95e
exp/egorecover_prior_data_budget/v1/data_shards/upenn_0714_Cooking_7_2.json,file,github_experiment_metadata,exp,.json,172,512,1790668329159310403,2097170,13354769,1,,,,682b73e02e77283fbdf5ea6a50d9d56bc9880506156eb64231807710fd2df223
exp/egorecover_prior_data_budget/v1/data_shards/upenn_0717_Piano_1_5.json,file,github_experiment_metadata,exp,.json,172,512,1790668329560458058,2097170,13354771,1,,,,f81a959b26782a074d399b1a24d731a3d33be031fefcdc6552427b77bb903c0a
exp/egorecover_prior_data_budget/v1/data_shards/upenn_0718_Violin_2_6.json,file,github_experiment_metadata,exp,.json,172,512,1790668329971393418,2097170,13354773,1,,,,4f4e83c4778b6d4e6eaef3f419a96a57c073ee93bcf3b7909a62f7397798a7c2
exp/egorecover_prior_data_budget/v1/data_shards/upenn_0719_Piano_2_3.json,file,github_experiment_metadata,exp,.json,172,512,1790668330123656801,2097170,13354775,1,,,,b00f4739d154f93b8e21a0f664c9689a72bb370a7883871c47ee7c1070e7bf8a
exp/egorecover_prior_data_budget/v1/data_shards/upenn_0722_Piano_2_2.json,file,github_experiment_metadata,exp,.json,172,512,1790668330553761629,2097170,13354777,1,,,,01edbdb67c5a39d646eb2b0c4c9283c98dd79f415aa102bcdd66152110f5e46b
exp/egorecover_prior_data_budget/v1/data_shards/upenn_0722_Piano_2_3.json,file,github_experiment_metadata,exp,.json,172,512,1790668330951258895,2097170,13354779,1,,,,e18ff3e979ad507d4d5e0e91886c52b224411e2f67b097e7de4654c58f378e31
exp/egorecover_prior_data_budget/v1/data_shards/upenn_0722_Piano_2_4.json,file,github_experiment_metadata,exp,.json,172,512,1790668331342330823,2097170,13354781,1,,,,a0ff0d301126d6fb27e81cf341cb313bc694ff85af4a41bbe0ccb7417972e5d6
exp/egorecover_prior_data_budget/v1/data_shards/upenn_0722_Piano_2_5.json,file,github_experiment_metadata,exp,.json,172,512,1790668331865433296,2097170,13354783,1,,,,752f36335bc32d264ebd4f5aea07a02f791d1874913ec2e743e7d6733e29eaa9
exp/egorecover_prior_data_budget/v1/data_shards/upenn_0724_Piano_1_4.json,file,github_experiment_metadata,exp,.json,172,512,1790668332272028311,2097170,13354788,1,,,,d90e8c8eead1c3c9a6902f3a06f810826e19233e8dbbb5e952868cb808b56453
exp/egorecover_prior_data_budget/v1/data_shards/upenn_0724_Piano_1_5.json,file,github_experiment_metadata,exp,.json,172,512,1790668332740107617,2097170,13354790,1,,,,35c21641bff88c1d58e203f6e80e0190b366bbf23b5470735512ddbd4d35d874
exp/egorecover_prior_data_budget/v1/data_shards/upenn_0725_Duet_Violin_1_1_4.json,file,github_experiment_metadata,exp,.json,172,512,1790668333166550050,2097170,13354792,1,,,,dd49badbde14af09ae9f2417de12a037fe9497014a8f045a9332de57310ed5c8
exp/egorecover_prior_data_budget/v1/data_shards/upenn_0725_Duet_Violin_1_2_3.json,file,github_experiment_metadata,exp,.json,172,512,1790668333476991117,2097170,13354794,1,,,,09762c2e4e092e391cd7829d258df62742afa869c14bcd5a3decc0d069c9f808
exp/egorecover_prior_data_budget/v1/data_shards/upenn_0725_Duet_Violin_1_2_9.json,file,github_experiment_metadata,exp,.json,172,512,1790668333688673053,2097170,13354796,1,,,,da8579f91d9a2477b7ab076fc55279d80dd058ac60c6aac060f2f4266c6da9b1
exp/egorecover_prior_data_budget/v1/data_shards/upenn_0725_Violin_1_2.json,file,github_experiment_metadata,exp,.json,172,512,1790668334044549438,2097170,13354799,1,,,,7c491f40d452c2554a44f3d0ffed620025746723d04d5a11fc1d8cb449ea70d6
exp/egorecover_prior_data_budget/v1/data_shards/upenn_0726_Duet_Violin_1_2_3.json,file,github_experiment_metadata,exp,.json,172,512,1790668334616754888,2097170,13354801,1,,,,6a53b8126e88ca5fea2e07d8305f1e21c54343a8b9130e8d3936f8f6a10d9d4a
exp/egorecover_prior_data_budget/v1/data_shards/upenn_0726_Piano_1_3.json,file,github_experiment_metadata,exp,.json,172,512,1790668334874236810,2097170,13354803,1,,,,fb3bd3162be64aa2b7ce1ffa4f886d44da70edbb1d5b30bb67d16deac66a4a65
exp/egorecover_prior_data_budget/v1/data_shards/upenn_0726_Piano_1_4.json,file,github_experiment_metadata,exp,.json,172,512,1790668335017365226,2097170,13354805,1,,,,2871ea930ac74d223fe8a22fb12100228c861fbbcc14f29e03e4116b8b58042e
exp/egorecover_prior_data_budget/v1/data_shards/upenn_0726_Piano_2_2.json,file,github_experiment_metadata,exp,.json,172,512,1790668335336760843,2097170,13354807,1,,,,6014d745173cc5a4484a21a1923f30ed4697054ab7312b33ef66e0b012a19966
exp/egorecover_prior_data_budget/v1/data_shards/upenn_0727_Partner_Dance_2_1_3.json,file,github_experiment_metadata,exp,.json,172,512,1790668335765835449,2097170,13354809,1,,,,c385b33b35afd6081c103912fc6ceb4343ee4e967695620b9d623071337d36bc
exp/egorecover_prior_data_budget/v1/data_shards/upenn_0727_Partner_Dance_2_1_4.json,file,github_experiment_metadata,exp,.json,172,512,1790668335996453855,2097170,13354811,1,,,,b4abfe0ce023daea6ce72bcf89502e5ce66ebadc3bf35536264f67527fa5a1b0
exp/egorecover_prior_data_budget/v1/data_shards/utokyo_cpr_2005_25_2.json,file,github_experiment_metadata,exp,.json,172,512,1790668336300741543,2097170,13354813,1,,,,0cc8c642316f11febc863e72561e1349f9a2d4e09ee10ad391ba369765d3f8d5
exp/egorecover_prior_data_budget/v1/data_shards/utokyo_omelet_12_1001_2.json,file,github_experiment_metadata,exp,.json,172,512,1790668336488372819,2097170,13354815,1,,,,8b89144f0b8f9bd7f68969f3ebc4df3c3667597794fab789dc08728bfec3dbfb
exp/egorecover_prior_data_budget/v1/data_shards/utokyo_omelet_6_1001_4.json,file,github_experiment_metadata,exp,.json,172,512,1790668336700633434,2097170,13354817,1,,,,60fc92592862e1c5a0a59e8810b022bf6be88479686019bfd6e2659da0c8d499
exp/egorecover_prior_data_budget/v1/data_shards/utokyo_omelet_9_1001_2.json,file,github_experiment_metadata,exp,.json,172,512,1790668337122560415,2097170,13354819,1,,,,2adc5394c8abd21a8e78397072e59411d616d8caee08fdcc5087f402a2bc07b0
exp/egorecover_prior_data_budget/v1/data_shards/utokyo_pcr_2001_31_6.json,file,github_experiment_metadata,exp,.json,172,512,1790668337421271848,2097170,13354821,1,,,,1c4f10346897e0c0bfdd146a185a4c1fb4527cf18fb65bb3d115dae17b714205
exp/egorecover_prior_data_budget/v1/data_shards/utokyo_pcr_2001_33_6.json,file,github_experiment_metadata,exp,.json,172,512,1790668337433201017,2097170,13354823,1,,,,f8983311404b391908e970ecd8d53db850d910e50e31d47211191938c4f7f51f
exp/egorecover_prior_data_budget/v1/data_shards/utokyo_pcr_2001_34_6.json,file,github_experiment_metadata,exp,.json,172,512,1790668337679117150,2097170,13354825,1,,,,4094c761be887ad12df518ff0a540234e65057cafe4e330f645cc8563d0f561c
exp/egorecover_prior_data_budget/v1/jobs/D_s62.1.json,file,github_experiment_metadata,exp,.json,294,512,1790668347204932791,2097170,13354831,1,,,,b2579910e8f8ffc6bbdb01f54d18ac989e9a9cbfae38961c73b6fc3ccb57c7fb
exp/egorecover_prior_data_budget/v1/jobs/D_s62.1.status.json,file,github_experiment_metadata,exp,.json,456,512,1790669416288663092,2097170,15633263,1,,,,152078e0d8c54b30708fa247cb348b8a86e72d70cb5d090fefeebeef0b7b9f48
exp/egorecover_prior_data_budget/v1/jobs/D_s63.1.json,file,github_experiment_metadata,exp,.json,294,512,1790668347215361912,2097170,12739793,1,,,,eec72b938ecf0ae18f3ab1fcadb9b271c560213250a3c35c6240effd2176b973
exp/egorecover_prior_data_budget/v1/jobs/D_s63.1.status.json,file,github_experiment_metadata,exp,.json,456,512,1790669384401987156,2097170,15633231,1,,,,03ee647eb2e4f30c6cb1a6706181d4ecb36b4ac1a7e0157b7dca9d4fc181bb6f
exp/egorecover_prior_data_budget/v1/jobs/D_s64.1.json,file,github_experiment_metadata,exp,.json,294,512,1790668347224040303,2097170,13354834,1,,,,164b668a94e02cc58cb9267fa55c7477654bdae95571610292b4ad1b42513e51
exp/egorecover_prior_data_budget/v1/jobs/D_s64.1.status.json,file,github_experiment_metadata,exp,.json,456,512,1790669669849359388,2097170,13212678,1,,,,d853aa30db620aca716d263f2bd569fd2341d7794e06e70a473a11af4518ec6b
exp/egorecover_prior_data_budget/v1/jobs/prepare_data.1.json,file,github_experiment_metadata,exp,.json,274,512,1790667907620128975,2097170,12739775,1,,,,6b89a22baeba2d3754810fbdb832606c20367366f2a6f42da15c0093c752873e
exp/egorecover_prior_data_budget/v1/jobs/prepare_data.1.status.json,file,github_experiment_metadata,exp,.json,436,512,1790668339505802091,2097170,13354826,1,,,,43f402622b3dc01fece3ecb27d2cc3980f7cbcad8902b81da3141324332d9998
exp/egorecover_prior_data_budget/v1/plan.json,file,github_experiment_metadata,exp,.json,419,512,1790667892390639621,2097170,6750102,1,,,,f2b603b2cbe4d623c815bd7c8561bbc26de677ee86fae22e9fa82732cc17a8cd
exp/egorecover_prior_data_budget/v1/queue.json,file,github_experiment_metadata,exp,.json,4190,8192,1790669678780426000,2097170,9303940,1,,,,b451d01997dd41fa0bf5147b02d993e48a7e3aca0b745d1770fd0cee70a4033b
exp/egorecover_prior_data_budget/v1/summary.json,file,github_experiment_metadata,exp,.json,108275,114688,1790669678771555000,2097170,9303938,1,,,,cf460ac6ad0f2504ed6e346973c6502c3f29fbc177d5e966f31d41cf1cf9a44b
exp/egorecover_prior_data_budget/v1/train/D_s62/experiment.json,file,github_experiment_metadata,exp,.json,28405,32768,1790668354062859000,2097170,13585260,1,,,,5ec23e2ab8939efc62caa6418d4fd63116cdd2331edeaddfdaaf944467314eab
exp/egorecover_prior_data_budget/v1/train/D_s62/progress.json,file,github_experiment_metadata,exp,.json,177,512,1790669402978049335,2097170,9303696,1,,,,f6ae18d2ed6d544e740232dd4476c8651f307344a270b79307fcbfcdff78be77
exp/egorecover_prior_data_budget/v1/train/D_s62/report.json,file,github_experiment_metadata,exp,.json,951591,958464,1790669415492682703,2097170,9303718,1,,,,94b01d254f5c164690c15ed4347ab0698b0d8de5df17c35c1b9bf9f7e5762952
exp/egorecover_prior_data_budget/v1/train/D_s62/selection.json,file,github_experiment_metadata,exp,.json,820922,827392,1790669403005680867,2097170,9303580,1,,,,e34e66d91dc8ef94a33e1beb135d4c03a7bc934f4c2d97ba4389d10b3a525e83
exp/egorecover_prior_data_budget/v1/train/D_s63/experiment.json,file,github_experiment_metadata,exp,.json,28405,32768,1790668353664652000,2097170,13354858,1,,,,e5e4966cb8c79989a792e5f0359185e975d24bc847eb01db33da50a33f436456
exp/egorecover_prior_data_budget/v1/train/D_s63/progress.json,file,github_experiment_metadata,exp,.json,178,512,1790669375675826095,2097170,15633225,1,,,,5b745dd9b5aa14e4b3e840b5425456b07d83e8b0cbc083af9ba97755b640afb4
exp/egorecover_prior_data_budget/v1/train/D_s63/report.json,file,github_experiment_metadata,exp,.json,951514,958464,1790669383542159947,2097170,15633230,1,,,,3df5958e912ab2036036861457c0033e62b2146f6fb64d26c13d98e4440fefa5
exp/egorecover_prior_data_budget/v1/train/D_s63/selection.json,file,github_experiment_metadata,exp,.json,820785,827392,1790669375706708166,2097170,15633226,1,,,,a3bb9490758f3062758fe12f80cae6f9ea96613816f9179d8adae1731059d77c
exp/egorecover_prior_data_budget/v1/train/D_s64/experiment.json,file,github_experiment_metadata,exp,.json,28405,32768,1790668354062839000,2097170,12960849,1,,,,0941995c4b14510e73adb08871285ec7810901232f304a165edd52b26b1abeca
exp/egorecover_prior_data_budget/v1/train/D_s64/progress.json,file,github_experiment_metadata,exp,.json,177,512,1790669639211531781,2097170,15239512,1,,,,7ecc596da17d63a5525a9bf00bc54d706b8a99803b82f549376e034deaabe612
exp/egorecover_prior_data_budget/v1/train/D_s64/report.json,file,github_experiment_metadata,exp,.json,951608,958464,1790669669028138112,2097170,15239554,1,,,,8d7a7f4d4b6bf46e3273339f8a7764e47098529dd81307453f4a4da7a6fd11dd
exp/egorecover_prior_data_budget/v1/train/D_s64/selection.json,file,github_experiment_metadata,exp,.json,820945,827392,1790669639244108462,2097170,15239513,1,,,,5f2776012c85ea15ed208cccddf86f39c5ac4d0ceb96d4eb099dd913d76780cd
exp/egorecover_prior_real_history/v1/RESULTS.md,file,github_experiment_metadata,exp,.md,2565,512,1790674092822917366,2097170,11112325,1,,,,224d8a404ac237cdc44d0abed98e73ea68552f7e058958b2597992b03f2d57bf
exp/egorecover_prior_real_history/v1/history_input_summary.json,file,github_experiment_metadata,exp,.json,1929,512,1790673946172402205,2097170,11112392,1,,,,6ac9de5fda9356892a4a9ee141849a23c1bbc2aeac5aac1748c1ae7df10b748f
exp/egorecover_prior_real_history/v1/jobs/eval_shard0.1.json,file,github_experiment_metadata,exp,.json,468,512,1790673270166910177,2097170,13213083,1,,,,92f5fa804149403374cab338f5cebcc0fc2df2ca3d1e7634dbe86a182f353573
exp/egorecover_prior_real_history/v1/jobs/eval_shard0.1.status.json,file,github_experiment_metadata,exp,.json,630,512,1790673367727918630,2097170,13213091,1,,,,f3ba68b2f13c01f3651569bc8c65886554bd3d4a00551f5baf19e838acebdb75
exp/egorecover_prior_real_history/v1/jobs/eval_shard1.1.json,file,github_experiment_metadata,exp,.json,468,512,1790673270179755422,2097170,13213085,1,,,,32198d7bf4194f9280e3b0b5bfa905f63e64f0ff048c4b8773f95070eb91fbf4
exp/egorecover_prior_real_history/v1/jobs/eval_shard1.1.status.json,file,github_experiment_metadata,exp,.json,630,512,1790673367969258495,2097170,13213109,1,,,,d68280b550d805bbaf0355ec603aa0f23ed2696b8a0c28c2f1fd7ab2b0af3ed2
exp/egorecover_prior_real_history/v1/jobs/eval_shard2.1.json,file,github_experiment_metadata,exp,.json,468,512,1790673270190321126,2097170,13213087,1,,,,c161cd360b27294321bd0ccfc970a9321eddb8b0459b538aa6248c01139dc7d7
exp/egorecover_prior_real_history/v1/jobs/eval_shard2.1.status.json,file,github_experiment_metadata,exp,.json,630,512,1790673367846498467,2097170,13213105,1,,,,e2fc5c21f61fe6957f677aac0efeb62fdcf7778a44cf9f53c9653ca4918b225b
exp/egorecover_prior_real_history/v1/jobs/eval_shard3.1.json,file,github_experiment_metadata,exp,.json,468,512,1790673270199616141,2097170,13213043,1,,,,9f61bc736a9fc136e4a1103acf621977938e316336bcc43b52431f24b3b45e08
exp/egorecover_prior_real_history/v1/jobs/eval_shard3.1.status.json,file,github_experiment_metadata,exp,.json,630,512,1790673368009513252,2097170,13213110,1,,,,1814b7fa5ffa1793311c7c722eb3e606b09a143d8218cae891e65f13247775a7
exp/egorecover_prior_real_history/v1/jobs/prepare_data.1.json,file,github_experiment_metadata,exp,.json,276,512,1790672982600809335,2097170,13213046,1,,,,a555a1c6f9be30d9234aa1ea899fefe040101ecb3ca5d6b70d0355c644c026ed
exp/egorecover_prior_real_history/v1/jobs/prepare_data.1.status.json,file,github_experiment_metadata,exp,.json,438,512,1790673228220070382,2097170,13213072,1,,,,529e9bdaa9c55270bac9ba2a872907f66df9730247120b7e1c2a7a75a1cb9924
exp/egorecover_prior_real_history/v1/jobs/smoke.1.json,file,github_experiment_metadata,exp,.json,425,512,1790673239831305865,2097170,13213079,1,,,,73ebaa2c0d1e2502754a94e9cc73b6c595a1ae620740d1fed0826ca243c38307
exp/egorecover_prior_real_history/v1/jobs/smoke.1.status.json,file,github_experiment_metadata,exp,.json,587,512,1790673264285693727,2097170,13213082,1,,,,88dd4d053d5f805e5b72f0652976d4de5dd002e71425105aa1e3fd8034e1acd4
exp/egorecover_prior_real_history/v1/plan.json,file,github_experiment_metadata,exp,.json,5172,8192,1790672967371359000,2097170,11112265,1,,,,57896304ef28e37f3c2a69d6dc4418e5ec365a1a61c0b977ffd5f4df7f589187
exp/egorecover_prior_real_history/v1/queue.json,file,github_experiment_metadata,exp,.json,6960,8192,1790673378152891000,2097170,11112327,1,,,,0b5885055826d63bd66b3f667ac2d5062479d0aeb2222d9e0f4c7fa93baf8886
exp/egorecover_prior_real_history/v1/shards/shard0/identity.json,file,github_experiment_metadata,exp,.json,2774,512,1790673278829064994,2097170,11112299,1,,,,0f819399a535ba7c6d4fa82666596a8075d494d772c98382bfc8a7aa361635df
exp/egorecover_prior_real_history/v1/shards/shard0/progress.json,file,github_experiment_metadata,exp,.json,100,512,1790673351971220795,2097170,11112304,1,,,,19c23b7899db5b8b4a19fcaa2cdf512a11fc743cb37512dd277cfc8895e44b23
exp/egorecover_prior_real_history/v1/shards/shard0/report.json,file,github_experiment_metadata,exp,.json,3489,512,1790673366809632041,2097170,11112317,1,,,,8dd69b366e857e5a23564fc6ab68bf4eaf551608fc219c1fb120fc4b11f7b811
exp/egorecover_prior_real_history/v1/shards/shard1/identity.json,file,github_experiment_metadata,exp,.json,2702,512,1790673278527253463,2097170,13213101,1,,,,61fedc15866d404c33f3edf54173be94f72ffaf1aac3f2eec0efa45159f862f4
exp/egorecover_prior_real_history/v1/shards/shard1/progress.json,file,github_experiment_metadata,exp,.json,100,512,1790673352252959950,2097170,13213117,1,,,,81099de357062f34426afea734f7ef9923f9e434cf3d26ab60381d40844422d6
exp/egorecover_prior_real_history/v1/shards/shard1/report.json,file,github_experiment_metadata,exp,.json,3415,512,1790673367037449208,2097170,13213111,1,,,,b71a2df8f7975bc889d5d27be737eddb41e1516c0105004f99746dba5686b384
exp/egorecover_prior_real_history/v1/shards/shard2/identity.json,file,github_experiment_metadata,exp,.json,2756,512,1790673278792228492,2097170,8794593,1,,,,d77d846eaa0b42c160e50c75b3b6d1d95f965b7107636342046976e4dfc8c466
exp/egorecover_prior_real_history/v1/shards/shard2/progress.json,file,github_experiment_metadata,exp,.json,100,512,1790673351979115471,2097170,12736225,1,,,,84fd3f107d326b6d57e7835f313f131982ab1cc6dd0bb624e65b60415d3a35fa
exp/egorecover_prior_real_history/v1/shards/shard2/report.json,file,github_experiment_metadata,exp,.json,3471,512,1790673366939904995,2097170,12736234,1,,,,a2a6ab4186f2c234b15d32ca790487fbd55c02457d13cff024448393d2ee1585
exp/egorecover_prior_real_history/v1/shards/shard3/identity.json,file,github_experiment_metadata,exp,.json,2810,512,1790673278790786532,2097170,8688706,1,,,,0f9df31deb7a98ca55622c4e90946153ba69b983a5a39a512f8a8977457c2f3d
exp/egorecover_prior_real_history/v1/shards/shard3/progress.json,file,github_experiment_metadata,exp,.json,100,512,1790673352229238003,2097170,8688844,1,,,,8f5854f5459e63c1a2327a2a3c1a23e05753b48486c1f8d707f5e168e6f8c7d1
exp/egorecover_prior_real_history/v1/shards/shard3/report.json,file,github_experiment_metadata,exp,.json,3523,512,1790673367079723260,2097170,8689123,1,,,,a056ec863008290ea3da3e66405a0593ef5d6496c2f4f6943a5405eeb36f9ba8
exp/egorecover_prior_real_history/v1/smoke/identity.json,file,github_experiment_metadata,exp,.json,910,512,1790673246973465460,2097170,11112281,1,,,,49c166019afbcc7164df1b7c0e899e761831fc9df7905fa9d0fa553ad6b3ae00
exp/egorecover_prior_real_history/v1/smoke/progress.json,file,github_experiment_metadata,exp,.json,99,512,1790673261702001664,2097170,11112310,1,,,,a5c1c1b6e417821a003d863260281228fb1a16da3b120861c96fac98137280f5
exp/egorecover_prior_real_history/v1/smoke/report.json,file,github_experiment_metadata,exp,.json,1372,512,1790673263562263693,2097170,11112312,1,,,,1330fa2c5840f48d2c2861e4f8025ab600e429d7e4cebf753a3599d85ab25639
exp/egorecover_prior_real_history/v1/summary.json,file,github_experiment_metadata,exp,.json,1561657,1564672,1790673377584948146,2097170,11112324,1,,,,c4dccfc20e22d5f5836f22521bd3b3e118b7cc6762a73ea20050f139eefd1a4f
exp/egorecover_prior_real_history/v1/work/shard0/histories.json,file,github_experiment_metadata,exp,.json,3168,512,1790673349725623731,2097170,12736235,1,,,,2faa328b7afd661b7584fd4aef5ff0ed65f83f3280e2b8a8e6b71158b6ddaa23
exp/egorecover_prior_real_history/v1/work/shard1/histories.json,file,github_experiment_metadata,exp,.json,3096,512,1790673350163819385,2097170,8688726,1,,,,5191712d296f2c2565352ed9472253458e070c35d411c1c8583162f767bf2fa1
exp/egorecover_prior_real_history/v1/work/shard2/histories.json,file,github_experiment_metadata,exp,.json,3150,512,1790673349537369489,2097170,13213115,1,,,,e199bc4ef580baafac2a8ce67f8c60fb5283da83787dd5165c1ae9d4f92333da
exp/egorecover_prior_real_history/v1/work/shard3/histories.json,file,github_experiment_metadata,exp,.json,3204,512,1790673350164233033,2097170,8688744,1,,,,5e0f8eae0b4c374ae2996cae985e9a5945080a5b73393552691a090fa5b9c360
exp/egorecover_prior_real_history/v1/work/smoke/histories.json,file,github_experiment_metadata,exp,.json,1054,512,1790673261301970152,2097170,11112309,1,,,,187ca203cb8e0e8ce8497fce9431b8cba72785e3e27202831e8e58286a934c9a
exp/egorecover_prior_same_shape/v1/RESULTS.md,file,github_experiment_metadata,exp,.md,1773,512,1790666471619755766,2097170,10691813,1,,,,96ff83e5523d5216e472f37c9a1f6fbab19ac88bbf0b6e52f67d11914c32b8a3
exp/egorecover_prior_same_shape/v1/jobs/control_s62.1.json,file,github_experiment_metadata,exp,.json,358,512,1790665924166319148,2097170,13351066,1,,,,02e34efc2043ae28da07b4453a6cf204ae27887a18c6c2f865fcd1284ed32cf5
exp/egorecover_prior_same_shape/v1/jobs/control_s62.1.status.json,file,github_experiment_metadata,exp,.json,520,512,1790666024639912484,2097170,13351088,1,,,,93c2a3253be5e961f373758eeab014ee3517d6c4e0ae3dc08ba319b463713e16
exp/egorecover_prior_same_shape/v1/jobs/control_s63.1.json,file,github_experiment_metadata,exp,.json,339,512,1790666030119538408,2097170,13351095,1,,,,b8109e682600ae802db68191fb9fafd2ff49f4728f019a5e170dda25caf100c6
exp/egorecover_prior_same_shape/v1/jobs/control_s63.1.status.json,file,github_experiment_metadata,exp,.json,501,512,1790666126407093250,2097170,13351131,1,,,,2239a7c7cc6a99b95284bdf8f84443b750c1c8c41c64f1b4e1e895ccde84958b
exp/egorecover_prior_same_shape/v1/jobs/control_s64.1.json,file,github_experiment_metadata,exp,.json,339,512,1790666136291679438,2097170,13351120,1,,,,a77c390f2c363dca7173999254e23428d6606e1bbd154f29a1f518150d4bfb15
exp/egorecover_prior_same_shape/v1/jobs/control_s64.1.status.json,file,github_experiment_metadata,exp,.json,501,512,1790666232478080216,2097170,13351143,1,,,,7e3c7352a660daa4043a0068a31ef96b5668207d77041267b45301976bf5e6ab
exp/egorecover_prior_same_shape/v1/jobs/pose01_s62.1.json,file,github_experiment_metadata,exp,.json,338,512,1790665939292761473,2097170,13351069,1,,,,3482aa8930b58c6a47ed3d1afdc39f53597f7cef759142a58f082980e3ecb3c1
exp/egorecover_prior_same_shape/v1/jobs/pose01_s62.1.status.json,file,github_experiment_metadata,exp,.json,500,512,1790666103491137757,2097170,13351108,1,,,,24e6c08921a0831ed907d45a4f1d7f4948bc8cc5eee7b59feee31f66f90eea11
exp/egorecover_prior_same_shape/v1/jobs/pose01_s63.1.json,file,github_experiment_metadata,exp,.json,338,512,1790666105880903246,2097170,13351111,1,,,,5755a37e22f41cad33fed0e32c9108db09a482ac0e59971420723d18a790b9fc
exp/egorecover_prior_same_shape/v1/jobs/pose01_s63.1.status.json,file,github_experiment_metadata,exp,.json,500,512,1790666270032886164,2097170,13351155,1,,,,ec5abe5f9730246050ef0dcb94617980034f6bbd7c6fb717c4ceffc0b87cfe1a
exp/egorecover_prior_same_shape/v1/jobs/pose01_s64.1.json,file,github_experiment_metadata,exp,.json,338,512,1790666272425229796,2097170,13351152,1,,,,a4f71da7816e85330de12da5663ccf677e18ee065d319ebd40df671de7337a35
exp/egorecover_prior_same_shape/v1/jobs/pose01_s64.1.status.json,file,github_experiment_metadata,exp,.json,500,512,1790666443218504143,2097170,13351189,1,,,,1c73797a8a1f2c286724484cc6b3cb108d24d7b8e0c09a02583f68ff2f885027
exp/egorecover_prior_same_shape/v1/jobs/pose03_s62.1.json,file,github_experiment_metadata,exp,.json,338,512,1790665939302166517,2097170,13351057,1,,,,8d4db48189f38c4afec9f40f20907b4a39fa8010cb1102b37c6a310d29acca96
exp/egorecover_prior_same_shape/v1/jobs/pose03_s62.1.status.json,file,github_experiment_metadata,exp,.json,500,512,1790666106256975843,2097170,13351118,1,,,,91d7a6703e48d6efb225cb9623707d971c1370928433a92188e06bff8fd4b114
exp/egorecover_prior_same_shape/v1/jobs/pose03_s63.1.json,file,github_experiment_metadata,exp,.json,338,512,1790666121117764771,2097170,13351082,1,,,,e77ee8037a06813dd385d7f9faae0f6936f74a68624a90b5495d2b6b73561ab3
exp/egorecover_prior_same_shape/v1/jobs/pose03_s63.1.status.json,file,github_experiment_metadata,exp,.json,500,512,1790666287392065836,2097170,13351147,1,,,,390cdf19ac2963b9f16e7ce88ea7449e869373487da3a7569a3bc89e67370c3e
exp/egorecover_prior_same_shape/v1/jobs/pose03_s64.1.json,file,github_experiment_metadata,exp,.json,338,512,1790666287691515031,2097170,13351148,1,,,,c40eb14dde4d19b2d4fb554e036da35406667133ecd1cc6329cbb9fc26ce616a
exp/egorecover_prior_same_shape/v1/jobs/pose03_s64.1.status.json,file,github_experiment_metadata,exp,.json,500,512,1790666459059352701,2097170,13351164,1,,,,bfac478d349b04f12e6433ce3ab69368ff24a8dfba6ac8d1f1b8d45cd5958430
exp/egorecover_prior_same_shape/v1/jobs/pose10_s62.1.json,file,github_experiment_metadata,exp,.json,338,512,1790665939309494192,2097170,13351076,1,,,,f685bc2dc35054c6a2a6f96591ec102b986003e6607b6bc7ad3dfc4541e2da2f
exp/egorecover_prior_same_shape/v1/jobs/pose10_s62.1.status.json,file,github_experiment_metadata,exp,.json,500,512,1790666101120400172,2097170,13351079,1,,,,908095df74274989d532d196d0d046b4172587229d158b8fa9f5c59a56392698
exp/egorecover_prior_same_shape/v1/jobs/pose10_s63.1.json,file,github_experiment_metadata,exp,.json,338,512,1790666105888557219,2097170,13351113,1,,,,cb898aaecfebe9410021d3c65c46cae1be726905f6c4966dafcf6008214b73ba
exp/egorecover_prior_same_shape/v1/jobs/pose10_s63.1.status.json,file,github_experiment_metadata,exp,.json,500,512,1790666278164974402,2097170,13351103,1,,,,f6ee4efb3d26df53f01524065e9c5b1fa13fbcb5a9425a321923cc88aa69ba8b
exp/egorecover_prior_same_shape/v1/jobs/pose10_s64.1.json,file,github_experiment_metadata,exp,.json,338,512,1790666287699568996,2097170,13351159,1,,,,6b32cfed04248a633aeb2269369d8802f615154f44c13774e5649bc2c599bf7b
exp/egorecover_prior_same_shape/v1/jobs/pose10_s64.1.status.json,file,github_experiment_metadata,exp,.json,500,512,1790666453075576834,2097170,13351165,1,,,,615dff70bf5799df75a2f26369acb0bf1d0b2cc533cda0dc3286e46d7cd964ed
exp/egorecover_prior_same_shape/v1/plan.json,file,github_experiment_metadata,exp,.json,506,512,1790665908932826898,2097170,10691752,1,,,,7f72002fe4844d3aa8fc8c43ad309d518ce8adaee9af9f1882f8032f2a949060
exp/egorecover_prior_same_shape/v1/queue.json,file,github_experiment_metadata,exp,.json,11956,16384,1790666472290840000,2097170,10691816,1,,,,fa3a247368887824319223a537913b4cabee45dfc675ac77aaaa560aac5444e3
exp/egorecover_prior_same_shape/v1/summary.json,file,github_experiment_metadata,exp,.json,954681,958464,1790666471597055424,2097170,10691817,1,,,,fb07a6afb19c979f59cc55c745042d8b49ec2484be38e93c50df955b32ba7d1b
exp/egorecover_prior_same_shape/v1/train/control_s62/experiment.json,file,github_experiment_metadata,exp,.json,5080,8192,1790665929488947000,2097170,11297305,1,,,,2864771a4682f82b8fd2acae80a2018e65ff001da811b18833c177ede43d6caf
exp/egorecover_prior_same_shape/v1/train/control_s62/progress.json,file,github_experiment_metadata,exp,.json,177,512,1790666014438966958,2097170,11297330,1,,,,747971192edf03b002fc009df9684279b4336af99800c82917261d5a94707bff
exp/egorecover_prior_same_shape/v1/train/control_s62/report.json,file,github_experiment_metadata,exp,.json,401050,401408,1790666023984420000,2097170,11297331,1,,,,57f2117952ae216819f47c5d0a11fccc6a17e9093388524b85290d80914ce789
exp/egorecover_prior_same_shape/v1/train/control_s62/selection.json,file,github_experiment_metadata,exp,.json,212316,212992,1790666014451334000,2097170,11297323,1,,,,372fa351ac9e350cc48f8c5324173fa9e8a782f8ad6e0966457d303d8d780378
exp/egorecover_prior_same_shape/v1/train/control_s63/experiment.json,file,github_experiment_metadata,exp,.json,5081,8192,1790666035407202000,2097170,11297329,1,,,,95d2f4d77be0261d161713386d15aa8508b2d00ee8e64868cd7a77095e6175b8
exp/egorecover_prior_same_shape/v1/train/control_s63/progress.json,file,github_experiment_metadata,exp,.json,177,512,1790666121302499810,2097170,11297352,1,,,,e7452584a80c2aa1ecfcfa719560c2e44a74e96193cf8da490e7d130c1f7b3b8
exp/egorecover_prior_same_shape/v1/train/control_s63/report.json,file,github_experiment_metadata,exp,.json,290818,294912,1790666125748736000,2097170,11297359,1,,,,b1167982c05f99a95f28b7634c9f086ba4a339504cac301983c9ff1a52c0232e
exp/egorecover_prior_same_shape/v1/train/control_s63/selection.json,file,github_experiment_metadata,exp,.json,212208,212992,1790666121311405000,2097170,11297353,1,,,,8c32c4d95e593352afe6dd2ce9adc7d74a0ec543c5c2ba85093a5679dc95a107
exp/egorecover_prior_same_shape/v1/train/control_s64/experiment.json,file,github_experiment_metadata,exp,.json,5081,8192,1790666141548707000,2097170,11297369,1,,,,cacc3c47b7afd26739683c42f3b8e7f9dbac3e81429c46e19107ef748814cb6d
exp/egorecover_prior_same_shape/v1/train/control_s64/progress.json,file,github_experiment_metadata,exp,.json,177,512,1790666227377374833,2097170,11297315,1,,,,24af08425e8912f9ad36ba99617c2f05c43247d6f61e962a54dd41d0fe67ceba
exp/egorecover_prior_same_shape/v1/train/control_s64/report.json,file,github_experiment_metadata,exp,.json,290859,294912,1790666231807069000,2097170,11297365,1,,,,54217dc10a1393b1c1ddc021c2ec52820ba0040e07215468b0d9ad3f179c1dce
exp/egorecover_prior_same_shape/v1/train/control_s64/selection.json,file,github_experiment_metadata,exp,.json,212296,212992,1790666227390446000,2097170,11297338,1,,,,73224ad4626495a8fc7eaf47869f51e0e9cbb5a42a4c6b0b6ac66804712f85fe
exp/egorecover_prior_same_shape/v1/train/pose01_s62/experiment.json,file,github_experiment_metadata,exp,.json,5081,8192,1790665944874304000,2097170,10691758,1,,,,73c643750c0fdceb222f13d925d789a641bcdab118796aeba738614dd0473d1f
exp/egorecover_prior_same_shape/v1/train/pose01_s62/progress.json,file,github_experiment_metadata,exp,.json,178,512,1790666098246917331,2097170,10691780,1,,,,b9af8aa5c3b88cb856cc73d239982ced39e0af77f23326dca42ee4bbd1c5a21d
exp/egorecover_prior_same_shape/v1/train/pose01_s62/report.json,file,github_experiment_metadata,exp,.json,291303,294912,1790666102818056000,2097170,10691784,1,,,,c22408d8f15f23c29279775d85da5bb57056e2e9174758299f8bc9cc1d3db451
exp/egorecover_prior_same_shape/v1/train/pose01_s62/selection.json,file,github_experiment_metadata,exp,.json,212709,212992,1790666098267143000,2097170,10691649,1,,,,c5c2e81310c3fe19f4566023e3dc1a60bf25ff5406637432090a1bc2784b4fb0
exp/egorecover_prior_same_shape/v1/train/pose01_s63/experiment.json,file,github_experiment_metadata,exp,.json,5081,8192,1790666111366443000,2097170,11297349,1,,,,5fff63a2447c82bc34c5b33fef752525c8fa45d9bca50ef01f04ca6ad276e0f2
exp/egorecover_prior_same_shape/v1/train/pose01_s63/progress.json,file,github_experiment_metadata,exp,.json,178,512,1790666264845119821,2097170,11297386,1,,,,6ba2d680f570553c15f8a0be2def93337b7049092ca4ab5a1bb0c7a4433f0ef0
exp/egorecover_prior_same_shape/v1/train/pose01_s63/report.json,file,github_experiment_metadata,exp,.json,291296,294912,1790666269320377000,2097170,11297373,1,,,,e04196362adfcdbb8fa15c84a9e8576b189ddfdad90324e8b4db28b34b0cf77c
exp/egorecover_prior_same_shape/v1/train/pose01_s63/selection.json,file,github_experiment_metadata,exp,.json,212683,212992,1790666264857353000,2097170,11297368,1,,,,f9f4fd6f0d60182858183c594b720fdc0dfbf1dd1e298cd48416d91ea45cd88b
exp/egorecover_prior_same_shape/v1/train/pose01_s64/experiment.json,file,github_experiment_metadata,exp,.json,5081,8192,1790666277849628000,2097170,13351138,1,,,,69bc380d936151d2a909137173b8a0629e63e9fe2fb70d247f1a9599788292b8
exp/egorecover_prior_same_shape/v1/train/pose01_s64/progress.json,file,github_experiment_metadata,exp,.json,176,512,1790666437595220086,2097170,13351173,1,,,,7b325d0ca42629c85243ab3dc709f94e4fbaff712afdebbccdfdb577a3ff54d2
exp/egorecover_prior_same_shape/v1/train/pose01_s64/report.json,file,github_experiment_metadata,exp,.json,291271,294912,1790666442442704000,2097170,13351188,1,,,,c462d948620d84892b376966029a8b898e8806ba846c033abfc06057e059d1b4
exp/egorecover_prior_same_shape/v1/train/pose01_s64/selection.json,file,github_experiment_metadata,exp,.json,212633,212992,1790666437609849000,2097170,13351174,1,,,,559b3f7f15ca091e36c049b8cbbedcb0915f00a36519f173e29bdff581651e92
exp/egorecover_prior_same_shape/v1/train/pose03_s62/experiment.json,file,github_experiment_metadata,exp,.json,5081,8192,1790665944899595000,2097170,13351086,1,,,,0dece805eb6d77b848f5ebbd18197c5c399adf4f6119fb2c07bb969726e13438
exp/egorecover_prior_same_shape/v1/train/pose03_s62/progress.json,file,github_experiment_metadata,exp,.json,178,512,1790666100950382636,2097170,13351097,1,,,,b3f0ae899cfa4d87e68c564cbdcde8df7ac4b4fe427583d547a37b86f39a3b51
exp/egorecover_prior_same_shape/v1/train/pose03_s62/report.json,file,github_experiment_metadata,exp,.json,291227,294912,1790666105570936000,2097170,13351110,1,,,,41c5ef2929a82e98842fc039434ba5bbcd5a5f15407c0c74247c7c4f4f43e541
exp/egorecover_prior_same_shape/v1/train/pose03_s62/selection.json,file,github_experiment_metadata,exp,.json,212614,212992,1790666100964980000,2097170,13351098,1,,,,f84e8f7eae5feb11a5506c41cf7e19850869ac072dbbdf7b70ba2fcd8dfda4a2
exp/egorecover_prior_same_shape/v1/train/pose03_s63/experiment.json,file,github_experiment_metadata,exp,.json,5081,8192,1790666126632297000,2097170,12739919,1,,,,bfdb5966629ba7f4c98f1f4c5a640bfe2db8fb1f4da69b35da2f0dd7f76c200c
exp/egorecover_prior_same_shape/v1/train/pose03_s63/progress.json,file,github_experiment_metadata,exp,.json,178,512,1790666281998470246,2097170,12739944,1,,,,e1637e18741d6ac207b79124ae7bedcfe51714793891657826c35b600b5b6c88
exp/egorecover_prior_same_shape/v1/train/pose03_s63/report.json,file,github_experiment_metadata,exp,.json,291278,294912,1790666286728125000,2097170,12739948,1,,,,fc264b0af4c73852e4da4ae1ed11a7919f0be0d8492b9e5ba1a191344e686d53
exp/egorecover_prior_same_shape/v1/train/pose03_s63/selection.json,file,github_experiment_metadata,exp,.json,212666,212992,1790666282009907000,2097170,12739945,1,,,,d638051ef43d5ca95391b07a19c9875d5c2c7c6219c11742d5500a9f0d193f76
exp/egorecover_prior_same_shape/v1/train/pose03_s64/experiment.json,file,github_experiment_metadata,exp,.json,5081,8192,1790666293379052000,2097170,12739949,1,,,,bd7126a1936702b15135f08826f42cbc5f6424c2b50a26f54f116bcf635fdf4f
exp/egorecover_prior_same_shape/v1/train/pose03_s64/progress.json,file,github_experiment_metadata,exp,.json,177,512,1790666453478329556,2097170,12739969,1,,,,830102a713f7fc4029e5b79d94af098af9cf0a0c2cb23c2bc9fe55bb7fb5ad78
exp/egorecover_prior_same_shape/v1/train/pose03_s64/report.json,file,github_experiment_metadata,exp,.json,291384,294912,1790666458281554000,2097170,12739979,1,,,,4b9c25c4a500062ab0d422b16a6d77dfdaec84ec773921ce06af68c418e33cc6
exp/egorecover_prior_same_shape/v1/train/pose03_s64/selection.json,file,github_experiment_metadata,exp,.json,212733,212992,1790666453490621000,2097170,12739970,1,,,,7a0513348dfa156ac9240aac84cb121702327f59cdd0efac543e584d1597a0f3
exp/egorecover_prior_same_shape/v1/train/pose10_s62/experiment.json,file,github_experiment_metadata,exp,.json,5081,8192,1790665944874312000,2097170,11297319,1,,,,fbcd1649db62b2c62b70112b1a32e58391f87c71f52fa3d5a99c58b76c57cfa2
exp/egorecover_prior_same_shape/v1/train/pose10_s62/progress.json,file,github_experiment_metadata,exp,.json,179,512,1790666095926821259,2097170,11297328,1,,,,90124c480a0893a8cb096cecd0db826dabbb744f4379c1a8645877f28f9503c2
exp/egorecover_prior_same_shape/v1/train/pose10_s62/report.json,file,github_experiment_metadata,exp,.json,291221,294912,1790666100487618000,2097170,11297343,1,,,,0723e63e9db20a4726d1b7bba64c1964cae702ed8b979cca679a1eabbda9758d
exp/egorecover_prior_same_shape/v1/train/pose10_s62/selection.json,file,github_experiment_metadata,exp,.json,212634,212992,1790666095948625000,2097170,11297340,1,,,,ba73fc5db5a766c06ea4322c81c800196499457ca6dc56750d34ce11b6fe2317
exp/egorecover_prior_same_shape/v1/train/pose10_s63/experiment.json,file,github_experiment_metadata,exp,.json,5081,8192,1790666111366479000,2097170,13351081,1,,,,2816c2ecb9d5dd0802a5c77fa21ddfa36af6c14a437f63f8c5355f9ce92ad158
exp/egorecover_prior_same_shape/v1/train/pose10_s63/progress.json,file,github_experiment_metadata,exp,.json,178,512,1790666272556269151,2097170,13351158,1,,,,2bc4e65daaf03e090cfaafa75c875e8c651fc83debfcadbb155f75e2d0f9a7f6
exp/egorecover_prior_same_shape/v1/train/pose10_s63/report.json,file,github_experiment_metadata,exp,.json,291242,294912,1790666277321153000,2097170,13351154,1,,,,a67a8b6991325fc46542a20896bdac455d83de944ec3f68f922da8a03680b7aa
exp/egorecover_prior_same_shape/v1/train/pose10_s63/selection.json,file,github_experiment_metadata,exp,.json,212625,212992,1790666272568995000,2097170,13351153,1,,,,9269db6caec85a373e920a1056582545479976dfca00f37e5981c2897f02d3c4
exp/egorecover_prior_same_shape/v1/train/pose10_s64/experiment.json,file,github_experiment_metadata,exp,.json,5081,8192,1790666293372681000,2097170,13351171,1,,,,bf22eda14f7ac1a89a011205ec7302005f5dc27e3cda383e55896b496592b973
exp/egorecover_prior_same_shape/v1/train/pose10_s64/progress.json,file,github_experiment_metadata,exp,.json,178,512,1790666447823633561,2097170,13351191,1,,,,8ace01cdd98dec423414681688715ea9716b6b5b904a2f85e0e2f44fdcb6bea5
exp/egorecover_prior_same_shape/v1/train/pose10_s64/report.json,file,github_experiment_metadata,exp,.json,291254,294912,1790666452405869000,2097170,13351163,1,,,,24c5408f3f202985840b249cc78350d44ba2ad224f9ee4d01d9c2fafc75c2c39
exp/egorecover_prior_same_shape/v1/train/pose10_s64/selection.json,file,github_experiment_metadata,exp,.json,212635,212992,1790666447838642000,2097170,13351192,1,,,,3d0b017502f4d87de50187cec89b95833659b613fc8244306c7cc17ce47da033
exp/egorecover_prior_two_forward/v1/RESULTS.md,file,github_experiment_metadata,exp,.md,1124,512,1790656583895386741,2097170,14752459,1,,,,22ab06bb45fd86fd78d0a6563e32f93fd1b6137505c4dd90e9bc23349e4b4e63
exp/egorecover_prior_two_forward/v1/SCREENING.md,file,github_experiment_metadata,exp,.md,1773,512,1790656403807483808,2097170,14752458,1,,,,f3b31038f555f2e40f1bafa2d57709fbe2cb77e8d1800f42b560e3d389c6cbd8
exp/egorecover_prior_two_forward/v1/diagnostics/shape_reference.json,file,github_experiment_metadata,exp,.json,17727,24576,1790656565327382000,2097170,13085388,1,,,,6ae663fa2d22827bcc27a90f6fa74b698964b73f1da5bf5f0cad0d565c0c4140
exp/egorecover_prior_two_forward/v1/diagnostics/shape_reference.py,file,github_experiment_metadata,exp,.py,2302,512,1790656622415039394,2097170,13085390,1,,,,4187b8d5c3e9cc849b7ef01f701081b38115d19631dcd91fd0309b235b55821e
exp/egorecover_prior_two_forward/v1/jobs/A_gt_dense_s62.1.json,file,github_experiment_metadata,exp,.json,456,512,1790655548649740627,2097170,13085298,1,,,,474d7deddef15bc3c9895e17b1b1529bb0fc0a6047006a8aa251c83ad7a11e57
exp/egorecover_prior_two_forward/v1/jobs/A_gt_dense_s62.1.status.json,file,github_experiment_metadata,exp,.json,618,512,1790655776616802908,2097170,13085328,1,,,,5793887aad2d56df124cbeb76e9c10ac5c23ffdb82045a22cfbefcf04ac8f95f
exp/egorecover_prior_two_forward/v1/jobs/A_gt_dense_s63.1.json,file,github_experiment_metadata,exp,.json,334,512,1790656187288779613,2097170,13085356,1,,,,feb326ef9557e0a264da42d65bc7b8e7ee6c6c995c17bce1f81038f882a3739e
exp/egorecover_prior_two_forward/v1/jobs/A_gt_dense_s63.1.status.json,file,github_experiment_metadata,exp,.json,496,512,1790656393007243710,2097170,13085375,1,,,,1a9becf7f54ca9c894b433cf7a55e2612bd22a15ade6df22a4df6c2586f006c0
exp/egorecover_prior_two_forward/v1/jobs/A_gt_dense_s64.1.json,file,github_experiment_metadata,exp,.json,334,512,1790656187318696548,2097170,13085359,1,,,,000da3a429a2ff3beff85df04c71ebc497b04fb75a94d00086938e7d97817137
exp/egorecover_prior_two_forward/v1/jobs/A_gt_dense_s64.1.status.json,file,github_experiment_metadata,exp,.json,496,512,1790656393743314504,2097170,13085376,1,,,,34b09e75498515d1fe9c6803052a3ac79f6c4d517e4e0797a187167e509a14d3
exp/egorecover_prior_two_forward/v1/jobs/B_two_forward_dense_s62.1.json,file,github_experiment_metadata,exp,.json,364,512,1790655548660962239,2097170,13085307,1,,,,3da3a257027c56e61512d900262453dc295b3e64dcd676ffbd25e717cdb315de
exp/egorecover_prior_two_forward/v1/jobs/B_two_forward_dense_s62.1.status.json,file,github_experiment_metadata,exp,.json,526,512,1790655984482204280,2097170,13085347,1,,,,c344ecb452443283b8b569135acceef8f168e9067f646698d6b6c34b96918478
exp/egorecover_prior_two_forward/v1/jobs/C_gt_fk_s62.1.json,file,github_experiment_metadata,exp,.json,331,512,1790655548669610724,2097170,13085310,1,,,,7b69a2d3e4e3f725fe05fc4226e137001f9822e87eb6ba63feaf42976279b3f5
exp/egorecover_prior_two_forward/v1/jobs/C_gt_fk_s62.1.status.json,file,github_experiment_metadata,exp,.json,493,512,1790655928141573204,2097170,13085343,1,,,,70b1a5def07b7016f43da38863b60bcd39ceb4c7a03bac13f15c624922140ab4
exp/egorecover_prior_two_forward/v1/jobs/C_gt_fk_s63.1.json,file,github_experiment_metadata,exp,.json,331,512,1790656187308817138,2097170,13085358,1,,,,e03f41fcf3210607b7893232e175b8334fe666eb46fd64051b43fad707287f02
exp/egorecover_prior_two_forward/v1/jobs/C_gt_fk_s63.1.status.json,file,github_experiment_metadata,exp,.json,493,512,1790656567346974306,2097170,13085389,1,,,,9db8c0f5f31b9e1a6d5ae227e551fc7dd9c4f53382f20ae7ea1d8e73eca46fcf
exp/egorecover_prior_two_forward/v1/jobs/C_gt_fk_s64.1.json,file,github_experiment_metadata,exp,.json,331,512,1790656187333686608,2097170,13085361,1,,,,917441bd3dc93cd19b595828dd2c3146c6dc4301bf4f69b0fe8c6c1730c539b8
exp/egorecover_prior_two_forward/v1/jobs/C_gt_fk_s64.1.status.json,file,github_experiment_metadata,exp,.json,493,512,1790656563717498496,2097170,13085368,1,,,,55ec8d2de36539b3f630a465b6489c2e41b588de524aeb40456a8e415614477e
exp/egorecover_prior_two_forward/v1/jobs/D_two_forward_fk_s62.1.json,file,github_experiment_metadata,exp,.json,361,512,1790655548677710530,2097170,13085277,1,,,,293496310c0f66e2c4a5a2c80552377d9435a0e5d340c837b8fb7af9298276de
exp/egorecover_prior_two_forward/v1/jobs/D_two_forward_fk_s62.1.status.json,file,github_experiment_metadata,exp,.json,523,512,1790656157214876189,2097170,13085319,1,,,,94a7a081b5db009c1d0078e1094cc8ec7d978677386bfeb5d06f455e6729c79e
exp/egorecover_prior_two_forward/v1/jobs/prepare_data.1.json,file,github_experiment_metadata,exp,.json,204,512,1790654954407283677,2097170,13085274,1,,,,91eeb0fbc72af4a3fc6c95c4531c0c8ce2c25c37ef4bc4c3ee0a6b0f720a107b
exp/egorecover_prior_two_forward/v1/jobs/prepare_data.1.status.json,file,github_experiment_metadata,exp,.json,366,512,1790655220340995661,2097170,13085288,1,,,,80281f42fa7bba6a3c1da1eda4126a0b769c03115c9a218afde24f8bac8a12a0
exp/egorecover_prior_two_forward/v1/plan.before_schedule_change_1790654924194035158.json,file,github_experiment_metadata,exp,.json,854,512,1790654924194205805,2097170,14752361,1,,,,ecd363ad21ac0e9ea06ff7ecb9d726364948eb07c0ef836cf342a088e6ec1fd2
exp/egorecover_prior_two_forward/v1/plan.before_schedule_change_1790655518306863321.json,file,github_experiment_metadata,exp,.json,796,512,1790655518307022750,2097170,14752390,1,,,,39e60b7664c87f9f29917d8aab4ad71cd48e83ecb2d6588bf949d969068992be
exp/egorecover_prior_two_forward/v1/plan.json,file,github_experiment_metadata,exp,.json,796,512,1790656065366868729,2097170,14752429,1,,,,6c4b85ce740bea5abcc9d3c24839d028595d1602258dc9d32f7ba9316ea0cf6d
exp/egorecover_prior_two_forward/v1/queue.json,file,github_experiment_metadata,exp,.json,9813,16384,1790656583895878000,2097170,14752417,1,,,,d136fbeb60e01b54d4c7bb5567cdabfc96424a4b936b3fab5032ea9a1e265dc5
exp/egorecover_prior_two_forward/v1/screening.json,file,github_experiment_metadata,exp,.json,62042,65536,1790656187115964000,2097170,14752432,1,,,,d7f1c7d927f3b89a4ac324454464aa63480546f43f72d92776a150cac6d2c612
exp/egorecover_prior_two_forward/v1/summary.json,file,github_experiment_metadata,exp,.json,98474,106496,1790656583885351000,2097170,14752463,1,,,,620c081f025b7e27fe3128a852885d7e0acf89a958476fbd6fbd5b255bacf4e9
exp/egorecover_prior_two_forward/v1/train/A_gt_dense_s62/experiment.json,file,github_experiment_metadata,exp,.json,4694,8192,1790655553670105000,2097170,13085324,1,,,,def8053ab11ad63393990c8214dcdeb3b4bc9de260becada93cf164e35f82c77
exp/egorecover_prior_two_forward/v1/train/A_gt_dense_s62/progress.json,file,github_experiment_metadata,exp,.json,178,512,1790655748767494857,2097170,13085338,1,,,,2b1e4404cb0b8eb0de2500289a219a0a8cde8d9e3cfa314077a56387990f93af
exp/egorecover_prior_two_forward/v1/train/A_gt_dense_s62/report.json,file,github_experiment_metadata,exp,.json,164199,172032,1790655776122671000,2097170,13085334,1,,,,c13b37dae970924388ec48f5339d725bdb2fa8040872cd30b45911651e7c2487
exp/egorecover_prior_two_forward/v1/train/A_gt_dense_s62/selection.json,file,github_experiment_metadata,exp,.json,118181,122880,1790655748777236000,2097170,13085339,1,,,,643668d8fbab4f9c784f34fc554b4ce06091fbbc3ae5fe8932df4dcae9f14eba
exp/egorecover_prior_two_forward/v1/train/A_gt_dense_s63/experiment.json,file,github_experiment_metadata,exp,.json,4633,8192,1790656191979226000,2097170,13258816,1,,,,0c32127aaf256a5df959873fff083baa79725f4d92557331b186b2c26efecee4
exp/egorecover_prior_two_forward/v1/train/A_gt_dense_s63/progress.json,file,github_experiment_metadata,exp,.json,177,512,1790656385413800652,2097170,13258830,1,,,,70b757ef709be17a6d976166124deec2b480ba19f2f8f906989ba0f3cf9cb775
exp/egorecover_prior_two_forward/v1/train/A_gt_dense_s63/report.json,file,github_experiment_metadata,exp,.json,137882,139264,1790656392481107000,2097170,13258834,1,,,,463d4bc6e393ec6e2f8d528c6f0d787498072040a752070cede504f5945ada98
exp/egorecover_prior_two_forward/v1/train/A_gt_dense_s63/selection.json,file,github_experiment_metadata,exp,.json,118155,122880,1790656385424262000,2097170,13258831,1,,,,3e7931f40efa2a68626f79bd448f2d47a1de11e379b3be263a9dbe568093db09
exp/egorecover_prior_two_forward/v1/train/A_gt_dense_s64/experiment.json,file,github_experiment_metadata,exp,.json,4633,8192,1790656191979222000,2097170,14684094,1,,,,eb095e9a0ea31cb8e95e7757100daaa10321f58e600c501218f1febce44338c8
exp/egorecover_prior_two_forward/v1/train/A_gt_dense_s64/progress.json,file,github_experiment_metadata,exp,.json,179,512,1790656386201707331,2097170,14684109,1,,,,8f8c9ab480e326f0a38cadbc5366ed65dad2421b8a5f825d6e3bbc6f730e1114
exp/egorecover_prior_two_forward/v1/train/A_gt_dense_s64/report.json,file,github_experiment_metadata,exp,.json,137819,139264,1790656393226478000,2097170,14684098,1,,,,b7f762d8402d299cd2538d5d54e9db0d69e0f4eb93f0f0f8a9e8d3dda4a77dd6
exp/egorecover_prior_two_forward/v1/train/A_gt_dense_s64/selection.json,file,github_experiment_metadata,exp,.json,118097,122880,1790656386213790000,2097170,14684110,1,,,,ee54d0783611cff68680616d2268bedb1b427af62f184eccc67e8582ad8ff62d
exp/egorecover_prior_two_forward/v1/train/B_two_forward_dense_s62/experiment.json,file,github_experiment_metadata,exp,.json,4632,8192,1790655553576061000,2097170,13258807,1,,,,ef0ae5a56c5238109948358ecfa2713beb2d8c293ca27a6399ee414d82056436
exp/egorecover_prior_two_forward/v1/train/B_two_forward_dense_s62/progress.json,file,github_experiment_metadata,exp,.json,178,512,1790655976468282354,2097170,13258824,1,,,,920f31c98941d650c44ea17e941d521c1957b4746e5c9e30918db33da5407048
exp/egorecover_prior_two_forward/v1/train/B_two_forward_dense_s62/report.json,file,github_experiment_metadata,exp,.json,138404,139264,1790655983947646000,2097170,13258815,1,,,,9ea195800070246eda86101fba29b6367b30d85f4a77998f3f1459616edb51d2
exp/egorecover_prior_two_forward/v1/train/B_two_forward_dense_s62/selection.json,file,github_experiment_metadata,exp,.json,118669,122880,1790655976475109000,2097170,13258825,1,,,,a1f130a5945f00a8f869e117c4e89978bee841481ee0a6dc7c880a46b0b3cbb0
exp/egorecover_prior_two_forward/v1/train/C_gt_fk_s62/experiment.json,file,github_experiment_metadata,exp,.json,4633,8192,1790655553576057000,2097170,14684043,1,,,,cc790c58518ca017eec0dd1ae3fdf10b7079df9592dbbe35865a9ca4cf3aed07
exp/egorecover_prior_two_forward/v1/train/C_gt_fk_s62/progress.json,file,github_experiment_metadata,exp,.json,178,512,1790655920341544833,2097170,14684073,1,,,,3062a1aca453fee49163734f6d27a6b3076c59606b3177f9db96bc95c5e6d3fc
exp/egorecover_prior_two_forward/v1/train/C_gt_fk_s62/report.json,file,github_experiment_metadata,exp,.json,138243,139264,1790655927495477000,2097170,14684077,1,,,,d8dca84906ec06356af38af6e320fee6df0ca4b12cd120de222fd4480566c73a
exp/egorecover_prior_two_forward/v1/train/C_gt_fk_s62/selection.json,file,github_experiment_metadata,exp,.json,118524,122880,1790655920352385000,2097170,14684074,1,,,,665a4c4f80687791be841cea0520f8d603e4de3f74fb5c957328639841bed58e
exp/egorecover_prior_two_forward/v1/train/C_gt_fk_s63/experiment.json,file,github_experiment_metadata,exp,.json,4633,8192,1790656191983410000,2097170,13085365,1,,,,a26fb5a252dab62fffb68608a11d0e6473feda7081b82bf8b7aaf59d7b76f010
exp/egorecover_prior_two_forward/v1/train/C_gt_fk_s63/progress.json,file,github_experiment_metadata,exp,.json,176,512,1790656559869734268,2097170,13085386,1,,,,55bae7ff073560394023008e0e449e7dc1d2b8984a6e2b1b3ae9cb5e271bbfad
exp/egorecover_prior_two_forward/v1/train/C_gt_fk_s63/report.json,file,github_experiment_metadata,exp,.json,138189,139264,1790656566888254000,2097170,13085392,1,,,,5ae0a724b5f425168dbf4597d3207b4ce981e3d7452eac46760d60826443cd66
exp/egorecover_prior_two_forward/v1/train/C_gt_fk_s63/selection.json,file,github_experiment_metadata,exp,.json,118482,122880,1790656559905206000,2097170,13085387,1,,,,aa353453aef2a6329dbfb8ea20f3e4fa251be4a2f12dbaa587df3e95f729f065
exp/egorecover_prior_two_forward/v1/train/C_gt_fk_s64/experiment.json,file,github_experiment_metadata,exp,.json,4633,8192,1790656191983413000,2097170,14752427,1,,,,80c1303cab630acc7a601475832756842b06ab2c34a518129a5ac42ac56b1ad2
exp/egorecover_prior_two_forward/v1/train/C_gt_fk_s64/progress.json,file,github_experiment_metadata,exp,.json,178,512,1790656556042634533,2097170,14752439,1,,,,ccb00a9677b761d5095686fc08c1fcbb7da6fe031cd1c4dbde4c451b06ce0e87
exp/egorecover_prior_two_forward/v1/train/C_gt_fk_s64/report.json,file,github_experiment_metadata,exp,.json,138224,139264,1790656563163802000,2097170,14752457,1,,,,b575fe57970bb2cab15e3be30259d2ce9c1373abbac2996f5a16f882e8b0e288
exp/egorecover_prior_two_forward/v1/train/C_gt_fk_s64/selection.json,file,github_experiment_metadata,exp,.json,118516,122880,1790656556052229000,2097170,14752438,1,,,,cfb6964516e746a0224f5fff85364ffa593ebc87cb451c4f86d3ccd27c808cb4
exp/egorecover_prior_two_forward/v1/train/D_two_forward_fk_s62/experiment.json,file,github_experiment_metadata,exp,.json,4632,8192,1790655553762665000,2097170,14752385,1,,,,dbff6281bbde0395bc25f1d824c2c820bc2123e9e8a9706a748b3e94a2b63f0e
exp/egorecover_prior_two_forward/v1/train/D_two_forward_fk_s62/progress.json,file,github_experiment_metadata,exp,.json,177,512,1790656149658452574,2097170,14752423,1,,,,065ce27b09d7955c5595a463032b771a59742e4cb0acc4e1c68e2ef897adb143
exp/egorecover_prior_two_forward/v1/train/D_two_forward_fk_s62/report.json,file,github_experiment_metadata,exp,.json,138705,139264,1790656156702124000,2097170,14752426,1,,,,5c8f2ecf651f694798bd3031fc46d303a05f58b15efab90ca5c0274426aec299
exp/egorecover_prior_two_forward/v1/train/D_two_forward_fk_s62/selection.json,file,github_experiment_metadata,exp,.json,118974,122880,1790656149666510000,2097170,14752404,1,,,,fa141f36ee50e4aed9572b0f24a9e32c3a9c9448e9ac77451bace2028066721c
exp/egorecover_prior_velocity/v1/RESULTS.md,file,github_experiment_metadata,exp,.md,1157,512,1790664821919755664,2097170,9317185,1,,,,ca77f4dc4e0b271b6f3bb0255a2e1cc98a2e709c11c0e879298b4bab4f611ed1
exp/egorecover_prior_velocity/v1/jobs/control_s62.1.json,file,github_experiment_metadata,exp,.json,316,512,1790664245872700283,2097170,15367490,1,,,,aa960fdec01da3ade88320e2307e52abf24b5e3e9fdcbd9d0f26613b98bef839
exp/egorecover_prior_velocity/v1/jobs/control_s62.1.status.json,file,github_experiment_metadata,exp,.json,478,512,1790664589376557147,2097170,10769904,1,,,,d2a54d038843554058c6029d5e9cf4e82a7436731dc4ed20cba149a7e269d530
exp/egorecover_prior_velocity/v1/jobs/control_s63.1.json,file,github_experiment_metadata,exp,.json,297,512,1790664245891550630,2097170,15367412,1,,,,2a28dacb50a08222922226cc7a5235558fde2223860faac74b6dccc26f8b28ec
exp/egorecover_prior_velocity/v1/jobs/control_s63.1.status.json,file,github_experiment_metadata,exp,.json,459,512,1790664380873498923,2097170,10769718,1,,,,521f3dfcddda5aa76e9373dd00e16034efafe452c19445b12fc3507330500ee1
exp/egorecover_prior_velocity/v1/jobs/control_s64.1.json,file,github_experiment_metadata,exp,.json,297,512,1790664593811297266,2097170,10769907,1,,,,d3a9df2ad63c761cbc04f5bfa28acaac8f9418cfb98f169725876fb33e9fe7e1
exp/egorecover_prior_velocity/v1/jobs/control_s64.1.status.json,file,github_experiment_metadata,exp,.json,459,512,1790664753308612636,2097170,11384459,1,,,,1c5b170744ce1fca74c48d7b3efbf806de3e06460eb7530774fdb630a0c8e7ec
exp/egorecover_prior_velocity/v1/jobs/velocity_s62.1.json,file,github_experiment_metadata,exp,.json,322,512,1790664245883652767,2097170,15367492,1,,,,58b3d4a79ea11c78874fc7ca9b38e848432811581be11993d23b7bf425a73b88
exp/egorecover_prior_velocity/v1/jobs/velocity_s62.1.status.json,file,github_experiment_metadata,exp,.json,484,512,1790664604668707229,2097170,11384320,1,,,,99eaf7635e50371a423b0ec3ea84579bca4d27285338095b4f041bb3c418af0f
exp/egorecover_prior_velocity/v1/jobs/velocity_s63.1.json,file,github_experiment_metadata,exp,.json,322,512,1790664245898500639,2097170,15367495,1,,,,c5655561295314038bf9d4b8ad6a87397c1c5f8519118573a57ff072824d5bbb
exp/egorecover_prior_velocity/v1/jobs/velocity_s63.1.status.json,file,github_experiment_metadata,exp,.json,484,512,1790664495170001279,2097170,10769717,1,,,,3a198dff6388460c2fda3f22f7f122a16aa7839e64465717873abc8c5c950c13
exp/egorecover_prior_velocity/v1/jobs/velocity_s64.1.json,file,github_experiment_metadata,exp,.json,322,512,1790664609104932969,2097170,11384323,1,,,,9b9839246d5bfcf0f7af4b66223df74de89f4ef5b2e321b585dbb880b88b9169
exp/egorecover_prior_velocity/v1/jobs/velocity_s64.1.status.json,file,github_experiment_metadata,exp,.json,484,512,1790664808029399904,2097170,11384465,1,,,,004dc7e0b159794ca7fdcad4d59b866afbaf2cbfe8b5385932f7a96c0c9c7905
exp/egorecover_prior_velocity/v1/plan.json,file,github_experiment_metadata,exp,.json,457,512,1790664230630641641,2097170,8702357,1,,,,dbac2995c59188a03f0b050ef5644b0b7336af85562cbd8a3b5316413bb4c2d5
exp/egorecover_prior_velocity/v1/queue.json,file,github_experiment_metadata,exp,.json,6156,8192,1790664822633627000,2097170,15537531,1,,,,75be7df502c5a17feb42f225905af6871a10143875494939d92f3b635563954a
exp/egorecover_prior_velocity/v1/summary.json,file,github_experiment_metadata,exp,.json,519686,524288,1790664821907057000,2097170,14922300,1,,,,6f4d3b34d3de1d0039107ea62c46674bf44a87fecb1868376a2266d1ef83539a
exp/egorecover_prior_velocity/v1/train/control_s62/experiment.json,file,github_experiment_metadata,exp,.json,5190,8192,1790664251985448000,2097170,15367497,1,,,,500238d86b43d1cca93f0bda023b1657976932fee6278370e3d1b7c038033084
exp/egorecover_prior_velocity/v1/train/control_s62/progress.json,file,github_experiment_metadata,exp,.json,177,512,1790664572593971587,2097170,10769802,1,,,,61765c0fdfad0ef4443dc362c0239cc89fab40d00e3fb9aa7a9584942c920696
exp/egorecover_prior_velocity/v1/train/control_s62/report.json,file,github_experiment_metadata,exp,.json,400246,401408,1790664588709585000,2097170,10769903,1,,,,f2718a9ba764726480c92e3c78a7101d35dcfd1a64e17b24329af699cb1f9ba9
exp/egorecover_prior_velocity/v1/train/control_s62/selection.json,file,github_experiment_metadata,exp,.json,211428,212992,1790664572602944000,2097170,10769857,1,,,,d2902d8e75b96da2722cd7a43318519112c95c60f7ff1d54acb504e7ea057cd8
exp/egorecover_prior_velocity/v1/train/control_s63/experiment.json,file,github_experiment_metadata,exp,.json,5191,8192,1790664252219873000,2097170,14683661,1,,,,2775eb3b272107a662d0b852b1612488f8f7d92d1c2d11ea310b30d7e0f08c79
exp/egorecover_prior_velocity/v1/train/control_s63/progress.json,file,github_experiment_metadata,exp,.json,177,512,1790664374381246325,2097170,10956746,1,,,,c7115b06110412fbe3f813183d0140e96704e9b65dc107578c420b702826802a
exp/egorecover_prior_velocity/v1/train/control_s63/report.json,file,github_experiment_metadata,exp,.json,290018,294912,1790664380171533000,2097170,10956763,1,,,,d1c25c939449044b3665eae925c898525aa4548a952a684ae7c2c898a266ce9c
exp/egorecover_prior_velocity/v1/train/control_s63/selection.json,file,github_experiment_metadata,exp,.json,211320,212992,1790664374403293000,2097170,10956747,1,,,,b08b3f79b93f77a3b5d8b8bc0cf424a2d74938697379383004b38607669d20d9
exp/egorecover_prior_velocity/v1/train/control_s64/experiment.json,file,github_experiment_metadata,exp,.json,5191,8192,1790664599339968000,2097170,8794121,1,,,,47eae128721bc923028290bb78e81cfce659342b1207b4f9dde7690124a60ef2
exp/egorecover_prior_velocity/v1/train/control_s64/progress.json,file,github_experiment_metadata,exp,.json,178,512,1790664748052424284,2097170,8794271,1,,,,48f15c039e516f30915608d63c42c485b919e54d686698a57e65db4bc8bd41e8
exp/egorecover_prior_velocity/v1/train/control_s64/report.json,file,github_experiment_metadata,exp,.json,290058,294912,1790664752657446000,2097170,8794217,1,,,,c1a0edb5ebfaa9e068167e39009caa2408472b61a191b3c4ea20037b149c4df8
exp/egorecover_prior_velocity/v1/train/control_s64/selection.json,file,github_experiment_metadata,exp,.json,211408,212992,1790664748062252000,2097170,8794277,1,,,,d53d1fe6d7a84f396d1b447e61c9919214848afefdc73f2e29f435afc07d2298
exp/egorecover_prior_velocity/v1/train/velocity_s62/experiment.json,file,github_experiment_metadata,exp,.json,5190,8192,1790664252219793000,2097170,14683652,1,,,,ec9ec824b7734e423fadcc7006ca501704e89e9608f547fa689af58d17ce1792
exp/egorecover_prior_velocity/v1/train/velocity_s62/progress.json,file,github_experiment_metadata,exp,.json,178,512,1790664565170805290,2097170,12619907,1,,,,a14e600a4b9d91938034915ca656e48d72bf31beddd8e78586fc4cceafa8293b
exp/egorecover_prior_velocity/v1/train/velocity_s62/report.json,file,github_experiment_metadata,exp,.json,290066,294912,1790664603896148000,2097170,12620028,1,,,,e02cf9a72c8f8e6ae4da458b90496141bfd3f4dee4db8d0aebe4f38599e2fe82
exp/egorecover_prior_velocity/v1/train/velocity_s62/selection.json,file,github_experiment_metadata,exp,.json,211364,212992,1790664565192612000,2097170,12619941,1,,,,ab64e0bc411c75c9e4adb1f1a1e50533b161fb4956ca840e90f872eeaba77e35
exp/egorecover_prior_velocity/v1/train/velocity_s63/experiment.json,file,github_experiment_metadata,exp,.json,5190,8192,1790664252219864000,2097170,12644166,1,,,,91e1bc807a26215e6858f63fea4196f5911da141f1acccb1a641c7d365ed36dd
exp/egorecover_prior_velocity/v1/train/velocity_s63/progress.json,file,github_experiment_metadata,exp,.json,178,512,1790664464300714755,2097170,15537194,1,,,,80b43d04674cd31db230b63e2adaccf177e37227f5bfcafa8a5926c3e7b4a903
exp/egorecover_prior_velocity/v1/train/velocity_s63/report.json,file,github_experiment_metadata,exp,.json,290079,294912,1790664494308437000,2097170,15537244,1,,,,333cbda2ea80c1440d58a88b83a2ab4b207b1b9d5b87a540a0bab0460b34f960
exp/egorecover_prior_velocity/v1/train/velocity_s63/selection.json,file,github_experiment_metadata,exp,.json,211331,212992,1790664464310750000,2097170,15537202,1,,,,af19c8d5ea59b0491ef36969ecf260ca6767c17575a44deefa9fe7bf079961cd
exp/egorecover_prior_velocity/v1/train/velocity_s64/experiment.json,file,github_experiment_metadata,exp,.json,5190,8192,1790664614632379000,2097170,10769910,1,,,,4c3b458a14b38986e96e25ac6c53e848afa0ee34cb0d227db0abb6ac38bee272
exp/egorecover_prior_velocity/v1/train/velocity_s64/progress.json,file,github_experiment_metadata,exp,.json,178,512,1790664802247921050,2097170,11384479,1,,,,478d5d36074c3c942c0a5df73adc7edf9fd817eb257d3faa5484abeedecc7090
exp/egorecover_prior_velocity/v1/train/velocity_s64/report.json,file,github_experiment_metadata,exp,.json,290063,294912,1790664807417744000,2097170,11384416,1,,,,942161ba1ddefc6af9d810a2a13cb7d19ed18b95a4511384bc7d8306e0c49276
exp/egorecover_prior_velocity/v1/train/velocity_s64/selection.json,file,github_experiment_metadata,exp,.json,211384,212992,1790664802268365000,2097170,11384480,1,,,,be59dab450254a24ca5d3395c5a1bc5939f029a56f21a3120c7907278afc540a
exp/egorecover_stages_1_4/continuation_v1/jobs/diagnose_dev.1.json,file,github_experiment_metadata,exp,.json,691,512,1790630643101843037,2097170,11425568,1,,,,e63405fbe93a1a75deb7cdcf8f80bb427865084c820cf844a9d8cb36838fbd2e
exp/egorecover_stages_1_4/continuation_v1/jobs/diagnose_dev.1.status.json,file,github_experiment_metadata,exp,.json,853,512,1790630980123027658,2097170,11425627,1,,,,cb6c8b280c37d812ee39172721b5a4839f579684c33ed4ce8ebc3c33c12d8608
exp/egorecover_stages_1_4/continuation_v1/jobs/diagnose_train.1.json,file,github_experiment_metadata,exp,.json,697,512,1790630643093800747,2097170,11425628,1,,,,d3f40b8bd6bf5275bba0297a97c5f067efe3e401014704ad8e0802718d20d905
exp/egorecover_stages_1_4/continuation_v1/jobs/diagnose_train.1.status.json,file,github_experiment_metadata,exp,.json,859,512,1790631260188521941,2097170,11425639,1,,,,132b68ad1ad7c7e6f89045bdf315ab7263b218f897483b0f8c60026d8c0f31d0
exp/egorecover_stages_1_4/continuation_v1/jobs/eval_12take_1200.1.json,file,github_experiment_metadata,exp,.json,636,512,1790589346936376192,2097170,10816704,1,,,,b9c73c63e8a17eeda6391790acefd057cc294dff53833472307de96ccdd2b438
exp/egorecover_stages_1_4/continuation_v1/jobs/eval_12take_1200.1.status.json,file,github_experiment_metadata,exp,.json,798,512,1790589354880455606,2097170,10816717,1,,,,60d500c3b76a89987eee8a59fc3d7bce6621d7d6de25f3b26ef36cc250e584bf
exp/egorecover_stages_1_4/continuation_v1/jobs/eval_12take_1200.2.json,file,github_experiment_metadata,exp,.json,636,512,1790589538827929618,2097170,10816822,1,,,,b9c73c63e8a17eeda6391790acefd057cc294dff53833472307de96ccdd2b438
exp/egorecover_stages_1_4/continuation_v1/jobs/eval_12take_1200.2.status.json,file,github_experiment_metadata,exp,.json,798,512,1790595672169382023,2097170,11431663,1,,,,32a7e2e4c7e545ba12c2dc97d5633fcd0b212e044b033b341516a7251aac64ed
exp/egorecover_stages_1_4/continuation_v1/jobs/eval_12take_2400.1.json,file,github_experiment_metadata,exp,.json,652,512,1790609981152952888,2097170,14761447,1,,,,f9a950ffb79f9f458ee9418be9a5d0e6929d436a32a91e5a7260fbd529a808d7
exp/egorecover_stages_1_4/continuation_v1/jobs/eval_12take_2400.1.status.json,file,github_experiment_metadata,exp,.json,814,512,1790616874090061058,2097170,15376282,1,,,,2ce5847229c9b857a6d1bc2271cb770bd664f47640351ca31a247a909972cf22
exp/egorecover_stages_1_4/continuation_v1/jobs/eval_12take_400.1.json,file,github_experiment_metadata,exp,.json,633,512,1790589346927578299,2097170,10816705,1,,,,0a78d3ff240b2e72d62aa785521b8b9715e599fe04e9c084dfc04e5fde66ab44
exp/egorecover_stages_1_4/continuation_v1/jobs/eval_12take_400.1.status.json,file,github_experiment_metadata,exp,.json,795,512,1790589354953757174,2097170,10816718,1,,,,294a34523ec85608391eec8aad5fea8af0cca7c90c868ca93deceb2bfd611e47
exp/egorecover_stages_1_4/continuation_v1/jobs/eval_12take_400.2.json,file,github_experiment_metadata,exp,.json,633,512,1790589538817141996,2097170,10816820,1,,,,0a78d3ff240b2e72d62aa785521b8b9715e599fe04e9c084dfc04e5fde66ab44
exp/egorecover_stages_1_4/continuation_v1/jobs/eval_12take_400.2.status.json,file,github_experiment_metadata,exp,.json,795,512,1790595574261511815,2097170,10816652,1,,,,073b6e2777340c956ebecbee1666fe9d494e1105c91912fcea97c8b7080ee7e4
exp/egorecover_stages_1_4/continuation_v1/jobs/eval_72take_1200.1.json,file,github_experiment_metadata,exp,.json,636,512,1790595684480986922,2097170,13095099,1,,,,231ea54e607ef5f52a1ce385bd06214fd7439be46e5932a8049f285460eb17f6
exp/egorecover_stages_1_4/continuation_v1/jobs/eval_72take_1200.1.status.json,file,github_experiment_metadata,exp,.json,798,512,1790601627310602608,2097170,15449525,1,,,,c792f67a9cefe8f702a55ae2cad8b48394be49d534db2f544aab72012e9d71a9
exp/egorecover_stages_1_4/continuation_v1/jobs/eval_72take_2400.1.json,file,github_experiment_metadata,exp,.json,652,512,1790600692055641925,2097170,15449519,1,,,,c3992a123a6f17628ec325455e65248788b518e3ffbccfa3799bccfe0a5349f8
exp/egorecover_stages_1_4/continuation_v1/jobs/eval_72take_2400.1.status.json,file,github_experiment_metadata,exp,.json,814,512,1790606481224556494,2097170,14761241,1,,,,94e0a27b2f698923cdeab5a07deac964a9d5c43f2f9499f28f4a186137e0be02
exp/egorecover_stages_1_4/continuation_v1/jobs/eval_72take_400.1.json,file,github_experiment_metadata,exp,.json,619,512,1790595593441771886,2097170,10816648,1,,,,19c66af4989aaaa103d9a7beaa4662ed37af7eb951355ec8c132374611615d7e
exp/egorecover_stages_1_4/continuation_v1/jobs/eval_72take_400.1.status.json,file,github_experiment_metadata,exp,.json,781,512,1790601740686284941,2097170,15449526,1,,,,1412d7bb0f04d277a07a19d9b7d4751947b3285faa3cc3e45b657a9f79c6ade0
exp/egorecover_stages_1_4/continuation_v1/jobs/eval_replay_0.1.json,file,github_experiment_metadata,exp,.json,642,512,1790624792158647252,2097170,10810631,1,,,,c262c39281564b0edbd1a8c45a878883110fbed90989282a6c24b6b665fe1875
exp/egorecover_stages_1_4/continuation_v1/jobs/eval_replay_0.1.status.json,file,github_experiment_metadata,exp,.json,804,512,1790630409954720035,2097170,11425543,1,,,,b7b45331a816a81be00cf8728decb5928810428a0c77db5b03d3c123646e49d1
exp/egorecover_stages_1_4/continuation_v1/jobs/eval_replay_0p25.1.json,file,github_experiment_metadata,exp,.json,651,512,1790624755185270572,2097170,10810619,1,,,,5708bd57b45c898e2c2969fa7e3d7964fa74b1cc050523b9e34910b343f72d7e
exp/egorecover_stages_1_4/continuation_v1/jobs/eval_replay_0p25.1.status.json,file,github_experiment_metadata,exp,.json,813,512,1790630377040203397,2097170,11425606,1,,,,dbc23544bef8eb9afadb416ddb6686d62f5e3d1eb7b65a63393566bf68e72e74
exp/egorecover_stages_1_4/continuation_v1/jobs/eval_replay_0p5.1.json,file,github_experiment_metadata,exp,.json,648,512,1790624859727368710,2097170,10810653,1,,,,41a33b8cdefaae6aca7f25afe82f9a60099031ce10fb9008798c2eb065bebf7f
exp/egorecover_stages_1_4/continuation_v1/jobs/eval_replay_0p5.1.status.json,file,github_experiment_metadata,exp,.json,810,512,1790630639823378384,2097170,10810649,1,,,,5e8e09b9dfa02521b69dd191818bbe276d692eb1b77ec0ba7fdf56aa51b56313
exp/egorecover_stages_1_4/continuation_v1/jobs/train_12take_2400.1.json,file,github_experiment_metadata,exp,.json,1168,512,1790589346906246378,2097170,10816701,1,,,,e0d96fde01aa3daf41cd5184abb04044ae079967a5a0d87c59a6cf16c660129b
exp/egorecover_stages_1_4/continuation_v1/jobs/train_12take_2400.1.status.json,file,github_experiment_metadata,exp,.json,1330,512,1790589354716965688,2097170,10816716,1,,,,e90900965ab3cc4a1963eb0121da798199d0ff0c958615551a69d44659f0258f
exp/egorecover_stages_1_4/continuation_v1/jobs/train_12take_2400.2.json,file,github_experiment_metadata,exp,.json,1168,512,1790589538762834703,2097170,10816816,1,,,,e0d96fde01aa3daf41cd5184abb04044ae079967a5a0d87c59a6cf16c660129b
exp/egorecover_stages_1_4/continuation_v1/jobs/train_12take_2400.2.status.json,file,github_experiment_metadata,exp,.json,1330,512,1790609954944976643,2097170,14761383,1,,,,3153864affc68830f81931fab8198ec1a51c28fb1ec9376ff761656fc2f53117
exp/egorecover_stages_1_4/continuation_v1/jobs/train_72take_2400.1.json,file,github_experiment_metadata,exp,.json,1269,512,1790589346918460431,2097170,10816703,1,,,,d096d4de873fdc0ca6f681bec1cfd143e13cacbfe5e422a1d58dc5e9d9504728
exp/egorecover_stages_1_4/continuation_v1/jobs/train_72take_2400.1.status.json,file,github_experiment_metadata,exp,.json,1431,512,1790589354716784961,2097170,10816715,1,,,,0b5217baa23c8d50e1250d79dde00bb10b553217af608a376a69e2babe6099b0
exp/egorecover_stages_1_4/continuation_v1/jobs/train_72take_2400.2.json,file,github_experiment_metadata,exp,.json,1269,512,1790589538777556882,2097170,10816818,1,,,,d096d4de873fdc0ca6f681bec1cfd143e13cacbfe5e422a1d58dc5e9d9504728
exp/egorecover_stages_1_4/continuation_v1/jobs/train_72take_2400.2.status.json,file,github_experiment_metadata,exp,.json,1431,512,1790600662091093530,2097170,15449518,1,,,,abc7775f3307d277ff41968ae131ffe04f3d550505274a0fd8ff6c06db6f5563
exp/egorecover_stages_1_4/continuation_v1/jobs/train_replay_0.1.json,file,github_experiment_metadata,exp,.json,1363,512,1790620292575515055,2097170,10810458,1,,,,ec4a2678b2ca8730807e6bce04ece3292f2d131df5a66dbabf78d5633f0c1f16
exp/egorecover_stages_1_4/continuation_v1/jobs/train_replay_0.1.status.json,file,github_experiment_metadata,exp,.json,1525,512,1790624775191080604,2097170,10810625,1,,,,a157c2ad493b1f49fca31f8bc4a94669c42237e263cebc4b9a76c99138616e16
exp/egorecover_stages_1_4/continuation_v1/jobs/train_replay_0p25.1.json,file,github_experiment_metadata,exp,.json,1367,512,1790620292585155834,2097170,10810453,1,,,,18ad95cae6ececbfd90a65440693aecddd8a2bac322711972a7338ca3596e5d3
exp/egorecover_stages_1_4/continuation_v1/jobs/train_replay_0p25.1.status.json,file,github_experiment_metadata,exp,.json,1529,512,1790624724613777438,2097170,10810612,1,,,,679ba1e63f9540cb71846d23487b672bd836b815cfb585d220db7a144373861b
exp/egorecover_stages_1_4/continuation_v1/jobs/train_replay_0p5.1.json,file,github_experiment_metadata,exp,.json,1365,512,1790620292596725623,2097170,10810433,1,,,,8e6b798b2d0d8c10d081f5e304b4029e5972f23e3c5e4665f6afc5c319c170b2
exp/egorecover_stages_1_4/continuation_v1/jobs/train_replay_0p5.1.status.json,file,github_experiment_metadata,exp,.json,1527,512,1790624826283864832,2097170,10810641,1,,,,26bfedbd7f39bf11965af626367f83821f9d8397efba34d6f3287f801ac37410
exp/egorecover_stages_1_4/continuation_v1/monitor.json,file,github_experiment_metadata,exp,.json,1227,512,1790596779900297859,2097170,15222201,1,,,,44893e58313368e3c9fd7b6da7718b88713392851cb07852473ea4a6c07db6a5
exp/egorecover_stages_1_4/continuation_v1/monitor.jsonl,file,github_experiment_metadata,exp,.jsonl,96928,98304,1790596779901662496,2097170,12943801,1,,,,fc3b43480b8b88e1331500d6c74ec6caf9db46e3558385458dae5699d0201181
exp/egorecover_stages_1_4/continuation_v1/queue.json,file,github_experiment_metadata,exp,.json,35810,40960,1790631275456328000,2097170,12643871,1,,,,984961c87cbf6df4b993272c29aeddbfb31082c00d33896830deb71b8eb6fe87
exp/egorecover_stages_1_4/continuation_v1/results.md,file,github_experiment_metadata,exp,.md,2820,512,1790631275455269092,2097170,12643870,1,,,,f968e3a481c3a2742d31dd301817a0ef6d51e206279bd17161dedb410775b947
exp/egorecover_stages_1_4/continuation_v1/sharing_active.json,file,github_experiment_metadata,exp,.json,365,512,1790590322231698865,2097170,12943725,1,,,,30a984f5bbf1c13823a69492adba342e383743b0c420d2c7332ed31adbb4355a
exp/egorecover_stages_1_4/continuation_v1/sharing_baseline.json,file,github_experiment_metadata,exp,.json,612,512,1790589287871850570,2097170,11280364,1,,,,904826070c577ee3758e01a0d32305aca65f31abac5032f2c60f23068c128636
exp/egorecover_stages_1_4/continuation_v1/stage2_budget/12take_2400/report.json,file,github_experiment_metadata,exp,.json,60581,65536,1790609953783472000,2097170,15473825,1,,,,0fe12a09b1f6c39135e18e013a18b9f98637757a78af9becd327b9cecaed81cf
exp/egorecover_stages_1_4/continuation_v1/stage2_budget/72take_2400/report.json,file,github_experiment_metadata,exp,.json,69964,73728,1790600660902382000,2097170,13025001,1,,,,01c95d8c9e0bd225f027c40c436e15cdc2cb786dbbb043c47d5c1d1ff8a8cae2
exp/egorecover_stages_1_4/continuation_v1/stage2_eval/12take_1200/progress.json,file,github_experiment_metadata,exp,.json,236266,237568,1790595650093480000,2097170,12943458,1,,,,e198c9192544b48c5f6428e2035c1579df029005ba75079ed157311247cb6bc6
exp/egorecover_stages_1_4/continuation_v1/stage2_eval/12take_1200/report.json,file,github_experiment_metadata,exp,.json,907365,909312,1790595670902060846,2097170,15221783,1,,,,bf2416b131ce240eac5655237e38c588038f984106cb4150f31adf139dccd56b
exp/egorecover_stages_1_4/continuation_v1/stage2_eval/12take_2400/progress.json,file,github_experiment_metadata,exp,.json,236282,237568,1790616773291280000,2097170,11356801,1,,,,794f318b57e7096c068f4a53cdd123a6ee9531731858ebc5cf0044092b940d7b
exp/egorecover_stages_1_4/continuation_v1/stage2_eval/12take_2400/report.json,file,github_experiment_metadata,exp,.json,907381,909312,1790616873089285358,2097170,11356797,1,,,,ad7c57f6d27cb44777a182adcba5cf6e7d6f349f60edb7d65f8e973a3138160d
exp/egorecover_stages_1_4/continuation_v1/stage2_eval/12take_400/progress.json,file,github_experiment_metadata,exp,.json,236047,237568,1790595515530483000,2097170,15303639,1,,,,5a487d3c00d7522a0ae90644a7893379e16ccddefdb169a580e2d84772328b12
exp/egorecover_stages_1_4/continuation_v1/stage2_eval/12take_400/report.json,file,github_experiment_metadata,exp,.json,907141,909312,1790595573306110679,2097170,8684564,1,,,,e754fb635641cb6be9f4060a0baf55bde335745c73abaabc162cd87971248aa3
exp/egorecover_stages_1_4/continuation_v1/stage2_eval/72take_1200/progress.json,file,github_experiment_metadata,exp,.json,236266,237568,1790601567876250000,2097170,13175966,1,,,,3fcd7beda8f192d1464023aee8cfb33ff6d987d6c274cff76597ec8c4ff12e82
exp/egorecover_stages_1_4/continuation_v1/stage2_eval/72take_1200/report.json,file,github_experiment_metadata,exp,.json,906933,909312,1790601626331604933,2097170,13175933,1,,,,dc7a919ff1c2c87e8cf35e603a150e1440456f79fb9d10157174b28e5ba4f788
exp/egorecover_stages_1_4/continuation_v1/stage2_eval/72take_2400/progress.json,file,github_experiment_metadata,exp,.json,236282,237568,1790606423197937000,2097170,15129470,1,,,,ee2b74b45fbf523ee9844d7f07d5b24f560c5eb73be870aa6349a096d99374f8
exp/egorecover_stages_1_4/continuation_v1/stage2_eval/72take_2400/report.json,file,github_experiment_metadata,exp,.json,907075,909312,1790606480335594935,2097170,15129459,1,,,,c46869d1217cd8893f356afaf39d55cdd75b5aa7b849afdd3e79459f16373a16
exp/egorecover_stages_1_4/continuation_v1/stage2_eval/72take_400/progress.json,file,github_experiment_metadata,exp,.json,236033,237568,1790601680382514000,2097170,14905162,1,,,,6365c8736a9ffbb37b688337fd82246ab5103f2ec9291047b6a49f9a7756c533
exp/egorecover_stages_1_4/continuation_v1/stage2_eval/72take_400/report.json,file,github_experiment_metadata,exp,.json,901704,909312,1790601739695956891,2097170,14905152,1,,,,75b4644b3254bcbce64f77f2da370a22e39fa0223404ab9468e4f6601d2c61a5
exp/egorecover_stages_1_4/continuation_v1/stage2_selection.json,file,github_experiment_metadata,exp,.json,2007,512,1790616878640762751,2097170,10980380,1,,,,afd7afbdd46316421907e2b0f4ce5d82634d2cd7bf6754d2ba4278d5fdd1e6af
exp/egorecover_stages_1_4/continuation_v1/stage2_summary.json,file,github_experiment_metadata,exp,.json,158246,163840,1790616878632205000,2097170,10980379,1,,,,8a81dd99b55b14db53672dc3c6f61d6d4266b8634ee8397b713a0e8768b709e9
exp/egorecover_stages_1_4/continuation_v1/stage3_before_replay.json,file,github_experiment_metadata,exp,.json,907293,909312,1790630642492919542,2097170,12643844,1,,,,a1863ff793b9c7302cfa96a7c74f49cea14de40283ed0b5bb98aae3280ea7eb3
exp/egorecover_stages_1_4/continuation_v1/stage3_comparison.json,file,github_experiment_metadata,exp,.json,1278,512,1790630642985893294,2097170,12643853,1,,,,41266ef555244740917b22b6a332a3e1dd8d1272dcc3833417a1ea3515f45841
exp/egorecover_stages_1_4/continuation_v1/stage3_eval/replay_0/progress.json,file,github_experiment_metadata,exp,.json,235944,237568,1790630351970243000,2097170,11425603,1,,,,c21eeb2bb6b38abfe4ec4ed38154eadb9468de478d3524b1e4ec4641e39801b3
exp/egorecover_stages_1_4/continuation_v1/stage3_eval/replay_0/report.json,file,github_experiment_metadata,exp,.json,907295,909312,1790630408685680439,2097170,11425589,1,,,,d9f4aaca1cf2eada42fa3c0824d1658d6c71cc943bc0d4024a88eb9d74f32d7d
exp/egorecover_stages_1_4/continuation_v1/stage3_eval/replay_0p25/progress.json,file,github_experiment_metadata,exp,.json,236601,237568,1790630331640784000,2097170,11425564,1,,,,c974ddd28a2d3f2c2b4f8d13ab9fea1dea817d29c316b5a2fa64e0ad83a2c5f9
exp/egorecover_stages_1_4/continuation_v1/stage3_eval/replay_0p25/report.json,file,github_experiment_metadata,exp,.json,905037,909312,1790630376018009229,2097170,11425601,1,,,,d64bc74f229fdf91d52edbdf8f5c8fba18d42e1989ca6eebcf28cf536feb0f4e
exp/egorecover_stages_1_4/continuation_v1/stage3_eval/replay_0p5/progress.json,file,github_experiment_metadata,exp,.json,236382,237568,1790630592548673000,2097170,11425625,1,,,,e69ecf75e038bfd9aa0ff2a5256fb307e74080d0c17532f95a018765a6090570
exp/egorecover_stages_1_4/continuation_v1/stage3_eval/replay_0p5/report.json,file,github_experiment_metadata,exp,.json,906980,909312,1790630638568546831,2097170,11425622,1,,,,4ee060cd572b4148708f851b8f806c7433c4cff253387b7862cac9230dc8dcdf
exp/egorecover_stages_1_4/continuation_v1/stage3_summary.json,file,github_experiment_metadata,exp,.json,74036,81920,1790630642956968000,2097170,12643845,1,,,,0719fa38e7617bb25c76aedf42ba4a49130c291ea845bf57d12a0e6ee796ea11
exp/egorecover_stages_1_4/continuation_v1/stage3_train/replay_0/report.json,file,github_experiment_metadata,exp,.json,35557,40960,1790624773902624000,2097170,11356929,1,,,,48af4a6af531f3c0b08c9a76b5bbe700e4bb020d7bd26383722a5c3ef95f66b7
exp/egorecover_stages_1_4/continuation_v1/stage3_train/replay_0p25/report.json,file,github_experiment_metadata,exp,.json,35492,40960,1790624723272329000,2097170,10810472,1,,,,e33e83e129660d50a0d2610c748c38ddbb8b2a010d2e5539eca7ed635ad04d08
exp/egorecover_stages_1_4/continuation_v1/stage3_train/replay_0p5/report.json,file,github_experiment_metadata,exp,.json,35479,40960,1790624824732414000,2097170,10980531,1,,,,f046dd9a6bd05a3fb1388d12e0a548c167919cef80dae2daa22dd90c61191222
exp/egorecover_stages_1_4/continuation_v1/stage4/dev.json,file,github_experiment_metadata,exp,.json,540338,540672,1790630979261957899,2097170,11425599,1,,,,d7fd341dde96ee0574156bba9ebde114aacb9ea51f1f224cef86755f5ddef4b1
exp/egorecover_stages_1_4/continuation_v1/stage4/train.json,file,github_experiment_metadata,exp,.json,2113394,2113536,1790631259256440773,2097170,11425647,1,,,,98b8b12db2b43d77f902068b6cd127ec1990d999d0bea1db885bfb2ba4987821
exp/egorecover_stages_1_4/stage1_batch_smoke/report.json,file,github_experiment_metadata,exp,.json,179571,180224,1790580275998421000,2097170,8538470,1,,,,200b64f378e2147b688db3834957baa64bb9e990b168e27339aac0b6cc69c5af
exp/egorecover_stages_1_4/stage1_dev/shard0/report.json,file,github_experiment_metadata,exp,.json,1059140,1064960,1790583300910886587,2097170,15610315,1,,,,ca7fe2f5f89165c6f22dc71eb6c4b05d666b26285202996641988410e1579e0f
exp/egorecover_stages_1_4/stage1_dev/shard1/report.json,file,github_experiment_metadata,exp,.json,1058988,1064960,1790583449131683756,2097170,15610321,1,,,,537b516d8a8490fb04ac2511f7e564ac5e0d71ae23b948239b1e8e7889a71adb
exp/egorecover_stages_1_4/stage1_dev/summary.json,file,github_experiment_metadata,exp,.json,29033,32768,1790585933435286000,2097170,15610324,1,,,,86ddacb4ed3b61337c131f890d92c9173cf4da497ac46eb6fbdf5bee9890b043
exp/egorecover_stages_1_4/stage1_smoke/expanded/report.json,file,github_experiment_metadata,exp,.json,5492,8192,1790579408077063000,2097170,14995160,1,,,,2a3eac0c5a18c70164923a9b5421279a184116cb8c750983563cf5eb22d0ac93
exp/egorecover_stages_1_4/stage1_smoke/expanded/smplx.json,file,github_experiment_metadata,exp,.json,37440,40960,1790579743960110000,2097170,14995166,1,,,,65eb8844409adbd7d53c35a39b14c565667383e718c5bb30f6a3b721e6d10547
exp/egorecover_stages_1_4/stage1_smoke/pilot/report.json,file,github_experiment_metadata,exp,.json,5486,8192,1790579406491429000,2097170,15441220,1,,,,faa57b4d97c2922ee789f64e71e101ca8088138c19b03e107580dedc2c583c5e
exp/egorecover_stages_1_4/stage1_smoke/pilot/smplx.json,file,github_experiment_metadata,exp,.json,37742,40960,1790579743959026000,2097170,15441223,1,,,,1f406cd32d03bb4e4c3e107e2b0139afe6f015ad08ac1253c5ad840a3ed5478d
exp/egorecover_stages_1_4/stage2_budget/12take_1200/report.json,file,github_experiment_metadata,exp,.json,34812,40960,1790584257547619000,2097170,15441384,1,,,,72986cf322b6af4fbbe470f9a3617ab359237d17ee2d8dbd3e5b245ee09efc62
exp/egorecover_stages_1_4/stage2_budget/12take_2400/report.json,file,github_experiment_metadata,exp,.json,4678,8192,1790586699993520000,2097170,15610344,1,,,,c3745ba58cb24b591dc7d35820e1a60dfec8d8fab43bc156184e243eb3402104
exp/egorecover_stages_1_4/stage2_budget/12take_400/report.json,file,github_experiment_metadata,exp,.json,18220,24576,1790580814196595000,2097170,15441224,1,,,,e5206278e13887f66d2fd724fff2298d324d58debdce4daabc7594b29b6b4b29
exp/egorecover_stages_1_4/stage2_budget/72take_1200/report.json,file,github_experiment_metadata,exp,.json,44118,49152,1790582504441298000,2097170,14995164,1,,,,b4b6a0e289c488a51d8fb4eb05046df89a1072e687b65d3fba3f71232355e950
exp/egorecover_stages_1_4/stage2_budget/72take_2400/report.json,file,github_experiment_metadata,exp,.json,56176,57344,1790587049935149000,2097170,11532230,1,,,,3135e0f53c92c20b1d7b0c5a7bed029dd9c88bdf24a77fc7c540a43ba541136e
exp/egorecover_stages_1_4/stage2_budget/72take_2400_interrupted/report.json,file,github_experiment_metadata,exp,.json,56132,57344,1790583881279746000,2097170,8538460,1,,,,276748c1529de8e64de658acbbf7e820e25dfe157c49b41869fb2ac6898b0f0a
exp/egorecover_stages_1_4/stage2_budget/72take_2400_restart_interrupted/report.json,file,github_experiment_metadata,exp,.json,6509,8192,1790586457698516000,2097170,13103406,1,,,,27d277f36c2d3da28b488437c32cdc32164dc3b70329b2cd50c63a814afd4241
exp/egorecover_train_72take_v1/bootstrap.json,file,github_experiment_metadata,exp,.json,785,512,1790576883301057578,2097170,8538439,1,,,,a82bf53366ed6ab28e3e65a241f540c46d41f9f54998f4cfe4f9258cc0a02167
exp/egorecover_train_72take_v1/pass1/report.json,file,github_experiment_metadata,exp,.json,26840,32768,1790578094618766000,2097170,10917087,1,,,,06057981c1005e21746a2ebc9bc6929eda9b06aced1649a57b8b8e354b25b5db
exp/egorecover_train_pilot_v1/bootstrap.json,file,github_experiment_metadata,exp,.json,785,512,1790565882641183398,2097170,13446305,1,,,,e639d5e57d8fb575da75e64cbc6ad0b6205bada8364bd6e61dbe3e9dfbffc572
exp/egorecover_train_pilot_v1/e7_baseline_dev0/report.json,file,github_experiment_metadata,exp,.json,57900,65536,1790569543931112000,2097170,13525759,1,,,,eba2221c403314d772b91c4b2e8cef61c61dacd2e36d13b69f1948eb89fb9a0b
exp/egorecover_train_pilot_v1/e7_baseline_dev1/report.json,file,github_experiment_metadata,exp,.json,56939,57344,1790569542325295000,2097170,14909122,1,,,,fe572053b92e495dc667227907bfe36d44e505a609f5ac59b0ba648b48137f06
exp/egorecover_train_pilot_v1/e7_baseline_holdout0/report.json,file,github_experiment_metadata,exp,.json,57732,65536,1790569545861606000,2097170,15576482,1,,,,8b7dcbb3af3a58aeca0e78e39bc54154de1d8200754289eb3a54168dbfb7490f
exp/egorecover_train_pilot_v1/e7_baseline_holdout1/report.json,file,github_experiment_metadata,exp,.json,56835,57344,1790569543551980000,2097170,13525755,1,,,,12b2af515b279a1dc05deb68a339a2a75660e9b68d81ecb9f5cc86fbd4206a59
exp/egorecover_train_pilot_v1/pass1/closed_dev0/report.json,file,github_experiment_metadata,exp,.json,10271,16384,1790567887962079000,2097170,13525696,1,,,,0964f344dbeb35f241142eaca27c4dad296baa56c45c9bb73e9f49be4f6186aa
exp/egorecover_train_pilot_v1/pass1/closed_dev0/smplx.json,file,github_experiment_metadata,exp,.json,162541,163840,1790568817484766000,2097170,13525729,1,,,,8e908fc98fe3c52530c287c4e678abd2d80294c01e955eddec3ef0735358435c
exp/egorecover_train_pilot_v1/pass1/closed_dev1/report.json,file,github_experiment_metadata,exp,.json,10268,16384,1790567882639465000,2097170,15576433,1,,,,dcc2afcc9fc8b1ec07f6ece71f6566ec94f1fc933ce00a3596d8c6020cec2922
exp/egorecover_train_pilot_v1/pass1/closed_dev1/smplx.json,file,github_experiment_metadata,exp,.json,160279,163840,1790568817488113000,2097170,15576460,1,,,,06879af6d083623c828978f4f5ddc02d6178d71cfd4bdb970bcf16c3dbfc2216
exp/egorecover_train_pilot_v1/pass1/closed_holdout0/report.json,file,github_experiment_metadata,exp,.json,10269,16384,1790567887627956000,2097170,13446310,1,,,,b4ab4d3ccf04709cb9a38c04fc0589fd8b40cadb514ea176ce1a860c84b67bf9
exp/egorecover_train_pilot_v1/pass1/closed_holdout0/smplx.json,file,github_experiment_metadata,exp,.json,161954,163840,1790568817484756000,2097170,13446331,1,,,,835e2abd642f92e901342ddd70ac92a06442847341ee66ac507f32ce5d250a70
exp/egorecover_train_pilot_v1/pass1/closed_holdout1_retry/report.json,file,github_experiment_metadata,exp,.json,10273,16384,1790567990655284000,2097170,13525705,1,,,,3e1e7a54c77ecbfac8c18e6f262026247f960c34676173bc23bbcc746149ba60
exp/egorecover_train_pilot_v1/pass1/closed_holdout1_retry/smplx.json,file,github_experiment_metadata,exp,.json,161059,163840,1790568817207766000,2097170,13525728,1,,,,8768450602923bd4bb5d0e75c5372defdc18ad49b2cf05500a34354abacab575
exp/egorecover_train_pilot_v1/pass1/dev_summary.json,file,github_experiment_metadata,exp,.json,10322,16384,1790569621296122000,2097170,15576483,1,,,,9cf8f355d1c13661a628d40ba04b40c2eb577207a75416eb2d0c26425dd91950
exp/egorecover_train_pilot_v1/pass1/holdout_summary.json,file,github_experiment_metadata,exp,.json,10190,16384,1790569621295688000,2097170,15576478,1,,,,7d589081ed79d567935994fe02ff3d63d0db462958d1d4f748f31a85cc8afc75
exp/egorecover_train_pilot_v1/pass1/report.json,file,github_experiment_metadata,exp,.json,15725,16384,1790566430199638000,2097170,15576422,1,,,,9fa7064c600fa5c0621c2c6b91819a5980740b33502aaf96f90f301fb9966340
exp/egorecover_train_pilot_v1/pass2_replay/closed_dev0/report.json,file,github_experiment_metadata,exp,.json,10272,16384,1790568461538875000,2097170,13525715,1,,,,8f701d8904dea1f24bb131b60ea6ff76dbfc7a8ebce132ce97139ff3952ae730
exp/egorecover_train_pilot_v1/pass2_replay/closed_dev0/smplx.json,file,github_experiment_metadata,exp,.json,162359,163840,1790569115538381000,2097170,13525734,1,,,,423f96d96930e7fe53ff1496f1e50f45d25f7e7c8fb307ac053f14f2bdd335d5
exp/egorecover_train_pilot_v1/pass2_replay/closed_dev1/report.json,file,github_experiment_metadata,exp,.json,10224,16384,1790568459990057000,2097170,15576442,1,,,,cc3851b1f4985cc2cfbb04ee7dcdc53663d01fab507bd46bf02bb7fa25aec9bc
exp/egorecover_train_pilot_v1/pass2_replay/closed_dev1/smplx.json,file,github_experiment_metadata,exp,.json,159821,163840,1790569115524751000,2097170,15576468,1,,,,e91be645fa928a7e9445b5172ff5d70068228ec4b5a717e6495abcf32d78003b
exp/egorecover_train_pilot_v1/pass2_replay/closed_holdout0/report.json,file,github_experiment_metadata,exp,.json,10247,16384,1790568460009909000,2097170,14909127,1,,,,5270610b2544ca2cb63f1e931fdddae430147b3a7cf8b5341e9ff1c4ef75c74d
exp/egorecover_train_pilot_v1/pass2_replay/closed_holdout0/smplx.json,file,github_experiment_metadata,exp,.json,161953,163840,1790569115524696000,2097170,14909136,1,,,,dd792f3b30362ba5287b2c3420454c9fb146ebc9104dde39115d398e8f36150a
exp/egorecover_train_pilot_v1/pass2_replay/closed_holdout1/report.json,file,github_experiment_metadata,exp,.json,10273,16384,1790568468244738000,2097170,13446326,1,,,,65091bff5948ee944a79faeacfaf76ef345431c16538b3a9f738dfa329780f35
exp/egorecover_train_pilot_v1/pass2_replay/closed_holdout1/smplx.json,file,github_experiment_metadata,exp,.json,161551,163840,1790569115279444000,2097170,13446335,1,,,,6db6a61d61b929823be011dffae30feedb1da653f7c9fed9218fb6abe0a98930
exp/egorecover_train_pilot_v1/pass2_replay/dev_summary.json,file,github_experiment_metadata,exp,.json,10278,16384,1790569621313768000,2097170,14909063,1,,,,ab8b4eb9cbc03fde6a56bad89c968cfdab33e1f0f48143428d1fca99c4e571ba
exp/egorecover_train_pilot_v1/pass2_replay/holdout_summary.json,file,github_experiment_metadata,exp,.json,10195,16384,1790569621320527000,2097170,14909037,1,,,,41718c9ff696f96c0bd9a317c10f969c5ab95badd586727d495f6f39d1998c77
exp/egorecover_train_pilot_v1/pass2_replay/report.json,file,github_experiment_metadata,exp,.json,18189,24576,1790567399483138000,2097170,14909109,1,,,,fa869f32b5f43cb68c0e94e174cd031aa24ae12e0f59d9b6c05de78c02a7048f
exp/github_publication.json,file,github_experiment_metadata,exp,.json,404,512,1790612411840732427,2097170,9317075,1,,,,f94f7a67ff0c528d451da9d23376ca6dc2aead6a408badfe6c966b0ca3f90e9d
