path,kind,category,size_bytes,proposed_destination,review_status,priority,planned_destination_path,sha256_if_computed,note
.gitignore,file,github_source,305,github:sxh-kk/EgoRecover,review_text_and_provenance,standard,.gitignore,5dd77802d1eb220411226a9c31731d1f3ccfd708b1829a5b7624bd81900020da,preserve relative path; portable copies must not replace immutable identities
LOG.md,file,github_source,195904,github:sxh-kk/EgoRecover,review_text_and_provenance,standard,LOG.md,0b86492397f728910408ca23bd13ce4d95aa00e3ec210947a9a2fb611f9f7e35,preserve relative path; portable copies must not replace immutable identities
README.md,file,github_source,5519,github:sxh-kk/EgoRecover,review_text_and_provenance,standard,README.md,50f644ad68eb4284e5f589a178afb8156a921fb5b1be49d3573f62339868b350,preserve relative path; portable copies must not replace immutable identities
SOURCE.md,file,github_source,1645,github:sxh-kk/EgoRecover,review_text_and_provenance,standard,SOURCE.md,4b831d8c2044ad99ed5313c37ed1ac2a8a17eaafa0e92c2289a7816ff7df29f4,preserve relative path; portable copies must not replace immutable identities
config/defaults.py,file,github_source,4079,github:sxh-kk/EgoRecover,review_text_and_provenance,standard,config/defaults.py,fe2b7a35b7c1722b53b3328a4aae08b7534e54fa385777ec9afde639f9e1f130,preserve relative path; portable copies must not replace immutable identities
config/e7.yaml,file,github_source,1399,github:sxh-kk/EgoRecover,review_text_and_provenance,standard,config/e7.yaml,24ebc71abc05c7b42e30e5d09f637a20753dd6fc2ffd565be83d575c92158d0d,preserve relative path; portable copies must not replace immutable identities
config/e7_minimal_ablation_v1.json,file,github_source,1310,github:sxh-kk/EgoRecover,review_text_and_provenance,standard,config/e7_minimal_ablation_v1.json,331c3bac257dacd1d8cd6e242b74a1b1da5ea33e80c64be793a1f561cf61bd24,preserve relative path; portable copies must not replace immutable identities
config/egorecover_g_pretraining_v1.json,file,github_source,742,github:sxh-kk/EgoRecover,review_text_and_provenance,standard,config/egorecover_g_pretraining_v1.json,8f98fb0d602cf1e299717c2e2d53ecebfba1f723640ef6ffd1c32a3e58f169c5,preserve relative path; portable copies must not replace immutable identities
config/egorecover_g_residual_history_v1.json,file,github_source,2341,github:sxh-kk/EgoRecover,review_text_and_provenance,standard,config/egorecover_g_residual_history_v1.json,d416e53aba8ca7156e14891bc440ade7a742fb3e25176b96051d0fbf0765b31c,preserve relative path; portable copies must not replace immutable identities
config/egorecover_observation_reference_v1.json,file,github_source,998,github:sxh-kk/EgoRecover,review_text_and_provenance,standard,config/egorecover_observation_reference_v1.json,275b98c4d9ddbb3c83c05574cfb1680308b80e68c9982541de9bc5a0789ac435,preserve relative path; portable copies must not replace immutable identities
config/egorecover_observation_reference_v2.json,file,github_source,1113,github:sxh-kk/EgoRecover,review_text_and_provenance,standard,config/egorecover_observation_reference_v2.json,df7485893ac37243d80c7ce59204b991024934b77284f2e64ced2e5337b14bbc,preserve relative path; portable copies must not replace immutable identities
config/egorecover_pilot_split_v1.json,file,github_source,760,github:sxh-kk/EgoRecover,review_text_and_provenance,standard,config/egorecover_pilot_split_v1.json,af1b73a3d1fed0772a3f4fc0d65d69a27e45e422ce8323b3ce2bf4647b9ca8c1,preserve relative path; portable copies must not replace immutable identities
config/egorecover_prior_real_history_v1.json,file,github_source,5172,github:sxh-kk/EgoRecover,review_text_and_provenance,standard,config/egorecover_prior_real_history_v1.json,57896304ef28e37f3c2a69d6dc4418e5ec365a1a61c0b977ffd5f4df7f589187,preserve relative path; portable copies must not replace immutable identities
config/egorecover_train_72take_split_v1.json,file,github_source,2561,github:sxh-kk/EgoRecover,review_text_and_provenance,standard,config/egorecover_train_72take_split_v1.json,fdddd32b47282bfece00215ef2652cbc361afdc655b6516bb5ab0740403481fc,preserve relative path; portable copies must not replace immutable identities
config/egorecover_train_pilot_split_v1.json,file,github_source,738,github:sxh-kk/EgoRecover,review_text_and_provenance,standard,config/egorecover_train_pilot_split_v1.json,ccca72e5c7446e1b03be8a650cc7bf2b5406b041cecb7d86f37066ccec6a3ae3,preserve relative path; portable copies must not replace immutable identities
data_pipeline/BUILD_REPORT.md,file,github_source,2811,github:sxh-kk/EgoRecover,review_text_and_provenance,standard,data_pipeline/BUILD_REPORT.md,9d61745dd9003017a20477cba3fcc677e1689fa38307f34a08f4d030c83256fb,preserve relative path; portable copies must not replace immutable identities
data_pipeline/FULL_BUILD_REPORT.md,file,github_source,2364,github:sxh-kk/EgoRecover,review_text_and_provenance,standard,data_pipeline/FULL_BUILD_REPORT.md,b85a226c9a51eb50f31add18dee4c0516a000294d94ef422c19a03d011c73acf,preserve relative path; portable copies must not replace immutable identities
data_pipeline/HANDOFF.md,file,github_source,3141,github:sxh-kk/EgoRecover,review_text_and_provenance,standard,data_pipeline/HANDOFF.md,d2841ae0e0ad1095344d340cb5dfd52fd3db22786d90d46dc2d51d54b077e1f7,preserve relative path; portable copies must not replace immutable identities
data_pipeline/README.md,file,github_source,9948,github:sxh-kk/EgoRecover,review_text_and_provenance,standard,data_pipeline/README.md,4194f91d3802d8f79df7cde2cd0aea9d78f42243e0df5245eb93bb18ccea3d64,preserve relative path; portable copies must not replace immutable identities
data_pipeline/__init__.py,file,github_source,74,github:sxh-kk/EgoRecover,review_text_and_provenance,standard,data_pipeline/__init__.py,ed11f942f7a0a6ec8468d1976fa0082f6226e288bccd988217e5171f81dc0fc8,preserve relative path; portable copies must not replace immutable identities
data_pipeline/download_validation.py,file,github_source,14388,github:sxh-kk/EgoRecover,review_text_and_provenance,standard,data_pipeline/download_validation.py,7c8e0b099f265e57e01f3a37f650dff18a60797b3667d2f527fb1726ca02c8f5,preserve relative path; portable copies must not replace immutable identities
data_pipeline/ee4d_mismatch/__init__.py,file,github_source,71,github:sxh-kk/EgoRecover,review_text_and_provenance,standard,data_pipeline/ee4d_mismatch/__init__.py,eec080c335ef0d46ae0943711ed7f9e25ff70774ba43329d8522fbb7a93069ca,preserve relative path; portable copies must not replace immutable identities
data_pipeline/ee4d_mismatch/audit.py,file,github_source,8770,github:sxh-kk/EgoRecover,review_text_and_provenance,standard,data_pipeline/ee4d_mismatch/audit.py,e5e2b7e06a7ab06b298f1655a0493e670f7a2ee4135c4c5eaca3099f8dcd4306,preserve relative path; portable copies must not replace immutable identities
data_pipeline/ee4d_mismatch/build.py,file,github_source,10654,github:sxh-kk/EgoRecover,review_text_and_provenance,standard,data_pipeline/ee4d_mismatch/build.py,605af0ba931a4dec613ca4bf2849e9f07a494f861ebdb5d22b6de3b1221b653e,preserve relative path; portable copies must not replace immutable identities
data_pipeline/ee4d_mismatch/corruptions.py,file,github_source,13044,github:sxh-kk/EgoRecover,review_text_and_provenance,standard,data_pipeline/ee4d_mismatch/corruptions.py,2f804ec1f16cba4bdf0e94421b2b937d6c73dae3fd4dd19adb9386ec99f25cd6,preserve relative path; portable copies must not replace immutable identities
data_pipeline/ee4d_mismatch/dataset.py,file,github_source,3743,github:sxh-kk/EgoRecover,review_text_and_provenance,standard,data_pipeline/ee4d_mismatch/dataset.py,beb4d4db951d4128f581bbb35073fd2658096a19fa8cbf1814ca603781ac5cb8,preserve relative path; portable copies must not replace immutable identities
data_pipeline/ee4d_mismatch/preview.py,file,github_source,2202,github:sxh-kk/EgoRecover,review_text_and_provenance,standard,data_pipeline/ee4d_mismatch/preview.py,fe4f2e21657784947ed3764793f6c147f07b100736e0df0a27eb372cdbc2b760,preserve relative path; portable copies must not replace immutable identities
data_pipeline/ee4d_mismatch/source.py,file,github_source,12539,github:sxh-kk/EgoRecover,review_text_and_provenance,standard,data_pipeline/ee4d_mismatch/source.py,ad7c669446d2bd428856340358999e5f56a23c357076e6a7c4eae62086d0e1a3,preserve relative path; portable copies must not replace immutable identities
data_pipeline/run_full.py,file,github_source,7388,github:sxh-kk/EgoRecover,review_text_and_provenance,standard,data_pipeline/run_full.py,3e77136e2df58e28b576a4f9fd385c0f94497214ff6419303a61a07d62c5e140,preserve relative path; portable copies must not replace immutable identities
data_pipeline/run_pilot.py,file,github_source,3131,github:sxh-kk/EgoRecover,review_text_and_provenance,standard,data_pipeline/run_pilot.py,d230f25e7c3c5794d24186165f7428b0358dd435977c3a45176ba9d505b9c002,preserve relative path; portable copies must not replace immutable identities
data_pipeline/test_results.xml,file,github_source,2843,github:sxh-kk/EgoRecover,review_text_and_provenance,standard,data_pipeline/test_results.xml,,preserve relative path; portable copies must not replace immutable identities
data_pipeline/test_results_full.xml,file,github_source,3108,github:sxh-kk/EgoRecover,review_text_and_provenance,standard,data_pipeline/test_results_full.xml,,preserve relative path; portable copies must not replace immutable identities
data_pipeline/tests/test_download.py,file,github_source,1861,github:sxh-kk/EgoRecover,review_text_and_provenance,standard,data_pipeline/tests/test_download.py,d617092a1754767b7061f17943eb40e7edab758c7ca286edd48eb34cf937f405,preserve relative path; portable copies must not replace immutable identities
data_pipeline/tests/test_mismatch.py,file,github_source,13268,github:sxh-kk/EgoRecover,review_text_and_provenance,standard,data_pipeline/tests/test_mismatch.py,0f3957045137b07dd3ac7a5e7fb522db35c6e99837457f9aade7805a76948466,preserve relative path; portable copies must not replace immutable identities
data_pipeline/wait_for_dataset.py,file,github_source,1846,github:sxh-kk/EgoRecover,review_text_and_provenance,standard,data_pipeline/wait_for_dataset.py,75775b21e203d8a07bc39810807ee1d1bd687e1b488f11c8684f308a4991e193,preserve relative path; portable copies must not replace immutable identities
dataset/__init__.py,file,github_source,0,github:sxh-kk/EgoRecover,review_text_and_provenance,standard,dataset/__init__.py,e3b0c44298fc1c149afbf4c8996fb92427ae41e4649b934ca495991b7852b855,preserve relative path; portable copies must not replace immutable identities
dataset/canonicalization.py,file,github_source,7572,github:sxh-kk/EgoRecover,review_text_and_provenance,standard,dataset/canonicalization.py,210afe1a7783810816faf96dbcfc893efc5bb20118bfbb6b5a450fabebc396f6,preserve relative path; portable copies must not replace immutable identities
dataset/ee4d_motion_dataset.py,file,github_source,11924,github:sxh-kk/EgoRecover,review_text_and_provenance,standard,dataset/ee4d_motion_dataset.py,8b977b869832dce9eb6590271f70d8bed8fee4ffc92fb0f6765084ba150505d3,preserve relative path; portable copies must not replace immutable identities
dataset/egoego_utils.py,file,github_source,14525,github:sxh-kk/EgoRecover,review_text_and_provenance,standard,dataset/egoego_utils.py,0e8c87d3efbfd6180fca765a9627b768d24a02a1655dc6805dd9a528f97c4ab7,preserve relative path; portable copies must not replace immutable identities
dataset/feats.py,file,github_source,5561,github:sxh-kk/EgoRecover,review_text_and_provenance,standard,dataset/feats.py,0c6c49693ddbbc9aa4b65f815a30be4ec77ce37044f89de3513483c0eb4de395,preserve relative path; portable copies must not replace immutable identities
dataset/representation_utils.py,file,github_source,11767,github:sxh-kk/EgoRecover,review_text_and_provenance,standard,dataset/representation_utils.py,c6209d76d6bc033390af047560e1ff76913a7fbf333f03171e305bbc4d7e43c3,preserve relative path; portable copies must not replace immutable identities
dataset/smpl_utils.py,file,github_source,3008,github:sxh-kk/EgoRecover,review_text_and_provenance,standard,dataset/smpl_utils.py,2d8473ab9d3c4ab003e8ae2e69f994f83ccc9a17a5e577fd3db5246379c539fa,preserve relative path; portable copies must not replace immutable identities
docs/README.md,file,github_source,4941,github:sxh-kk/EgoRecover,review_text_and_provenance,standard,docs/README.md,8e2c4b79f0c0ceced91ac3a0aa308feb6a2fa3b665080c352a94801f71901f96,preserve relative path; portable copies must not replace immutable identities
docs/archive/engineering-experiments.md,file,github_source,3007,github:sxh-kk/EgoRecover,review_text_and_provenance,standard,docs/archive/engineering-experiments.md,76c11d99ab5a340590b0c678e4f87b8943d6cbc3d0e2d2b44710d43412eeb7ba,preserve relative path; portable copies must not replace immutable identities
docs/archive/iccv2027-draft.md,file,github_source,5463,github:sxh-kk/EgoRecover,review_text_and_provenance,standard,docs/archive/iccv2027-draft.md,6804bd53eac5f33f42ead9a861d37de2b5ef41565e1cc1942b9bd16ba82aa98b,preserve relative path; portable copies must not replace immutable identities
docs/data/dataset.md,file,github_source,1475,github:sxh-kk/EgoRecover,review_text_and_provenance,standard,docs/data/dataset.md,03796f82fcf2c3f3cf21da99506ec6e86cfc02efbe7e577c326e76732b25f75a,preserve relative path; portable copies must not replace immutable identities
docs/design/blueprint.md,file,github_source,52350,github:sxh-kk/EgoRecover,review_text_and_provenance,standard,docs/design/blueprint.md,5f6f618f62baabcde482b33081e688bf1b03311431eaf9d0f66892de0391b26a,preserve relative path; portable copies must not replace immutable identities
docs/design/g-pretraining-review.md,file,github_source,10607,github:sxh-kk/EgoRecover,review_text_and_provenance,standard,docs/design/g-pretraining-review.md,12718996ccb33ba35f537175fac0c2a8ef0bc3cabe2ea65c11b129ea11d69f8a,preserve relative path; portable copies must not replace immutable identities
docs/design/g-residual-history-four-way.md,file,github_source,11484,github:sxh-kk/EgoRecover,review_text_and_provenance,standard,docs/design/g-residual-history-four-way.md,94f30e6a60e2a263d090862fe2a14251106d2be359c297f8cd22961d9e7b226c,preserve relative path; portable copies must not replace immutable identities
docs/design/g-targets-and-next-steps.md,file,github_source,15011,github:sxh-kk/EgoRecover,review_text_and_provenance,standard,docs/design/g-targets-and-next-steps.md,20d89659fae457bcbfb58286c4d92789ecff44d3122454ca3ce484c5ce12e323,preserve relative path; portable copies must not replace immutable identities
docs/design/interfaces.md,file,github_source,19446,github:sxh-kk/EgoRecover,review_text_and_provenance,standard,docs/design/interfaces.md,259a4ae9de0dc3d6e35b2a808af1e9a183adb58a187cd1364add61c7d63fc0fb,preserve relative path; portable copies must not replace immutable identities
docs/experiments/e7-minimal-ablation.md,file,github_source,7791,github:sxh-kk/EgoRecover,review_text_and_provenance,standard,docs/experiments/e7-minimal-ablation.md,2461352928bcee7a052ff32a12bb96a14c88078787c2a6a36aa1be26936df9a4,preserve relative path; portable copies must not replace immutable identities
docs/experiments/g-observation-reference.md,file,github_source,9936,github:sxh-kk/EgoRecover,review_text_and_provenance,standard,docs/experiments/g-observation-reference.md,e45372d09de13c29cedd0423735cf32e605f91503b2b4cb28f500bc943f985e6,preserve relative path; portable copies must not replace immutable identities
docs/experiments/g-pretraining-four-way.md,file,github_source,18493,github:sxh-kk/EgoRecover,review_text_and_provenance,standard,docs/experiments/g-pretraining-four-way.md,0f0c4c831141a7a160ef098ce9d38f8396ea1691b770222be7cd86dd968d3501,preserve relative path; portable copies must not replace immutable identities
docs/experiments/p-cv-residual.md,file,github_source,12630,github:sxh-kk/EgoRecover,review_text_and_provenance,standard,docs/experiments/p-cv-residual.md,f49ebaf1d310069d06733f5d90d306e51f422a52125e4e4167550af50c20f5a4,preserve relative path; portable copies must not replace immutable identities
docs/experiments/p-data-budget.md,file,github_source,4132,github:sxh-kk/EgoRecover,review_text_and_provenance,standard,docs/experiments/p-data-budget.md,408b471c73016f7bc21039ec6812e95daa4dd44c1d639481e1dc04be0c819c92,preserve relative path; portable copies must not replace immutable identities
docs/experiments/p-explicit-velocity.md,file,github_source,6635,github:sxh-kk/EgoRecover,review_text_and_provenance,standard,docs/experiments/p-explicit-velocity.md,54baa9c7af8545746699c8786e737deea94dd1b4587eedd89d1be48ebc399713,preserve relative path; portable copies must not replace immutable identities
docs/experiments/p-first.md,file,github_source,4014,github:sxh-kk/EgoRecover,review_text_and_provenance,standard,docs/experiments/p-first.md,185994d60d930b1aad8223a049e0f5d8e6bb82ef9f1d8a7603c9c9b625285b94,preserve relative path; portable copies must not replace immutable identities
docs/experiments/p-motionstreamer.md,file,github_source,9583,github:sxh-kk/EgoRecover,review_text_and_provenance,standard,docs/experiments/p-motionstreamer.md,c866ce726e7e7144e503661aa93653cf1fcec7ca4978416c244a4ef126b9a7b7,preserve relative path; portable copies must not replace immutable identities
docs/experiments/p-real-history.md,file,github_source,11686,github:sxh-kk/EgoRecover,review_text_and_provenance,standard,docs/experiments/p-real-history.md,ad63902a5ac10853f0458a8dfaf42e5a1474783cc85ec643b33896278fc4d178,preserve relative path; portable copies must not replace immutable identities
docs/experiments/p-same-shape-fk.md,file,github_source,4047,github:sxh-kk/EgoRecover,review_text_and_provenance,standard,docs/experiments/p-same-shape-fk.md,04a33ca67c4411c0dbfe990cc68d81a2b12110bb14afeabdcfa7a4d4aaf09f8e,preserve relative path; portable copies must not replace immutable identities
docs/experiments/p-two-forward-runbook.md,file,github_source,5042,github:sxh-kk/EgoRecover,review_text_and_provenance,standard,docs/experiments/p-two-forward-runbook.md,930e80152e567c25196708b19baf2dad0d6851240b0a03b2b6bf9807b7bcb195,preserve relative path; portable copies must not replace immutable identities
docs/reference/e7.md,file,github_source,9038,github:sxh-kk/EgoRecover,review_text_and_provenance,standard,docs/reference/e7.md,f29c4f75a9520e726a39d23ec504889cec276d5de6da8e403c65de9c0245762c,preserve relative path; portable copies must not replace immutable identities
docs/release/github-huggingface-plan.md,file,github_source,20408,github:sxh-kk/EgoRecover,review_text_and_provenance,standard,docs/release/github-huggingface-plan.md,9c07a243b4d39893a4c9d8744532596a60a790c7fa1906ddc6d2cac0a924c5df,preserve relative path; portable copies must not replace immutable identities
egorecover/__init__.py,file,github_source,214,github:sxh-kk/EgoRecover,review_text_and_provenance,standard,egorecover/__init__.py,e25219245e6a21bded481cbc6e90ab24b95830de49f2ffd7957f428d42779777,preserve relative path; portable copies must not replace immutable identities
egorecover/actions.py,file,github_source,3123,github:sxh-kk/EgoRecover,review_text_and_provenance,standard,egorecover/actions.py,3bdb74fd15aaba1eaaa3a41342ba3cdb33405db73d8b1707cb8072ba2ac15bf8,preserve relative path; portable copies must not replace immutable identities
egorecover/annotations.py,file,github_source,2806,github:sxh-kk/EgoRecover,review_text_and_provenance,standard,egorecover/annotations.py,e36e552b7aab6ba65ac02387c19b60f36c6deeb3343a688ba1f01e802667ffa5,preserve relative path; portable copies must not replace immutable identities
egorecover/bootstrap_shapes.py,file,github_source,4322,github:sxh-kk/EgoRecover,review_text_and_provenance,standard,egorecover/bootstrap_shapes.py,51aebe32708883265c56d9c721908f591dfc581a72ce2cbcc674cda531a99312,preserve relative path; portable copies must not replace immutable identities
egorecover/calibration.py,file,github_source,827,github:sxh-kk/EgoRecover,review_text_and_provenance,standard,egorecover/calibration.py,1cef2cf05902367f512893449279f93bbada21752542b01daf3ee652d8983bb5,preserve relative path; portable copies must not replace immutable identities
egorecover/checkpoint.py,file,github_source,4533,github:sxh-kk/EgoRecover,review_text_and_provenance,standard,egorecover/checkpoint.py,2a28b0c43a7dddbdacaa561cdac211a632e23eb8bbe48d8692c882f11c8044c0,preserve relative path; portable copies must not replace immutable identities
egorecover/codec.py,file,github_source,10103,github:sxh-kk/EgoRecover,review_text_and_provenance,standard,egorecover/codec.py,109517b8ac9d3288d8bafb6d44b6b98632cefebaa4139d80d62f4f0a25d05443,preserve relative path; portable copies must not replace immutable identities
egorecover/conditioning.py,file,github_source,5335,github:sxh-kk/EgoRecover,review_text_and_provenance,standard,egorecover/conditioning.py,e325258cd60f62a8c3bb05cfe9f9ef437c24b2cf3b21357f6b3992beeb7d9432,preserve relative path; portable copies must not replace immutable identities
egorecover/data.py,file,github_source,4130,github:sxh-kk/EgoRecover,review_text_and_provenance,standard,egorecover/data.py,3a4bc4d258ceb639e0d60f9eac79a2a32cfdcce60cd4ca2a384f8f1dc04c738b,preserve relative path; portable copies must not replace immutable identities
egorecover/e7_ablation.py,file,github_source,5909,github:sxh-kk/EgoRecover,review_text_and_provenance,standard,egorecover/e7_ablation.py,78e806aa7258e3125bcfb04043954fa09d7bafb1a07f239d75a451858b08b6e5,preserve relative path; portable copies must not replace immutable identities
egorecover/engineering.py,file,github_source,7250,github:sxh-kk/EgoRecover,review_text_and_provenance,standard,egorecover/engineering.py,64313e6ad540b3b7feb206be411314e43f96ef83eecb2c22e88412c0264dd0bc,preserve relative path; portable copies must not replace immutable identities
egorecover/evaluation_protocol.py,file,github_source,5916,github:sxh-kk/EgoRecover,review_text_and_provenance,standard,egorecover/evaluation_protocol.py,5859ead74e221830dbb2a614e4fafdfa0978538708bb2b0b6bc6e27f3a3ce472,preserve relative path; portable copies must not replace immutable identities
egorecover/evaluation_resume.py,file,github_source,3942,github:sxh-kk/EgoRecover,review_text_and_provenance,standard,egorecover/evaluation_resume.py,dde0c8e462726eae27e8ba4cc92197eee99edb81c28c579bc6105849e92ee9e0,preserve relative path; portable copies must not replace immutable identities
egorecover/fixed_prior.py,file,github_source,2014,github:sxh-kk/EgoRecover,review_text_and_provenance,standard,egorecover/fixed_prior.py,d09cadd57fd4b29326fad1c47b78558a45a7ee6a771fbc7f9ccb36263bbf9589,preserve relative path; portable copies must not replace immutable identities
egorecover/fk.py,file,github_source,4713,github:sxh-kk/EgoRecover,review_text_and_provenance,standard,egorecover/fk.py,37e10adb2c07db8baaf4ccf9fce60429c35d059d943d6b06f33a668adf58521b,preserve relative path; portable copies must not replace immutable identities
egorecover/g_pretraining.py,file,github_source,7116,github:sxh-kk/EgoRecover,review_text_and_provenance,standard,egorecover/g_pretraining.py,353c56c253390e14bda823e894585431e1b2387306064ff0205a065ad937d23a,preserve relative path; portable copies must not replace immutable identities
egorecover/history.py,file,github_source,5085,github:sxh-kk/EgoRecover,review_text_and_provenance,standard,egorecover/history.py,584f4552ac0a1eb40d7716894484c6ba2634f0443fadfecd80f5d9720d7485f2,preserve relative path; portable copies must not replace immutable identities
egorecover/history_flow.py,file,github_source,3884,github:sxh-kk/EgoRecover,review_text_and_provenance,standard,egorecover/history_flow.py,9b9cc6d62c55b0f569fbe14bfd5449d82ddf83d7cdd89af745f6c5acb00ee86f,preserve relative path; portable copies must not replace immutable identities
egorecover/losses.py,file,github_source,4088,github:sxh-kk/EgoRecover,review_text_and_provenance,standard,egorecover/losses.py,047adb771c123306ac8f5974877c55c03c21d29c12c68215627a44b44c0e8ab3,preserve relative path; portable copies must not replace immutable identities
egorecover/observation_reference.py,file,github_source,6687,github:sxh-kk/EgoRecover,review_text_and_provenance,standard,egorecover/observation_reference.py,ba81aab85ac5b8294a1c85a81b12652fec2d51c1e7879807241016c66890e08a,preserve relative path; portable copies must not replace immutable identities
egorecover/prior.py,file,github_source,2266,github:sxh-kk/EgoRecover,review_text_and_provenance,standard,egorecover/prior.py,00918a4c1477207fb773af8b9cab1ae1466b90e47fe4c17da6c99ddb5e55eae7,preserve relative path; portable copies must not replace immutable identities
egorecover/prior_adaptation.py,file,github_source,7185,github:sxh-kk/EgoRecover,review_text_and_provenance,standard,egorecover/prior_adaptation.py,69dc203b009c9323a8deb41e8fb003e759f27506d9acfd2d2b2fdea74d09a84b,preserve relative path; portable copies must not replace immutable identities
egorecover/prior_cv_residual.py,file,github_source,5927,github:sxh-kk/EgoRecover,review_text_and_provenance,standard,egorecover/prior_cv_residual.py,242e62713c216f4545fa9a45776d261a320a2c1060c22c3bff0badfdd12a25b1,preserve relative path; portable copies must not replace immutable identities
egorecover/prior_expanded.py,file,github_source,3815,github:sxh-kk/EgoRecover,review_text_and_provenance,standard,egorecover/prior_expanded.py,880b54fa7cff8b8e8bacf20020de2a98ab236e7e9854024673af40ec830dfd5a,preserve relative path; portable copies must not replace immutable identities
egorecover/prior_real_history.py,file,github_source,3502,github:sxh-kk/EgoRecover,review_text_and_provenance,standard,egorecover/prior_real_history.py,da9fc8b9a2f6611dc184823d23110fe8817ce7fce94afef3fea77fde38afb8c0,preserve relative path; portable copies must not replace immutable identities
egorecover/prior_same_shape.py,file,github_source,2420,github:sxh-kk/EgoRecover,review_text_and_provenance,standard,egorecover/prior_same_shape.py,0e94e483246ab0e26a111520c2b34f698e1a9382fff712306d7b6aa3e3507179,preserve relative path; portable copies must not replace immutable identities
egorecover/prior_two_forward.py,file,github_source,11381,github:sxh-kk/EgoRecover,review_text_and_provenance,standard,egorecover/prior_two_forward.py,9b77f022049f45ce5ac429b6611bd77a04e4f104674a1a11c71ff816ff086e0b,preserve relative path; portable copies must not replace immutable identities
egorecover/prior_velocity.py,file,github_source,5881,github:sxh-kk/EgoRecover,review_text_and_provenance,standard,egorecover/prior_velocity.py,ed6e22fb3a38e239237c591c92b37c8ade252582c38b8b468e28427b9b3c0100,preserve relative path; portable copies must not replace immutable identities
egorecover/replay.py,file,github_source,4464,github:sxh-kk/EgoRecover,review_text_and_provenance,standard,egorecover/replay.py,6209038b8240cc37572b3b7141c3c97aefcd710e92c0347a610bd58047e47188,preserve relative path; portable copies must not replace immutable identities
egorecover/rollout.py,file,github_source,9980,github:sxh-kk/EgoRecover,review_text_and_provenance,standard,egorecover/rollout.py,0b776f034928d4c2c3748161eadee7fc2fb8f7f1522ebd1818bddebbe9036fb4,preserve relative path; portable copies must not replace immutable identities
egorecover/smpl_evaluation.py,file,github_source,13301,github:sxh-kk/EgoRecover,review_text_and_provenance,standard,egorecover/smpl_evaluation.py,8985e255ea3e1abbe78942e90960add003a42927ff912f4b07a5bb0c7d990d54,preserve relative path; portable copies must not replace immutable identities
egorecover/utility.py,file,github_source,6999,github:sxh-kk/EgoRecover,review_text_and_provenance,standard,egorecover/utility.py,baa4341acd66decaef0eccac2293c227eb9452d2c606c0fc3f4587559dc3f4cc,preserve relative path; portable copies must not replace immutable identities
environment.yml,file,github_source,364,github:sxh-kk/EgoRecover,review_text_and_provenance,standard,environment.yml,87f7bd412fdf1980efa603500c764ab68a8535c3e2a19638bf44a5903bead944,preserve relative path; portable copies must not replace immutable identities
eval/compute_3d_metrics.py,file,github_source,9025,github:sxh-kk/EgoRecover,review_text_and_provenance,standard,eval/compute_3d_metrics.py,6b8327a4db2f283546fdf87acb3e717fd79b87d72e1daa620797edd4080ea0b3,preserve relative path; portable copies must not replace immutable identities
eval/compute_paper_joint_metrics.py,file,github_source,3848,github:sxh-kk/EgoRecover,review_text_and_provenance,standard,eval/compute_paper_joint_metrics.py,2ba80c4824dddabe4a12a4b26362bdf677bb7e1b0d5f336229c968744f1f5bd0,preserve relative path; portable copies must not replace immutable identities
eval/compute_semantic_metrics.py,file,github_source,4365,github:sxh-kk/EgoRecover,review_text_and_provenance,standard,eval/compute_semantic_metrics.py,628cacb1b8b4482fac4204225264f0b88a4dfa33d7f6d74ae5265cead9eee54e,preserve relative path; portable copies must not replace immutable identities
eval/eval_exp.py,file,github_source,1969,github:sxh-kk/EgoRecover,review_text_and_provenance,standard,eval/eval_exp.py,e02e8e04c6de0207e4da5fbceb2097ea1e9a363929228d969f06f7a7e4c2d1b6,preserve relative path; portable copies must not replace immutable identities
eval/metrics.py,file,github_source,12586,github:sxh-kk/EgoRecover,review_text_and_provenance,standard,eval/metrics.py,2b3ae0ec2820699bde17552d453bff8e334e975e8061708a13aab8c2939bff0a,preserve relative path; portable copies must not replace immutable identities
eval/paired_bootstrap_metrics.py,file,github_source,9869,github:sxh-kk/EgoRecover,review_text_and_provenance,standard,eval/paired_bootstrap_metrics.py,6b6cc2aedc4940cb1443a4e628448e8a28f7c0c72b964f32625e17acf2cd6102,preserve relative path; portable copies must not replace immutable identities
eval/save_gt_for_eval.py,file,github_source,1320,github:sxh-kk/EgoRecover,review_text_and_provenance,standard,eval/save_gt_for_eval.py,47159f3ee17d578266696a64bb4bf8e9d786d0e226ae5c7223e09959bd77bfeb,preserve relative path; portable copies must not replace immutable identities
eval/save_uem_preds.py,file,github_source,5364,github:sxh-kk/EgoRecover,review_text_and_provenance,standard,eval/save_uem_preds.py,2e5531ee2ed779e25cea1ed0703e2d5333e6da3ee9e1b22375f46c9556ccef39,preserve relative path; portable copies must not replace immutable identities
eval/selected_seqs.py,file,github_source,9224,github:sxh-kk/EgoRecover,review_text_and_provenance,standard,eval/selected_seqs.py,bb24d423328e3236368f46b957c8bfe8e1f5a3d334eef5b470525f4995913636,preserve relative path; portable copies must not replace immutable identities
eval/vis_uem_preds.py,file,github_source,3293,github:sxh-kk/EgoRecover,review_text_and_provenance,standard,eval/vis_uem_preds.py,8b756007b55fc7a6e1b4e11a92e0563e3865859f2ae03aaa1f02ec8edd186b9c,preserve relative path; portable copies must not replace immutable identities
exp/e7/hparams.yaml,file,github_experiment_metadata,1811,github:sxh-kk/EgoRecover,review_text_and_provenance,standard,exp/e7/hparams.yaml,a947526cd2187ace15fb22b35b5c869debcab775da8fe048d5a770b3971200a5,preserve relative path; portable copies must not replace immutable identities
exp/e7_frozen_smoke_20260928/README.md,file,github_experiment_metadata,1934,github:sxh-kk/EgoRecover,review_text_and_provenance,standard,exp/e7_frozen_smoke_20260928/README.md,1b64052b22b8841078e2813fc6ce8cee091b2202d851fd5033dc0ae53ea67035,preserve relative path; portable copies must not replace immutable identities
exp/e7_frozen_smoke_20260928/launch.json,file,github_experiment_metadata,1379,github:sxh-kk/EgoRecover,review_text_and_provenance,standard,exp/e7_frozen_smoke_20260928/launch.json,1586c08940c534822d596a0c2a1f5694e22e96cbd292c6687d260a71a6a9b302,preserve relative path; portable copies must not replace immutable identities
exp/e7_frozen_smoke_20260928/take0/report.json,file,github_experiment_metadata,161900,github:sxh-kk/EgoRecover,review_text_and_provenance,standard,exp/e7_frozen_smoke_20260928/take0/report.json,88c4c641ec0727e6260ce6be2af7da425ccb2e6124de371450b36db847792095,preserve relative path; portable copies must not replace immutable identities
exp/e7_frozen_smoke_20260928/take1/report.json,file,github_experiment_metadata,162934,github:sxh-kk/EgoRecover,review_text_and_provenance,standard,exp/e7_frozen_smoke_20260928/take1/report.json,cf25b3ee1e116ce5d75134e8543b7a39f3a813b0e679784e0eea5bbe7dd93ec6,preserve relative path; portable copies must not replace immutable identities
exp/e7_minimal_ablation/v1/RESULTS.md,file,github_experiment_metadata,4167,github:sxh-kk/EgoRecover,review_text_and_provenance,standard,exp/e7_minimal_ablation/v1/RESULTS.md,5b14ea45ba024aca8b2e4fe8adb5c4a5b65a517eed647ecd492600317d59c048,preserve relative path; portable copies must not replace immutable identities
exp/e7_minimal_ablation/v1/analysis_diagnostics.json,file,github_experiment_metadata,6219,github:sxh-kk/EgoRecover,review_text_and_provenance,standard,exp/e7_minimal_ablation/v1/analysis_diagnostics.json,ee5afd818ed18c627c3b0fcc9807f5e339392d07c5e64b1a581b2dbd24a1a865,preserve relative path; portable copies must not replace immutable identities
exp/e7_minimal_ablation/v1/data/report.json,file,hf_cache_review,1051,github:sxh-kk/EgoRecover,review_metadata,standard,exp/e7_minimal_ablation/v1/data/report.json,,split/cache provenance metadata; review for embedded observations
exp/e7_minimal_ablation/v1/dev/fair_bike_01_12/1062/progress.json,file,github_experiment_metadata,109,github:sxh-kk/EgoRecover,review_text_and_provenance,standard,exp/e7_minimal_ablation/v1/dev/fair_bike_01_12/1062/progress.json,66b6eb1e209692f3c2812f3d7962971c204637d8a65a98f940a94eee82a1ac3d,preserve relative path; portable copies must not replace immutable identities
exp/e7_minimal_ablation/v1/dev/fair_bike_01_12/1063/progress.json,file,github_experiment_metadata,109,github:sxh-kk/EgoRecover,review_text_and_provenance,standard,exp/e7_minimal_ablation/v1/dev/fair_bike_01_12/1063/progress.json,13f4cf9c125fd39b20fb314436b4f66ba85c27e5059ee5a683a0b18848e5146a,preserve relative path; portable copies must not replace immutable identities
exp/e7_minimal_ablation/v1/dev/fair_bike_01_12/1064/progress.json,file,github_experiment_metadata,109,github:sxh-kk/EgoRecover,review_text_and_provenance,standard,exp/e7_minimal_ablation/v1/dev/fair_bike_01_12/1064/progress.json,d9798640c1ce2826e3516395e83fc5dbb6c6f9ca981dc211f18d1dc3aa5f945d,preserve relative path; portable copies must not replace immutable identities
exp/e7_minimal_ablation/v1/dev/georgiatech_bike_05_2/1062/progress.json,file,github_experiment_metadata,115,github:sxh-kk/EgoRecover,review_text_and_provenance,standard,exp/e7_minimal_ablation/v1/dev/georgiatech_bike_05_2/1062/progress.json,e0bb9e330d9d98f372dcd1861ed876b7efc665a6818216c2331b79d85e3574cf,preserve relative path; portable copies must not replace immutable identities
exp/e7_minimal_ablation/v1/dev/georgiatech_bike_05_2/1063/progress.json,file,github_experiment_metadata,115,github:sxh-kk/EgoRecover,review_text_and_provenance,standard,exp/e7_minimal_ablation/v1/dev/georgiatech_bike_05_2/1063/progress.json,6e400225fe7cfd973c6e6c1690358eb5dea8df9ded70df6cbbba1946d2095e4d,preserve relative path; portable copies must not replace immutable identities
exp/e7_minimal_ablation/v1/dev/georgiatech_bike_05_2/1064/progress.json,file,github_experiment_metadata,115,github:sxh-kk/EgoRecover,review_text_and_provenance,standard,exp/e7_minimal_ablation/v1/dev/georgiatech_bike_05_2/1064/progress.json,2795f7df4d31853d1e9080614171ca859e4973cd1c63046fb700bb2e0892a25e,preserve relative path; portable copies must not replace immutable identities
exp/e7_minimal_ablation/v1/dev/iiith_cooking_109_4/1062/progress.json,file,github_experiment_metadata,113,github:sxh-kk/EgoRecover,review_text_and_provenance,standard,exp/e7_minimal_ablation/v1/dev/iiith_cooking_109_4/1062/progress.json,e8a68ec8b7fac583efa78cd6ad0e7e6b70ef2946a782a4d9c546b4a5f1f277e4,preserve relative path; portable copies must not replace immutable identities
exp/e7_minimal_ablation/v1/dev/iiith_cooking_109_4/1063/progress.json,file,github_experiment_metadata,113,github:sxh-kk/EgoRecover,review_text_and_provenance,standard,exp/e7_minimal_ablation/v1/dev/iiith_cooking_109_4/1063/progress.json,20c56abbcd0bf222c8c7fc6611ead35e186cbbc0fa19a977e09d6877840039fc,preserve relative path; portable copies must not replace immutable identities
exp/e7_minimal_ablation/v1/dev/iiith_cooking_109_4/1064/progress.json,file,github_experiment_metadata,113,github:sxh-kk/EgoRecover,review_text_and_provenance,standard,exp/e7_minimal_ablation/v1/dev/iiith_cooking_109_4/1064/progress.json,fe68aa05c053707eb4823b5c0f5885482ca1b7214fc4d9c33152c049fa12f694,preserve relative path; portable copies must not replace immutable identities
exp/e7_minimal_ablation/v1/dev/iiith_soccer_004_5/1062/progress.json,file,github_experiment_metadata,112,github:sxh-kk/EgoRecover,review_text_and_provenance,standard,exp/e7_minimal_ablation/v1/dev/iiith_soccer_004_5/1062/progress.json,01d32fc756bd9fea393d8ef29fb1b1010ad96a20c6d7b81996d64922f799a466,preserve relative path; portable copies must not replace immutable identities
exp/e7_minimal_ablation/v1/dev/iiith_soccer_004_5/1063/progress.json,file,github_experiment_metadata,112,github:sxh-kk/EgoRecover,review_text_and_provenance,standard,exp/e7_minimal_ablation/v1/dev/iiith_soccer_004_5/1063/progress.json,971b713cdcd326236ccc0c17167d2e6cada9e41ae20e3f2cf4a6fde243ff7035,preserve relative path; portable copies must not replace immutable identities
exp/e7_minimal_ablation/v1/dev/iiith_soccer_004_5/1064/progress.json,file,github_experiment_metadata,112,github:sxh-kk/EgoRecover,review_text_and_provenance,standard,exp/e7_minimal_ablation/v1/dev/iiith_soccer_004_5/1064/progress.json,b36e0272c963b835e47ad8f06c2b549f3b4cd55c955beab6783814f487e387bd,preserve relative path; portable copies must not replace immutable identities
exp/e7_minimal_ablation/v1/dev/indiana_music_13_5/1062/progress.json,file,github_experiment_metadata,112,github:sxh-kk/EgoRecover,review_text_and_provenance,standard,exp/e7_minimal_ablation/v1/dev/indiana_music_13_5/1062/progress.json,083f30ffe74856489b94a840abd9870d5455ef513e60bfcba9c9483871bef8c9,preserve relative path; portable copies must not replace immutable identities
exp/e7_minimal_ablation/v1/dev/indiana_music_13_5/1063/progress.json,file,github_experiment_metadata,112,github:sxh-kk/EgoRecover,review_text_and_provenance,standard,exp/e7_minimal_ablation/v1/dev/indiana_music_13_5/1063/progress.json,a69002e6b676230421a7f66ed26cf7aa66e4169e1d2f3cf210a9bbc2612bc243,preserve relative path; portable copies must not replace immutable identities
exp/e7_minimal_ablation/v1/dev/indiana_music_13_5/1064/progress.json,file,github_experiment_metadata,112,github:sxh-kk/EgoRecover,review_text_and_provenance,standard,exp/e7_minimal_ablation/v1/dev/indiana_music_13_5/1064/progress.json,3d4b23a0eb817a2e0d36053e7dfe8d07de3320467686aeacdf0a3723ee53b837,preserve relative path; portable copies must not replace immutable identities
exp/e7_minimal_ablation/v1/dev/nus_cpr_52_1/1062/progress.json,file,github_experiment_metadata,106,github:sxh-kk/EgoRecover,review_text_and_provenance,standard,exp/e7_minimal_ablation/v1/dev/nus_cpr_52_1/1062/progress.json,5b6faa2e1bb408e671d499acd4b026ee3650a47b6ac4f5f020da7197fbe5690e,preserve relative path; portable copies must not replace immutable identities
exp/e7_minimal_ablation/v1/dev/nus_cpr_52_1/1063/progress.json,file,github_experiment_metadata,106,github:sxh-kk/EgoRecover,review_text_and_provenance,standard,exp/e7_minimal_ablation/v1/dev/nus_cpr_52_1/1063/progress.json,361c3c833e12c0ee0b5131e1229c1022a91ca3d6f174fd5c24c6c4d55a3a053b,preserve relative path; portable copies must not replace immutable identities
exp/e7_minimal_ablation/v1/dev/nus_cpr_52_1/1064/progress.json,file,github_experiment_metadata,106,github:sxh-kk/EgoRecover,review_text_and_provenance,standard,exp/e7_minimal_ablation/v1/dev/nus_cpr_52_1/1064/progress.json,0743874cddb3bd7b35897451859117f1191f48d640e6ca7dc8336006f97d0816,preserve relative path; portable copies must not replace immutable identities
exp/e7_minimal_ablation/v1/dev/sfu_basketball_03_44/1062/progress.json,file,github_experiment_metadata,114,github:sxh-kk/EgoRecover,review_text_and_provenance,standard,exp/e7_minimal_ablation/v1/dev/sfu_basketball_03_44/1062/progress.json,0048ec37649cb376fd5183ec75646aa9a8ffe37d55736bca7ff570e919623b23,preserve relative path; portable copies must not replace immutable identities
exp/e7_minimal_ablation/v1/dev/sfu_basketball_03_44/1063/progress.json,file,github_experiment_metadata,114,github:sxh-kk/EgoRecover,review_text_and_provenance,standard,exp/e7_minimal_ablation/v1/dev/sfu_basketball_03_44/1063/progress.json,2ca732472c9d2d9a1cf3bc44cf01382f80fe7a1ab6dcedd7af7d5755346f89fc,preserve relative path; portable copies must not replace immutable identities
exp/e7_minimal_ablation/v1/dev/sfu_basketball_03_44/1064/progress.json,file,github_experiment_metadata,114,github:sxh-kk/EgoRecover,review_text_and_provenance,standard,exp/e7_minimal_ablation/v1/dev/sfu_basketball_03_44/1064/progress.json,60059d4d9a0acc30a8c3bf939761decc37d0a6350a5b94421edad9bda419dbc2,preserve relative path; portable copies must not replace immutable identities
exp/e7_minimal_ablation/v1/dev/sfu_basketball_08_15/1062/progress.json,file,github_experiment_metadata,114,github:sxh-kk/EgoRecover,review_text_and_provenance,standard,exp/e7_minimal_ablation/v1/dev/sfu_basketball_08_15/1062/progress.json,4ed0451623ca2c4966e83900458b5f96477ca8ab7f0546625ca497ac17881753,preserve relative path; portable copies must not replace immutable identities
exp/e7_minimal_ablation/v1/dev/sfu_basketball_08_15/1063/progress.json,file,github_experiment_metadata,114,github:sxh-kk/EgoRecover,review_text_and_provenance,standard,exp/e7_minimal_ablation/v1/dev/sfu_basketball_08_15/1063/progress.json,36ad81460f6915361f9d71bd6399957108e9e2e42a711f05bbbf6b2953db589f,preserve relative path; portable copies must not replace immutable identities
exp/e7_minimal_ablation/v1/dev/sfu_basketball_08_15/1064/progress.json,file,github_experiment_metadata,114,github:sxh-kk/EgoRecover,review_text_and_provenance,standard,exp/e7_minimal_ablation/v1/dev/sfu_basketball_08_15/1064/progress.json,8b01e8e09e221e7a3de3c153a5a46ba7e055139ceff803d27fed367138b33a1e,preserve relative path; portable copies must not replace immutable identities
exp/e7_minimal_ablation/v1/dev/shard0.json,file,github_experiment_metadata,978,github:sxh-kk/EgoRecover,review_text_and_provenance,standard,exp/e7_minimal_ablation/v1/dev/shard0.json,b65444ee361ebadb3a847e06b4812c37eaf1efa8a74f0759febb335cb59ec2ab,preserve relative path; portable copies must not replace immutable identities
exp/e7_minimal_ablation/v1/dev/shard1.json,file,github_experiment_metadata,970,github:sxh-kk/EgoRecover,review_text_and_provenance,standard,exp/e7_minimal_ablation/v1/dev/shard1.json,0d7b98309c8c977fdce64b9b9344a048139eda5189cfaafe8a30533da381a6c0,preserve relative path; portable copies must not replace immutable identities
exp/e7_minimal_ablation/v1/dev/shard2.json,file,github_experiment_metadata,976,github:sxh-kk/EgoRecover,review_text_and_provenance,standard,exp/e7_minimal_ablation/v1/dev/shard2.json,5645bf4c220b3de709b1280e93aedac5964730cfbb175f35c939673693411794,preserve relative path; portable copies must not replace immutable identities
exp/e7_minimal_ablation/v1/dev/shard3.json,file,github_experiment_metadata,982,github:sxh-kk/EgoRecover,review_text_and_provenance,standard,exp/e7_minimal_ablation/v1/dev/shard3.json,afd8d5217d40c5eaefd7235b588b1a0e1ff270759689bc84891ee9ee20f49d76,preserve relative path; portable copies must not replace immutable identities
exp/e7_minimal_ablation/v1/dev/unc_basketball_03-16-23_01_18/1062/progress.json,file,github_experiment_metadata,123,github:sxh-kk/EgoRecover,review_text_and_provenance,standard,exp/e7_minimal_ablation/v1/dev/unc_basketball_03-16-23_01_18/1062/progress.json,47db79b9b91a63e8281abcfb496d3fb831032d8a1f1e8209ece636a49edd2a8c,preserve relative path; portable copies must not replace immutable identities
exp/e7_minimal_ablation/v1/dev/unc_basketball_03-16-23_01_18/1063/progress.json,file,github_experiment_metadata,123,github:sxh-kk/EgoRecover,review_text_and_provenance,standard,exp/e7_minimal_ablation/v1/dev/unc_basketball_03-16-23_01_18/1063/progress.json,ad02b3337dcef3905aaf4ff1898bceefae9e46c1e48129165e8da50a66c06a17,preserve relative path; portable copies must not replace immutable identities
exp/e7_minimal_ablation/v1/dev/unc_basketball_03-16-23_01_18/1064/progress.json,file,github_experiment_metadata,123,github:sxh-kk/EgoRecover,review_text_and_provenance,standard,exp/e7_minimal_ablation/v1/dev/unc_basketball_03-16-23_01_18/1064/progress.json,eee85da47d58e0b3186b9b421d2374c3fee6275e03b8b326191766aecb42c20e,preserve relative path; portable copies must not replace immutable identities
exp/e7_minimal_ablation/v1/dev/uniandes_dance_011_27/1062/progress.json,file,github_experiment_metadata,115,github:sxh-kk/EgoRecover,review_text_and_provenance,standard,exp/e7_minimal_ablation/v1/dev/uniandes_dance_011_27/1062/progress.json,c917989d3f654736b5f2801723c83d3d52cc71b42169240bf13b05cb010ac184,preserve relative path; portable copies must not replace immutable identities
exp/e7_minimal_ablation/v1/dev/uniandes_dance_011_27/1063/progress.json,file,github_experiment_metadata,115,github:sxh-kk/EgoRecover,review_text_and_provenance,standard,exp/e7_minimal_ablation/v1/dev/uniandes_dance_011_27/1063/progress.json,4d74e7d556ef6196799223335d7cabffdf3d5a951780a92db0593ce0da3e9d4c,preserve relative path; portable copies must not replace immutable identities
exp/e7_minimal_ablation/v1/dev/uniandes_dance_011_27/1064/progress.json,file,github_experiment_metadata,115,github:sxh-kk/EgoRecover,review_text_and_provenance,standard,exp/e7_minimal_ablation/v1/dev/uniandes_dance_011_27/1064/progress.json,3e9f85e48641c8c3b6611ea850c64cf81a75c7e37c6fb257fae9e8ff80d377e6,preserve relative path; portable copies must not replace immutable identities
exp/e7_minimal_ablation/v1/dev/uniandes_dance_012_15/1062/progress.json,file,github_experiment_metadata,115,github:sxh-kk/EgoRecover,review_text_and_provenance,standard,exp/e7_minimal_ablation/v1/dev/uniandes_dance_012_15/1062/progress.json,4fe3aca18e098dec71941e977451d1fce7676d025b609cac445030f5e2ddcc7f,preserve relative path; portable copies must not replace immutable identities
exp/e7_minimal_ablation/v1/dev/uniandes_dance_012_15/1063/progress.json,file,github_experiment_metadata,115,github:sxh-kk/EgoRecover,review_text_and_provenance,standard,exp/e7_minimal_ablation/v1/dev/uniandes_dance_012_15/1063/progress.json,56844a45bda052d409dcb37829485a5ed98c4c2ead93c2ab0b7155d2a95255cd,preserve relative path; portable copies must not replace immutable identities
exp/e7_minimal_ablation/v1/dev/uniandes_dance_012_15/1064/progress.json,file,github_experiment_metadata,115,github:sxh-kk/EgoRecover,review_text_and_provenance,standard,exp/e7_minimal_ablation/v1/dev/uniandes_dance_012_15/1064/progress.json,f52d0ef747dbe97342a988b39a92e535f16ccf415d296c6ea21d465dc60e7c93,preserve relative path; portable copies must not replace immutable identities
exp/e7_minimal_ablation/v1/dev/upenn_0725_Duet_Violin_1_2_8/1062/progress.json,file,github_experiment_metadata,122,github:sxh-kk/EgoRecover,review_text_and_provenance,standard,exp/e7_minimal_ablation/v1/dev/upenn_0725_Duet_Violin_1_2_8/1062/progress.json,9e52ed2ebedf1f20fc96aafaeb2047c9e320823f9636ce2c4bbd90244e760cef,preserve relative path; portable copies must not replace immutable identities
exp/e7_minimal_ablation/v1/dev/upenn_0725_Duet_Violin_1_2_8/1063/progress.json,file,github_experiment_metadata,122,github:sxh-kk/EgoRecover,review_text_and_provenance,standard,exp/e7_minimal_ablation/v1/dev/upenn_0725_Duet_Violin_1_2_8/1063/progress.json,8f63a81a4f81d77c34bace632827e7217aaff596cab71d024b744d5ce07c1b4c,preserve relative path; portable copies must not replace immutable identities
exp/e7_minimal_ablation/v1/dev/upenn_0725_Duet_Violin_1_2_8/1064/progress.json,file,github_experiment_metadata,122,github:sxh-kk/EgoRecover,review_text_and_provenance,standard,exp/e7_minimal_ablation/v1/dev/upenn_0725_Duet_Violin_1_2_8/1064/progress.json,e07bacd213a7e948d85d2f011182a430d5b185ef5a2ecd9cc1dbe95b1982dcef,preserve relative path; portable copies must not replace immutable identities
exp/e7_minimal_ablation/v1/matrix.json,file,github_experiment_metadata,891,github:sxh-kk/EgoRecover,review_text_and_provenance,standard,exp/e7_minimal_ablation/v1/matrix.json,7920c1977f5b15fa4058c211a9ea75a5111f787becad90e0e429757337d5b692,preserve relative path; portable copies must not replace immutable identities
exp/e7_minimal_ablation/v1/queue.json,file,github_experiment_metadata,532,github:sxh-kk/EgoRecover,review_text_and_provenance,standard,exp/e7_minimal_ablation/v1/queue.json,6ac35eb844f3201b3e0cb4858de25812cee47c8cc5421eacbe697eb05f2f8429,preserve relative path; portable copies must not replace immutable identities
exp/e7_minimal_ablation/v1/smoke/cmu_soccer07_1/1062/progress.json,file,github_experiment_metadata,108,github:sxh-kk/EgoRecover,review_text_and_provenance,standard,exp/e7_minimal_ablation/v1/smoke/cmu_soccer07_1/1062/progress.json,dbfa0c120d77321bf10587cfcda74841e47551b397c04158c1bbbdf1bf8827d0,preserve relative path; portable copies must not replace immutable identities
exp/e7_minimal_ablation/v1/smoke/cmu_soccer11_2/1062/progress.json,file,github_experiment_metadata,108,github:sxh-kk/EgoRecover,review_text_and_provenance,standard,exp/e7_minimal_ablation/v1/smoke/cmu_soccer11_2/1062/progress.json,bcf8f06c8ca8ef0ccc6019d83464e179c8cf3a569ea7987a69e62cdc3050326c,preserve relative path; portable copies must not replace immutable identities
exp/e7_minimal_ablation/v1/smoke/shard0.json,file,github_experiment_metadata,915,github:sxh-kk/EgoRecover,review_text_and_provenance,standard,exp/e7_minimal_ablation/v1/smoke/shard0.json,0b728bd96fe50ca648164122767391a89dffe6f9204db44d7f55fdfb6ad52980,preserve relative path; portable copies must not replace immutable identities
exp/e7_minimal_ablation/v1/summary.json,file,github_experiment_metadata,92046,github:sxh-kk/EgoRecover,review_text_and_provenance,standard,exp/e7_minimal_ablation/v1/summary.json,21df31dcf01cadd083a46085e95fb61cabff65c7a360a08bd06df1a6c7c0c495,preserve relative path; portable copies must not replace immutable identities
exp/e7_minimal_ablation/v1/verification.json,file,github_experiment_metadata,2919,github:sxh-kk/EgoRecover,review_text_and_provenance,standard,exp/e7_minimal_ablation/v1/verification.json,01d54572457b4292204e59846ffd2001b247812cccc0aa5c29a0e28c77c7940d,preserve relative path; portable copies must not replace immutable identities
exp/egorecover_closed_loop_v0/report.json,file,github_experiment_metadata,1381,github:sxh-kk/EgoRecover,review_text_and_provenance,standard,exp/egorecover_closed_loop_v0/report.json,23918be08407f3a218bce7aef19c0964386747f4ccf77a7a16fa4a352980483e,preserve relative path; portable copies must not replace immutable identities
exp/egorecover_closed_loop_v0_diagnosis/report.json,file,github_experiment_metadata,556,github:sxh-kk/EgoRecover,review_text_and_provenance,standard,exp/egorecover_closed_loop_v0_diagnosis/report.json,1ffac581ecef1d3f6662a83df97cad30751a7dfd17cca04090e066ace01a85d2,preserve relative path; portable copies must not replace immutable identities
exp/egorecover_closed_loop_v1/report.json,file,github_experiment_metadata,1783,github:sxh-kk/EgoRecover,review_text_and_provenance,standard,exp/egorecover_closed_loop_v1/report.json,0b667e5d942681615160fb23f560eb6c257fd4d6dba99149811c11eed9d03835,preserve relative path; portable copies must not replace immutable identities
exp/egorecover_closed_loop_v1_numeric_diagnosis/report.json,file,github_experiment_metadata,616,github:sxh-kk/EgoRecover,review_text_and_provenance,standard,exp/egorecover_closed_loop_v1_numeric_diagnosis/report.json,b6c0088cc8f0a17d05526a57878a4dcbcc3833b82dbf37fa514aad30817ac63e,preserve relative path; portable copies must not replace immutable identities
exp/egorecover_closed_loop_v1_planar_production/report.json,file,github_experiment_metadata,4021,github:sxh-kk/EgoRecover,review_text_and_provenance,standard,exp/egorecover_closed_loop_v1_planar_production/report.json,3f624f1fba6ae572344a00f3142c19258f3f46b86c1b48135ce96ccf87f879a9,preserve relative path; portable copies must not replace immutable identities
exp/egorecover_closed_loop_v1_projection_fix/report.json,file,github_experiment_metadata,510,github:sxh-kk/EgoRecover,review_text_and_provenance,standard,exp/egorecover_closed_loop_v1_projection_fix/report.json,a92cfb5ae0e09de21824653ab43c53b46a7507044229e0ad347f430be1be8fb9,preserve relative path; portable copies must not replace immutable identities
exp/egorecover_closed_loop_v2_clean/body_baselines.json,file,github_experiment_metadata,586,github:sxh-kk/EgoRecover,review_text_and_provenance,standard,exp/egorecover_closed_loop_v2_clean/body_baselines.json,e45f2864a25ecfcaf0aa87951824bf31afbe42aa5e378742c4d86ce8ca3fce99,preserve relative path; portable copies must not replace immutable identities
exp/egorecover_closed_loop_v2_clean/report.json,file,github_experiment_metadata,1718,github:sxh-kk/EgoRecover,review_text_and_provenance,standard,exp/egorecover_closed_loop_v2_clean/report.json,333ee9823b553e54c4145bb375cedc1bafd10037cc5a574324092420d39e5938,preserve relative path; portable copies must not replace immutable identities
exp/egorecover_closed_loop_v3_take0/body_baselines.json,file,github_experiment_metadata,586,github:sxh-kk/EgoRecover,review_text_and_provenance,standard,exp/egorecover_closed_loop_v3_take0/body_baselines.json,e45f2864a25ecfcaf0aa87951824bf31afbe42aa5e378742c4d86ce8ca3fce99,preserve relative path; portable copies must not replace immutable identities
exp/egorecover_closed_loop_v3_take0/report.json,file,github_experiment_metadata,4316,github:sxh-kk/EgoRecover,review_text_and_provenance,standard,exp/egorecover_closed_loop_v3_take0/report.json,c30ec80850358a2dafd5cc244fc0377d12ac9c78269699aaf33fc90c9634ebaf,preserve relative path; portable copies must not replace immutable identities
exp/egorecover_closed_loop_v3_take0/smplx_geometry.json,file,github_experiment_metadata,25150,github:sxh-kk/EgoRecover,review_text_and_provenance,standard,exp/egorecover_closed_loop_v3_take0/smplx_geometry.json,ca45dc48cd0da1fa65b8e861b8ce697ad71f4021d9561e31b151ccd7a2f549ed,preserve relative path; portable copies must not replace immutable identities
exp/egorecover_closed_loop_v3_take1/body_baselines.json,file,github_experiment_metadata,591,github:sxh-kk/EgoRecover,review_text_and_provenance,standard,exp/egorecover_closed_loop_v3_take1/body_baselines.json,93a379e871919a9b7fc67860fe1476d7d44643f4addcb9c2905da0910c7d8de3,preserve relative path; portable copies must not replace immutable identities
exp/egorecover_closed_loop_v3_take1/report.json,file,github_experiment_metadata,4302,github:sxh-kk/EgoRecover,review_text_and_provenance,standard,exp/egorecover_closed_loop_v3_take1/report.json,70389fdf64247e24e6fb4c0cb574fcf445a0162bc688e7047e16025dce8548b8,preserve relative path; portable copies must not replace immutable identities
exp/egorecover_closed_loop_v3_take1/smplx_geometry.json,file,github_experiment_metadata,25301,github:sxh-kk/EgoRecover,review_text_and_provenance,standard,exp/egorecover_closed_loop_v3_take1/smplx_geometry.json,657e5fbc30b3feb197c803da43a1a8931d37f5e5acdf10a19cb09b36c5d6bfd4,preserve relative path; portable copies must not replace immutable identities
exp/egorecover_diagnosis_dev_geometry_v1/report.json,file,github_experiment_metadata,12219,github:sxh-kk/EgoRecover,review_text_and_provenance,standard,exp/egorecover_diagnosis_dev_geometry_v1/report.json,64582210b041b165b937c4defb1ce7a286673899b81d454707727d4047b44896,preserve relative path; portable copies must not replace immutable identities
exp/egorecover_diagnosis_geometry_v1/report.json,file,github_experiment_metadata,436928,github:sxh-kk/EgoRecover,review_text_and_provenance,standard,exp/egorecover_diagnosis_geometry_v1/report.json,f278c97252802779ca43905b87301a07e3b9cb1fe5739d9c4e4af260c2a31d67,preserve relative path; portable copies must not replace immutable identities
exp/egorecover_diagnosis_planar_seed63/report.json,file,github_experiment_metadata,235234,github:sxh-kk/EgoRecover,review_text_and_provenance,standard,exp/egorecover_diagnosis_planar_seed63/report.json,3d4294473446e146edbe91d896bb0bbaa44b8b41c9ed7e3f83a7a8388e30d2c9,preserve relative path; portable copies must not replace immutable identities
exp/egorecover_diagnosis_planar_take2/report.json,file,github_experiment_metadata,231876,github:sxh-kk/EgoRecover,review_text_and_provenance,standard,exp/egorecover_diagnosis_planar_take2/report.json,c761b38be4d0cddd31efc8470d7f6859bfc3be89a15ea8acdb19cdc1e4983ab9,preserve relative path; portable copies must not replace immutable identities
exp/egorecover_diagnosis_train_v1/report.json,file,github_experiment_metadata,12261,github:sxh-kk/EgoRecover,review_text_and_provenance,standard,exp/egorecover_diagnosis_train_v1/report.json,6899e0022a77cc19f300657d21cdef39388056a1d503e57771ae192d677fe9b6,preserve relative path; portable copies must not replace immutable identities
exp/egorecover_diagnosis_v1/report.json,file,github_experiment_metadata,522907,github:sxh-kk/EgoRecover,review_text_and_provenance,standard,exp/egorecover_diagnosis_v1/report.json,3ffe46d611bf5175780c8fa26f8916a3fc8da3b7c7b8c822c4de7e2ac7fc8ac2,preserve relative path; portable copies must not replace immutable identities
exp/egorecover_engineering_v0/baselines.json,file,github_experiment_metadata,616,github:sxh-kk/EgoRecover,review_text_and_provenance,standard,exp/egorecover_engineering_v0/baselines.json,ea9afd96d67688792981d08c7047a31223d8b5aae0a0275a478c2933943c5603,preserve relative path; portable copies must not replace immutable identities
exp/egorecover_engineering_v0/report.json,file,github_experiment_metadata,8748,github:sxh-kk/EgoRecover,review_text_and_provenance,standard,exp/egorecover_engineering_v0/report.json,b145c5d8a675d1bcc4bf9cd458ba8e6273d9a6e14e106e25fc63adc471aee52c,preserve relative path; portable copies must not replace immutable identities
exp/egorecover_engineering_v1/baselines.json,file,github_experiment_metadata,617,github:sxh-kk/EgoRecover,review_text_and_provenance,standard,exp/egorecover_engineering_v1/baselines.json,0425f68100169b0b06157ec743f23d027fcb6626a188b588acc143cd2641ba63,preserve relative path; portable copies must not replace immutable identities
exp/egorecover_engineering_v1/report.json,file,github_experiment_metadata,16684,github:sxh-kk/EgoRecover,review_text_and_provenance,standard,exp/egorecover_engineering_v1/report.json,9e7970fdd2074b024bdf1ecfdfe659ce57ecc865f3f4d338d37d77673089a2f7,preserve relative path; portable copies must not replace immutable identities
exp/egorecover_engineering_v2/baselines.json,file,github_experiment_metadata,647,github:sxh-kk/EgoRecover,review_text_and_provenance,standard,exp/egorecover_engineering_v2/baselines.json,4ab2c1c5e1dd43087df83b12c22d6e45d67f2cd2b181764a20c8e2634329a076,preserve relative path; portable copies must not replace immutable identities
exp/egorecover_engineering_v2/report.json,file,github_experiment_metadata,18783,github:sxh-kk/EgoRecover,review_text_and_provenance,standard,exp/egorecover_engineering_v2/report.json,ff3ec06d9ef7abb29860ebb563037acbb024f7a184ed0f3599ec0ca975f7a121,preserve relative path; portable copies must not replace immutable identities
exp/egorecover_engineering_v3/baselines.json,file,github_experiment_metadata,647,github:sxh-kk/EgoRecover,review_text_and_provenance,standard,exp/egorecover_engineering_v3/baselines.json,b4bcd846cd3ae5191ffc28adcabbd5373f58d251d99da322ffeffb79089c457e,preserve relative path; portable copies must not replace immutable identities
exp/egorecover_engineering_v3/report.json,file,github_experiment_metadata,20317,github:sxh-kk/EgoRecover,review_text_and_provenance,standard,exp/egorecover_engineering_v3/report.json,6a4281a988091864b1fbb5527f15c8c5b797762239f5ad9514ac8f4134a9df88,preserve relative path; portable copies must not replace immutable identities
exp/egorecover_g_observation/v2/verification/e7_observation_length.json,file,github_experiment_metadata,36181,github:sxh-kk/EgoRecover,review_text_and_provenance,standard,exp/egorecover_g_observation/v2/verification/e7_observation_length.json,693132f0158897e7d044302a36b1959e247ccd230da55ce94aa8040d3adc172c,preserve relative path; portable copies must not replace immutable identities
exp/egorecover_g_observation/v2/verification/e7_observation_length.protocol.json,file,github_experiment_metadata,1009,github:sxh-kk/EgoRecover,review_text_and_provenance,standard,exp/egorecover_g_observation/v2/verification/e7_observation_length.protocol.json,5ca6db0ce7b0495b1546b556f11aaa31133080ad26983dc99087802270fc28d7,preserve relative path; portable copies must not replace immutable identities
exp/egorecover_g_pretraining/v1/RESULTS.md,file,github_experiment_metadata,2047,github:sxh-kk/EgoRecover,review_text_and_provenance,standard,exp/egorecover_g_pretraining/v1/RESULTS.md,bb4a9681d1a3b5d887c2c4123aa9c49002950fcb40ef7a0ad51e878ed8d349d4,preserve relative path; portable copies must not replace immutable identities
exp/egorecover_g_pretraining/v1/T0/seed62/identity.json,file,github_experiment_metadata,1779,github:sxh-kk/EgoRecover,review_text_and_provenance,standard,exp/egorecover_g_pretraining/v1/T0/seed62/identity.json,f803eacc105feb56dcb4a266b0e2a25dfd464e95e95042830f6827c5ff3b6b5c,preserve relative path; portable copies must not replace immutable identities
exp/egorecover_g_pretraining/v1/T0/seed62/progress.json,file,github_experiment_metadata,302,github:sxh-kk/EgoRecover,review_text_and_provenance,standard,exp/egorecover_g_pretraining/v1/T0/seed62/progress.json,4d55d9df5eea0bad86564b150959fff29e8fb5a1f06b05f6ca38a0f0554c5388,preserve relative path; portable copies must not replace immutable identities
exp/egorecover_g_pretraining/v1/T0/seed62/report.json,file,github_experiment_metadata,2214,github:sxh-kk/EgoRecover,review_text_and_provenance,standard,exp/egorecover_g_pretraining/v1/T0/seed62/report.json,b50d90bf4c3d2dcc1e5d9acc18825647ae6cad427dfedc3cb41618b7b5e5bade,preserve relative path; portable copies must not replace immutable identities
exp/egorecover_g_pretraining/v1/T0/seed62/selection.json,file,github_experiment_metadata,136187,github:sxh-kk/EgoRecover,review_text_and_provenance,standard,exp/egorecover_g_pretraining/v1/T0/seed62/selection.json,dbdcc9a7ce259050fc3c3b26910ccdf8afc3b2f8ae1f9063e1223a499b6988e1,preserve relative path; portable copies must not replace immutable identities
exp/egorecover_g_pretraining/v1/T0/seed62/test/minimal_report.json,file,github_experiment_metadata,200,github:sxh-kk/EgoRecover,review_text_and_provenance,standard,exp/egorecover_g_pretraining/v1/T0/seed62/test/minimal_report.json,39bfc781b878e677d00e30bba89894c41e50524ce237dff5061efd9abf7fc291,preserve relative path; portable copies must not replace immutable identities
exp/egorecover_g_pretraining/v1/T0/seed63/identity.json,file,github_experiment_metadata,1779,github:sxh-kk/EgoRecover,review_text_and_provenance,standard,exp/egorecover_g_pretraining/v1/T0/seed63/identity.json,c400477faa2e9d4c62a9adeaf094ccc6caa2632573733bb86559ed53b35dd0bd,preserve relative path; portable copies must not replace immutable identities
exp/egorecover_g_pretraining/v1/T0/seed63/progress.json,file,github_experiment_metadata,302,github:sxh-kk/EgoRecover,review_text_and_provenance,standard,exp/egorecover_g_pretraining/v1/T0/seed63/progress.json,765d94d97cd4ba00dc0d22969dd02363f56e8d43aa9ffcfe0b2aed3a8c2f76de,preserve relative path; portable copies must not replace immutable identities
exp/egorecover_g_pretraining/v1/T0/seed63/report.json,file,github_experiment_metadata,2213,github:sxh-kk/EgoRecover,review_text_and_provenance,standard,exp/egorecover_g_pretraining/v1/T0/seed63/report.json,39165d8ac19d2ed51bca8bcd0fec88e926dd675a0a295c02589fe6b532611f3a,preserve relative path; portable copies must not replace immutable identities
exp/egorecover_g_pretraining/v1/T0/seed63/selection.json,file,github_experiment_metadata,136246,github:sxh-kk/EgoRecover,review_text_and_provenance,standard,exp/egorecover_g_pretraining/v1/T0/seed63/selection.json,cdef94267b55e4b30790aa7e39be368cbb1357faf0ed935f33ff45b20952de59,preserve relative path; portable copies must not replace immutable identities
exp/egorecover_g_pretraining/v1/T0/seed63/test/minimal_report.json,file,github_experiment_metadata,200,github:sxh-kk/EgoRecover,review_text_and_provenance,standard,exp/egorecover_g_pretraining/v1/T0/seed63/test/minimal_report.json,f974bae8c42b0a61714fbba2f807af6bf3fe5fbf8643d8e9215213c64159d031,preserve relative path; portable copies must not replace immutable identities
exp/egorecover_g_pretraining/v1/T0/seed64/identity.json,file,github_experiment_metadata,1779,github:sxh-kk/EgoRecover,review_text_and_provenance,standard,exp/egorecover_g_pretraining/v1/T0/seed64/identity.json,34a4a35afc499d90830f29580756405fc4cb1638145cc952e3440038db763c41,preserve relative path; portable copies must not replace immutable identities
exp/egorecover_g_pretraining/v1/T0/seed64/progress.json,file,github_experiment_metadata,299,github:sxh-kk/EgoRecover,review_text_and_provenance,standard,exp/egorecover_g_pretraining/v1/T0/seed64/progress.json,f02ebaa5ebc4dbed20ba2dc77a32b174dada6006871e7f54d502fb9ca8ec29a9,preserve relative path; portable copies must not replace immutable identities
exp/egorecover_g_pretraining/v1/T0/seed64/report.json,file,github_experiment_metadata,2214,github:sxh-kk/EgoRecover,review_text_and_provenance,standard,exp/egorecover_g_pretraining/v1/T0/seed64/report.json,e990b97b3252ea4505c2b6fdcdde232f5f2175b7700455cdca3b0bebb15d4338,preserve relative path; portable copies must not replace immutable identities
exp/egorecover_g_pretraining/v1/T0/seed64/selection.json,file,github_experiment_metadata,136278,github:sxh-kk/EgoRecover,review_text_and_provenance,standard,exp/egorecover_g_pretraining/v1/T0/seed64/selection.json,4f7d59758d12a90a0361d5067e7d6f0a3f4cce0d0efcb08e140f82926185e508,preserve relative path; portable copies must not replace immutable identities
exp/egorecover_g_pretraining/v1/T0/seed64/test/minimal_report.json,file,github_experiment_metadata,198,github:sxh-kk/EgoRecover,review_text_and_provenance,standard,exp/egorecover_g_pretraining/v1/T0/seed64/test/minimal_report.json,eb668c49d2e42f287bed3ac35d0f8c71f6680d46e10fdcb9ba69281a7d961b20,preserve relative path; portable copies must not replace immutable identities
exp/egorecover_g_pretraining/v1/T1/seed62/identity.json,file,github_experiment_metadata,1779,github:sxh-kk/EgoRecover,review_text_and_provenance,standard,exp/egorecover_g_pretraining/v1/T1/seed62/identity.json,fd82a3ddd82d4bbb60636098d390ef8fa54542f9a26c18614fd2b7b8685744f1,preserve relative path; portable copies must not replace immutable identities
exp/egorecover_g_pretraining/v1/T1/seed62/progress.json,file,github_experiment_metadata,303,github:sxh-kk/EgoRecover,review_text_and_provenance,standard,exp/egorecover_g_pretraining/v1/T1/seed62/progress.json,abd3fcafa7ddd168f5065534ec4792c38efbe04ae8183a877d6a7ef2f9a349c4,preserve relative path; portable copies must not replace immutable identities
exp/egorecover_g_pretraining/v1/T1/seed62/report.json,file,github_experiment_metadata,2214,github:sxh-kk/EgoRecover,review_text_and_provenance,standard,exp/egorecover_g_pretraining/v1/T1/seed62/report.json,79398db9c95ce19043b25a00480f99581f2d95e32061b12a7ecfa9e47c34f06f,preserve relative path; portable copies must not replace immutable identities
exp/egorecover_g_pretraining/v1/T1/seed62/selection.json,file,github_experiment_metadata,136310,github:sxh-kk/EgoRecover,review_text_and_provenance,standard,exp/egorecover_g_pretraining/v1/T1/seed62/selection.json,6f1134063b37b9689742a7a5a8c8c713d706b011329bd592e44946d25e1169f2,preserve relative path; portable copies must not replace immutable identities
exp/egorecover_g_pretraining/v1/T1/seed62/test/minimal_report.json,file,github_experiment_metadata,198,github:sxh-kk/EgoRecover,review_text_and_provenance,standard,exp/egorecover_g_pretraining/v1/T1/seed62/test/minimal_report.json,7815199b0771155db27a74a85a0cdb6a492c564efb307b925e859115657909d6,preserve relative path; portable copies must not replace immutable identities
exp/egorecover_g_pretraining/v1/T1/seed63/identity.json,file,github_experiment_metadata,1779,github:sxh-kk/EgoRecover,review_text_and_provenance,standard,exp/egorecover_g_pretraining/v1/T1/seed63/identity.json,088a59a6c001b4fb12a2a4bea4da8328bf12553694b41542bb88ee70e3656efb,preserve relative path; portable copies must not replace immutable identities
exp/egorecover_g_pretraining/v1/T1/seed63/progress.json,file,github_experiment_metadata,301,github:sxh-kk/EgoRecover,review_text_and_provenance,standard,exp/egorecover_g_pretraining/v1/T1/seed63/progress.json,e4ec6492bbe4951ac6e60505dc6e693333eb3534faf7ed7f0891380ef4affe01,preserve relative path; portable copies must not replace immutable identities
exp/egorecover_g_pretraining/v1/T1/seed63/report.json,file,github_experiment_metadata,2213,github:sxh-kk/EgoRecover,review_text_and_provenance,standard,exp/egorecover_g_pretraining/v1/T1/seed63/report.json,807c326558265cf38e032daedf45471ebab3314f9136b8ce242a999333f7a42b,preserve relative path; portable copies must not replace immutable identities
exp/egorecover_g_pretraining/v1/T1/seed63/selection.json,file,github_experiment_metadata,136273,github:sxh-kk/EgoRecover,review_text_and_provenance,standard,exp/egorecover_g_pretraining/v1/T1/seed63/selection.json,5a3d44db09a28f342278b0c764740ae33b5fc031b74650d8e246a8acf554f062,preserve relative path; portable copies must not replace immutable identities
exp/egorecover_g_pretraining/v1/T1/seed63/test/minimal_report.json,file,github_experiment_metadata,200,github:sxh-kk/EgoRecover,review_text_and_provenance,standard,exp/egorecover_g_pretraining/v1/T1/seed63/test/minimal_report.json,839ce6c156e47643ab5ec396cc3b08889e95537b3f3b86b377244e4d9a9167d9,preserve relative path; portable copies must not replace immutable identities
exp/egorecover_g_pretraining/v1/T1/seed64/identity.json,file,github_experiment_metadata,1779,github:sxh-kk/EgoRecover,review_text_and_provenance,standard,exp/egorecover_g_pretraining/v1/T1/seed64/identity.json,9989884e76f9f39289d3c99f4c4b4f1af4a9b595a43ca0ecf6932ee9302d1dd6,preserve relative path; portable copies must not replace immutable identities
exp/egorecover_g_pretraining/v1/T1/seed64/progress.json,file,github_experiment_metadata,302,github:sxh-kk/EgoRecover,review_text_and_provenance,standard,exp/egorecover_g_pretraining/v1/T1/seed64/progress.json,af8b88b608ad434fd3386f68dd2960286710215d99d13c66eb1b7a649a0a00c3,preserve relative path; portable copies must not replace immutable identities
exp/egorecover_g_pretraining/v1/T1/seed64/report.json,file,github_experiment_metadata,2214,github:sxh-kk/EgoRecover,review_text_and_provenance,standard,exp/egorecover_g_pretraining/v1/T1/seed64/report.json,44302809640c9f236be5f00763d65697ecab93bd0c75c0c3b303558b8cb1a24e,preserve relative path; portable copies must not replace immutable identities
exp/egorecover_g_pretraining/v1/T1/seed64/selection.json,file,github_experiment_metadata,136288,github:sxh-kk/EgoRecover,review_text_and_provenance,standard,exp/egorecover_g_pretraining/v1/T1/seed64/selection.json,76fba64be754ceae9d062ae0d823e795a445fc5a2e8d010ecb7bd8c99cbdd3d4,preserve relative path; portable copies must not replace immutable identities
exp/egorecover_g_pretraining/v1/T1/seed64/test/minimal_report.json,file,github_experiment_metadata,199,github:sxh-kk/EgoRecover,review_text_and_provenance,standard,exp/egorecover_g_pretraining/v1/T1/seed64/test/minimal_report.json,995a66b81f6040106f363905e5a7b9ce5ccf97e58db9e92f3bb555550f4bb9cb,preserve relative path; portable copies must not replace immutable identities
exp/egorecover_g_pretraining/v1/T2/seed62/identity.json,file,github_experiment_metadata,1779,github:sxh-kk/EgoRecover,review_text_and_provenance,standard,exp/egorecover_g_pretraining/v1/T2/seed62/identity.json,147f9f283ddc9c6da05e7d17946f6d943ea84c71aaab85906e7525302f9149d8,preserve relative path; portable copies must not replace immutable identities
exp/egorecover_g_pretraining/v1/T2/seed62/progress.json,file,github_experiment_metadata,306,github:sxh-kk/EgoRecover,review_text_and_provenance,standard,exp/egorecover_g_pretraining/v1/T2/seed62/progress.json,5227ce067abf27465a5f346a9183b11bed478ddbcf219db370930750d1e3ae16,preserve relative path; portable copies must not replace immutable identities
exp/egorecover_g_pretraining/v1/T2/seed62/report.json,file,github_experiment_metadata,2214,github:sxh-kk/EgoRecover,review_text_and_provenance,standard,exp/egorecover_g_pretraining/v1/T2/seed62/report.json,191f63dd6142e6daf80f8f215781adb94ed87e850328fcce0d98fbdb6f5cecd1,preserve relative path; portable copies must not replace immutable identities
exp/egorecover_g_pretraining/v1/T2/seed62/selection.json,file,github_experiment_metadata,136171,github:sxh-kk/EgoRecover,review_text_and_provenance,standard,exp/egorecover_g_pretraining/v1/T2/seed62/selection.json,c8ad1d0bbc12ed17d5817652eb369c6fb348b6935cb2c0b2f7b95f39238a9f86,preserve relative path; portable copies must not replace immutable identities
exp/egorecover_g_pretraining/v1/T2/seed62/test/minimal_report.json,file,github_experiment_metadata,200,github:sxh-kk/EgoRecover,review_text_and_provenance,standard,exp/egorecover_g_pretraining/v1/T2/seed62/test/minimal_report.json,e8cfafc56d1cac50905c3bc99c38c388213d0778d2256daca63275ac71b99579,preserve relative path; portable copies must not replace immutable identities
exp/egorecover_g_pretraining/v1/T2/seed63/identity.json,file,github_experiment_metadata,1779,github:sxh-kk/EgoRecover,review_text_and_provenance,standard,exp/egorecover_g_pretraining/v1/T2/seed63/identity.json,51b2a9dc58935151e6a6afa693798a6799ff9561002f25296557f4c34b1f7812,preserve relative path; portable copies must not replace immutable identities
exp/egorecover_g_pretraining/v1/T2/seed63/progress.json,file,github_experiment_metadata,303,github:sxh-kk/EgoRecover,review_text_and_provenance,standard,exp/egorecover_g_pretraining/v1/T2/seed63/progress.json,30f617af13f3a1e458caa8360d5097a61dc5fe6c335ee7e08d8bc480beec0d3d,preserve relative path; portable copies must not replace immutable identities
exp/egorecover_g_pretraining/v1/T2/seed63/report.json,file,github_experiment_metadata,2214,github:sxh-kk/EgoRecover,review_text_and_provenance,standard,exp/egorecover_g_pretraining/v1/T2/seed63/report.json,bdeab7dd584ed375919ed1e4ceb70f5eaeabefdadcec93d967612eb728fb3b3b,preserve relative path; portable copies must not replace immutable identities
exp/egorecover_g_pretraining/v1/T2/seed63/selection.json,file,github_experiment_metadata,136287,github:sxh-kk/EgoRecover,review_text_and_provenance,standard,exp/egorecover_g_pretraining/v1/T2/seed63/selection.json,065196d0b8a19f153800f7a44aa5c879a444a91b2147ed478b85430707b8954d,preserve relative path; portable copies must not replace immutable identities
exp/egorecover_g_pretraining/v1/T2/seed63/test/minimal_report.json,file,github_experiment_metadata,200,github:sxh-kk/EgoRecover,review_text_and_provenance,standard,exp/egorecover_g_pretraining/v1/T2/seed63/test/minimal_report.json,4f4b1876e405bf91572d31a4a214b3857cf7a3171b009da5b477c381c5f48723,preserve relative path; portable copies must not replace immutable identities
exp/egorecover_g_pretraining/v1/T2/seed64/identity.json,file,github_experiment_metadata,1779,github:sxh-kk/EgoRecover,review_text_and_provenance,standard,exp/egorecover_g_pretraining/v1/T2/seed64/identity.json,6111db8e6889991142424afff9609ed41d4434da7a5c9a2970fefdf2a2b381a0,preserve relative path; portable copies must not replace immutable identities
exp/egorecover_g_pretraining/v1/T2/seed64/progress.json,file,github_experiment_metadata,306,github:sxh-kk/EgoRecover,review_text_and_provenance,standard,exp/egorecover_g_pretraining/v1/T2/seed64/progress.json,049d6cd8845f68059c18c46b08ee448f86f624cb3a523b4a4c4149b738b98d28,preserve relative path; portable copies must not replace immutable identities
exp/egorecover_g_pretraining/v1/T2/seed64/report.json,file,github_experiment_metadata,2214,github:sxh-kk/EgoRecover,review_text_and_provenance,standard,exp/egorecover_g_pretraining/v1/T2/seed64/report.json,5379d8c6aa2c15086ebabf86cb980de82d190b8239aeeebe7b063171b5092e42,preserve relative path; portable copies must not replace immutable identities
exp/egorecover_g_pretraining/v1/T2/seed64/selection.json,file,github_experiment_metadata,136270,github:sxh-kk/EgoRecover,review_text_and_provenance,standard,exp/egorecover_g_pretraining/v1/T2/seed64/selection.json,c1b1068a14763fc667f4d0afe4e1db127b35ea258b14fdc9eca6641f1da97d27,preserve relative path; portable copies must not replace immutable identities
exp/egorecover_g_pretraining/v1/T2/seed64/test/minimal_report.json,file,github_experiment_metadata,199,github:sxh-kk/EgoRecover,review_text_and_provenance,standard,exp/egorecover_g_pretraining/v1/T2/seed64/test/minimal_report.json,b5c326b40c74720545686a138083079a3b43bc81a998d3e3dea549f5b6fab45d,preserve relative path; portable copies must not replace immutable identities
exp/egorecover_g_pretraining/v1/T3/seed62/identity.json,file,github_experiment_metadata,1779,github:sxh-kk/EgoRecover,review_text_and_provenance,standard,exp/egorecover_g_pretraining/v1/T3/seed62/identity.json,0f4b500325d915eddfe699407bf3ae9a3657bfb057b98b3882328003bd92374b,preserve relative path; portable copies must not replace immutable identities
exp/egorecover_g_pretraining/v1/T3/seed62/progress.json,file,github_experiment_metadata,306,github:sxh-kk/EgoRecover,review_text_and_provenance,standard,exp/egorecover_g_pretraining/v1/T3/seed62/progress.json,924d501249c7fa6416bb05d0d89849a9139f027e207897681bbc10bfac62e1db,preserve relative path; portable copies must not replace immutable identities
exp/egorecover_g_pretraining/v1/T3/seed62/report.json,file,github_experiment_metadata,2214,github:sxh-kk/EgoRecover,review_text_and_provenance,standard,exp/egorecover_g_pretraining/v1/T3/seed62/report.json,d0ad819c265054af6863f5786ee6d9fd44c21c3a14cec5d2d050c4ae32ccb658,preserve relative path; portable copies must not replace immutable identities
exp/egorecover_g_pretraining/v1/T3/seed62/selection.json,file,github_experiment_metadata,136239,github:sxh-kk/EgoRecover,review_text_and_provenance,standard,exp/egorecover_g_pretraining/v1/T3/seed62/selection.json,b2d3a1daf71ed360a4de1c62dc6e5d915e3d43787e0a9b3759ccdad7c91331eb,preserve relative path; portable copies must not replace immutable identities
exp/egorecover_g_pretraining/v1/T3/seed62/test/minimal_report.json,file,github_experiment_metadata,200,github:sxh-kk/EgoRecover,review_text_and_provenance,standard,exp/egorecover_g_pretraining/v1/T3/seed62/test/minimal_report.json,a1d1f991e5ce6a3dd20713ed23307e5c66c1402251dd0e2944f674c0263fb1c7,preserve relative path; portable copies must not replace immutable identities
exp/egorecover_g_pretraining/v1/T3/seed63/identity.json,file,github_experiment_metadata,1779,github:sxh-kk/EgoRecover,review_text_and_provenance,standard,exp/egorecover_g_pretraining/v1/T3/seed63/identity.json,9d1a6238b528a3e784cf8a64e66e06ee9128ccb7d77585c93bd41a417bd09d7d,preserve relative path; portable copies must not replace immutable identities
exp/egorecover_g_pretraining/v1/T3/seed63/progress.json,file,github_experiment_metadata,307,github:sxh-kk/EgoRecover,review_text_and_provenance,standard,exp/egorecover_g_pretraining/v1/T3/seed63/progress.json,a9b49256a3a12c77b511e156022f1f363a0b663fb686c4912a6d67bbc5b7f3a2,preserve relative path; portable copies must not replace immutable identities
exp/egorecover_g_pretraining/v1/T3/seed63/report.json,file,github_experiment_metadata,2212,github:sxh-kk/EgoRecover,review_text_and_provenance,standard,exp/egorecover_g_pretraining/v1/T3/seed63/report.json,c2dca27461e0ad07c43dc074cb277882dc8134184b8fb6e7d2f4b4c5e257c0d3,preserve relative path; portable copies must not replace immutable identities
exp/egorecover_g_pretraining/v1/T3/seed63/selection.json,file,github_experiment_metadata,136333,github:sxh-kk/EgoRecover,review_text_and_provenance,standard,exp/egorecover_g_pretraining/v1/T3/seed63/selection.json,22173bd69352391ce20cb3a3679baff5c11da654d5f4bb46b1bb9a20db37679e,preserve relative path; portable copies must not replace immutable identities
exp/egorecover_g_pretraining/v1/T3/seed63/test/minimal_report.json,file,github_experiment_metadata,200,github:sxh-kk/EgoRecover,review_text_and_provenance,standard,exp/egorecover_g_pretraining/v1/T3/seed63/test/minimal_report.json,4bd87552fbd08d5220172454e3549f3962878d56a325a4adb06dbf6c3b72b376,preserve relative path; portable copies must not replace immutable identities
exp/egorecover_g_pretraining/v1/T3/seed64/identity.json,file,github_experiment_metadata,1779,github:sxh-kk/EgoRecover,review_text_and_provenance,standard,exp/egorecover_g_pretraining/v1/T3/seed64/identity.json,8ab1e0723d71e33e2b025ade309989ce3bf0731ff72fc551d081aaf5220ccc16,preserve relative path; portable copies must not replace immutable identities
exp/egorecover_g_pretraining/v1/T3/seed64/progress.json,file,github_experiment_metadata,307,github:sxh-kk/EgoRecover,review_text_and_provenance,standard,exp/egorecover_g_pretraining/v1/T3/seed64/progress.json,a40aae32f57bb84e15db10731f292d3f79bb7a284559566e9202d33aa0686c88,preserve relative path; portable copies must not replace immutable identities
exp/egorecover_g_pretraining/v1/T3/seed64/report.json,file,github_experiment_metadata,2214,github:sxh-kk/EgoRecover,review_text_and_provenance,standard,exp/egorecover_g_pretraining/v1/T3/seed64/report.json,3e7d0312263f283464fb0b4dd83ace57ed2440441a3cfd83e035f796f844b4e6,preserve relative path; portable copies must not replace immutable identities
exp/egorecover_g_pretraining/v1/T3/seed64/selection.json,file,github_experiment_metadata,136232,github:sxh-kk/EgoRecover,review_text_and_provenance,standard,exp/egorecover_g_pretraining/v1/T3/seed64/selection.json,cde3076876a0ea35a154bedfb81ee66ea2ba67c8162e21ee58ad4c7e2017f6a8,preserve relative path; portable copies must not replace immutable identities
exp/egorecover_g_pretraining/v1/T3/seed64/test/minimal_report.json,file,github_experiment_metadata,200,github:sxh-kk/EgoRecover,review_text_and_provenance,standard,exp/egorecover_g_pretraining/v1/T3/seed64/test/minimal_report.json,109b1d34da89def4657a69e2828ef24375110c322e90babae3a1b24bdadcf87f,preserve relative path; portable copies must not replace immutable identities
exp/egorecover_g_pretraining/v1/analysis/20260930-0124-progress.json,file,github_experiment_metadata,4286,github:sxh-kk/EgoRecover,review_text_and_provenance,standard,exp/egorecover_g_pretraining/v1/analysis/20260930-0124-progress.json,51f54d8035e22bc751e75d130621f6f737ccdca3038987033f92d1366b08b868,preserve relative path; portable copies must not replace immutable identities
exp/egorecover_g_pretraining/v1/analysis/20260930-1008-dev-summary.json,file,github_experiment_metadata,7728,github:sxh-kk/EgoRecover,review_text_and_provenance,standard,exp/egorecover_g_pretraining/v1/analysis/20260930-1008-dev-summary.json,b1e77f9036655b4c02d573576dfe40cc7c67a0bd21219d021323dca25749809c,preserve relative path; portable copies must not replace immutable identities
exp/egorecover_g_pretraining/v1/analysis/20260930-1008-dev-summary.md,file,github_experiment_metadata,3006,github:sxh-kk/EgoRecover,review_text_and_provenance,standard,exp/egorecover_g_pretraining/v1/analysis/20260930-1008-dev-summary.md,a6929cd9fbc57f29c95dd7c92cb7fc3a826f3efe63daf721635fa43420e085bd,preserve relative path; portable copies must not replace immutable identities
exp/egorecover_g_pretraining/v1/analysis/minimal-evaluation-conclusions.md,file,github_experiment_metadata,5076,github:sxh-kk/EgoRecover,review_text_and_provenance,standard,exp/egorecover_g_pretraining/v1/analysis/minimal-evaluation-conclusions.md,94e8137745b5473fec5cd4eaa09cae87be17eeceb81bd639bf053edf036931b7,preserve relative path; portable copies must not replace immutable identities
exp/egorecover_g_pretraining/v1/code_snapshot/config/egorecover_g_pretraining_v1.json,file,github_experiment_metadata,742,github:sxh-kk/EgoRecover,review_text_and_provenance,standard,exp/egorecover_g_pretraining/v1/code_snapshot/config/egorecover_g_pretraining_v1.json,8f98fb0d602cf1e299717c2e2d53ecebfba1f723640ef6ffd1c32a3e58f169c5,preserve relative path; portable copies must not replace immutable identities
exp/egorecover_g_pretraining/v1/code_snapshot/egorecover/annotations.py,file,github_experiment_metadata,2806,github:sxh-kk/EgoRecover,review_text_and_provenance,standard,exp/egorecover_g_pretraining/v1/code_snapshot/egorecover/annotations.py,e36e552b7aab6ba65ac02387c19b60f36c6deeb3343a688ba1f01e802667ffa5,preserve relative path; portable copies must not replace immutable identities
exp/egorecover_g_pretraining/v1/code_snapshot/egorecover/codec.py,file,github_experiment_metadata,10103,github:sxh-kk/EgoRecover,review_text_and_provenance,standard,exp/egorecover_g_pretraining/v1/code_snapshot/egorecover/codec.py,109517b8ac9d3288d8bafb6d44b6b98632cefebaa4139d80d62f4f0a25d05443,preserve relative path; portable copies must not replace immutable identities
exp/egorecover_g_pretraining/v1/code_snapshot/egorecover/conditioning.py,file,github_experiment_metadata,5335,github:sxh-kk/EgoRecover,review_text_and_provenance,standard,exp/egorecover_g_pretraining/v1/code_snapshot/egorecover/conditioning.py,e325258cd60f62a8c3bb05cfe9f9ef437c24b2cf3b21357f6b3992beeb7d9432,preserve relative path; portable copies must not replace immutable identities
exp/egorecover_g_pretraining/v1/code_snapshot/egorecover/e7_ablation.py,file,github_experiment_metadata,5909,github:sxh-kk/EgoRecover,review_text_and_provenance,standard,exp/egorecover_g_pretraining/v1/code_snapshot/egorecover/e7_ablation.py,78e806aa7258e3125bcfb04043954fa09d7bafb1a07f239d75a451858b08b6e5,preserve relative path; portable copies must not replace immutable identities
exp/egorecover_g_pretraining/v1/code_snapshot/egorecover/fk.py,file,github_experiment_metadata,4713,github:sxh-kk/EgoRecover,review_text_and_provenance,standard,exp/egorecover_g_pretraining/v1/code_snapshot/egorecover/fk.py,37e10adb2c07db8baaf4ccf9fce60429c35d059d943d6b06f33a668adf58521b,preserve relative path; portable copies must not replace immutable identities
exp/egorecover_g_pretraining/v1/code_snapshot/egorecover/g_pretraining.py,file,github_experiment_metadata,7116,github:sxh-kk/EgoRecover,review_text_and_provenance,standard,exp/egorecover_g_pretraining/v1/code_snapshot/egorecover/g_pretraining.py,353c56c253390e14bda823e894585431e1b2387306064ff0205a065ad937d23a,preserve relative path; portable copies must not replace immutable identities
exp/egorecover_g_pretraining/v1/code_snapshot/egorecover/history_flow.py,file,github_experiment_metadata,3884,github:sxh-kk/EgoRecover,review_text_and_provenance,standard,exp/egorecover_g_pretraining/v1/code_snapshot/egorecover/history_flow.py,9b9cc6d62c55b0f569fbe14bfd5449d82ddf83d7cdd89af745f6c5acb00ee86f,preserve relative path; portable copies must not replace immutable identities
exp/egorecover_g_pretraining/v1/code_snapshot/egorecover/losses.py,file,github_experiment_metadata,4088,github:sxh-kk/EgoRecover,review_text_and_provenance,standard,exp/egorecover_g_pretraining/v1/code_snapshot/egorecover/losses.py,047adb771c123306ac8f5974877c55c03c21d29c12c68215627a44b44c0e8ab3,preserve relative path; portable copies must not replace immutable identities
exp/egorecover_g_pretraining/v1/code_snapshot/egorecover/prior.py,file,github_experiment_metadata,2266,github:sxh-kk/EgoRecover,review_text_and_provenance,standard,exp/egorecover_g_pretraining/v1/code_snapshot/egorecover/prior.py,00918a4c1477207fb773af8b9cab1ae1466b90e47fe4c17da6c99ddb5e55eae7,preserve relative path; portable copies must not replace immutable identities
exp/egorecover_g_pretraining/v1/code_snapshot/egorecover/prior_cv_residual.py,file,github_experiment_metadata,5927,github:sxh-kk/EgoRecover,review_text_and_provenance,standard,exp/egorecover_g_pretraining/v1/code_snapshot/egorecover/prior_cv_residual.py,242e62713c216f4545fa9a45776d261a320a2c1060c22c3bff0badfdd12a25b1,preserve relative path; portable copies must not replace immutable identities
exp/egorecover_g_pretraining/v1/code_snapshot/egorecover/prior_two_forward.py,file,github_experiment_metadata,11381,github:sxh-kk/EgoRecover,review_text_and_provenance,standard,exp/egorecover_g_pretraining/v1/code_snapshot/egorecover/prior_two_forward.py,9b77f022049f45ce5ac429b6611bd77a04e4f104674a1a11c71ff816ff086e0b,preserve relative path; portable copies must not replace immutable identities
exp/egorecover_g_pretraining/v1/code_snapshot/model/history_uniegomotion.py,file,github_experiment_metadata,5454,github:sxh-kk/EgoRecover,review_text_and_provenance,standard,exp/egorecover_g_pretraining/v1/code_snapshot/model/history_uniegomotion.py,4fe5c530e8e255b1d9982ddcd509e2e2a87566cae9160dede3546a1d707b0189,preserve relative path; portable copies must not replace immutable identities
exp/egorecover_g_pretraining/v1/code_snapshot/model/uniegomotion.py,file,github_experiment_metadata,8289,github:sxh-kk/EgoRecover,review_text_and_provenance,standard,exp/egorecover_g_pretraining/v1/code_snapshot/model/uniegomotion.py,a2bf0fcb08ea401335711440d76cc9d18e267d54970a24884b2b2f1dc4f30f5c,preserve relative path; portable copies must not replace immutable identities
exp/egorecover_g_pretraining/v1/code_snapshot/mydiffusion/flow_matching.py,file,github_experiment_metadata,11660,github:sxh-kk/EgoRecover,review_text_and_provenance,standard,exp/egorecover_g_pretraining/v1/code_snapshot/mydiffusion/flow_matching.py,18bcf9b45ccf4cb2c7b50a943b1704c4400ff0c38a0ae9aa7d2f05aca6ad4009,preserve relative path; portable copies must not replace immutable identities
exp/egorecover_g_pretraining/v1/code_snapshot/run/g_pretraining_data.py,file,github_experiment_metadata,14035,github:sxh-kk/EgoRecover,review_text_and_provenance,standard,exp/egorecover_g_pretraining/v1/code_snapshot/run/g_pretraining_data.py,25e6b39ea0713299a3102e32beb4210022cd310ecc416fa09314b523ee485212,preserve relative path; portable copies must not replace immutable identities
exp/egorecover_g_pretraining/v1/code_snapshot/run/g_pretraining_experiment.py,file,github_experiment_metadata,12531,github:sxh-kk/EgoRecover,review_text_and_provenance,standard,exp/egorecover_g_pretraining/v1/code_snapshot/run/g_pretraining_experiment.py,a070c5ea568a9cc9b89a28f4e27f6383b4e613c1ea3ccf0f2205b16c904b3190,preserve relative path; portable copies must not replace immutable identities
exp/egorecover_g_pretraining/v1/code_snapshot/run/train_g_pretraining.py,file,github_experiment_metadata,22592,github:sxh-kk/EgoRecover,review_text_and_provenance,standard,exp/egorecover_g_pretraining/v1/code_snapshot/run/train_g_pretraining.py,9ff095d5a61ae44be16624366e8c7d46fff312ba7ce5b38712fa8e63e120e8c9,preserve relative path; portable copies must not replace immutable identities
exp/egorecover_g_pretraining/v1/data/dev_monitor.json,file,hf_cache_review,546,github:sxh-kk/EgoRecover,review_metadata,standard,exp/egorecover_g_pretraining/v1/data/dev_monitor.json,,split/cache provenance metadata; review for embedded observations
exp/egorecover_g_pretraining/v1/data/manifest.json,file,hf_cache_review,1914880,github:sxh-kk/EgoRecover,review_metadata,standard,exp/egorecover_g_pretraining/v1/data/manifest.json,,split/cache provenance metadata; review for embedded observations
exp/egorecover_g_pretraining/v1/data/report.json,file,hf_cache_review,39,github:sxh-kk/EgoRecover,review_metadata,standard,exp/egorecover_g_pretraining/v1/data/report.json,,split/cache provenance metadata; review for embedded observations
exp/egorecover_g_pretraining/v1/data/split.json,file,hf_cache_review,64019,github:sxh-kk/EgoRecover,review_metadata,standard,exp/egorecover_g_pretraining/v1/data/split.json,,split/cache provenance metadata; review for embedded observations
exp/egorecover_g_pretraining/v1/evaluation/e7_baseline.json,file,github_experiment_metadata,144242,github:sxh-kk/EgoRecover,review_text_and_provenance,standard,exp/egorecover_g_pretraining/v1/evaluation/e7_baseline.json,ee34f81e3510cb20a6a267e75cbbd26b8d12605ea920705a9cd4b17f859d08ad,preserve relative path; portable copies must not replace immutable identities
exp/egorecover_g_pretraining/v1/evaluation/minimal_plan.json,file,github_experiment_metadata,1434,github:sxh-kk/EgoRecover,review_text_and_provenance,standard,exp/egorecover_g_pretraining/v1/evaluation/minimal_plan.json,934e45620d801b49ab73037498aa6c63a057c9129e5924458fb71b1439900949,preserve relative path; portable copies must not replace immutable identities
exp/egorecover_g_pretraining/v1/evaluation/queue.before_minimal.json,file,github_experiment_metadata,492,github:sxh-kk/EgoRecover,review_text_and_provenance,standard,exp/egorecover_g_pretraining/v1/evaluation/queue.before_minimal.json,d76f9bc4431087b61fe1a0ccfe83f4b021bee86ebe2a0ffcf37d30f6a89813e4,preserve relative path; portable copies must not replace immutable identities
exp/egorecover_g_pretraining/v1/minimal_summary.json,file,github_experiment_metadata,1827540,github:sxh-kk/EgoRecover,review_text_and_provenance,standard,exp/egorecover_g_pretraining/v1/minimal_summary.json,8a7cd608b0b44a1c0cfeb8333ece21bb6c70e6a6671f4a2319fd98f774793a9b,preserve relative path; portable copies must not replace immutable identities
exp/egorecover_g_pretraining/v1/plan.json,file,github_experiment_metadata,833,github:sxh-kk/EgoRecover,review_text_and_provenance,standard,exp/egorecover_g_pretraining/v1/plan.json,bc66d41bad148e3faee9378ac0f51b45372129b7ab9468d7119d78b6a15e7505,preserve relative path; portable copies must not replace immutable identities
exp/egorecover_g_pretraining/v1/prior/progress.json,file,github_experiment_metadata,84,github:sxh-kk/EgoRecover,review_text_and_provenance,standard,exp/egorecover_g_pretraining/v1/prior/progress.json,cc3b2ea8bf618e60d5da51e302dc918147a2e88b5251fa373687ef3377935f51,preserve relative path; portable copies must not replace immutable identities
exp/egorecover_g_pretraining/v1/prior/report.json,file,github_experiment_metadata,400,github:sxh-kk/EgoRecover,review_text_and_provenance,standard,exp/egorecover_g_pretraining/v1/prior/report.json,3e46b4ae3fd965944a2f172d539f3924611cf3d58086c7bf1646d6db32f6c9dd,preserve relative path; portable copies must not replace immutable identities
exp/egorecover_g_pretraining/v1/prior/selection.json,file,github_experiment_metadata,6610,github:sxh-kk/EgoRecover,review_text_and_provenance,standard,exp/egorecover_g_pretraining/v1/prior/selection.json,c5d8727cfcf5574e7bddbd1ba4056c2a3d9838551418722da0f3e128f8c40d7e,preserve relative path; portable copies must not replace immutable identities
exp/egorecover_g_pretraining/v1/queue.json,file,github_experiment_metadata,194,github:sxh-kk/EgoRecover,review_text_and_provenance,standard,exp/egorecover_g_pretraining/v1/queue.json,f99e79eb7b8f0dc83c7264a61b0d92ee1d89e89faa5320ed6dea49b24136a629,preserve relative path; portable copies must not replace immutable identities
exp/egorecover_g_pretraining/v1/verification/T0_smoke/identity.json,file,github_experiment_metadata,1779,github:sxh-kk/EgoRecover,review_text_and_provenance,standard,exp/egorecover_g_pretraining/v1/verification/T0_smoke/identity.json,42e96c3eef3f211a5ac12c942c849d5606ebb1f9692361b00d41fef1622f46a4,preserve relative path; portable copies must not replace immutable identities
exp/egorecover_g_pretraining/v1/verification/T0_smoke/progress.json,file,github_experiment_metadata,289,github:sxh-kk/EgoRecover,review_text_and_provenance,standard,exp/egorecover_g_pretraining/v1/verification/T0_smoke/progress.json,7a48ca3e4558a0db166872ee2779d54cd0a53af2a0ddf6743c070f162061d78f,preserve relative path; portable copies must not replace immutable identities
exp/egorecover_g_pretraining/v1/verification/T0_smoke/report.json,file,github_experiment_metadata,2205,github:sxh-kk/EgoRecover,review_text_and_provenance,standard,exp/egorecover_g_pretraining/v1/verification/T0_smoke/report.json,f2688893e33036eb34149f6933767d363a560862e07ca2cc88b93b8f0facfb84,preserve relative path; portable copies must not replace immutable identities
exp/egorecover_g_pretraining/v1/verification/T0_smoke/selection.json,file,github_experiment_metadata,2059,github:sxh-kk/EgoRecover,review_text_and_provenance,standard,exp/egorecover_g_pretraining/v1/verification/T0_smoke/selection.json,916bac6f0aa2a355627a061e3c103f2be8a2b3771797f3806af46af8b7448516,preserve relative path; portable copies must not replace immutable identities
exp/egorecover_g_pretraining/v1/verification/T0_smoke_attempt1/identity.json,file,github_experiment_metadata,1779,github:sxh-kk/EgoRecover,review_text_and_provenance,standard,exp/egorecover_g_pretraining/v1/verification/T0_smoke_attempt1/identity.json,341e135bf7d7293e08fac13920bd2e7b77c0de6f6d1dd336d682fb0bafbd650f,preserve relative path; portable copies must not replace immutable identities
exp/egorecover_g_pretraining/v1/verification/T0_smoke_attempt1/progress.json,file,github_experiment_metadata,289,github:sxh-kk/EgoRecover,review_text_and_provenance,standard,exp/egorecover_g_pretraining/v1/verification/T0_smoke_attempt1/progress.json,9c0c8796fef1fb1e4dbf8300d96d5ad2f50a4f44f68b4a890aa8f96c7d339f69,preserve relative path; portable copies must not replace immutable identities
exp/egorecover_g_pretraining/v1/verification/T1_smoke/identity.json,file,github_experiment_metadata,1779,github:sxh-kk/EgoRecover,review_text_and_provenance,standard,exp/egorecover_g_pretraining/v1/verification/T1_smoke/identity.json,9149d7a09e18ea545bdd240ad389fea06ffd3bb530435889ce9a1be93c27b458,preserve relative path; portable copies must not replace immutable identities
exp/egorecover_g_pretraining/v1/verification/T1_smoke/progress.json,file,github_experiment_metadata,287,github:sxh-kk/EgoRecover,review_text_and_provenance,standard,exp/egorecover_g_pretraining/v1/verification/T1_smoke/progress.json,820aac8e9d785e9d5ac855df282718689789965e096da3a8269f36986686f3ca,preserve relative path; portable copies must not replace immutable identities
exp/egorecover_g_pretraining/v1/verification/T1_smoke/report.json,file,github_experiment_metadata,2204,github:sxh-kk/EgoRecover,review_text_and_provenance,standard,exp/egorecover_g_pretraining/v1/verification/T1_smoke/report.json,8131fcafcd97f2dec4176d794047dc5867d56fe575d8a1fd683bc7b35fd37efb,preserve relative path; portable copies must not replace immutable identities
exp/egorecover_g_pretraining/v1/verification/T1_smoke/selection.json,file,github_experiment_metadata,2042,github:sxh-kk/EgoRecover,review_text_and_provenance,standard,exp/egorecover_g_pretraining/v1/verification/T1_smoke/selection.json,5c4ec23273a6a1d4b9c6845c991af057d5b397c33719446a220f94014bb87e58,preserve relative path; portable copies must not replace immutable identities
exp/egorecover_g_pretraining/v1/verification/T1_smoke_attempt1/identity.json,file,github_experiment_metadata,1779,github:sxh-kk/EgoRecover,review_text_and_provenance,standard,exp/egorecover_g_pretraining/v1/verification/T1_smoke_attempt1/identity.json,b8bc56d92d43af3992a3857ae3e7a27290780ac908b8f794cc23fdc086cb4f9a,preserve relative path; portable copies must not replace immutable identities
exp/egorecover_g_pretraining/v1/verification/T1_smoke_attempt1/progress.json,file,github_experiment_metadata,288,github:sxh-kk/EgoRecover,review_text_and_provenance,standard,exp/egorecover_g_pretraining/v1/verification/T1_smoke_attempt1/progress.json,6faf6bce0b8c7661f02218a26f9b4d7d8b75de3362ab9b492158312c216cde56,preserve relative path; portable copies must not replace immutable identities
exp/egorecover_g_pretraining/v1/verification/T2_smoke/identity.json,file,github_experiment_metadata,1779,github:sxh-kk/EgoRecover,review_text_and_provenance,standard,exp/egorecover_g_pretraining/v1/verification/T2_smoke/identity.json,37c80de33fcfc77b95401607e1fd77ba4883c61c8b825ab8a47bc4e0040f1b65,preserve relative path; portable copies must not replace immutable identities
exp/egorecover_g_pretraining/v1/verification/T2_smoke/progress.json,file,github_experiment_metadata,293,github:sxh-kk/EgoRecover,review_text_and_provenance,standard,exp/egorecover_g_pretraining/v1/verification/T2_smoke/progress.json,3728f3acb42c186b589f644be9dde69bd647bf5909571df06e04aee2e4d5e711,preserve relative path; portable copies must not replace immutable identities
exp/egorecover_g_pretraining/v1/verification/T2_smoke/report.json,file,github_experiment_metadata,2205,github:sxh-kk/EgoRecover,review_text_and_provenance,standard,exp/egorecover_g_pretraining/v1/verification/T2_smoke/report.json,9db4ce775c21dc0f6ad406f2b3a2e447c853cf1e3fe7a824f59d3c87af3f3541,preserve relative path; portable copies must not replace immutable identities
exp/egorecover_g_pretraining/v1/verification/T2_smoke/selection.json,file,github_experiment_metadata,2053,github:sxh-kk/EgoRecover,review_text_and_provenance,standard,exp/egorecover_g_pretraining/v1/verification/T2_smoke/selection.json,a1b59e951bc23f51173393b27daacdc7502bc533f3dc8607a5f30f4a6342dc08,preserve relative path; portable copies must not replace immutable identities
exp/egorecover_g_pretraining/v1/verification/T2_smoke_attempt1/identity.json,file,github_experiment_metadata,1779,github:sxh-kk/EgoRecover,review_text_and_provenance,standard,exp/egorecover_g_pretraining/v1/verification/T2_smoke_attempt1/identity.json,21033fad33ab19f612b33bce1dce7977091b3d3c28718971e1faec4fb32edf57,preserve relative path; portable copies must not replace immutable identities
exp/egorecover_g_pretraining/v1/verification/T2_smoke_attempt1/progress.json,file,github_experiment_metadata,292,github:sxh-kk/EgoRecover,review_text_and_provenance,standard,exp/egorecover_g_pretraining/v1/verification/T2_smoke_attempt1/progress.json,a860b976981c9c6ba42dcce31239c74294160e54850667a0cb543320760fce77,preserve relative path; portable copies must not replace immutable identities
exp/egorecover_g_pretraining/v1/verification/T3_smoke/identity.json,file,github_experiment_metadata,1779,github:sxh-kk/EgoRecover,review_text_and_provenance,standard,exp/egorecover_g_pretraining/v1/verification/T3_smoke/identity.json,c3542d257ff5990438d44d84032fcf95b2074d044f74efdfdd0a1ca702445ca3,preserve relative path; portable copies must not replace immutable identities
exp/egorecover_g_pretraining/v1/verification/T3_smoke/progress.json,file,github_experiment_metadata,293,github:sxh-kk/EgoRecover,review_text_and_provenance,standard,exp/egorecover_g_pretraining/v1/verification/T3_smoke/progress.json,48dc9c4ad005c0812a4a0e0fc8cb2a08b5983afea0618b5fcaf443ecb3e249aa,preserve relative path; portable copies must not replace immutable identities
exp/egorecover_g_pretraining/v1/verification/T3_smoke/report.json,file,github_experiment_metadata,2204,github:sxh-kk/EgoRecover,review_text_and_provenance,standard,exp/egorecover_g_pretraining/v1/verification/T3_smoke/report.json,ac38636ade0accc224f5d037bb84b9c1df75e553e8e9d74976ce2f324d1d7a9a,preserve relative path; portable copies must not replace immutable identities
exp/egorecover_g_pretraining/v1/verification/T3_smoke/selection.json,file,github_experiment_metadata,2040,github:sxh-kk/EgoRecover,review_text_and_provenance,standard,exp/egorecover_g_pretraining/v1/verification/T3_smoke/selection.json,2b9c595e682d4f7bd6fc209b2be1a4a924b37bfcf27ea4a8ded8fd85742c4b87,preserve relative path; portable copies must not replace immutable identities
exp/egorecover_g_pretraining/v1/verification/T3_smoke_attempt1/identity.json,file,github_experiment_metadata,1779,github:sxh-kk/EgoRecover,review_text_and_provenance,standard,exp/egorecover_g_pretraining/v1/verification/T3_smoke_attempt1/identity.json,cde7bc823d3548aad6214b45829bf146cf61e5f529d51b9cc8656c62822af027,preserve relative path; portable copies must not replace immutable identities
exp/egorecover_g_pretraining/v1/verification/T3_smoke_attempt1/progress.json,file,github_experiment_metadata,293,github:sxh-kk/EgoRecover,review_text_and_provenance,standard,exp/egorecover_g_pretraining/v1/verification/T3_smoke_attempt1/progress.json,d577f920ec183e362bf49a1c44a1f3ef85c53edf1566e3b813c8d278f5cda199,preserve relative path; portable copies must not replace immutable identities
exp/egorecover_g_pretraining/v1/verification/smoke.json,file,github_experiment_metadata,2660,github:sxh-kk/EgoRecover,review_text_and_provenance,standard,exp/egorecover_g_pretraining/v1/verification/smoke.json,b70a64b7ba3bff7dff40d67b0c94b736cf1cf3f581448e4e5f78c3de0a97fbc1,preserve relative path; portable copies must not replace immutable identities
exp/egorecover_g_pretraining/v1/verification/smoke_processes.json,file,github_experiment_metadata,247,github:sxh-kk/EgoRecover,review_text_and_provenance,standard,exp/egorecover_g_pretraining/v1/verification/smoke_processes.json,62017b7f15285c6615b01af6d7aad815e8bb30c466a0b70c29938e96f9925173,preserve relative path; portable copies must not replace immutable identities
exp/egorecover_loss_ablation/g00_g11_v1/PLAN.md,file,github_experiment_metadata,1993,github:sxh-kk/EgoRecover,review_text_and_provenance,standard,exp/egorecover_loss_ablation/g00_g11_v1/PLAN.md,693ab0b1e554de31ed8fee221152d55cf1951fd3a3d88aed5e9952ef53ff4497,preserve relative path; portable copies must not replace immutable identities
exp/egorecover_loss_ablation/g00_g11_v1/eval/g0f0_gaussian/progress.json,file,github_experiment_metadata,77965,github:sxh-kk/EgoRecover,review_text_and_provenance,standard,exp/egorecover_loss_ablation/g00_g11_v1/eval/g0f0_gaussian/progress.json,157991598f80652992efbca1a371cf7bf3b183c086db10041966e60854389efa,preserve relative path; portable copies must not replace immutable identities
exp/egorecover_loss_ablation/g00_g11_v1/eval/g0f0_gaussian/report.json,file,github_experiment_metadata,1131,github:sxh-kk/EgoRecover,review_text_and_provenance,standard,exp/egorecover_loss_ablation/g00_g11_v1/eval/g0f0_gaussian/report.json,e5d700b60f7a3f82be92e471c7c0f586f166cf47b89e5983d899271696152f47,preserve relative path; portable copies must not replace immutable identities
exp/egorecover_loss_ablation/g00_g11_v1/eval/g0f0_history/progress.json,file,github_experiment_metadata,78035,github:sxh-kk/EgoRecover,review_text_and_provenance,standard,exp/egorecover_loss_ablation/g00_g11_v1/eval/g0f0_history/progress.json,47aedbf4807d6cf6fe51620bc9fb1d75ff6fbc8677f14be11c58c1bc950ac3b7,preserve relative path; portable copies must not replace immutable identities
exp/egorecover_loss_ablation/g00_g11_v1/eval/g0f0_history/report.json,file,github_experiment_metadata,1128,github:sxh-kk/EgoRecover,review_text_and_provenance,standard,exp/egorecover_loss_ablation/g00_g11_v1/eval/g0f0_history/report.json,ff63bf0dcb1365887fa195d5044ce6304a06a295d1c2b3ece385cf953b094652,preserve relative path; portable copies must not replace immutable identities
exp/egorecover_loss_ablation/g00_g11_v1/eval/g1f1_gaussian/progress.json,file,github_experiment_metadata,77965,github:sxh-kk/EgoRecover,review_text_and_provenance,standard,exp/egorecover_loss_ablation/g00_g11_v1/eval/g1f1_gaussian/progress.json,b3fc6b795c7e7200754b7d6835b39602bee0ed80e35537c3b0cf0c2bdde0a656,preserve relative path; portable copies must not replace immutable identities
exp/egorecover_loss_ablation/g00_g11_v1/eval/g1f1_gaussian/report.json,file,github_experiment_metadata,1131,github:sxh-kk/EgoRecover,review_text_and_provenance,standard,exp/egorecover_loss_ablation/g00_g11_v1/eval/g1f1_gaussian/report.json,9086eec44a182f787116a0ff07c34dc0838ae7a93f81d1b74902d814b549b46d,preserve relative path; portable copies must not replace immutable identities
exp/egorecover_loss_ablation/g00_g11_v1/eval/g1f1_history/progress.json,file,github_experiment_metadata,77888,github:sxh-kk/EgoRecover,review_text_and_provenance,standard,exp/egorecover_loss_ablation/g00_g11_v1/eval/g1f1_history/progress.json,6aa43ab804e962295da790a2e52638915ae438fabea1f66cfd8a0cdadc4f2c51,preserve relative path; portable copies must not replace immutable identities
exp/egorecover_loss_ablation/g00_g11_v1/eval/g1f1_history/report.json,file,github_experiment_metadata,1128,github:sxh-kk/EgoRecover,review_text_and_provenance,standard,exp/egorecover_loss_ablation/g00_g11_v1/eval/g1f1_history/report.json,43d547dfb533c2b79b57a31e8eaa1470014cf9a56b5fc06e5bb50f91d02d8a2e,preserve relative path; portable copies must not replace immutable identities
exp/egorecover_loss_ablation/g00_g11_v1/experiment.json,file,github_experiment_metadata,2794,github:sxh-kk/EgoRecover,review_text_and_provenance,standard,exp/egorecover_loss_ablation/g00_g11_v1/experiment.json,58547aa49e6fb1f403d1986e0b18ec23a6ecd621c79350571b30a386f551a310,preserve relative path; portable copies must not replace immutable identities
exp/egorecover_loss_ablation/g00_g11_v1/jobs/eval_g0f0_gaussian.1.json,file,github_experiment_metadata,677,github:sxh-kk/EgoRecover,review_text_and_provenance,standard,exp/egorecover_loss_ablation/g00_g11_v1/jobs/eval_g0f0_gaussian.1.json,5cc9996db498a13584c4acf15e4e9b486d47ad15d3d480bc6175876c157e5288,preserve relative path; portable copies must not replace immutable identities
exp/egorecover_loss_ablation/g00_g11_v1/jobs/eval_g0f0_gaussian.1.status.json,file,github_experiment_metadata,841,github:sxh-kk/EgoRecover,review_text_and_provenance,standard,exp/egorecover_loss_ablation/g00_g11_v1/jobs/eval_g0f0_gaussian.1.status.json,f938cddf81413c1bfad3cdbd9768bbdb14c9c5e56554dacdcc9c5bb1148cc308,preserve relative path; portable copies must not replace immutable identities
exp/egorecover_loss_ablation/g00_g11_v1/jobs/eval_g0f0_history.1.json,file,github_experiment_metadata,673,github:sxh-kk/EgoRecover,review_text_and_provenance,standard,exp/egorecover_loss_ablation/g00_g11_v1/jobs/eval_g0f0_history.1.json,c7d9855bc9b7c4f20f4d8c23391c8d93d0f1a03f7fed6c5f3d8c58afa1328cc6,preserve relative path; portable copies must not replace immutable identities
exp/egorecover_loss_ablation/g00_g11_v1/jobs/eval_g0f0_history.1.status.json,file,github_experiment_metadata,835,github:sxh-kk/EgoRecover,review_text_and_provenance,standard,exp/egorecover_loss_ablation/g00_g11_v1/jobs/eval_g0f0_history.1.status.json,66872c550939946ddc437e97f7940ff9e373d81f3a507b6681a73fee63d3c2ee,preserve relative path; portable copies must not replace immutable identities
exp/egorecover_loss_ablation/g00_g11_v1/jobs/eval_g0f0_history.2.json,file,github_experiment_metadata,673,github:sxh-kk/EgoRecover,review_text_and_provenance,standard,exp/egorecover_loss_ablation/g00_g11_v1/jobs/eval_g0f0_history.2.json,c7d9855bc9b7c4f20f4d8c23391c8d93d0f1a03f7fed6c5f3d8c58afa1328cc6,preserve relative path; portable copies must not replace immutable identities
exp/egorecover_loss_ablation/g00_g11_v1/jobs/eval_g0f0_history.2.status.json,file,github_experiment_metadata,837,github:sxh-kk/EgoRecover,review_text_and_provenance,standard,exp/egorecover_loss_ablation/g00_g11_v1/jobs/eval_g0f0_history.2.status.json,b0fbbb9fab0b13aca4c95adbd849b6feedeb8a282e1d62ae8c8171122aea028e,preserve relative path; portable copies must not replace immutable identities
exp/egorecover_loss_ablation/g00_g11_v1/jobs/eval_g1f1_gaussian.1.json,file,github_experiment_metadata,677,github:sxh-kk/EgoRecover,review_text_and_provenance,standard,exp/egorecover_loss_ablation/g00_g11_v1/jobs/eval_g1f1_gaussian.1.json,a6f9a404b61be5ebaaaced459da10b7cde8e6abb8f68e44d5fe1cd5a93e21b95,preserve relative path; portable copies must not replace immutable identities
exp/egorecover_loss_ablation/g00_g11_v1/jobs/eval_g1f1_gaussian.1.status.json,file,github_experiment_metadata,841,github:sxh-kk/EgoRecover,review_text_and_provenance,standard,exp/egorecover_loss_ablation/g00_g11_v1/jobs/eval_g1f1_gaussian.1.status.json,fbff39ef8aa171b9bb5b543d5cbe91628908248ae1d7a11087b6150a1e6b0d9d,preserve relative path; portable copies must not replace immutable identities
exp/egorecover_loss_ablation/g00_g11_v1/jobs/eval_g1f1_history.1.json,file,github_experiment_metadata,673,github:sxh-kk/EgoRecover,review_text_and_provenance,standard,exp/egorecover_loss_ablation/g00_g11_v1/jobs/eval_g1f1_history.1.json,fed5ffe0fa34a588a1c33ad95a447e22e046eff17e0d8f47eae4db3d9774d343,preserve relative path; portable copies must not replace immutable identities
exp/egorecover_loss_ablation/g00_g11_v1/jobs/eval_g1f1_history.1.status.json,file,github_experiment_metadata,837,github:sxh-kk/EgoRecover,review_text_and_provenance,standard,exp/egorecover_loss_ablation/g00_g11_v1/jobs/eval_g1f1_history.1.status.json,8555252330d8b1d788f5aa53e9a8b5a288e1b94af90aa9e249214d62fb1fcbb3,preserve relative path; portable copies must not replace immutable identities
exp/egorecover_loss_ablation/g00_g11_v1/jobs/train_g0f0_gaussian.1.json,file,github_experiment_metadata,1070,github:sxh-kk/EgoRecover,review_text_and_provenance,standard,exp/egorecover_loss_ablation/g00_g11_v1/jobs/train_g0f0_gaussian.1.json,048decb0568899b1b3c6dfb46977d3c141fb7205e60409a1785841ea12fa5759,preserve relative path; portable copies must not replace immutable identities
exp/egorecover_loss_ablation/g00_g11_v1/jobs/train_g0f0_gaussian.1.status.json,file,github_experiment_metadata,1232,github:sxh-kk/EgoRecover,review_text_and_provenance,standard,exp/egorecover_loss_ablation/g00_g11_v1/jobs/train_g0f0_gaussian.1.status.json,8e5c0f30babf58b2f466ab72de23393f018917004e184a2865c715080b37eae9,preserve relative path; portable copies must not replace immutable identities
exp/egorecover_loss_ablation/g00_g11_v1/jobs/train_g0f0_history.1.json,file,github_experiment_metadata,1068,github:sxh-kk/EgoRecover,review_text_and_provenance,standard,exp/egorecover_loss_ablation/g00_g11_v1/jobs/train_g0f0_history.1.json,66ebaa8b34bfa9bc66828b5df12df4e16450b582e4784bb473bbfc8b41d12411,preserve relative path; portable copies must not replace immutable identities
exp/egorecover_loss_ablation/g00_g11_v1/jobs/train_g0f0_history.1.status.json,file,github_experiment_metadata,1230,github:sxh-kk/EgoRecover,review_text_and_provenance,standard,exp/egorecover_loss_ablation/g00_g11_v1/jobs/train_g0f0_history.1.status.json,7d53e4e5a863ff2af9d5a80feeaa94c6e548619a065b6e3787d17a20bcf1b277,preserve relative path; portable copies must not replace immutable identities
exp/egorecover_loss_ablation/g00_g11_v1/jobs/train_g1f1_gaussian.1.json,file,github_experiment_metadata,1070,github:sxh-kk/EgoRecover,review_text_and_provenance,standard,exp/egorecover_loss_ablation/g00_g11_v1/jobs/train_g1f1_gaussian.1.json,1852ca33a38a8ce5289d0c1e84d87ead7e4dd05ff55ffb5264d9737f11c0059c,preserve relative path; portable copies must not replace immutable identities
exp/egorecover_loss_ablation/g00_g11_v1/jobs/train_g1f1_gaussian.1.status.json,file,github_experiment_metadata,1232,github:sxh-kk/EgoRecover,review_text_and_provenance,standard,exp/egorecover_loss_ablation/g00_g11_v1/jobs/train_g1f1_gaussian.1.status.json,3551b0745cd2013313620df5daacf5ea34128b6b8ea8ba971c591711a095c3dd,preserve relative path; portable copies must not replace immutable identities
exp/egorecover_loss_ablation/g00_g11_v1/jobs/train_g1f1_history.1.json,file,github_experiment_metadata,1068,github:sxh-kk/EgoRecover,review_text_and_provenance,standard,exp/egorecover_loss_ablation/g00_g11_v1/jobs/train_g1f1_history.1.json,bc4b5af8b64203dd80e9b118168f71e33e2515efe88d1bdf5c38153a0b6bed7b,preserve relative path; portable copies must not replace immutable identities
exp/egorecover_loss_ablation/g00_g11_v1/jobs/train_g1f1_history.1.status.json,file,github_experiment_metadata,1230,github:sxh-kk/EgoRecover,review_text_and_provenance,standard,exp/egorecover_loss_ablation/g00_g11_v1/jobs/train_g1f1_history.1.status.json,66a7d643bef58ebcffea356f3f0ac67f31618b9d3f745e01b7f7a27a63109921,preserve relative path; portable copies must not replace immutable identities
exp/egorecover_loss_ablation/g00_g11_v1/launch.json,file,github_experiment_metadata,249,github:sxh-kk/EgoRecover,review_text_and_provenance,standard,exp/egorecover_loss_ablation/g00_g11_v1/launch.json,38f18fa2edd8ca6376585e3ab4c979dbf1c52e21bdc5c45bff49279faaad6775,preserve relative path; portable copies must not replace immutable identities
exp/egorecover_loss_ablation/g00_g11_v1/queue.before_eval_repair_20260929.json,file,github_experiment_metadata,12707,github:sxh-kk/EgoRecover,review_text_and_provenance,standard,exp/egorecover_loss_ablation/g00_g11_v1/queue.before_eval_repair_20260929.json,f3420a571c09df8033cd094f45fb8370687d1799f6c09a80ab62d1613e0e09b5,preserve relative path; portable copies must not replace immutable identities
exp/egorecover_loss_ablation/g00_g11_v1/queue.before_user_stop_20260929.json,file,github_experiment_metadata,13405,github:sxh-kk/EgoRecover,review_text_and_provenance,standard,exp/egorecover_loss_ablation/g00_g11_v1/queue.before_user_stop_20260929.json,2db62f0a36da2099febd05e4bb0311547257340384d3258ca2e0b0db23acb455,preserve relative path; portable copies must not replace immutable identities
exp/egorecover_loss_ablation/g00_g11_v1/queue.json,file,github_experiment_metadata,14203,github:sxh-kk/EgoRecover,review_text_and_provenance,standard,exp/egorecover_loss_ablation/g00_g11_v1/queue.json,dfc7402524a3a8383d8ba48c46f7c138f345c22ffd227f5558f6747f3a1b58dc,preserve relative path; portable copies must not replace immutable identities
exp/egorecover_loss_ablation/g00_g11_v1/startup_verified.json,file,github_experiment_metadata,1117,github:sxh-kk/EgoRecover,review_text_and_provenance,standard,exp/egorecover_loss_ablation/g00_g11_v1/startup_verified.json,1b740ab1f182215e2173ecb3fd9a404111556ee4e32f02f7a56dd6e5dd997a6d,preserve relative path; portable copies must not replace immutable identities
exp/egorecover_loss_ablation/g00_g11_v1/train/g0f0_gaussian/report.json,file,github_experiment_metadata,81709,github:sxh-kk/EgoRecover,review_text_and_provenance,standard,exp/egorecover_loss_ablation/g00_g11_v1/train/g0f0_gaussian/report.json,ade80cde58287b7e38cefa2a8359980210d9ffc4e6eae438a87d85426866d4b1,preserve relative path; portable copies must not replace immutable identities
exp/egorecover_loss_ablation/g00_g11_v1/train/g0f0_history/report.json,file,github_experiment_metadata,81776,github:sxh-kk/EgoRecover,review_text_and_provenance,standard,exp/egorecover_loss_ablation/g00_g11_v1/train/g0f0_history/report.json,bcc10fefcc9dee04e66ef91f26ec2088b9915544aea2b2285a437565b09a0231,preserve relative path; portable copies must not replace immutable identities
exp/egorecover_loss_ablation/g00_g11_v1/train/g1f1_gaussian/report.json,file,github_experiment_metadata,85280,github:sxh-kk/EgoRecover,review_text_and_provenance,standard,exp/egorecover_loss_ablation/g00_g11_v1/train/g1f1_gaussian/report.json,ffd810506f8f4f50a2ea6df2e36ed362e0b62cce985fd87e13d82b4767249833,preserve relative path; portable copies must not replace immutable identities
exp/egorecover_loss_ablation/g00_g11_v1/train/g1f1_history/report.json,file,github_experiment_metadata,85334,github:sxh-kk/EgoRecover,review_text_and_provenance,standard,exp/egorecover_loss_ablation/g00_g11_v1/train/g1f1_history/report.json,a38957ff8125099fe61c8560059d662f1d5956e8fa392741768f963cc1a52303,preserve relative path; portable copies must not replace immutable identities
exp/egorecover_observation_reference/v1/R0/seed62/identity.json,file,github_experiment_metadata,1671,github:sxh-kk/EgoRecover,review_text_and_provenance,standard,exp/egorecover_observation_reference/v1/R0/seed62/identity.json,d48c7fc329db7c3d033812d0ce9e5cfafa9106f17a08520cb3ba2abc5d81a81b,preserve relative path; portable copies must not replace immutable identities
exp/egorecover_observation_reference/v1/R0/seed62/progress.json,file,github_experiment_metadata,290,github:sxh-kk/EgoRecover,review_text_and_provenance,standard,exp/egorecover_observation_reference/v1/R0/seed62/progress.json,1cb1412d164348e65a70a7623af333642deec9f8b21951e97dccbe31e3da56c1,preserve relative path; portable copies must not replace immutable identities
exp/egorecover_observation_reference/v1/R1/seed62/identity.json,file,github_experiment_metadata,1671,github:sxh-kk/EgoRecover,review_text_and_provenance,standard,exp/egorecover_observation_reference/v1/R1/seed62/identity.json,d76892be2e92bc7a78f448243f1848cc327f926faeddd1ae31a57f5ecf5785ca,preserve relative path; portable copies must not replace immutable identities
exp/egorecover_observation_reference/v1/R1/seed62/progress.json,file,github_experiment_metadata,294,github:sxh-kk/EgoRecover,review_text_and_provenance,standard,exp/egorecover_observation_reference/v1/R1/seed62/progress.json,cfca0a8c280791d39214fe17b8d081bc31297ee3212b36738fd5d2803162c876,preserve relative path; portable copies must not replace immutable identities
exp/egorecover_observation_reference/v1/R2/seed62/identity.json,file,github_experiment_metadata,1671,github:sxh-kk/EgoRecover,review_text_and_provenance,standard,exp/egorecover_observation_reference/v1/R2/seed62/identity.json,b2cc14a8847a2753f01dec1d5cde419043d407e1f5f954578ac6f0d2c740cc78,preserve relative path; portable copies must not replace immutable identities
exp/egorecover_observation_reference/v1/R2/seed62/progress.json,file,github_experiment_metadata,292,github:sxh-kk/EgoRecover,review_text_and_provenance,standard,exp/egorecover_observation_reference/v1/R2/seed62/progress.json,e33c202830928232953d6c079afb0dfff52e38feb642bf4ebeddf32013b341eb,preserve relative path; portable copies must not replace immutable identities
exp/egorecover_observation_reference/v1/R3/seed62/identity.json,file,github_experiment_metadata,1671,github:sxh-kk/EgoRecover,review_text_and_provenance,standard,exp/egorecover_observation_reference/v1/R3/seed62/identity.json,6ef440a939ae21b0c464567024c3a3d682dfa67c5a7f08d9588f7f1215cbc01f,preserve relative path; portable copies must not replace immutable identities
exp/egorecover_observation_reference/v1/R3/seed62/progress.json,file,github_experiment_metadata,296,github:sxh-kk/EgoRecover,review_text_and_provenance,standard,exp/egorecover_observation_reference/v1/R3/seed62/progress.json,0235733c7469db383c0151bc5a60316bfb6e55d55155a7747e56d6ce5e71c94f,preserve relative path; portable copies must not replace immutable identities
exp/egorecover_observation_reference/v1/diagnostic/progress.json,file,github_experiment_metadata,1875,github:sxh-kk/EgoRecover,review_text_and_provenance,standard,exp/egorecover_observation_reference/v1/diagnostic/progress.json,20ee429ce39398925e65e10085e47ae24b7b73d26729ec13ae2ab71f1a4f7680,preserve relative path; portable copies must not replace immutable identities
exp/egorecover_observation_reference/v1/diagnostic/report.json,file,github_experiment_metadata,2148,github:sxh-kk/EgoRecover,review_text_and_provenance,standard,exp/egorecover_observation_reference/v1/diagnostic/report.json,b578e500b493202df4ede68b6b17ea965e63d16399f33d11facf22f3defc378b,preserve relative path; portable copies must not replace immutable identities
exp/egorecover_observation_reference/v1/evaluation/e7_baseline.json,file,github_experiment_metadata,144242,github:sxh-kk/EgoRecover,review_text_and_provenance,standard,exp/egorecover_observation_reference/v1/evaluation/e7_baseline.json,ee34f81e3510cb20a6a267e75cbbd26b8d12605ea920705a9cd4b17f859d08ad,preserve relative path; portable copies must not replace immutable identities
exp/egorecover_observation_reference/v1/identity.json,file,github_experiment_metadata,1769,github:sxh-kk/EgoRecover,review_text_and_provenance,standard,exp/egorecover_observation_reference/v1/identity.json,aec97a8e3ec8f18d47dbcb2fcb1f17e31eb6a7408c5f1c7b427eac28ea302c9c,preserve relative path; portable copies must not replace immutable identities
exp/egorecover_observation_reference/v1/plan.json,file,github_experiment_metadata,998,github:sxh-kk/EgoRecover,review_text_and_provenance,standard,exp/egorecover_observation_reference/v1/plan.json,275b98c4d9ddbb3c83c05574cfb1680308b80e68c9982541de9bc5a0789ac435,preserve relative path; portable copies must not replace immutable identities
exp/egorecover_observation_reference/v1/queue.json,file,github_experiment_metadata,160,github:sxh-kk/EgoRecover,review_text_and_provenance,standard,exp/egorecover_observation_reference/v1/queue.json,aa9f8ff8004547332db80b3856d4ab7e488474ad064aae152d8d65f80ac25310,preserve relative path; portable copies must not replace immutable identities
exp/egorecover_observation_reference/v1/source/config/egorecover_g_pretraining_v1.json,file,hf_source_snapshots,742,github:sxh-kk/EgoRecover,review_text_and_provenance,standard,exp/egorecover_observation_reference/v1/source/config/egorecover_g_pretraining_v1.json,,preserve relative path; portable copies must not replace immutable identities
exp/egorecover_observation_reference/v1/source/egorecover/annotations.py,file,hf_source_snapshots,2806,github:sxh-kk/EgoRecover,review_text_and_provenance,standard,exp/egorecover_observation_reference/v1/source/egorecover/annotations.py,,preserve relative path; portable copies must not replace immutable identities
exp/egorecover_observation_reference/v1/source/egorecover/codec.py,file,hf_source_snapshots,10103,github:sxh-kk/EgoRecover,review_text_and_provenance,standard,exp/egorecover_observation_reference/v1/source/egorecover/codec.py,,preserve relative path; portable copies must not replace immutable identities
exp/egorecover_observation_reference/v1/source/egorecover/conditioning.py,file,hf_source_snapshots,5335,github:sxh-kk/EgoRecover,review_text_and_provenance,standard,exp/egorecover_observation_reference/v1/source/egorecover/conditioning.py,,preserve relative path; portable copies must not replace immutable identities
exp/egorecover_observation_reference/v1/source/egorecover/e7_ablation.py,file,hf_source_snapshots,5909,github:sxh-kk/EgoRecover,review_text_and_provenance,standard,exp/egorecover_observation_reference/v1/source/egorecover/e7_ablation.py,,preserve relative path; portable copies must not replace immutable identities
exp/egorecover_observation_reference/v1/source/egorecover/fk.py,file,hf_source_snapshots,4713,github:sxh-kk/EgoRecover,review_text_and_provenance,standard,exp/egorecover_observation_reference/v1/source/egorecover/fk.py,,preserve relative path; portable copies must not replace immutable identities
exp/egorecover_observation_reference/v1/source/egorecover/g_pretraining.py,file,hf_source_snapshots,7116,github:sxh-kk/EgoRecover,review_text_and_provenance,standard,exp/egorecover_observation_reference/v1/source/egorecover/g_pretraining.py,,preserve relative path; portable copies must not replace immutable identities
exp/egorecover_observation_reference/v1/source/egorecover/history_flow.py,file,hf_source_snapshots,3884,github:sxh-kk/EgoRecover,review_text_and_provenance,standard,exp/egorecover_observation_reference/v1/source/egorecover/history_flow.py,,preserve relative path; portable copies must not replace immutable identities
exp/egorecover_observation_reference/v1/source/egorecover/losses.py,file,hf_source_snapshots,4088,github:sxh-kk/EgoRecover,review_text_and_provenance,standard,exp/egorecover_observation_reference/v1/source/egorecover/losses.py,,preserve relative path; portable copies must not replace immutable identities
exp/egorecover_observation_reference/v1/source/egorecover/observation_reference.py,file,hf_source_snapshots,6446,github:sxh-kk/EgoRecover,review_text_and_provenance,standard,exp/egorecover_observation_reference/v1/source/egorecover/observation_reference.py,,preserve relative path; portable copies must not replace immutable identities
exp/egorecover_observation_reference/v1/source/egorecover/prior.py,file,hf_source_snapshots,2266,github:sxh-kk/EgoRecover,review_text_and_provenance,standard,exp/egorecover_observation_reference/v1/source/egorecover/prior.py,,preserve relative path; portable copies must not replace immutable identities
exp/egorecover_observation_reference/v1/source/egorecover/prior_cv_residual.py,file,hf_source_snapshots,5927,github:sxh-kk/EgoRecover,review_text_and_provenance,standard,exp/egorecover_observation_reference/v1/source/egorecover/prior_cv_residual.py,,preserve relative path; portable copies must not replace immutable identities
exp/egorecover_observation_reference/v1/source/egorecover/prior_two_forward.py,file,hf_source_snapshots,11381,github:sxh-kk/EgoRecover,review_text_and_provenance,standard,exp/egorecover_observation_reference/v1/source/egorecover/prior_two_forward.py,,preserve relative path; portable copies must not replace immutable identities
exp/egorecover_observation_reference/v1/source/model/history_uniegomotion.py,file,hf_source_snapshots,5454,github:sxh-kk/EgoRecover,review_text_and_provenance,standard,exp/egorecover_observation_reference/v1/source/model/history_uniegomotion.py,,preserve relative path; portable copies must not replace immutable identities
exp/egorecover_observation_reference/v1/source/model/observation_reference_g.py,file,hf_source_snapshots,2947,github:sxh-kk/EgoRecover,review_text_and_provenance,standard,exp/egorecover_observation_reference/v1/source/model/observation_reference_g.py,,preserve relative path; portable copies must not replace immutable identities
exp/egorecover_observation_reference/v1/source/model/uniegomotion.py,file,hf_source_snapshots,8289,github:sxh-kk/EgoRecover,review_text_and_provenance,standard,exp/egorecover_observation_reference/v1/source/model/uniegomotion.py,,preserve relative path; portable copies must not replace immutable identities
exp/egorecover_observation_reference/v1/source/mydiffusion/flow_matching.py,file,hf_source_snapshots,11660,github:sxh-kk/EgoRecover,review_text_and_provenance,standard,exp/egorecover_observation_reference/v1/source/mydiffusion/flow_matching.py,,preserve relative path; portable copies must not replace immutable identities
exp/egorecover_observation_reference/v1/source/run/g_pretraining_data.py,file,hf_source_snapshots,14035,github:sxh-kk/EgoRecover,review_text_and_provenance,standard,exp/egorecover_observation_reference/v1/source/run/g_pretraining_data.py,,preserve relative path; portable copies must not replace immutable identities
exp/egorecover_observation_reference/v1/source/run/g_pretraining_experiment.py,file,hf_source_snapshots,12531,github:sxh-kk/EgoRecover,review_text_and_provenance,standard,exp/egorecover_observation_reference/v1/source/run/g_pretraining_experiment.py,,preserve relative path; portable copies must not replace immutable identities
exp/egorecover_observation_reference/v1/source/run/observation_reference_experiment.py,file,hf_source_snapshots,10988,github:sxh-kk/EgoRecover,review_text_and_provenance,standard,exp/egorecover_observation_reference/v1/source/run/observation_reference_experiment.py,,preserve relative path; portable copies must not replace immutable identities
exp/egorecover_observation_reference/v1/source/run/train_g_pretraining.py,file,hf_source_snapshots,22592,github:sxh-kk/EgoRecover,review_text_and_provenance,standard,exp/egorecover_observation_reference/v1/source/run/train_g_pretraining.py,,preserve relative path; portable copies must not replace immutable identities
exp/egorecover_observation_reference/v1/source/run/train_observation_reference.py,file,hf_source_snapshots,16267,github:sxh-kk/EgoRecover,review_text_and_provenance,standard,exp/egorecover_observation_reference/v1/source/run/train_observation_reference.py,,preserve relative path; portable copies must not replace immutable identities
exp/egorecover_observation_reference/v1/verification/R0_smoke/identity.json,file,github_experiment_metadata,1671,github:sxh-kk/EgoRecover,review_text_and_provenance,standard,exp/egorecover_observation_reference/v1/verification/R0_smoke/identity.json,d48c7fc329db7c3d033812d0ce9e5cfafa9106f17a08520cb3ba2abc5d81a81b,preserve relative path; portable copies must not replace immutable identities
exp/egorecover_observation_reference/v1/verification/R0_smoke/progress.json,file,github_experiment_metadata,294,github:sxh-kk/EgoRecover,review_text_and_provenance,standard,exp/egorecover_observation_reference/v1/verification/R0_smoke/progress.json,d940ad5da95077941bee207c5124ef9d00aa6d83c9e28e32f58b867f052bcff9,preserve relative path; portable copies must not replace immutable identities
exp/egorecover_observation_reference/v1/verification/R0_smoke/report.json,file,github_experiment_metadata,2092,github:sxh-kk/EgoRecover,review_text_and_provenance,standard,exp/egorecover_observation_reference/v1/verification/R0_smoke/report.json,b85071b3b68b5e94a9fb8ca096d9e9d14613cf89f98e819c718de5ad3f27c719,preserve relative path; portable copies must not replace immutable identities
exp/egorecover_observation_reference/v1/verification/R0_smoke/selection.json,file,github_experiment_metadata,1937,github:sxh-kk/EgoRecover,review_text_and_provenance,standard,exp/egorecover_observation_reference/v1/verification/R0_smoke/selection.json,e6f27ae8777b78b9b6017d708efc687f165ce723da27f8d34cc5688083b54633,preserve relative path; portable copies must not replace immutable identities
exp/egorecover_observation_reference/v1/verification/R1_smoke/identity.json,file,github_experiment_metadata,1671,github:sxh-kk/EgoRecover,review_text_and_provenance,standard,exp/egorecover_observation_reference/v1/verification/R1_smoke/identity.json,d76892be2e92bc7a78f448243f1848cc327f926faeddd1ae31a57f5ecf5785ca,preserve relative path; portable copies must not replace immutable identities
exp/egorecover_observation_reference/v1/verification/R1_smoke/progress.json,file,github_experiment_metadata,293,github:sxh-kk/EgoRecover,review_text_and_provenance,standard,exp/egorecover_observation_reference/v1/verification/R1_smoke/progress.json,9502f16c2494ec304fa99fafb76d635bd177e576e674becd6b7e6ce054c26523,preserve relative path; portable copies must not replace immutable identities
exp/egorecover_observation_reference/v1/verification/R1_smoke/report.json,file,github_experiment_metadata,2093,github:sxh-kk/EgoRecover,review_text_and_provenance,standard,exp/egorecover_observation_reference/v1/verification/R1_smoke/report.json,fd15a333aab2d42f77e03fb626fc87540ae846284f121939f834a0210512a562,preserve relative path; portable copies must not replace immutable identities
exp/egorecover_observation_reference/v1/verification/R1_smoke/selection.json,file,github_experiment_metadata,1972,github:sxh-kk/EgoRecover,review_text_and_provenance,standard,exp/egorecover_observation_reference/v1/verification/R1_smoke/selection.json,c9beb0744fbae7ef58c3a1b4d27aa5afbdd29af0236ae6beeb211ae759d2fbb1,preserve relative path; portable copies must not replace immutable identities
exp/egorecover_observation_reference/v1/verification/R2_smoke/identity.json,file,github_experiment_metadata,1671,github:sxh-kk/EgoRecover,review_text_and_provenance,standard,exp/egorecover_observation_reference/v1/verification/R2_smoke/identity.json,b2cc14a8847a2753f01dec1d5cde419043d407e1f5f954578ac6f0d2c740cc78,preserve relative path; portable copies must not replace immutable identities
exp/egorecover_observation_reference/v1/verification/R2_smoke/progress.json,file,github_experiment_metadata,293,github:sxh-kk/EgoRecover,review_text_and_provenance,standard,exp/egorecover_observation_reference/v1/verification/R2_smoke/progress.json,44e4d1d76be74ca9f48d19c510e8366491dfb1e270364f71c382657bf73c87b9,preserve relative path; portable copies must not replace immutable identities
exp/egorecover_observation_reference/v1/verification/R2_smoke/report.json,file,github_experiment_metadata,2090,github:sxh-kk/EgoRecover,review_text_and_provenance,standard,exp/egorecover_observation_reference/v1/verification/R2_smoke/report.json,e968dd9b9b5e2dc97644b21ad4e62bc79dc9bb0056f395cfb6c7f09f5fb49db2,preserve relative path; portable copies must not replace immutable identities
exp/egorecover_observation_reference/v1/verification/R2_smoke/selection.json,file,github_experiment_metadata,1947,github:sxh-kk/EgoRecover,review_text_and_provenance,standard,exp/egorecover_observation_reference/v1/verification/R2_smoke/selection.json,31fb2cf944bc79f3bc23a9e4b96b39c2d4037114de9946076c3eecee37efcb02,preserve relative path; portable copies must not replace immutable identities
exp/egorecover_observation_reference/v1/verification/R3_smoke/identity.json,file,github_experiment_metadata,1671,github:sxh-kk/EgoRecover,review_text_and_provenance,standard,exp/egorecover_observation_reference/v1/verification/R3_smoke/identity.json,6ef440a939ae21b0c464567024c3a3d682dfa67c5a7f08d9588f7f1215cbc01f,preserve relative path; portable copies must not replace immutable identities
exp/egorecover_observation_reference/v1/verification/R3_smoke/progress.json,file,github_experiment_metadata,293,github:sxh-kk/EgoRecover,review_text_and_provenance,standard,exp/egorecover_observation_reference/v1/verification/R3_smoke/progress.json,d2562a6658933804a171ecde694c7e819ba7b719cc80a143a16d11ffd34a999a,preserve relative path; portable copies must not replace immutable identities
exp/egorecover_observation_reference/v1/verification/R3_smoke/report.json,file,github_experiment_metadata,2090,github:sxh-kk/EgoRecover,review_text_and_provenance,standard,exp/egorecover_observation_reference/v1/verification/R3_smoke/report.json,8da50cf430bbe9f40a399eae22327ec5d5cc3d52ef674136c2183fb372f461b2,preserve relative path; portable copies must not replace immutable identities
exp/egorecover_observation_reference/v1/verification/R3_smoke/selection.json,file,github_experiment_metadata,1933,github:sxh-kk/EgoRecover,review_text_and_provenance,standard,exp/egorecover_observation_reference/v1/verification/R3_smoke/selection.json,0ad332b7973e5f1105b129f83383e67d0fc88c54d4bb3b4e02d82f2c4a7f0c2e,preserve relative path; portable copies must not replace immutable identities
exp/egorecover_observation_reference/v1/verification/report.json,file,github_experiment_metadata,702,github:sxh-kk/EgoRecover,review_text_and_provenance,standard,exp/egorecover_observation_reference/v1/verification/report.json,5d7f8ed01ddb36327e097b568f60a6939026f8fb8c2f34e6376e835c25ae43ec,preserve relative path; portable copies must not replace immutable identities
exp/egorecover_observation_reference/v2/R0/seed62/identity.json,file,github_experiment_metadata,1788,github:sxh-kk/EgoRecover,review_text_and_provenance,standard,exp/egorecover_observation_reference/v2/R0/seed62/identity.json,c3e44355ef8f33b2f8d88cea1953ea0f42f9e2ed6804e6a04430034d97df4a3e,preserve relative path; portable copies must not replace immutable identities
exp/egorecover_observation_reference/v2/R0/seed62/progress.json,file,github_experiment_metadata,305,github:sxh-kk/EgoRecover,review_text_and_provenance,standard,exp/egorecover_observation_reference/v2/R0/seed62/progress.json,fdabac1b9d4dd6fdcf8f137d3758770f07212c13bf13d0f868538baf56d1f9d8,preserve relative path; portable copies must not replace immutable identities
exp/egorecover_observation_reference/v2/R0/seed62/report.json,file,github_experiment_metadata,2227,github:sxh-kk/EgoRecover,review_text_and_provenance,standard,exp/egorecover_observation_reference/v2/R0/seed62/report.json,cb68abfe82902f7dd077fb0f92aaffd6b2482af1eb87df8d8abcdca9939534d0,preserve relative path; portable copies must not replace immutable identities
exp/egorecover_observation_reference/v2/R0/seed62/selection.json,file,github_experiment_metadata,136111,github:sxh-kk/EgoRecover,review_text_and_provenance,standard,exp/egorecover_observation_reference/v2/R0/seed62/selection.json,b5e439c8403af4a505438abeb2ba37654d373d0067bc9ec4ca27591247244bb7,preserve relative path; portable copies must not replace immutable identities
exp/egorecover_observation_reference/v2/R0/seed62/test/report.json,file,github_experiment_metadata,57,github:sxh-kk/EgoRecover,review_text_and_provenance,standard,exp/egorecover_observation_reference/v2/R0/seed62/test/report.json,61dadd2f9555d8412bb77aa7c8dfe98af439a94d17e6417a87cc2d15ef925c8f,preserve relative path; portable copies must not replace immutable identities
exp/egorecover_observation_reference/v2/R0/seed63/identity.json,file,github_experiment_metadata,1788,github:sxh-kk/EgoRecover,review_text_and_provenance,standard,exp/egorecover_observation_reference/v2/R0/seed63/identity.json,257e9a2401596bdf58c1c75bb28b9e2812e6e794128aed871cc8f4422b480a47,preserve relative path; portable copies must not replace immutable identities
exp/egorecover_observation_reference/v2/R0/seed63/progress.json,file,github_experiment_metadata,307,github:sxh-kk/EgoRecover,review_text_and_provenance,standard,exp/egorecover_observation_reference/v2/R0/seed63/progress.json,e16df0ecd8010d0266f014a376986b1e419f15decd904a2609bc2b15ad33e02d,preserve relative path; portable copies must not replace immutable identities
exp/egorecover_observation_reference/v2/R0/seed63/report.json,file,github_experiment_metadata,2227,github:sxh-kk/EgoRecover,review_text_and_provenance,standard,exp/egorecover_observation_reference/v2/R0/seed63/report.json,5a06c56c7b6555f5e3bb10d08af12993dbacd34dc09476d82b39a012cf10d6e5,preserve relative path; portable copies must not replace immutable identities
exp/egorecover_observation_reference/v2/R0/seed63/selection.json,file,github_experiment_metadata,136163,github:sxh-kk/EgoRecover,review_text_and_provenance,standard,exp/egorecover_observation_reference/v2/R0/seed63/selection.json,071d23f466199482e3f98bd7b27966dd782d18d9590e1d3eab9b271cfeee8589,preserve relative path; portable copies must not replace immutable identities
exp/egorecover_observation_reference/v2/R0/seed63/test/report.json,file,github_experiment_metadata,57,github:sxh-kk/EgoRecover,review_text_and_provenance,standard,exp/egorecover_observation_reference/v2/R0/seed63/test/report.json,5abdea29de409e6bb66602f0f872ebe3367710806acd582cee31d1e6434f03f3,preserve relative path; portable copies must not replace immutable identities
exp/egorecover_observation_reference/v2/R0/seed64/identity.json,file,github_experiment_metadata,1788,github:sxh-kk/EgoRecover,review_text_and_provenance,standard,exp/egorecover_observation_reference/v2/R0/seed64/identity.json,569f3e84d49484e7c2f2ec6642578adf8d673bf68f7a6f58e4125cda52888be7,preserve relative path; portable copies must not replace immutable identities
exp/egorecover_observation_reference/v2/R0/seed64/progress.json,file,github_experiment_metadata,306,github:sxh-kk/EgoRecover,review_text_and_provenance,standard,exp/egorecover_observation_reference/v2/R0/seed64/progress.json,7ae630ccd24011e6c9dfb5b182c55973f359b7f6c3df4059aa8d6e247b039c1a,preserve relative path; portable copies must not replace immutable identities
exp/egorecover_observation_reference/v2/R0/seed64/report.json,file,github_experiment_metadata,2227,github:sxh-kk/EgoRecover,review_text_and_provenance,standard,exp/egorecover_observation_reference/v2/R0/seed64/report.json,014fff2b1a322874831724107ff9ab1eb0d3d3669297d43cbb23ec840417da8d,preserve relative path; portable copies must not replace immutable identities
exp/egorecover_observation_reference/v2/R0/seed64/selection.json,file,github_experiment_metadata,136249,github:sxh-kk/EgoRecover,review_text_and_provenance,standard,exp/egorecover_observation_reference/v2/R0/seed64/selection.json,8ebed25d75408ee800286cb43c416ea80f4bcdc3e2b486a8c6d3a27c1dd45b82,preserve relative path; portable copies must not replace immutable identities
exp/egorecover_observation_reference/v2/R0/seed64/test/report.json,file,github_experiment_metadata,56,github:sxh-kk/EgoRecover,review_text_and_provenance,standard,exp/egorecover_observation_reference/v2/R0/seed64/test/report.json,cd7b8204ba99d685be7fda7be18875a55bda85d3e7d921956e9257853d6f6477,preserve relative path; portable copies must not replace immutable identities
exp/egorecover_observation_reference/v2/R1/seed62/identity.json,file,github_experiment_metadata,1788,github:sxh-kk/EgoRecover,review_text_and_provenance,standard,exp/egorecover_observation_reference/v2/R1/seed62/identity.json,704a317bb2bc5b654fbfaba3ef4d59d345bd420a5525e490bb75b3950439416b,preserve relative path; portable copies must not replace immutable identities
exp/egorecover_observation_reference/v2/R1/seed62/progress.json,file,github_experiment_metadata,305,github:sxh-kk/EgoRecover,review_text_and_provenance,standard,exp/egorecover_observation_reference/v2/R1/seed62/progress.json,48fe8f9549a9da39ace2bcf468d618b45e374acda5df1dbf76b634b382aeaad2,preserve relative path; portable copies must not replace immutable identities
exp/egorecover_observation_reference/v2/R1/seed62/report.json,file,github_experiment_metadata,2227,github:sxh-kk/EgoRecover,review_text_and_provenance,standard,exp/egorecover_observation_reference/v2/R1/seed62/report.json,6c70539c4b6b4afa3064d36f6c5a8c1c7bd8adfa04983ca862b0e54cc7315d32,preserve relative path; portable copies must not replace immutable identities
exp/egorecover_observation_reference/v2/R1/seed62/selection.json,file,github_experiment_metadata,136163,github:sxh-kk/EgoRecover,review_text_and_provenance,standard,exp/egorecover_observation_reference/v2/R1/seed62/selection.json,630b406923c651d979cffb87761059bd39be37452b815f8dd8d8bdc5f8ab493d,preserve relative path; portable copies must not replace immutable identities
exp/egorecover_observation_reference/v2/R1/seed62/test/report.json,file,github_experiment_metadata,57,github:sxh-kk/EgoRecover,review_text_and_provenance,standard,exp/egorecover_observation_reference/v2/R1/seed62/test/report.json,250e65e3b1c876ca113a49aba7b9fa47bfade999db68f91c9dd245429909c151,preserve relative path; portable copies must not replace immutable identities
exp/egorecover_observation_reference/v2/R1/seed63/identity.json,file,github_experiment_metadata,1788,github:sxh-kk/EgoRecover,review_text_and_provenance,standard,exp/egorecover_observation_reference/v2/R1/seed63/identity.json,20118092bbbf48c4043cbcf58f9f25db0e06b6f69e7dd8d0fe6b9a1c99ca2289,preserve relative path; portable copies must not replace immutable identities
exp/egorecover_observation_reference/v2/R1/seed63/progress.json,file,github_experiment_metadata,306,github:sxh-kk/EgoRecover,review_text_and_provenance,standard,exp/egorecover_observation_reference/v2/R1/seed63/progress.json,70d7732d1f3a77fd6d79b8fe89065a7e9d7f8bc0bcca399df9e621bd143e1aa7,preserve relative path; portable copies must not replace immutable identities
exp/egorecover_observation_reference/v2/R1/seed63/report.json,file,github_experiment_metadata,2226,github:sxh-kk/EgoRecover,review_text_and_provenance,standard,exp/egorecover_observation_reference/v2/R1/seed63/report.json,bc061ddaab020891dd9c9ced0be34c4a4e1d34bee2b8d1b6715272ca5d45e952,preserve relative path; portable copies must not replace immutable identities
exp/egorecover_observation_reference/v2/R1/seed63/selection.json,file,github_experiment_metadata,136240,github:sxh-kk/EgoRecover,review_text_and_provenance,standard,exp/egorecover_observation_reference/v2/R1/seed63/selection.json,d90dfcd8b0576f0c5f71eb168f1fd392e073e8124d6c2949ca28857c6b25112b,preserve relative path; portable copies must not replace immutable identities
exp/egorecover_observation_reference/v2/R1/seed63/test/report.json,file,github_experiment_metadata,57,github:sxh-kk/EgoRecover,review_text_and_provenance,standard,exp/egorecover_observation_reference/v2/R1/seed63/test/report.json,abf6c18f4e6b9c2826b302cf3630da62962d7c735c67643650f2c3e5f510cff0,preserve relative path; portable copies must not replace immutable identities
exp/egorecover_observation_reference/v2/R1/seed64/identity.json,file,github_experiment_metadata,1788,github:sxh-kk/EgoRecover,review_text_and_provenance,standard,exp/egorecover_observation_reference/v2/R1/seed64/identity.json,ae09f5cd04bb4fbed39fff0e29281f9131ea3888214055e1083e3394d244621a,preserve relative path; portable copies must not replace immutable identities
exp/egorecover_observation_reference/v2/R1/seed64/progress.json,file,github_experiment_metadata,305,github:sxh-kk/EgoRecover,review_text_and_provenance,standard,exp/egorecover_observation_reference/v2/R1/seed64/progress.json,76bafa1f1b487f72f41eee4f715d370dbd793aea31c9121a3338497c1ffce2d1,preserve relative path; portable copies must not replace immutable identities
exp/egorecover_observation_reference/v2/R1/seed64/report.json,file,github_experiment_metadata,2226,github:sxh-kk/EgoRecover,review_text_and_provenance,standard,exp/egorecover_observation_reference/v2/R1/seed64/report.json,d50e51241a3bb718239f45ac60dba8f2edf5edf7ce9ff31caeb6bf5548193a05,preserve relative path; portable copies must not replace immutable identities
exp/egorecover_observation_reference/v2/R1/seed64/selection.json,file,github_experiment_metadata,136261,github:sxh-kk/EgoRecover,review_text_and_provenance,standard,exp/egorecover_observation_reference/v2/R1/seed64/selection.json,586f85c84ec1fa9792694b470c73522674b80491a93547998acbe0e3feb9313c,preserve relative path; portable copies must not replace immutable identities
exp/egorecover_observation_reference/v2/R1/seed64/test/report.json,file,github_experiment_metadata,57,github:sxh-kk/EgoRecover,review_text_and_provenance,standard,exp/egorecover_observation_reference/v2/R1/seed64/test/report.json,927b616bec92f110b629a6827ca621b8e6a410d4c781f245cf2d77a027b7c66f,preserve relative path; portable copies must not replace immutable identities
exp/egorecover_observation_reference/v2/R2/seed62/identity.json,file,github_experiment_metadata,1788,github:sxh-kk/EgoRecover,review_text_and_provenance,standard,exp/egorecover_observation_reference/v2/R2/seed62/identity.json,ee304c2a10bd54439b24c1f2156e03292bd30d292b019c5a628d2f9f31ae2e00,preserve relative path; portable copies must not replace immutable identities
exp/egorecover_observation_reference/v2/R2/seed62/progress.json,file,github_experiment_metadata,304,github:sxh-kk/EgoRecover,review_text_and_provenance,standard,exp/egorecover_observation_reference/v2/R2/seed62/progress.json,907669427afb2980476f1edfd49e7a0cd952d7315abc82a25169c8ea970f2904,preserve relative path; portable copies must not replace immutable identities
exp/egorecover_observation_reference/v2/R2/seed62/report.json,file,github_experiment_metadata,2226,github:sxh-kk/EgoRecover,review_text_and_provenance,standard,exp/egorecover_observation_reference/v2/R2/seed62/report.json,b42c4b435c76ee1c4018bab2f2bf9e15c1d140b3f728f878f0fd274348bc6267,preserve relative path; portable copies must not replace immutable identities
exp/egorecover_observation_reference/v2/R2/seed62/selection.json,file,github_experiment_metadata,136254,github:sxh-kk/EgoRecover,review_text_and_provenance,standard,exp/egorecover_observation_reference/v2/R2/seed62/selection.json,d0d593d2b83855296204ee85c35309c49a76960bd1c58d7adf44b67b48bbbaa4,preserve relative path; portable copies must not replace immutable identities
exp/egorecover_observation_reference/v2/R2/seed62/test/report.json,file,github_experiment_metadata,57,github:sxh-kk/EgoRecover,review_text_and_provenance,standard,exp/egorecover_observation_reference/v2/R2/seed62/test/report.json,8c5d20c2ebb10bc1e580f74671869923b8739ff6ee80df9033ad0c12d10511aa,preserve relative path; portable copies must not replace immutable identities
exp/egorecover_observation_reference/v2/R2/seed63/identity.json,file,github_experiment_metadata,1788,github:sxh-kk/EgoRecover,review_text_and_provenance,standard,exp/egorecover_observation_reference/v2/R2/seed63/identity.json,1eae4413eb06d5c0391c091c68461df8a5c9d092b4e25b98d388567a3f1ad039,preserve relative path; portable copies must not replace immutable identities
exp/egorecover_observation_reference/v2/R2/seed63/progress.json,file,github_experiment_metadata,305,github:sxh-kk/EgoRecover,review_text_and_provenance,standard,exp/egorecover_observation_reference/v2/R2/seed63/progress.json,3dc0638e3c167b09e216c10ee503952c37ae32a26800ee9854a49305de0cadcd,preserve relative path; portable copies must not replace immutable identities
exp/egorecover_observation_reference/v2/R2/seed63/report.json,file,github_experiment_metadata,2227,github:sxh-kk/EgoRecover,review_text_and_provenance,standard,exp/egorecover_observation_reference/v2/R2/seed63/report.json,43ef93788d45118b416f30bc8ae59671f0a8a227800a9fe401d43e2ca0305e33,preserve relative path; portable copies must not replace immutable identities
exp/egorecover_observation_reference/v2/R2/seed63/selection.json,file,github_experiment_metadata,136264,github:sxh-kk/EgoRecover,review_text_and_provenance,standard,exp/egorecover_observation_reference/v2/R2/seed63/selection.json,d78a494510d63db4e1748c38c74e2cc4b1cf587e0139a421c62a61ed171da63b,preserve relative path; portable copies must not replace immutable identities
exp/egorecover_observation_reference/v2/R2/seed63/test/report.json,file,github_experiment_metadata,56,github:sxh-kk/EgoRecover,review_text_and_provenance,standard,exp/egorecover_observation_reference/v2/R2/seed63/test/report.json,6a9eddea3906e06e35c7f5b489b559d7181e4eed613efc8bad8903969831f68f,preserve relative path; portable copies must not replace immutable identities
exp/egorecover_observation_reference/v2/R2/seed64/identity.json,file,github_experiment_metadata,1788,github:sxh-kk/EgoRecover,review_text_and_provenance,standard,exp/egorecover_observation_reference/v2/R2/seed64/identity.json,79fa925fddc51d7e04c050b01b2767ddab76d361cf1180cba5927c6f497f5556,preserve relative path; portable copies must not replace immutable identities
exp/egorecover_observation_reference/v2/R2/seed64/progress.json,file,github_experiment_metadata,307,github:sxh-kk/EgoRecover,review_text_and_provenance,standard,exp/egorecover_observation_reference/v2/R2/seed64/progress.json,aef3546a10dd1a0b627d07b09d2418824c6ba059469c95e1990d96239fdee23c,preserve relative path; portable copies must not replace immutable identities
exp/egorecover_observation_reference/v2/R2/seed64/report.json,file,github_experiment_metadata,2227,github:sxh-kk/EgoRecover,review_text_and_provenance,standard,exp/egorecover_observation_reference/v2/R2/seed64/report.json,4899205a6673626219183e95ee1696bdcec84019959987868b76491c0921d5e5,preserve relative path; portable copies must not replace immutable identities
exp/egorecover_observation_reference/v2/R2/seed64/selection.json,file,github_experiment_metadata,136212,github:sxh-kk/EgoRecover,review_text_and_provenance,standard,exp/egorecover_observation_reference/v2/R2/seed64/selection.json,07466f740c96466f9adba60733f76bd2829bbc5e740daedac97705e830680b28,preserve relative path; portable copies must not replace immutable identities
exp/egorecover_observation_reference/v2/R2/seed64/test/report.json,file,github_experiment_metadata,57,github:sxh-kk/EgoRecover,review_text_and_provenance,standard,exp/egorecover_observation_reference/v2/R2/seed64/test/report.json,8ad63a30449215b4cf7c1e74d21e29c7f808059ffd5f1d1e4a48714bc87044a9,preserve relative path; portable copies must not replace immutable identities
exp/egorecover_observation_reference/v2/R3/seed62/identity.json,file,github_experiment_metadata,1788,github:sxh-kk/EgoRecover,review_text_and_provenance,standard,exp/egorecover_observation_reference/v2/R3/seed62/identity.json,c50b80e4bc931943cabe4f0900635589f2c1b872935faed2931e5b12c77b2ead,preserve relative path; portable copies must not replace immutable identities
exp/egorecover_observation_reference/v2/R3/seed62/progress.json,file,github_experiment_metadata,306,github:sxh-kk/EgoRecover,review_text_and_provenance,standard,exp/egorecover_observation_reference/v2/R3/seed62/progress.json,1aa709fe0c48b6ec6aa1a2f233908c66125e1dd21022a4fd0482b381b743c214,preserve relative path; portable copies must not replace immutable identities
exp/egorecover_observation_reference/v2/R3/seed62/report.json,file,github_experiment_metadata,2225,github:sxh-kk/EgoRecover,review_text_and_provenance,standard,exp/egorecover_observation_reference/v2/R3/seed62/report.json,2c6f33721c15f6dad4c58df0ec50acf9a0efca0d706ca493d74d4d4ad4427fb9,preserve relative path; portable copies must not replace immutable identities
exp/egorecover_observation_reference/v2/R3/seed62/selection.json,file,github_experiment_metadata,136308,github:sxh-kk/EgoRecover,review_text_and_provenance,standard,exp/egorecover_observation_reference/v2/R3/seed62/selection.json,645cd0a466e00715ef9512f3c96bc52a77901316a9028d3dace54c6e5554611c,preserve relative path; portable copies must not replace immutable identities
exp/egorecover_observation_reference/v2/R3/seed62/test/report.json,file,github_experiment_metadata,57,github:sxh-kk/EgoRecover,review_text_and_provenance,standard,exp/egorecover_observation_reference/v2/R3/seed62/test/report.json,93af3badeeb633b48057291a3592400acf0a55b5afbb554ac52a30f5e196f823,preserve relative path; portable copies must not replace immutable identities
exp/egorecover_observation_reference/v2/R3/seed63/identity.json,file,github_experiment_metadata,1788,github:sxh-kk/EgoRecover,review_text_and_provenance,standard,exp/egorecover_observation_reference/v2/R3/seed63/identity.json,80960b850fd1eab58c593413784017426700ae7c65ea1256d5cc87c288f70def,preserve relative path; portable copies must not replace immutable identities
exp/egorecover_observation_reference/v2/R3/seed63/progress.json,file,github_experiment_metadata,306,github:sxh-kk/EgoRecover,review_text_and_provenance,standard,exp/egorecover_observation_reference/v2/R3/seed63/progress.json,c89d8f0f88f7674e4d9485e7479466e1df820bf2a149aa45f7106bd38c24654f,preserve relative path; portable copies must not replace immutable identities
exp/egorecover_observation_reference/v2/R3/seed63/report.json,file,github_experiment_metadata,2226,github:sxh-kk/EgoRecover,review_text_and_provenance,standard,exp/egorecover_observation_reference/v2/R3/seed63/report.json,317377122c527f4d26a0d1cd8bbc7ec5bd40e4cdac4c8c62bcaf9605f296d1e0,preserve relative path; portable copies must not replace immutable identities
exp/egorecover_observation_reference/v2/R3/seed63/selection.json,file,github_experiment_metadata,136267,github:sxh-kk/EgoRecover,review_text_and_provenance,standard,exp/egorecover_observation_reference/v2/R3/seed63/selection.json,ed1006998a8b1b0f62de3e69acc79be9d2772ce89c1d8bbdb9e37d4c1370219e,preserve relative path; portable copies must not replace immutable identities
exp/egorecover_observation_reference/v2/R3/seed63/test/report.json,file,github_experiment_metadata,57,github:sxh-kk/EgoRecover,review_text_and_provenance,standard,exp/egorecover_observation_reference/v2/R3/seed63/test/report.json,0cee697b69bbfbbcdcb101f41bdd4244f88d16a5fe937a0c730ea59220b38afd,preserve relative path; portable copies must not replace immutable identities
exp/egorecover_observation_reference/v2/R3/seed64/identity.json,file,github_experiment_metadata,1788,github:sxh-kk/EgoRecover,review_text_and_provenance,standard,exp/egorecover_observation_reference/v2/R3/seed64/identity.json,21c40f126f059c7b47a57911e40eab98a250e43fd492ffb7b6df25d9461168bd,preserve relative path; portable copies must not replace immutable identities
exp/egorecover_observation_reference/v2/R3/seed64/progress.json,file,github_experiment_metadata,307,github:sxh-kk/EgoRecover,review_text_and_provenance,standard,exp/egorecover_observation_reference/v2/R3/seed64/progress.json,2777332678327c3909e173b310b009475ddcc88c23189e71ebf7ba130b508cf5,preserve relative path; portable copies must not replace immutable identities
exp/egorecover_observation_reference/v2/R3/seed64/report.json,file,github_experiment_metadata,2226,github:sxh-kk/EgoRecover,review_text_and_provenance,standard,exp/egorecover_observation_reference/v2/R3/seed64/report.json,7b173ab8ef24f1b91e8dbb42a40de500475d10b5e7d40ef95f939d919603b1e4,preserve relative path; portable copies must not replace immutable identities
exp/egorecover_observation_reference/v2/R3/seed64/selection.json,file,github_experiment_metadata,136199,github:sxh-kk/EgoRecover,review_text_and_provenance,standard,exp/egorecover_observation_reference/v2/R3/seed64/selection.json,5157baf55ebce610074889097ba2aff8331a389f4f2972ae31796b6acfeda99e,preserve relative path; portable copies must not replace immutable identities
exp/egorecover_observation_reference/v2/R3/seed64/test/report.json,file,github_experiment_metadata,57,github:sxh-kk/EgoRecover,review_text_and_provenance,standard,exp/egorecover_observation_reference/v2/R3/seed64/test/report.json,2fd3be251e7dae61d5f17e3b491a936621fae177c5b6111f61a54d2e47ee0dcd,preserve relative path; portable copies must not replace immutable identities
exp/egorecover_observation_reference/v2/RESULTS.md,file,github_experiment_metadata,2106,github:sxh-kk/EgoRecover,review_text_and_provenance,standard,exp/egorecover_observation_reference/v2/RESULTS.md,b0bda988f08cf7df7e55a9179e51530a6bed1684a8066410e7433833ded3ba4e,preserve relative path; portable copies must not replace immutable identities
exp/egorecover_observation_reference/v2/analysis/cross-round-comparisons.json,file,github_experiment_metadata,870,github:sxh-kk/EgoRecover,review_text_and_provenance,standard,exp/egorecover_observation_reference/v2/analysis/cross-round-comparisons.json,695b7e78c3d44a89355b1c7e0c48bb840b3d6cdd4223a1a1bdfc868012f792d2,preserve relative path; portable copies must not replace immutable identities
exp/egorecover_observation_reference/v2/analysis/final-conclusions.md,file,github_experiment_metadata,5421,github:sxh-kk/EgoRecover,review_text_and_provenance,standard,exp/egorecover_observation_reference/v2/analysis/final-conclusions.md,7c2846ad52aff9373571e4d0753e1a2283898a885f511e304b3ac07d582c4818,preserve relative path; portable copies must not replace immutable identities
exp/egorecover_observation_reference/v2/diagnostic/report.json,file,github_experiment_metadata,2148,github:sxh-kk/EgoRecover,review_text_and_provenance,standard,exp/egorecover_observation_reference/v2/diagnostic/report.json,b578e500b493202df4ede68b6b17ea965e63d16399f33d11facf22f3defc378b,preserve relative path; portable copies must not replace immutable identities
exp/egorecover_observation_reference/v2/evaluation/e7_baseline.json,file,github_experiment_metadata,144242,github:sxh-kk/EgoRecover,review_text_and_provenance,standard,exp/egorecover_observation_reference/v2/evaluation/e7_baseline.json,ee34f81e3510cb20a6a267e75cbbd26b8d12605ea920705a9cd4b17f859d08ad,preserve relative path; portable copies must not replace immutable identities
exp/egorecover_observation_reference/v2/evaluation/selected_checkpoints.json,file,github_experiment_metadata,999,github:sxh-kk/EgoRecover,review_text_and_provenance,standard,exp/egorecover_observation_reference/v2/evaluation/selected_checkpoints.json,35747cfcd123ab6bc9b1d0d3b53207d2918f288a7ad17638c893d4f306ae15d4,preserve relative path; portable copies must not replace immutable identities
exp/egorecover_observation_reference/v2/identity.json,file,github_experiment_metadata,1886,github:sxh-kk/EgoRecover,review_text_and_provenance,standard,exp/egorecover_observation_reference/v2/identity.json,72c2361367a6c03ddd68b99fc7af4fe7c704294d1983fd8f896ac5411baba619,preserve relative path; portable copies must not replace immutable identities
exp/egorecover_observation_reference/v2/interim/seed62_step18000.json,file,github_experiment_metadata,44703,github:sxh-kk/EgoRecover,review_text_and_provenance,standard,exp/egorecover_observation_reference/v2/interim/seed62_step18000.json,63a757768efee763f043f7ad132fd834e9c684964edcdc31b1500245df578d8f,preserve relative path; portable copies must not replace immutable identities
exp/egorecover_observation_reference/v2/plan.json,file,github_experiment_metadata,1113,github:sxh-kk/EgoRecover,review_text_and_provenance,standard,exp/egorecover_observation_reference/v2/plan.json,df7485893ac37243d80c7ce59204b991024934b77284f2e64ced2e5337b14bbc,preserve relative path; portable copies must not replace immutable identities
exp/egorecover_observation_reference/v2/queue.json,file,github_experiment_metadata,77,github:sxh-kk/EgoRecover,review_text_and_provenance,standard,exp/egorecover_observation_reference/v2/queue.json,0657926195578da20f76fcb8d78d89a4a70beb85a65ed744829bee9777849778,preserve relative path; portable copies must not replace immutable identities
exp/egorecover_observation_reference/v2/source/config/egorecover_g_pretraining_v1.json,file,hf_source_snapshots,742,github:sxh-kk/EgoRecover,review_text_and_provenance,standard,exp/egorecover_observation_reference/v2/source/config/egorecover_g_pretraining_v1.json,,preserve relative path; portable copies must not replace immutable identities
exp/egorecover_observation_reference/v2/source/egorecover/annotations.py,file,hf_source_snapshots,2806,github:sxh-kk/EgoRecover,review_text_and_provenance,standard,exp/egorecover_observation_reference/v2/source/egorecover/annotations.py,,preserve relative path; portable copies must not replace immutable identities
exp/egorecover_observation_reference/v2/source/egorecover/codec.py,file,hf_source_snapshots,10103,github:sxh-kk/EgoRecover,review_text_and_provenance,standard,exp/egorecover_observation_reference/v2/source/egorecover/codec.py,,preserve relative path; portable copies must not replace immutable identities
exp/egorecover_observation_reference/v2/source/egorecover/conditioning.py,file,hf_source_snapshots,5335,github:sxh-kk/EgoRecover,review_text_and_provenance,standard,exp/egorecover_observation_reference/v2/source/egorecover/conditioning.py,,preserve relative path; portable copies must not replace immutable identities
exp/egorecover_observation_reference/v2/source/egorecover/e7_ablation.py,file,hf_source_snapshots,5909,github:sxh-kk/EgoRecover,review_text_and_provenance,standard,exp/egorecover_observation_reference/v2/source/egorecover/e7_ablation.py,,preserve relative path; portable copies must not replace immutable identities
exp/egorecover_observation_reference/v2/source/egorecover/fk.py,file,hf_source_snapshots,4713,github:sxh-kk/EgoRecover,review_text_and_provenance,standard,exp/egorecover_observation_reference/v2/source/egorecover/fk.py,,preserve relative path; portable copies must not replace immutable identities
exp/egorecover_observation_reference/v2/source/egorecover/g_pretraining.py,file,hf_source_snapshots,7116,github:sxh-kk/EgoRecover,review_text_and_provenance,standard,exp/egorecover_observation_reference/v2/source/egorecover/g_pretraining.py,,preserve relative path; portable copies must not replace immutable identities
exp/egorecover_observation_reference/v2/source/egorecover/history_flow.py,file,hf_source_snapshots,3884,github:sxh-kk/EgoRecover,review_text_and_provenance,standard,exp/egorecover_observation_reference/v2/source/egorecover/history_flow.py,,preserve relative path; portable copies must not replace immutable identities
exp/egorecover_observation_reference/v2/source/egorecover/losses.py,file,hf_source_snapshots,4088,github:sxh-kk/EgoRecover,review_text_and_provenance,standard,exp/egorecover_observation_reference/v2/source/egorecover/losses.py,,preserve relative path; portable copies must not replace immutable identities
exp/egorecover_observation_reference/v2/source/egorecover/observation_reference.py,file,hf_source_snapshots,6687,github:sxh-kk/EgoRecover,review_text_and_provenance,standard,exp/egorecover_observation_reference/v2/source/egorecover/observation_reference.py,,preserve relative path; portable copies must not replace immutable identities
exp/egorecover_observation_reference/v2/source/egorecover/prior.py,file,hf_source_snapshots,2266,github:sxh-kk/EgoRecover,review_text_and_provenance,standard,exp/egorecover_observation_reference/v2/source/egorecover/prior.py,,preserve relative path; portable copies must not replace immutable identities
exp/egorecover_observation_reference/v2/source/egorecover/prior_cv_residual.py,file,hf_source_snapshots,5927,github:sxh-kk/EgoRecover,review_text_and_provenance,standard,exp/egorecover_observation_reference/v2/source/egorecover/prior_cv_residual.py,,preserve relative path; portable copies must not replace immutable identities
exp/egorecover_observation_reference/v2/source/egorecover/prior_two_forward.py,file,hf_source_snapshots,11381,github:sxh-kk/EgoRecover,review_text_and_provenance,standard,exp/egorecover_observation_reference/v2/source/egorecover/prior_two_forward.py,,preserve relative path; portable copies must not replace immutable identities
exp/egorecover_observation_reference/v2/source/model/history_uniegomotion.py,file,hf_source_snapshots,5454,github:sxh-kk/EgoRecover,review_text_and_provenance,standard,exp/egorecover_observation_reference/v2/source/model/history_uniegomotion.py,,preserve relative path; portable copies must not replace immutable identities
exp/egorecover_observation_reference/v2/source/model/observation_reference_g.py,file,hf_source_snapshots,4106,github:sxh-kk/EgoRecover,review_text_and_provenance,standard,exp/egorecover_observation_reference/v2/source/model/observation_reference_g.py,,preserve relative path; portable copies must not replace immutable identities
exp/egorecover_observation_reference/v2/source/model/uniegomotion.py,file,hf_source_snapshots,8289,github:sxh-kk/EgoRecover,review_text_and_provenance,standard,exp/egorecover_observation_reference/v2/source/model/uniegomotion.py,,preserve relative path; portable copies must not replace immutable identities
exp/egorecover_observation_reference/v2/source/mydiffusion/flow_matching.py,file,hf_source_snapshots,11660,github:sxh-kk/EgoRecover,review_text_and_provenance,standard,exp/egorecover_observation_reference/v2/source/mydiffusion/flow_matching.py,,preserve relative path; portable copies must not replace immutable identities
exp/egorecover_observation_reference/v2/source/run/g_pretraining_data.py,file,hf_source_snapshots,14035,github:sxh-kk/EgoRecover,review_text_and_provenance,standard,exp/egorecover_observation_reference/v2/source/run/g_pretraining_data.py,,preserve relative path; portable copies must not replace immutable identities
exp/egorecover_observation_reference/v2/source/run/g_pretraining_experiment.py,file,hf_source_snapshots,12531,github:sxh-kk/EgoRecover,review_text_and_provenance,standard,exp/egorecover_observation_reference/v2/source/run/g_pretraining_experiment.py,,preserve relative path; portable copies must not replace immutable identities
exp/egorecover_observation_reference/v2/source/run/observation_reference_experiment.py,file,hf_source_snapshots,11746,github:sxh-kk/EgoRecover,review_text_and_provenance,standard,exp/egorecover_observation_reference/v2/source/run/observation_reference_experiment.py,,preserve relative path; portable copies must not replace immutable identities
exp/egorecover_observation_reference/v2/source/run/train_g_pretraining.py,file,hf_source_snapshots,22592,github:sxh-kk/EgoRecover,review_text_and_provenance,standard,exp/egorecover_observation_reference/v2/source/run/train_g_pretraining.py,,preserve relative path; portable copies must not replace immutable identities
exp/egorecover_observation_reference/v2/source/run/train_observation_reference.py,file,hf_source_snapshots,16245,github:sxh-kk/EgoRecover,review_text_and_provenance,standard,exp/egorecover_observation_reference/v2/source/run/train_observation_reference.py,,preserve relative path; portable copies must not replace immutable identities
exp/egorecover_observation_reference/v2/summary.json,file,github_experiment_metadata,1827289,github:sxh-kk/EgoRecover,review_text_and_provenance,standard,exp/egorecover_observation_reference/v2/summary.json,461e69cafdbbf00158273b90d780ac6a80ab75e4cab42560c27e6f71ddf8b0a3,preserve relative path; portable copies must not replace immutable identities
exp/egorecover_observation_reference/v2/verification/R0_smoke/identity.json,file,github_experiment_metadata,1788,github:sxh-kk/EgoRecover,review_text_and_provenance,standard,exp/egorecover_observation_reference/v2/verification/R0_smoke/identity.json,c3e44355ef8f33b2f8d88cea1953ea0f42f9e2ed6804e6a04430034d97df4a3e,preserve relative path; portable copies must not replace immutable identities
exp/egorecover_observation_reference/v2/verification/R0_smoke/progress.json,file,github_experiment_metadata,294,github:sxh-kk/EgoRecover,review_text_and_provenance,standard,exp/egorecover_observation_reference/v2/verification/R0_smoke/progress.json,b912df71cb2d0d20d03b13056aa099c42d95e198bd7dad41c0df72f0f2f9d375,preserve relative path; portable copies must not replace immutable identities
exp/egorecover_observation_reference/v2/verification/R0_smoke/report.json,file,github_experiment_metadata,2218,github:sxh-kk/EgoRecover,review_text_and_provenance,standard,exp/egorecover_observation_reference/v2/verification/R0_smoke/report.json,92c03090103170d9af997c9f78f1dc924b27bbad155616d9e744382c366b186e,preserve relative path; portable copies must not replace immutable identities
exp/egorecover_observation_reference/v2/verification/R0_smoke/selection.json,file,github_experiment_metadata,2044,github:sxh-kk/EgoRecover,review_text_and_provenance,standard,exp/egorecover_observation_reference/v2/verification/R0_smoke/selection.json,6c919144c045eeaede78469994dd01b9997d3bfe38e1370f2f7f06097a0347d3,preserve relative path; portable copies must not replace immutable identities
exp/egorecover_observation_reference/v2/verification/R1_smoke/identity.json,file,github_experiment_metadata,1788,github:sxh-kk/EgoRecover,review_text_and_provenance,standard,exp/egorecover_observation_reference/v2/verification/R1_smoke/identity.json,704a317bb2bc5b654fbfaba3ef4d59d345bd420a5525e490bb75b3950439416b,preserve relative path; portable copies must not replace immutable identities
exp/egorecover_observation_reference/v2/verification/R1_smoke/progress.json,file,github_experiment_metadata,295,github:sxh-kk/EgoRecover,review_text_and_provenance,standard,exp/egorecover_observation_reference/v2/verification/R1_smoke/progress.json,d66a8205ceb7e530e5b5bfdf241a819b1250e383ae6cef6c3b9f0a2c7a51e3c2,preserve relative path; portable copies must not replace immutable identities
exp/egorecover_observation_reference/v2/verification/R1_smoke/report.json,file,github_experiment_metadata,2217,github:sxh-kk/EgoRecover,review_text_and_provenance,standard,exp/egorecover_observation_reference/v2/verification/R1_smoke/report.json,9780da22e9cd227606e6411038a431d8b95a12ca4375581177ddf70e712e4550,preserve relative path; portable copies must not replace immutable identities
exp/egorecover_observation_reference/v2/verification/R1_smoke/selection.json,file,github_experiment_metadata,2049,github:sxh-kk/EgoRecover,review_text_and_provenance,standard,exp/egorecover_observation_reference/v2/verification/R1_smoke/selection.json,87757c3e5cb512717e15078ef995ec48f37ba88fb6d03b605aa6ec1c06084b4f,preserve relative path; portable copies must not replace immutable identities
exp/egorecover_observation_reference/v2/verification/R2_smoke/identity.json,file,github_experiment_metadata,1788,github:sxh-kk/EgoRecover,review_text_and_provenance,standard,exp/egorecover_observation_reference/v2/verification/R2_smoke/identity.json,ee304c2a10bd54439b24c1f2156e03292bd30d292b019c5a628d2f9f31ae2e00,preserve relative path; portable copies must not replace immutable identities
exp/egorecover_observation_reference/v2/verification/R2_smoke/progress.json,file,github_experiment_metadata,294,github:sxh-kk/EgoRecover,review_text_and_provenance,standard,exp/egorecover_observation_reference/v2/verification/R2_smoke/progress.json,5345668d0d1ca5b4cccdf7c27d97403d12d590cbc129327bd192eb815088258b,preserve relative path; portable copies must not replace immutable identities
exp/egorecover_observation_reference/v2/verification/R2_smoke/report.json,file,github_experiment_metadata,2218,github:sxh-kk/EgoRecover,review_text_and_provenance,standard,exp/egorecover_observation_reference/v2/verification/R2_smoke/report.json,8914f9a87b97acc9ab56aac1214ea1141cd82421b9b675da50081f63e524ed62,preserve relative path; portable copies must not replace immutable identities
exp/egorecover_observation_reference/v2/verification/R2_smoke/selection.json,file,github_experiment_metadata,2054,github:sxh-kk/EgoRecover,review_text_and_provenance,standard,exp/egorecover_observation_reference/v2/verification/R2_smoke/selection.json,129af42db13a6e34222a4a4c7e9cd685be9ef2224a3d148a9f9efb3cb7ed16b0,preserve relative path; portable copies must not replace immutable identities
exp/egorecover_observation_reference/v2/verification/R3_smoke/identity.json,file,github_experiment_metadata,1788,github:sxh-kk/EgoRecover,review_text_and_provenance,standard,exp/egorecover_observation_reference/v2/verification/R3_smoke/identity.json,c50b80e4bc931943cabe4f0900635589f2c1b872935faed2931e5b12c77b2ead,preserve relative path; portable copies must not replace immutable identities
exp/egorecover_observation_reference/v2/verification/R3_smoke/progress.json,file,github_experiment_metadata,295,github:sxh-kk/EgoRecover,review_text_and_provenance,standard,exp/egorecover_observation_reference/v2/verification/R3_smoke/progress.json,d64f1f67cdfce21374e207466a36af6d75f53aada3686a8b0b39ec1d7a6354ac,preserve relative path; portable copies must not replace immutable identities
exp/egorecover_observation_reference/v2/verification/R3_smoke/report.json,file,github_experiment_metadata,2217,github:sxh-kk/EgoRecover,review_text_and_provenance,standard,exp/egorecover_observation_reference/v2/verification/R3_smoke/report.json,289588b2791a19fb0ba67ac70ba08b009dcf36b86d399b35a4ce04d3998bfdb0,preserve relative path; portable copies must not replace immutable identities
exp/egorecover_observation_reference/v2/verification/R3_smoke/selection.json,file,github_experiment_metadata,2052,github:sxh-kk/EgoRecover,review_text_and_provenance,standard,exp/egorecover_observation_reference/v2/verification/R3_smoke/selection.json,2be2bd804748b8c3c82949bc5b4cb9b59593ab4fec387639471980c180f613f4,preserve relative path; portable copies must not replace immutable identities
exp/egorecover_observation_reference/v2/verification/interface_diagnostic.json,file,github_experiment_metadata,313,github:sxh-kk/EgoRecover,review_text_and_provenance,standard,exp/egorecover_observation_reference/v2/verification/interface_diagnostic.json,2b474601fe0e885b079c897d998893dde1409b162fd5ebffa5d485522986f77a,preserve relative path; portable copies must not replace immutable identities
exp/egorecover_observation_reference/v2/verification/interface_diagnostic.py,file,github_experiment_metadata,2952,github:sxh-kk/EgoRecover,review_text_and_provenance,standard,exp/egorecover_observation_reference/v2/verification/interface_diagnostic.py,c8bdfda3293f3ce78945f7681c96d0ffa3cca1414bdf89ca5352080e1f9ca2f4,preserve relative path; portable copies must not replace immutable identities
exp/egorecover_observation_reference/v2/verification/report.json,file,github_experiment_metadata,702,github:sxh-kk/EgoRecover,review_text_and_provenance,standard,exp/egorecover_observation_reference/v2/verification/report.json,9d9bff355a31ea5b52982a3852c0f8d005b8ced7ae482b33858226e56c7d89e0,preserve relative path; portable copies must not replace immutable identities
exp/egorecover_predicted_train_v1/report.json,file,github_experiment_metadata,2306,github:sxh-kk/EgoRecover,review_text_and_provenance,standard,exp/egorecover_predicted_train_v1/report.json,d27a317dfe2631b9cf1bb028f19babc594806e568f1de6fd9444b308e6730b56,preserve relative path; portable copies must not replace immutable identities
exp/egorecover_prior_adaptation/v1/plan.json,file,github_experiment_metadata,653,github:sxh-kk/EgoRecover,review_text_and_provenance,standard,exp/egorecover_prior_adaptation/v1/plan.json,5810dbe44536a0f2ef1cfa6e4070bf0b4eb05d497c46ede60b2c715e5b9601bd,preserve relative path; portable copies must not replace immutable identities
exp/egorecover_prior_adaptation/v1/status.json,file,github_experiment_metadata,689,github:sxh-kk/EgoRecover,review_text_and_provenance,standard,exp/egorecover_prior_adaptation/v1/status.json,4406d1b3fa1e3b4a3c06175a014361551b0a49eadfc7782245e7c343aad4d9a3,preserve relative path; portable copies must not replace immutable identities
exp/egorecover_prior_cv_residual/v1/RESULTS.md,file,github_experiment_metadata,1594,github:sxh-kk/EgoRecover,review_text_and_provenance,standard,exp/egorecover_prior_cv_residual/v1/RESULTS.md,c2e2e54553b979f62a3e12ae49868a2118091f9018e3d8a8b2e1af8091acb021,preserve relative path; portable copies must not replace immutable identities
exp/egorecover_prior_cv_residual/v1/SCREENING.md,file,github_experiment_metadata,2119,github:sxh-kk/EgoRecover,review_text_and_provenance,standard,exp/egorecover_prior_cv_residual/v1/SCREENING.md,6b755702d5cb147b4f375f656cb70da14399281138c0fcbc5dfdb0ece2b1a64d,preserve relative path; portable copies must not replace immutable identities
exp/egorecover_prior_cv_residual/v1/figures/rollout_errors.pdf,file,hf_other_artifacts_review,18806,github:sxh-kk/EgoRecover,review_figure_or_report,standard,exp/egorecover_prior_cv_residual/v1/figures/rollout_errors.pdf,,pose visualizations require derived-data review
exp/egorecover_prior_cv_residual/v1/figures/rollout_errors.png,file,hf_other_artifacts_review,113588,github:sxh-kk/EgoRecover,review_figure_or_report,standard,exp/egorecover_prior_cv_residual/v1/figures/rollout_errors.png,,pose visualizations require derived-data review
exp/egorecover_prior_cv_residual/v1/jobs/H0_hold_dense_s62.1.json,file,github_experiment_metadata,387,github:sxh-kk/EgoRecover,review_text_and_provenance,standard,exp/egorecover_prior_cv_residual/v1/jobs/H0_hold_dense_s62.1.json,5359b77c1b1b6d34840753eed67f59452b704064ef7479d66925d9335953edb9,preserve relative path; portable copies must not replace immutable identities
exp/egorecover_prior_cv_residual/v1/jobs/H0_hold_dense_s62.1.status.json,file,github_experiment_metadata,549,github:sxh-kk/EgoRecover,review_text_and_provenance,standard,exp/egorecover_prior_cv_residual/v1/jobs/H0_hold_dense_s62.1.status.json,ef5b0e6693dac3a1173ab1afbb3b61eb49d917cde6e4004a293d0491215ba2e8,preserve relative path; portable copies must not replace immutable identities
exp/egorecover_prior_cv_residual/v1/jobs/H0_hold_dense_s63.1.json,file,github_experiment_metadata,368,github:sxh-kk/EgoRecover,review_text_and_provenance,standard,exp/egorecover_prior_cv_residual/v1/jobs/H0_hold_dense_s63.1.json,9a34264708e54d4921a78ec62412322cca7c203f2b96d2219532d0eefeac2133,preserve relative path; portable copies must not replace immutable identities
exp/egorecover_prior_cv_residual/v1/jobs/H0_hold_dense_s63.1.status.json,file,github_experiment_metadata,530,github:sxh-kk/EgoRecover,review_text_and_provenance,standard,exp/egorecover_prior_cv_residual/v1/jobs/H0_hold_dense_s63.1.status.json,1b5e7d6efdec8d60b39f77dd6971a365ff6ecce2ff199b08f942487f02389714,preserve relative path; portable copies must not replace immutable identities
exp/egorecover_prior_cv_residual/v1/jobs/H0_hold_dense_s64.1.json,file,github_experiment_metadata,368,github:sxh-kk/EgoRecover,review_text_and_provenance,standard,exp/egorecover_prior_cv_residual/v1/jobs/H0_hold_dense_s64.1.json,6a1a9baf802e9ce88d8c5bb31f905d2bf53025a0a7298ebb8e0533298238c438,preserve relative path; portable copies must not replace immutable identities
exp/egorecover_prior_cv_residual/v1/jobs/H0_hold_dense_s64.1.status.json,file,github_experiment_metadata,530,github:sxh-kk/EgoRecover,review_text_and_provenance,standard,exp/egorecover_prior_cv_residual/v1/jobs/H0_hold_dense_s64.1.status.json,1e59b6b7c0a14eb621f314d53fe4a7e69029fd4d336e9c1c07dc3ae80ffaa4dc,preserve relative path; portable copies must not replace immutable identities
exp/egorecover_prior_cv_residual/v1/jobs/H1_hold_fk_s62.1.json,file,github_experiment_metadata,365,github:sxh-kk/EgoRecover,review_text_and_provenance,standard,exp/egorecover_prior_cv_residual/v1/jobs/H1_hold_fk_s62.1.json,94cd3f4b133db877f00a95abe215eb0728ff36a69bb44fbd4e77de698941cc1c,preserve relative path; portable copies must not replace immutable identities
exp/egorecover_prior_cv_residual/v1/jobs/H1_hold_fk_s62.1.status.json,file,github_experiment_metadata,527,github:sxh-kk/EgoRecover,review_text_and_provenance,standard,exp/egorecover_prior_cv_residual/v1/jobs/H1_hold_fk_s62.1.status.json,14813a2e8528422b9273b4db82a9940997802f7a075aea178e76ae02854e7b2e,preserve relative path; portable copies must not replace immutable identities
exp/egorecover_prior_cv_residual/v1/jobs/H1_hold_fk_s63.1.json,file,github_experiment_metadata,365,github:sxh-kk/EgoRecover,review_text_and_provenance,standard,exp/egorecover_prior_cv_residual/v1/jobs/H1_hold_fk_s63.1.json,9042cc72cbded5824247fecec5e798b86379036d48291e1f5acad2369d228f1e,preserve relative path; portable copies must not replace immutable identities
exp/egorecover_prior_cv_residual/v1/jobs/H1_hold_fk_s63.1.status.json,file,github_experiment_metadata,527,github:sxh-kk/EgoRecover,review_text_and_provenance,standard,exp/egorecover_prior_cv_residual/v1/jobs/H1_hold_fk_s63.1.status.json,a9dc7b81d0b1e46c7d609764ffa3a11831dfbf77325e089f1463ccdc4a2f8efb,preserve relative path; portable copies must not replace immutable identities
exp/egorecover_prior_cv_residual/v1/jobs/H1_hold_fk_s64.1.json,file,github_experiment_metadata,365,github:sxh-kk/EgoRecover,review_text_and_provenance,standard,exp/egorecover_prior_cv_residual/v1/jobs/H1_hold_fk_s64.1.json,9f872fd50fd0f40705d882974e40e109d596df4410a690c47201ddcfab6efab6,preserve relative path; portable copies must not replace immutable identities
exp/egorecover_prior_cv_residual/v1/jobs/H1_hold_fk_s64.1.status.json,file,github_experiment_metadata,527,github:sxh-kk/EgoRecover,review_text_and_provenance,standard,exp/egorecover_prior_cv_residual/v1/jobs/H1_hold_fk_s64.1.status.json,bed55befb3a9d3a2c6307fcaa08f8d61e434156d9b4ef514bda2348b0d7dfaa2,preserve relative path; portable copies must not replace immutable identities
exp/egorecover_prior_cv_residual/v1/jobs/V0_cv_dense_s62.1.json,file,github_experiment_metadata,379,github:sxh-kk/EgoRecover,review_text_and_provenance,standard,exp/egorecover_prior_cv_residual/v1/jobs/V0_cv_dense_s62.1.json,d53045dc096110b09abb057cf069ab9dc6cf5cd65cd510ef34a8d048a4ffee75,preserve relative path; portable copies must not replace immutable identities
exp/egorecover_prior_cv_residual/v1/jobs/V0_cv_dense_s62.1.status.json,file,github_experiment_metadata,541,github:sxh-kk/EgoRecover,review_text_and_provenance,standard,exp/egorecover_prior_cv_residual/v1/jobs/V0_cv_dense_s62.1.status.json,a91e9716007ce726994c8902310aca4adac6837fd829da4ff226ee2514a16e13,preserve relative path; portable copies must not replace immutable identities
exp/egorecover_prior_cv_residual/v1/jobs/V0_cv_dense_s63.1.json,file,github_experiment_metadata,379,github:sxh-kk/EgoRecover,review_text_and_provenance,standard,exp/egorecover_prior_cv_residual/v1/jobs/V0_cv_dense_s63.1.json,14cb5d296b6f1a6135aaae68018a3a540cba2acf829e79ddd1c3fd37a05b1702,preserve relative path; portable copies must not replace immutable identities
exp/egorecover_prior_cv_residual/v1/jobs/V0_cv_dense_s63.1.status.json,file,github_experiment_metadata,541,github:sxh-kk/EgoRecover,review_text_and_provenance,standard,exp/egorecover_prior_cv_residual/v1/jobs/V0_cv_dense_s63.1.status.json,f45caf588ec7f3a9dce1122e76f3f8536def93e5da99ec9565ce66551cba6954,preserve relative path; portable copies must not replace immutable identities
exp/egorecover_prior_cv_residual/v1/jobs/V0_cv_dense_s64.1.json,file,github_experiment_metadata,379,github:sxh-kk/EgoRecover,review_text_and_provenance,standard,exp/egorecover_prior_cv_residual/v1/jobs/V0_cv_dense_s64.1.json,14de3f80ff976fca165361fcac15da993518d69f34e0629fd7f5b74ad78fdae7,preserve relative path; portable copies must not replace immutable identities
exp/egorecover_prior_cv_residual/v1/jobs/V0_cv_dense_s64.1.status.json,file,github_experiment_metadata,541,github:sxh-kk/EgoRecover,review_text_and_provenance,standard,exp/egorecover_prior_cv_residual/v1/jobs/V0_cv_dense_s64.1.status.json,c3e952f80a6c260b72229f8dfbeff7062423185444932024b83dfe880c9fb581,preserve relative path; portable copies must not replace immutable identities
exp/egorecover_prior_cv_residual/v1/jobs/V1_cv_fk_s62.1.json,file,github_experiment_metadata,376,github:sxh-kk/EgoRecover,review_text_and_provenance,standard,exp/egorecover_prior_cv_residual/v1/jobs/V1_cv_fk_s62.1.json,d1daa89b279b44475f9b9f9b51419088bf72d6e984fe9a4abcb638b3ee5d5cf9,preserve relative path; portable copies must not replace immutable identities
exp/egorecover_prior_cv_residual/v1/jobs/V1_cv_fk_s62.1.status.json,file,github_experiment_metadata,538,github:sxh-kk/EgoRecover,review_text_and_provenance,standard,exp/egorecover_prior_cv_residual/v1/jobs/V1_cv_fk_s62.1.status.json,febb41ec00a0a08c83d60993f79fe72a3eeeee588f64a98a59bae469afcb2fd4,preserve relative path; portable copies must not replace immutable identities
exp/egorecover_prior_cv_residual/v1/jobs/V1_cv_fk_s63.1.json,file,github_experiment_metadata,376,github:sxh-kk/EgoRecover,review_text_and_provenance,standard,exp/egorecover_prior_cv_residual/v1/jobs/V1_cv_fk_s63.1.json,1e147f0179ff87dd674775c62135d3da42c660f6be32bfb1925c0cdb02d4a02f,preserve relative path; portable copies must not replace immutable identities
exp/egorecover_prior_cv_residual/v1/jobs/V1_cv_fk_s63.1.status.json,file,github_experiment_metadata,538,github:sxh-kk/EgoRecover,review_text_and_provenance,standard,exp/egorecover_prior_cv_residual/v1/jobs/V1_cv_fk_s63.1.status.json,f93af9d350c34e8a7f8edbad87e7a0f0d6541bf9734e2c1261f6c5171db92ce5,preserve relative path; portable copies must not replace immutable identities
exp/egorecover_prior_cv_residual/v1/jobs/V1_cv_fk_s64.1.json,file,github_experiment_metadata,376,github:sxh-kk/EgoRecover,review_text_and_provenance,standard,exp/egorecover_prior_cv_residual/v1/jobs/V1_cv_fk_s64.1.json,db45e13ab0407ea3f994f392756d9880a86c0e88d75726b28ebcad6b66a927e6,preserve relative path; portable copies must not replace immutable identities
exp/egorecover_prior_cv_residual/v1/jobs/V1_cv_fk_s64.1.status.json,file,github_experiment_metadata,538,github:sxh-kk/EgoRecover,review_text_and_provenance,standard,exp/egorecover_prior_cv_residual/v1/jobs/V1_cv_fk_s64.1.status.json,be657c8357b8209faa7fddf6e0bc864329568b5cc4fdc1ce461562eeeb3f419d,preserve relative path; portable copies must not replace immutable identities
exp/egorecover_prior_cv_residual/v1/plan.json,file,github_experiment_metadata,475,github:sxh-kk/EgoRecover,review_text_and_provenance,standard,exp/egorecover_prior_cv_residual/v1/plan.json,2367eb9f9a01faf569b6b9e045d8931eede1f3f43443f488ffdc8accfe598b28,preserve relative path; portable copies must not replace immutable identities
exp/egorecover_prior_cv_residual/v1/queue.json,file,github_experiment_metadata,12730,github:sxh-kk/EgoRecover,review_text_and_provenance,standard,exp/egorecover_prior_cv_residual/v1/queue.json,c0afbd88f6df9cd7a0b681cd510f7cfd46177d6e8f353bc08a598c8955fd9cd6,preserve relative path; portable copies must not replace immutable identities
exp/egorecover_prior_cv_residual/v1/screening.json,file,github_experiment_metadata,333711,github:sxh-kk/EgoRecover,review_text_and_provenance,standard,exp/egorecover_prior_cv_residual/v1/screening.json,56f10c5b33c08b505c0bc7d426012f583a0820ba9e1690e4d3b36c080e9e3748,preserve relative path; portable copies must not replace immutable identities
exp/egorecover_prior_cv_residual/v1/summary.json,file,github_experiment_metadata,948298,github:sxh-kk/EgoRecover,review_text_and_provenance,standard,exp/egorecover_prior_cv_residual/v1/summary.json,9bb8c58a93b374f876f0ef166ff8a1e28b17bde588e7f5be3c7f9353f924e0ea,preserve relative path; portable copies must not replace immutable identities
exp/egorecover_prior_cv_residual/v1/train/H0_hold_dense_s62/experiment.json,file,github_experiment_metadata,4853,github:sxh-kk/EgoRecover,review_text_and_provenance,standard,exp/egorecover_prior_cv_residual/v1/train/H0_hold_dense_s62/experiment.json,53b68b2d8276047a3dfd99665deb442b8ba9d56acc29ffe0ea1148cd195a2164,preserve relative path; portable copies must not replace immutable identities
exp/egorecover_prior_cv_residual/v1/train/H0_hold_dense_s62/progress.json,file,github_experiment_metadata,178,github:sxh-kk/EgoRecover,review_text_and_provenance,standard,exp/egorecover_prior_cv_residual/v1/train/H0_hold_dense_s62/progress.json,ea6772111cb10828e236484e53a20ac8e0d9d6a709184860c0cb42592eb1932d,preserve relative path; portable copies must not replace immutable identities
exp/egorecover_prior_cv_residual/v1/train/H0_hold_dense_s62/report.json,file,github_experiment_metadata,399868,github:sxh-kk/EgoRecover,review_text_and_provenance,standard,exp/egorecover_prior_cv_residual/v1/train/H0_hold_dense_s62/report.json,f007c36d5c381a0257241032e72179cf7f46bae68ff5be0a31c8bcd081b29e92,preserve relative path; portable copies must not replace immutable identities
exp/egorecover_prior_cv_residual/v1/train/H0_hold_dense_s62/selection.json,file,github_experiment_metadata,211439,github:sxh-kk/EgoRecover,review_text_and_provenance,standard,exp/egorecover_prior_cv_residual/v1/train/H0_hold_dense_s62/selection.json,eac24809981dbec95844f1142e6db8f1c96b832e7cd731b759fb4b3c7d4909d0,preserve relative path; portable copies must not replace immutable identities
exp/egorecover_prior_cv_residual/v1/train/H0_hold_dense_s63/experiment.json,file,github_experiment_metadata,4854,github:sxh-kk/EgoRecover,review_text_and_provenance,standard,exp/egorecover_prior_cv_residual/v1/train/H0_hold_dense_s63/experiment.json,649661f44ed33630deef75daa16a652ea88a3946e6194689acc159e94cb3825c,preserve relative path; portable copies must not replace immutable identities
exp/egorecover_prior_cv_residual/v1/train/H0_hold_dense_s63/progress.json,file,github_experiment_metadata,178,github:sxh-kk/EgoRecover,review_text_and_provenance,standard,exp/egorecover_prior_cv_residual/v1/train/H0_hold_dense_s63/progress.json,7715cd95d0e69a4985dfe8cf1b14ce21794523448ecba43c2f3679276554177d,preserve relative path; portable copies must not replace immutable identities
exp/egorecover_prior_cv_residual/v1/train/H0_hold_dense_s63/report.json,file,github_experiment_metadata,289803,github:sxh-kk/EgoRecover,review_text_and_provenance,standard,exp/egorecover_prior_cv_residual/v1/train/H0_hold_dense_s63/report.json,fb649cf62f39d5e667eede84e3fc97bb44e9d243ca6ac0acc45738e01e758c53,preserve relative path; portable copies must not replace immutable identities
exp/egorecover_prior_cv_residual/v1/train/H0_hold_dense_s63/selection.json,file,github_experiment_metadata,211414,github:sxh-kk/EgoRecover,review_text_and_provenance,standard,exp/egorecover_prior_cv_residual/v1/train/H0_hold_dense_s63/selection.json,055b26afa3d8a41286d15cb68ee18c519b26d18a727d9bc625bafa64b058bbfc,preserve relative path; portable copies must not replace immutable identities
exp/egorecover_prior_cv_residual/v1/train/H0_hold_dense_s64/experiment.json,file,github_experiment_metadata,4854,github:sxh-kk/EgoRecover,review_text_and_provenance,standard,exp/egorecover_prior_cv_residual/v1/train/H0_hold_dense_s64/experiment.json,6a8e6fdcc5d70621bac3ef7f2e7256a062410ed11ba53f3b6086f0ad3da73e31,preserve relative path; portable copies must not replace immutable identities
exp/egorecover_prior_cv_residual/v1/train/H0_hold_dense_s64/progress.json,file,github_experiment_metadata,178,github:sxh-kk/EgoRecover,review_text_and_provenance,standard,exp/egorecover_prior_cv_residual/v1/train/H0_hold_dense_s64/progress.json,0c7f38d1b3e519ff1c06713a0d631edd9ac37f6556ed44e936818b6297da9e38,preserve relative path; portable copies must not replace immutable identities
exp/egorecover_prior_cv_residual/v1/train/H0_hold_dense_s64/report.json,file,github_experiment_metadata,289687,github:sxh-kk/EgoRecover,review_text_and_provenance,standard,exp/egorecover_prior_cv_residual/v1/train/H0_hold_dense_s64/report.json,9e0020057378367880163349c5d50f2a8f2299428d6961aef284fdefd918b01d,preserve relative path; portable copies must not replace immutable identities
exp/egorecover_prior_cv_residual/v1/train/H0_hold_dense_s64/selection.json,file,github_experiment_metadata,211324,github:sxh-kk/EgoRecover,review_text_and_provenance,standard,exp/egorecover_prior_cv_residual/v1/train/H0_hold_dense_s64/selection.json,ceb878bddba9cf4c36d7a8ba97c08b7051cdaacacdcc56c07008d28d98862c13,preserve relative path; portable copies must not replace immutable identities
exp/egorecover_prior_cv_residual/v1/train/H1_hold_fk_s62/experiment.json,file,github_experiment_metadata,4854,github:sxh-kk/EgoRecover,review_text_and_provenance,standard,exp/egorecover_prior_cv_residual/v1/train/H1_hold_fk_s62/experiment.json,e7eb1d2238e4e81a7f76e2df0d2e5305be06f20767209edbd122550886198b2b,preserve relative path; portable copies must not replace immutable identities
exp/egorecover_prior_cv_residual/v1/train/H1_hold_fk_s62/progress.json,file,github_experiment_metadata,177,github:sxh-kk/EgoRecover,review_text_and_provenance,standard,exp/egorecover_prior_cv_residual/v1/train/H1_hold_fk_s62/progress.json,c832139cbb909e80adb495094794eabc9712ba5ab22498a1578d79d75b7c5eab,preserve relative path; portable copies must not replace immutable identities
exp/egorecover_prior_cv_residual/v1/train/H1_hold_fk_s62/report.json,file,github_experiment_metadata,290027,github:sxh-kk/EgoRecover,review_text_and_provenance,standard,exp/egorecover_prior_cv_residual/v1/train/H1_hold_fk_s62/report.json,b10477890289ea7cd83947c7850cf0575a41a98df760c6200958dcc4879317d4,preserve relative path; portable copies must not replace immutable identities
exp/egorecover_prior_cv_residual/v1/train/H1_hold_fk_s62/selection.json,file,github_experiment_metadata,211683,github:sxh-kk/EgoRecover,review_text_and_provenance,standard,exp/egorecover_prior_cv_residual/v1/train/H1_hold_fk_s62/selection.json,0adde82b07e7c2f9be1fe35fd384b988875cbfb74a8cb2ddb6dfe781c1ec0c23,preserve relative path; portable copies must not replace immutable identities
exp/egorecover_prior_cv_residual/v1/train/H1_hold_fk_s63/experiment.json,file,github_experiment_metadata,4854,github:sxh-kk/EgoRecover,review_text_and_provenance,standard,exp/egorecover_prior_cv_residual/v1/train/H1_hold_fk_s63/experiment.json,d576123df6fcda7b1645681bc26b217a1eaed13731539bf24c4be53f85a07aee,preserve relative path; portable copies must not replace immutable identities
exp/egorecover_prior_cv_residual/v1/train/H1_hold_fk_s63/progress.json,file,github_experiment_metadata,177,github:sxh-kk/EgoRecover,review_text_and_provenance,standard,exp/egorecover_prior_cv_residual/v1/train/H1_hold_fk_s63/progress.json,b9fdc5816dfc86a0246a49a4314351bf8a9c60c855a8ab9a76a0ced5b71274db,preserve relative path; portable copies must not replace immutable identities
exp/egorecover_prior_cv_residual/v1/train/H1_hold_fk_s63/report.json,file,github_experiment_metadata,289958,github:sxh-kk/EgoRecover,review_text_and_provenance,standard,exp/egorecover_prior_cv_residual/v1/train/H1_hold_fk_s63/report.json,42dcd5e2d987fd870a338c7c3449ceaedbf28389ad509781478878d35bf99101,preserve relative path; portable copies must not replace immutable identities
exp/egorecover_prior_cv_residual/v1/train/H1_hold_fk_s63/selection.json,file,github_experiment_metadata,211613,github:sxh-kk/EgoRecover,review_text_and_provenance,standard,exp/egorecover_prior_cv_residual/v1/train/H1_hold_fk_s63/selection.json,7c8fc912164269f3e0ff599079269c240f09c4adda833b6e962fc51d2d939ab3,preserve relative path; portable copies must not replace immutable identities
exp/egorecover_prior_cv_residual/v1/train/H1_hold_fk_s64/experiment.json,file,github_experiment_metadata,4854,github:sxh-kk/EgoRecover,review_text_and_provenance,standard,exp/egorecover_prior_cv_residual/v1/train/H1_hold_fk_s64/experiment.json,2b81da33d5011e4b16ff5e56fd9cfab50883463352929d8f12d743dd1e6647d9,preserve relative path; portable copies must not replace immutable identities
exp/egorecover_prior_cv_residual/v1/train/H1_hold_fk_s64/progress.json,file,github_experiment_metadata,178,github:sxh-kk/EgoRecover,review_text_and_provenance,standard,exp/egorecover_prior_cv_residual/v1/train/H1_hold_fk_s64/progress.json,83fb94574a87c43884f2dcee3baea8ba49d563ecf50a613cd03c2f468cfcc6a0,preserve relative path; portable copies must not replace immutable identities
exp/egorecover_prior_cv_residual/v1/train/H1_hold_fk_s64/report.json,file,github_experiment_metadata,290068,github:sxh-kk/EgoRecover,review_text_and_provenance,standard,exp/egorecover_prior_cv_residual/v1/train/H1_hold_fk_s64/report.json,bb55bc28eb32a6f01de5702da36b207842236f729604f7d3f5323edd5e8f0d16,preserve relative path; portable copies must not replace immutable identities
exp/egorecover_prior_cv_residual/v1/train/H1_hold_fk_s64/selection.json,file,github_experiment_metadata,211718,github:sxh-kk/EgoRecover,review_text_and_provenance,standard,exp/egorecover_prior_cv_residual/v1/train/H1_hold_fk_s64/selection.json,1374000d4913126f94b3dd4a5458cc8218d8a84c99ee8b0a6637aea7a8b0d728,preserve relative path; portable copies must not replace immutable identities
exp/egorecover_prior_cv_residual/v1/train/V0_cv_dense_s62/experiment.json,file,github_experiment_metadata,4867,github:sxh-kk/EgoRecover,review_text_and_provenance,standard,exp/egorecover_prior_cv_residual/v1/train/V0_cv_dense_s62/experiment.json,3bec036a2ff61c0d7c2845dd64dc80b14171bd492b4928573f7e53833f18de77,preserve relative path; portable copies must not replace immutable identities
exp/egorecover_prior_cv_residual/v1/train/V0_cv_dense_s62/progress.json,file,github_experiment_metadata,178,github:sxh-kk/EgoRecover,review_text_and_provenance,standard,exp/egorecover_prior_cv_residual/v1/train/V0_cv_dense_s62/progress.json,bcc28bbd7b6bea95fa47f41387d418a21e4fadbc7c4232ec62d4326b26d6e809,preserve relative path; portable copies must not replace immutable identities
exp/egorecover_prior_cv_residual/v1/train/V0_cv_dense_s62/report.json,file,github_experiment_metadata,289788,github:sxh-kk/EgoRecover,review_text_and_provenance,standard,exp/egorecover_prior_cv_residual/v1/train/V0_cv_dense_s62/report.json,86c09a93a420b3c6a4dfb43947a4fb339f41f125d2aa5356f9cce6f6f5565a32,preserve relative path; portable copies must not replace immutable identities
exp/egorecover_prior_cv_residual/v1/train/V0_cv_dense_s62/selection.json,file,github_experiment_metadata,211428,github:sxh-kk/EgoRecover,review_text_and_provenance,standard,exp/egorecover_prior_cv_residual/v1/train/V0_cv_dense_s62/selection.json,d2902d8e75b96da2722cd7a43318519112c95c60f7ff1d54acb504e7ea057cd8,preserve relative path; portable copies must not replace immutable identities
exp/egorecover_prior_cv_residual/v1/train/V0_cv_dense_s63/experiment.json,file,github_experiment_metadata,4867,github:sxh-kk/EgoRecover,review_text_and_provenance,standard,exp/egorecover_prior_cv_residual/v1/train/V0_cv_dense_s63/experiment.json,8a3bbdb616ff257e547b36fb1c1563bb6103b3b77526ab0ce4d1c6f2bc05f3e9,preserve relative path; portable copies must not replace immutable identities
exp/egorecover_prior_cv_residual/v1/train/V0_cv_dense_s63/progress.json,file,github_experiment_metadata,177,github:sxh-kk/EgoRecover,review_text_and_provenance,standard,exp/egorecover_prior_cv_residual/v1/train/V0_cv_dense_s63/progress.json,1b6f348e8cd7ef254093cbece2924b2757710b279993d9f7c7f62129c7bc5621,preserve relative path; portable copies must not replace immutable identities
exp/egorecover_prior_cv_residual/v1/train/V0_cv_dense_s63/report.json,file,github_experiment_metadata,289674,github:sxh-kk/EgoRecover,review_text_and_provenance,standard,exp/egorecover_prior_cv_residual/v1/train/V0_cv_dense_s63/report.json,cdc62327ec80c95ad3166b4e8e1795900ced6ee77b91ab20a7382d787dfc0aa2,preserve relative path; portable copies must not replace immutable identities
exp/egorecover_prior_cv_residual/v1/train/V0_cv_dense_s63/selection.json,file,github_experiment_metadata,211320,github:sxh-kk/EgoRecover,review_text_and_provenance,standard,exp/egorecover_prior_cv_residual/v1/train/V0_cv_dense_s63/selection.json,b08b3f79b93f77a3b5d8b8bc0cf424a2d74938697379383004b38607669d20d9,preserve relative path; portable copies must not replace immutable identities
exp/egorecover_prior_cv_residual/v1/train/V0_cv_dense_s64/experiment.json,file,github_experiment_metadata,4867,github:sxh-kk/EgoRecover,review_text_and_provenance,standard,exp/egorecover_prior_cv_residual/v1/train/V0_cv_dense_s64/experiment.json,d4243fadc93c9510a099c14497872eeeeb7dc9d2bdfee3bffb776b102aef15db,preserve relative path; portable copies must not replace immutable identities
exp/egorecover_prior_cv_residual/v1/train/V0_cv_dense_s64/progress.json,file,github_experiment_metadata,177,github:sxh-kk/EgoRecover,review_text_and_provenance,standard,exp/egorecover_prior_cv_residual/v1/train/V0_cv_dense_s64/progress.json,62df98c422d02a461c5fbcc1c1ceeef2e5af368d13c2fd6220f2524581e7f6c7,preserve relative path; portable copies must not replace immutable identities
exp/egorecover_prior_cv_residual/v1/train/V0_cv_dense_s64/report.json,file,github_experiment_metadata,289714,github:sxh-kk/EgoRecover,review_text_and_provenance,standard,exp/egorecover_prior_cv_residual/v1/train/V0_cv_dense_s64/report.json,793230094eb7063319d2f96b4a92727dd68a64ac83a9a38bdd3bf0a0946bab95,preserve relative path; portable copies must not replace immutable identities
exp/egorecover_prior_cv_residual/v1/train/V0_cv_dense_s64/selection.json,file,github_experiment_metadata,211408,github:sxh-kk/EgoRecover,review_text_and_provenance,standard,exp/egorecover_prior_cv_residual/v1/train/V0_cv_dense_s64/selection.json,d53d1fe6d7a84f396d1b447e61c9919214848afefdc73f2e29f435afc07d2298,preserve relative path; portable copies must not replace immutable identities
exp/egorecover_prior_cv_residual/v1/train/V1_cv_fk_s62/experiment.json,file,github_experiment_metadata,4867,github:sxh-kk/EgoRecover,review_text_and_provenance,standard,exp/egorecover_prior_cv_residual/v1/train/V1_cv_fk_s62/experiment.json,bfa01e5ca8640f969ef750c4e10ccdf841854c395890109631abd57f276279d3,preserve relative path; portable copies must not replace immutable identities
exp/egorecover_prior_cv_residual/v1/train/V1_cv_fk_s62/progress.json,file,github_experiment_metadata,177,github:sxh-kk/EgoRecover,review_text_and_provenance,standard,exp/egorecover_prior_cv_residual/v1/train/V1_cv_fk_s62/progress.json,292b3ef2c91868ca67f23d16cb389e178a07f79e08c481c4070dfe7ddd856f1f,preserve relative path; portable copies must not replace immutable identities
exp/egorecover_prior_cv_residual/v1/train/V1_cv_fk_s62/report.json,file,github_experiment_metadata,290152,github:sxh-kk/EgoRecover,review_text_and_provenance,standard,exp/egorecover_prior_cv_residual/v1/train/V1_cv_fk_s62/report.json,e0a82666465048e6bbe0bfcab9ec621b5f6bf593e326d73cde9315f5787d8bee,preserve relative path; portable copies must not replace immutable identities
exp/egorecover_prior_cv_residual/v1/train/V1_cv_fk_s62/selection.json,file,github_experiment_metadata,211794,github:sxh-kk/EgoRecover,review_text_and_provenance,standard,exp/egorecover_prior_cv_residual/v1/train/V1_cv_fk_s62/selection.json,4a4b0bf10298e5fe51e572b90939efd90b9f7145665da4291d4bce016644f1da,preserve relative path; portable copies must not replace immutable identities
exp/egorecover_prior_cv_residual/v1/train/V1_cv_fk_s63/experiment.json,file,github_experiment_metadata,4867,github:sxh-kk/EgoRecover,review_text_and_provenance,standard,exp/egorecover_prior_cv_residual/v1/train/V1_cv_fk_s63/experiment.json,48d9558ac15c48fd3a618e24b31c5b4c193477023fa91db235e2840b654a5c8a,preserve relative path; portable copies must not replace immutable identities
exp/egorecover_prior_cv_residual/v1/train/V1_cv_fk_s63/progress.json,file,github_experiment_metadata,178,github:sxh-kk/EgoRecover,review_text_and_provenance,standard,exp/egorecover_prior_cv_residual/v1/train/V1_cv_fk_s63/progress.json,441fe17c9341903c5d9ffee9d9b13060abc40379388672c9858854da0868fc1f,preserve relative path; portable copies must not replace immutable identities
exp/egorecover_prior_cv_residual/v1/train/V1_cv_fk_s63/report.json,file,github_experiment_metadata,290166,github:sxh-kk/EgoRecover,review_text_and_provenance,standard,exp/egorecover_prior_cv_residual/v1/train/V1_cv_fk_s63/report.json,51a37017a8e0c35f817f918875e0586d22aab0c69d03b45aabf9f9cebb4afdfc,preserve relative path; portable copies must not replace immutable identities
exp/egorecover_prior_cv_residual/v1/train/V1_cv_fk_s63/selection.json,file,github_experiment_metadata,211807,github:sxh-kk/EgoRecover,review_text_and_provenance,standard,exp/egorecover_prior_cv_residual/v1/train/V1_cv_fk_s63/selection.json,46ae4711cf544154c0d21c64302446b99a9c8861c38b1e07913f1f975d05c08c,preserve relative path; portable copies must not replace immutable identities
exp/egorecover_prior_cv_residual/v1/train/V1_cv_fk_s64/experiment.json,file,github_experiment_metadata,4867,github:sxh-kk/EgoRecover,review_text_and_provenance,standard,exp/egorecover_prior_cv_residual/v1/train/V1_cv_fk_s64/experiment.json,1f4ee626a628d6032b83b2b68ca12c2ea4a7e34cdb6d762cb26f92456719a818,preserve relative path; portable copies must not replace immutable identities
exp/egorecover_prior_cv_residual/v1/train/V1_cv_fk_s64/progress.json,file,github_experiment_metadata,177,github:sxh-kk/EgoRecover,review_text_and_provenance,standard,exp/egorecover_prior_cv_residual/v1/train/V1_cv_fk_s64/progress.json,ff96efc74fe6958265768fe5ae7ff736fccb50b8869d6b1cdf26363956e30ac7,preserve relative path; portable copies must not replace immutable identities
exp/egorecover_prior_cv_residual/v1/train/V1_cv_fk_s64/report.json,file,github_experiment_metadata,290056,github:sxh-kk/EgoRecover,review_text_and_provenance,standard,exp/egorecover_prior_cv_residual/v1/train/V1_cv_fk_s64/report.json,c0a398fc76b49634dd3e1395abdd68726298508d305cb1f453ea30ca99c1496e,preserve relative path; portable copies must not replace immutable identities
exp/egorecover_prior_cv_residual/v1/train/V1_cv_fk_s64/selection.json,file,github_experiment_metadata,211742,github:sxh-kk/EgoRecover,review_text_and_provenance,standard,exp/egorecover_prior_cv_residual/v1/train/V1_cv_fk_s64/selection.json,36519067a99a70c09c726685c2e503a5b7e2564f560c75c989ade4bfdbd04605,preserve relative path; portable copies must not replace immutable identities
exp/egorecover_prior_data_budget/v1/RESULTS.md,file,github_experiment_metadata,713,github:sxh-kk/EgoRecover,review_text_and_provenance,standard,exp/egorecover_prior_data_budget/v1/RESULTS.md,8da47579dc031fa27dba4a1eea4599ddd40ef49afb5255a778e3d315ab2622d7,preserve relative path; portable copies must not replace immutable identities
exp/egorecover_prior_data_budget/v1/data/manifest.json,file,hf_cache_review,213060,github:sxh-kk/EgoRecover,review_metadata,standard,exp/egorecover_prior_data_budget/v1/data/manifest.json,,split/cache provenance metadata; review for embedded observations
exp/egorecover_prior_data_budget/v1/data/report.json,file,hf_cache_review,28088,github:sxh-kk/EgoRecover,review_metadata,standard,exp/egorecover_prior_data_budget/v1/data/report.json,,split/cache provenance metadata; review for embedded observations
exp/egorecover_prior_data_budget/v1/data_shards/cmu_bike01_7.json,file,github_experiment_metadata,172,github:sxh-kk/EgoRecover,review_text_and_provenance,standard,exp/egorecover_prior_data_budget/v1/data_shards/cmu_bike01_7.json,3d692d49d23a7a0f1183b425467e17f0c4aa5c154237d4e4b531fa695ed848d5,preserve relative path; portable copies must not replace immutable identities
exp/egorecover_prior_data_budget/v1/data_shards/cmu_bike02_6.json,file,github_experiment_metadata,172,github:sxh-kk/EgoRecover,review_text_and_provenance,standard,exp/egorecover_prior_data_budget/v1/data_shards/cmu_bike02_6.json,1f619e1c38a4d19e63dcf689579f7a19c291918f049212a84b617c7abd22fd9b,preserve relative path; portable copies must not replace immutable identities
exp/egorecover_prior_data_budget/v1/data_shards/cmu_bike05_4.json,file,github_experiment_metadata,172,github:sxh-kk/EgoRecover,review_text_and_provenance,standard,exp/egorecover_prior_data_budget/v1/data_shards/cmu_bike05_4.json,47d2b4c089e164d3f1be74f300b35003c2d8a8aee3b4b2d49a263d25033ab57d,preserve relative path; portable copies must not replace immutable identities
exp/egorecover_prior_data_budget/v1/data_shards/cmu_bike19_2.json,file,github_experiment_metadata,172,github:sxh-kk/EgoRecover,review_text_and_provenance,standard,exp/egorecover_prior_data_budget/v1/data_shards/cmu_bike19_2.json,dec30b70902ec0412e0f4dafe9b9c9dcf15c0dafa547a7ad4c663a50440d0804,preserve relative path; portable copies must not replace immutable identities
exp/egorecover_prior_data_budget/v1/data_shards/cmu_soccer06_4.json,file,github_experiment_metadata,172,github:sxh-kk/EgoRecover,review_text_and_provenance,standard,exp/egorecover_prior_data_budget/v1/data_shards/cmu_soccer06_4.json,875e7b643702bca1f82c26097f676d32d61893cd41414aa408b2105c65e5d43b,preserve relative path; portable copies must not replace immutable identities
exp/egorecover_prior_data_budget/v1/data_shards/cmu_soccer06_5.json,file,github_experiment_metadata,172,github:sxh-kk/EgoRecover,review_text_and_provenance,standard,exp/egorecover_prior_data_budget/v1/data_shards/cmu_soccer06_5.json,bc176ec66732004ce39dee82a9eefe5aedec7f4879b012534f2f6fc0d1ba57b6,preserve relative path; portable copies must not replace immutable identities
exp/egorecover_prior_data_budget/v1/data_shards/cmu_soccer07_1.json,file,github_experiment_metadata,172,github:sxh-kk/EgoRecover,review_text_and_provenance,standard,exp/egorecover_prior_data_budget/v1/data_shards/cmu_soccer07_1.json,bf8e0d94bf207b9f804f4b79cd55a1638411fe2a002f9907809d7b04bf16e93c,preserve relative path; portable copies must not replace immutable identities
exp/egorecover_prior_data_budget/v1/data_shards/cmu_soccer07_3.json,file,github_experiment_metadata,172,github:sxh-kk/EgoRecover,review_text_and_provenance,standard,exp/egorecover_prior_data_budget/v1/data_shards/cmu_soccer07_3.json,07b85703da0a7fabd11236f22ac7b566442023848815dbf92c1083c3ad7d0e8e,preserve relative path; portable copies must not replace immutable identities
exp/egorecover_prior_data_budget/v1/data_shards/cmu_soccer08_1.json,file,github_experiment_metadata,172,github:sxh-kk/EgoRecover,review_text_and_provenance,standard,exp/egorecover_prior_data_budget/v1/data_shards/cmu_soccer08_1.json,961b71344b19bdd5d2ea2ce36fa9607ab2af96c2bdb9f05b02a1137118ca95a2,preserve relative path; portable copies must not replace immutable identities
exp/egorecover_prior_data_budget/v1/data_shards/cmu_soccer09_1.json,file,github_experiment_metadata,172,github:sxh-kk/EgoRecover,review_text_and_provenance,standard,exp/egorecover_prior_data_budget/v1/data_shards/cmu_soccer09_1.json,6d9a5d0f23b78ef1e9a4876d5ec6f370328db9efaaa42e5f96ca84de8c87ca05,preserve relative path; portable copies must not replace immutable identities
exp/egorecover_prior_data_budget/v1/data_shards/cmu_soccer11_2.json,file,github_experiment_metadata,172,github:sxh-kk/EgoRecover,review_text_and_provenance,standard,exp/egorecover_prior_data_budget/v1/data_shards/cmu_soccer11_2.json,8e25c443dc944dbf57ec52587f4190ef25fa47288adb992c94449bb9b135c3a0,preserve relative path; portable copies must not replace immutable identities
exp/egorecover_prior_data_budget/v1/data_shards/cmu_soccer16_4.json,file,github_experiment_metadata,172,github:sxh-kk/EgoRecover,review_text_and_provenance,standard,exp/egorecover_prior_data_budget/v1/data_shards/cmu_soccer16_4.json,d6b53ef30320e19d87f0bb69862dbb2243c3a7be333785003c8f8f88d57c8480,preserve relative path; portable copies must not replace immutable identities
exp/egorecover_prior_data_budget/v1/data_shards/fair_bike_01_10.json,file,github_experiment_metadata,172,github:sxh-kk/EgoRecover,review_text_and_provenance,standard,exp/egorecover_prior_data_budget/v1/data_shards/fair_bike_01_10.json,2f1c3ec2b828f94833e8ae1eed69224b19749b1b7ecb5b713973163638da8414,preserve relative path; portable copies must not replace immutable identities
exp/egorecover_prior_data_budget/v1/data_shards/fair_bike_01_14.json,file,github_experiment_metadata,172,github:sxh-kk/EgoRecover,review_text_and_provenance,standard,exp/egorecover_prior_data_budget/v1/data_shards/fair_bike_01_14.json,ea57a3ecbd627746a2d657a3c72c2f6b08f079d7c135c566a58da02ec84876a4,preserve relative path; portable copies must not replace immutable identities
exp/egorecover_prior_data_budget/v1/data_shards/fair_bike_01_16.json,file,github_experiment_metadata,172,github:sxh-kk/EgoRecover,review_text_and_provenance,standard,exp/egorecover_prior_data_budget/v1/data_shards/fair_bike_01_16.json,7346cdd0596d6277e5bc8878c048758f4362bd5a2cb1011e08067016cabdf6a9,preserve relative path; portable copies must not replace immutable identities
exp/egorecover_prior_data_budget/v1/data_shards/fair_bike_01_7.json,file,github_experiment_metadata,172,github:sxh-kk/EgoRecover,review_text_and_provenance,standard,exp/egorecover_prior_data_budget/v1/data_shards/fair_bike_01_7.json,0be495e6136cf189982e25b1b517a8b5a2dc460bdb042ffb612f1e44a7d6acaf,preserve relative path; portable copies must not replace immutable identities
exp/egorecover_prior_data_budget/v1/data_shards/fair_bike_06_2.json,file,github_experiment_metadata,172,github:sxh-kk/EgoRecover,review_text_and_provenance,standard,exp/egorecover_prior_data_budget/v1/data_shards/fair_bike_06_2.json,b669c0385c8af7dd6509090b47ba7ca761096c058599228d28940ba183e59e27,preserve relative path; portable copies must not replace immutable identities
exp/egorecover_prior_data_budget/v1/data_shards/fair_bike_08_10.json,file,github_experiment_metadata,172,github:sxh-kk/EgoRecover,review_text_and_provenance,standard,exp/egorecover_prior_data_budget/v1/data_shards/fair_bike_08_10.json,61e6b3f9e3c624b3acff7b1ca1d1b89d5d79f57985e488ebaf64bce96b299e81,preserve relative path; portable copies must not replace immutable identities
exp/egorecover_prior_data_budget/v1/data_shards/fair_bike_08_2.json,file,github_experiment_metadata,172,github:sxh-kk/EgoRecover,review_text_and_provenance,standard,exp/egorecover_prior_data_budget/v1/data_shards/fair_bike_08_2.json,c4848cc94199faa9ce1bf2f0e7a46b474e1aaa9f5b63c14bd7b0546ce6a7dfce,preserve relative path; portable copies must not replace immutable identities
exp/egorecover_prior_data_budget/v1/data_shards/fair_bike_09_2.json,file,github_experiment_metadata,172,github:sxh-kk/EgoRecover,review_text_and_provenance,standard,exp/egorecover_prior_data_budget/v1/data_shards/fair_bike_09_2.json,692979957d8492124cb0b19b3e2739bacbac321360d087f55b699b0fc39ae422,preserve relative path; portable copies must not replace immutable identities
exp/egorecover_prior_data_budget/v1/data_shards/georgiatech_bike_04_8.json,file,github_experiment_metadata,172,github:sxh-kk/EgoRecover,review_text_and_provenance,standard,exp/egorecover_prior_data_budget/v1/data_shards/georgiatech_bike_04_8.json,e30ce02666963ab21a37f363066c4c717704d207be4473c64cbab566738d800c,preserve relative path; portable copies must not replace immutable identities
exp/egorecover_prior_data_budget/v1/data_shards/georgiatech_bike_05_7.json,file,github_experiment_metadata,172,github:sxh-kk/EgoRecover,review_text_and_provenance,standard,exp/egorecover_prior_data_budget/v1/data_shards/georgiatech_bike_05_7.json,ff28a65cefe214f59e138d1f1d5cad1592e0286a3e734f4474b636ec544876ad,preserve relative path; portable copies must not replace immutable identities
exp/egorecover_prior_data_budget/v1/data_shards/georgiatech_bike_08_14.json,file,github_experiment_metadata,172,github:sxh-kk/EgoRecover,review_text_and_provenance,standard,exp/egorecover_prior_data_budget/v1/data_shards/georgiatech_bike_08_14.json,137cbb0e48a9aadc368ab1fefed4f2b82a4093003dca856cc5020421fb6203c8,preserve relative path; portable copies must not replace immutable identities
exp/egorecover_prior_data_budget/v1/data_shards/georgiatech_bike_09_8.json,file,github_experiment_metadata,172,github:sxh-kk/EgoRecover,review_text_and_provenance,standard,exp/egorecover_prior_data_budget/v1/data_shards/georgiatech_bike_09_8.json,d7f8c048f5e1698e007ee67f7af64ffad0c02a72eac9066c2679b7d27e1121ba,preserve relative path; portable copies must not replace immutable identities
exp/egorecover_prior_data_budget/v1/data_shards/georgiatech_bike_11_4.json,file,github_experiment_metadata,172,github:sxh-kk/EgoRecover,review_text_and_provenance,standard,exp/egorecover_prior_data_budget/v1/data_shards/georgiatech_bike_11_4.json,67bef4a735b5f0d49e620b31de13bc866b6cdc9b4018cb2454d0249e05a87f76,preserve relative path; portable copies must not replace immutable identities
exp/egorecover_prior_data_budget/v1/data_shards/georgiatech_bike_11_8.json,file,github_experiment_metadata,172,github:sxh-kk/EgoRecover,review_text_and_provenance,standard,exp/egorecover_prior_data_budget/v1/data_shards/georgiatech_bike_11_8.json,d0c850d05231fd2acdeed399e49085319ed30d1b351a1ed3110387714df5a718,preserve relative path; portable copies must not replace immutable identities
exp/egorecover_prior_data_budget/v1/data_shards/georgiatech_cooking_01_02_2.json,file,github_experiment_metadata,172,github:sxh-kk/EgoRecover,review_text_and_provenance,standard,exp/egorecover_prior_data_budget/v1/data_shards/georgiatech_cooking_01_02_2.json,2c200dff582e55cb705a0b26bf448d18b80042ac7a9b302f7959cf7ae0a91524,preserve relative path; portable copies must not replace immutable identities
exp/egorecover_prior_data_budget/v1/data_shards/georgiatech_cooking_04_01_2.json,file,github_experiment_metadata,172,github:sxh-kk/EgoRecover,review_text_and_provenance,standard,exp/egorecover_prior_data_budget/v1/data_shards/georgiatech_cooking_04_01_2.json,9596216477191c38c181760b1af597886e8a13e9293f99bbb990c859473bc0cd,preserve relative path; portable copies must not replace immutable identities
exp/egorecover_prior_data_budget/v1/data_shards/georgiatech_covid_03_14.json,file,github_experiment_metadata,172,github:sxh-kk/EgoRecover,review_text_and_provenance,standard,exp/egorecover_prior_data_budget/v1/data_shards/georgiatech_covid_03_14.json,95e1f040e560ee4229947e19b624f033e4006cfe6e335aaf3fa5946092fc0d29,preserve relative path; portable copies must not replace immutable identities
exp/egorecover_prior_data_budget/v1/data_shards/georgiatech_covid_03_2.json,file,github_experiment_metadata,172,github:sxh-kk/EgoRecover,review_text_and_provenance,standard,exp/egorecover_prior_data_budget/v1/data_shards/georgiatech_covid_03_2.json,b02449581584223a46bd5844dd6c05da82151a8dad608050f6d0f8ebc77933af,preserve relative path; portable copies must not replace immutable identities
exp/egorecover_prior_data_budget/v1/data_shards/georgiatech_covid_03_6.json,file,github_experiment_metadata,172,github:sxh-kk/EgoRecover,review_text_and_provenance,standard,exp/egorecover_prior_data_budget/v1/data_shards/georgiatech_covid_03_6.json,3696bfda03af16854484a20640c808be2948aac8f1839456b3caefea4a86ab16,preserve relative path; portable copies must not replace immutable identities
exp/egorecover_prior_data_budget/v1/data_shards/georgiatech_covid_05_12.json,file,github_experiment_metadata,172,github:sxh-kk/EgoRecover,review_text_and_provenance,standard,exp/egorecover_prior_data_budget/v1/data_shards/georgiatech_covid_05_12.json,f5aa575a5f1ce461aaca69966521c2485e60469c995cb646e095ced5454715e8,preserve relative path; portable copies must not replace immutable identities
exp/egorecover_prior_data_budget/v1/data_shards/georgiatech_covid_05_2.json,file,github_experiment_metadata,172,github:sxh-kk/EgoRecover,review_text_and_provenance,standard,exp/egorecover_prior_data_budget/v1/data_shards/georgiatech_covid_05_2.json,e9dbfce56b3675698da049477f09254b84857cceb37e2efab36480d83081bb14,preserve relative path; portable copies must not replace immutable identities
exp/egorecover_prior_data_budget/v1/data_shards/georgiatech_covid_09_10.json,file,github_experiment_metadata,172,github:sxh-kk/EgoRecover,review_text_and_provenance,standard,exp/egorecover_prior_data_budget/v1/data_shards/georgiatech_covid_09_10.json,025bf5ef8264725791f5f09001c117bb3d5f589c13e0fb8b221dd25e57d61695,preserve relative path; portable copies must not replace immutable identities
exp/egorecover_prior_data_budget/v1/data_shards/georgiatech_covid_09_8.json,file,github_experiment_metadata,172,github:sxh-kk/EgoRecover,review_text_and_provenance,standard,exp/egorecover_prior_data_budget/v1/data_shards/georgiatech_covid_09_8.json,83ea8072dee43923b197a5385d7fd80103f5fb4106083176981444e28ca0ecde,preserve relative path; portable copies must not replace immutable identities
exp/egorecover_prior_data_budget/v1/data_shards/georgiatech_covid_12_13.json,file,github_experiment_metadata,172,github:sxh-kk/EgoRecover,review_text_and_provenance,standard,exp/egorecover_prior_data_budget/v1/data_shards/georgiatech_covid_12_13.json,96433b72f3fac0012990a110035f6c5fca80e06d481b5d71cdc8821e7c4efe54,preserve relative path; portable copies must not replace immutable identities
exp/egorecover_prior_data_budget/v1/data_shards/georgiatech_covid_12_5.json,file,github_experiment_metadata,172,github:sxh-kk/EgoRecover,review_text_and_provenance,standard,exp/egorecover_prior_data_budget/v1/data_shards/georgiatech_covid_12_5.json,796d705ac8874b8054f4b880bc8542910c89e160993b487956b3f7fbdae59903,preserve relative path; portable copies must not replace immutable identities
exp/egorecover_prior_data_budget/v1/data_shards/georgiatech_covid_13_10.json,file,github_experiment_metadata,172,github:sxh-kk/EgoRecover,review_text_and_provenance,standard,exp/egorecover_prior_data_budget/v1/data_shards/georgiatech_covid_13_10.json,cbc44c9a9f7efdb4d8d2b9f9634bb7cb9569d751a53d7a72701938745f7d3ff6,preserve relative path; portable copies must not replace immutable identities
exp/egorecover_prior_data_budget/v1/data_shards/georgiatech_covid_14_8.json,file,github_experiment_metadata,172,github:sxh-kk/EgoRecover,review_text_and_provenance,standard,exp/egorecover_prior_data_budget/v1/data_shards/georgiatech_covid_14_8.json,11aba2d84180d4205bf9cf1f916873e96be53c4e7026becb75f7f87b17f07267,preserve relative path; portable copies must not replace immutable identities
exp/egorecover_prior_data_budget/v1/data_shards/georgiatech_covid_16_10.json,file,github_experiment_metadata,172,github:sxh-kk/EgoRecover,review_text_and_provenance,standard,exp/egorecover_prior_data_budget/v1/data_shards/georgiatech_covid_16_10.json,b185c9c8f723e3a27d26a098e5ff85584705abf5e122254509c31db1b43c8c4f,preserve relative path; portable copies must not replace immutable identities
exp/egorecover_prior_data_budget/v1/data_shards/georgiatech_covid_16_4.json,file,github_experiment_metadata,172,github:sxh-kk/EgoRecover,review_text_and_provenance,standard,exp/egorecover_prior_data_budget/v1/data_shards/georgiatech_covid_16_4.json,c699920723aa301c332d0c0d45c6df5d11fd97397c9d9a67311267644598b22a,preserve relative path; portable copies must not replace immutable identities
exp/egorecover_prior_data_budget/v1/data_shards/georgiatech_covid_16_8.json,file,github_experiment_metadata,172,github:sxh-kk/EgoRecover,review_text_and_provenance,standard,exp/egorecover_prior_data_budget/v1/data_shards/georgiatech_covid_16_8.json,75fea71aab46dda4c1ba4df1757554a3afd08c9315f9d6543a9cb8974dcc5ac0,preserve relative path; portable copies must not replace immutable identities
exp/egorecover_prior_data_budget/v1/data_shards/iiith_cooking_112_4.json,file,github_experiment_metadata,172,github:sxh-kk/EgoRecover,review_text_and_provenance,standard,exp/egorecover_prior_data_budget/v1/data_shards/iiith_cooking_112_4.json,31a1cf58a01928c3cf3578290e6e197dd803384683ae9cac08143f45dd5e507b,preserve relative path; portable copies must not replace immutable identities
exp/egorecover_prior_data_budget/v1/data_shards/iiith_cooking_116_4.json,file,github_experiment_metadata,172,github:sxh-kk/EgoRecover,review_text_and_provenance,standard,exp/egorecover_prior_data_budget/v1/data_shards/iiith_cooking_116_4.json,5ab485b0fc87808b6c6e16c861754b8c51ccd13b936a1eae10d01e6d370b22c5,preserve relative path; portable copies must not replace immutable identities
exp/egorecover_prior_data_budget/v1/data_shards/iiith_cooking_146_2.json,file,github_experiment_metadata,172,github:sxh-kk/EgoRecover,review_text_and_provenance,standard,exp/egorecover_prior_data_budget/v1/data_shards/iiith_cooking_146_2.json,f42c671285ed20030d2aee68a8785ec899ab1b96b25464d7993e1d85292f8ef8,preserve relative path; portable copies must not replace immutable identities
exp/egorecover_prior_data_budget/v1/data_shards/iiith_cooking_18_1.json,file,github_experiment_metadata,172,github:sxh-kk/EgoRecover,review_text_and_provenance,standard,exp/egorecover_prior_data_budget/v1/data_shards/iiith_cooking_18_1.json,3bb9bb4f38b18a5765bbceaacdda4d4c42141104c93cf5cb57372da264f21d38,preserve relative path; portable copies must not replace immutable identities
exp/egorecover_prior_data_budget/v1/data_shards/iiith_cooking_77_2.json,file,github_experiment_metadata,172,github:sxh-kk/EgoRecover,review_text_and_provenance,standard,exp/egorecover_prior_data_budget/v1/data_shards/iiith_cooking_77_2.json,8f56ac1bd2b4c7b4e3f0ed52f36a65b9d0cbab8c36a0ef7d03c44c3a7bad3fac,preserve relative path; portable copies must not replace immutable identities
exp/egorecover_prior_data_budget/v1/data_shards/iiith_cooking_85_2.json,file,github_experiment_metadata,172,github:sxh-kk/EgoRecover,review_text_and_provenance,standard,exp/egorecover_prior_data_budget/v1/data_shards/iiith_cooking_85_2.json,1b1f3fea4cdce694821e8f1c3146b97da2894c07b755f8b8bb03bf7355b4a007,preserve relative path; portable copies must not replace immutable identities
exp/egorecover_prior_data_budget/v1/data_shards/iiith_piano_001_8.json,file,github_experiment_metadata,172,github:sxh-kk/EgoRecover,review_text_and_provenance,standard,exp/egorecover_prior_data_budget/v1/data_shards/iiith_piano_001_8.json,7a7ad53c60dcbe3dc119f092f3c66307a757af2b9f09d6dfc8d8fa5da4eea981,preserve relative path; portable copies must not replace immutable identities
exp/egorecover_prior_data_budget/v1/data_shards/iiith_soccer_004_2.json,file,github_experiment_metadata,172,github:sxh-kk/EgoRecover,review_text_and_provenance,standard,exp/egorecover_prior_data_budget/v1/data_shards/iiith_soccer_004_2.json,4e0dad68dcba669441e0aabfd5dc9adb7449e6554b211c08e927911873b9f12a,preserve relative path; portable copies must not replace immutable identities
exp/egorecover_prior_data_budget/v1/data_shards/iiith_soccer_014_3.json,file,github_experiment_metadata,172,github:sxh-kk/EgoRecover,review_text_and_provenance,standard,exp/egorecover_prior_data_budget/v1/data_shards/iiith_soccer_014_3.json,03be026a34030b712ba88676478d2886574564354ee97ddd589d84079b4dbbae,preserve relative path; portable copies must not replace immutable identities
exp/egorecover_prior_data_budget/v1/data_shards/iiith_soccer_016_2.json,file,github_experiment_metadata,172,github:sxh-kk/EgoRecover,review_text_and_provenance,standard,exp/egorecover_prior_data_budget/v1/data_shards/iiith_soccer_016_2.json,c8fbfc59d3c97194c867965948ea9d3276844b0c429b9055fd2da8a471b0b6af,preserve relative path; portable copies must not replace immutable identities
exp/egorecover_prior_data_budget/v1/data_shards/iiith_soccer_020_3.json,file,github_experiment_metadata,172,github:sxh-kk/EgoRecover,review_text_and_provenance,standard,exp/egorecover_prior_data_budget/v1/data_shards/iiith_soccer_020_3.json,1b0f7fd06c1949c38111bd9e025d34960f0efe25fdb60a6e08381afec5a04918,preserve relative path; portable copies must not replace immutable identities
exp/egorecover_prior_data_budget/v1/data_shards/iiith_soccer_020_6.json,file,github_experiment_metadata,172,github:sxh-kk/EgoRecover,review_text_and_provenance,standard,exp/egorecover_prior_data_budget/v1/data_shards/iiith_soccer_020_6.json,d02a8b85a295a0dac069107d891ca234c27e276eb44d1f07dd37a4c3cdeb08d9,preserve relative path; portable copies must not replace immutable identities
exp/egorecover_prior_data_budget/v1/data_shards/iiith_soccer_029_3.json,file,github_experiment_metadata,172,github:sxh-kk/EgoRecover,review_text_and_provenance,standard,exp/egorecover_prior_data_budget/v1/data_shards/iiith_soccer_029_3.json,b371d0c095771e915f67bee83dcc3f878b9d3821c5a56a3a798117e68baef1d0,preserve relative path; portable copies must not replace immutable identities
exp/egorecover_prior_data_budget/v1/data_shards/iiith_soccer_034_2.json,file,github_experiment_metadata,172,github:sxh-kk/EgoRecover,review_text_and_provenance,standard,exp/egorecover_prior_data_budget/v1/data_shards/iiith_soccer_034_2.json,798a815f32fc6ec769a1552132f744e81dfeaea66645454785449f5732b6331d,preserve relative path; portable copies must not replace immutable identities
exp/egorecover_prior_data_budget/v1/data_shards/iiith_soccer_034_4.json,file,github_experiment_metadata,172,github:sxh-kk/EgoRecover,review_text_and_provenance,standard,exp/egorecover_prior_data_budget/v1/data_shards/iiith_soccer_034_4.json,7184c3e8216aa22c4787dbcd4f03f034dedbe20f81065efff630a6b1e9acfe67,preserve relative path; portable copies must not replace immutable identities
exp/egorecover_prior_data_budget/v1/data_shards/iiith_soccer_035_3.json,file,github_experiment_metadata,172,github:sxh-kk/EgoRecover,review_text_and_provenance,standard,exp/egorecover_prior_data_budget/v1/data_shards/iiith_soccer_035_3.json,1dca7d3b9f613b631f2b5a227acd6116df02f229a8942726168841dac9aa04be,preserve relative path; portable copies must not replace immutable identities
exp/egorecover_prior_data_budget/v1/data_shards/iiith_soccer_035_5.json,file,github_experiment_metadata,172,github:sxh-kk/EgoRecover,review_text_and_provenance,standard,exp/egorecover_prior_data_budget/v1/data_shards/iiith_soccer_035_5.json,560dd1109831bac55d906d43a0b4b8ea228991776aaec5c109385ddeae1c602d,preserve relative path; portable copies must not replace immutable identities
exp/egorecover_prior_data_budget/v1/data_shards/iiith_soccer_036_2.json,file,github_experiment_metadata,172,github:sxh-kk/EgoRecover,review_text_and_provenance,standard,exp/egorecover_prior_data_budget/v1/data_shards/iiith_soccer_036_2.json,883d023e0942e70155ce3b6fc42461e979702ab2b2a651e85cf66abd9e487626,preserve relative path; portable copies must not replace immutable identities
exp/egorecover_prior_data_budget/v1/data_shards/iiith_soccer_036_3.json,file,github_experiment_metadata,172,github:sxh-kk/EgoRecover,review_text_and_provenance,standard,exp/egorecover_prior_data_budget/v1/data_shards/iiith_soccer_036_3.json,e12680158d7132b5a2f7632c1b11a4219ec9205eec63afeaffc8f72ce1cb7c95,preserve relative path; portable copies must not replace immutable identities
exp/egorecover_prior_data_budget/v1/data_shards/iiith_soccer_041_4.json,file,github_experiment_metadata,172,github:sxh-kk/EgoRecover,review_text_and_provenance,standard,exp/egorecover_prior_data_budget/v1/data_shards/iiith_soccer_041_4.json,0c8c4a79f6aa241fca561ac94d9998abb886d34e323a55a4a4390e64304e7062,preserve relative path; portable copies must not replace immutable identities
exp/egorecover_prior_data_budget/v1/data_shards/iiith_soccer_052_4.json,file,github_experiment_metadata,172,github:sxh-kk/EgoRecover,review_text_and_provenance,standard,exp/egorecover_prior_data_budget/v1/data_shards/iiith_soccer_052_4.json,ead5c596a5ee88853d30df967729bdfad7c6ffc3345677abb504f57658f2a5dd,preserve relative path; portable copies must not replace immutable identities
exp/egorecover_prior_data_budget/v1/data_shards/iiith_soccer_061_6.json,file,github_experiment_metadata,172,github:sxh-kk/EgoRecover,review_text_and_provenance,standard,exp/egorecover_prior_data_budget/v1/data_shards/iiith_soccer_061_6.json,5099aede252029d504f8ccea813a055389e40278a0d99f4fa82884b0ab335d07,preserve relative path; portable copies must not replace immutable identities
exp/egorecover_prior_data_budget/v1/data_shards/indiana_bike_04_2.json,file,github_experiment_metadata,172,github:sxh-kk/EgoRecover,review_text_and_provenance,standard,exp/egorecover_prior_data_budget/v1/data_shards/indiana_bike_04_2.json,6deedecfaa92ecb9b7560fc90cf73057c4f8075053d5be63e3943f15cdf46dec,preserve relative path; portable copies must not replace immutable identities
exp/egorecover_prior_data_budget/v1/data_shards/indiana_bike_04_7.json,file,github_experiment_metadata,172,github:sxh-kk/EgoRecover,review_text_and_provenance,standard,exp/egorecover_prior_data_budget/v1/data_shards/indiana_bike_04_7.json,3905bc775538ca58df44cd58b570c94fb33f923c5b11eee88e4cb15172868efb,preserve relative path; portable copies must not replace immutable identities
exp/egorecover_prior_data_budget/v1/data_shards/indiana_bike_06_7.json,file,github_experiment_metadata,172,github:sxh-kk/EgoRecover,review_text_and_provenance,standard,exp/egorecover_prior_data_budget/v1/data_shards/indiana_bike_06_7.json,01f43ed939b526170c89a7fbc2e4d585b5a05334b037d09a0d4fbc78afe26d2a,preserve relative path; portable copies must not replace immutable identities
exp/egorecover_prior_data_budget/v1/data_shards/indiana_bike_06_9.json,file,github_experiment_metadata,172,github:sxh-kk/EgoRecover,review_text_and_provenance,standard,exp/egorecover_prior_data_budget/v1/data_shards/indiana_bike_06_9.json,ff67b76e44a147f32d7e3dd7ad2d8df56049bbe413a7505cf8f3f3e371b2763b,preserve relative path; portable copies must not replace immutable identities
exp/egorecover_prior_data_budget/v1/data_shards/indiana_bike_12_15.json,file,github_experiment_metadata,172,github:sxh-kk/EgoRecover,review_text_and_provenance,standard,exp/egorecover_prior_data_budget/v1/data_shards/indiana_bike_12_15.json,cadadebd2527485384e447b380590d9df2c97a03255277a47df35566179a9acb,preserve relative path; portable copies must not replace immutable identities
exp/egorecover_prior_data_budget/v1/data_shards/indiana_bike_13_4.json,file,github_experiment_metadata,172,github:sxh-kk/EgoRecover,review_text_and_provenance,standard,exp/egorecover_prior_data_budget/v1/data_shards/indiana_bike_13_4.json,637803424f79f5409e419a2689a382b7fc284d2eaa7098549acf4795b450914d,preserve relative path; portable copies must not replace immutable identities
exp/egorecover_prior_data_budget/v1/data_shards/indiana_bike_15_20.json,file,github_experiment_metadata,172,github:sxh-kk/EgoRecover,review_text_and_provenance,standard,exp/egorecover_prior_data_budget/v1/data_shards/indiana_bike_15_20.json,6c8ff351c0ca038be1853b022aaa20b16686fb58c183187378796522817af8ba,preserve relative path; portable copies must not replace immutable identities
exp/egorecover_prior_data_budget/v1/data_shards/indiana_bike_15_4.json,file,github_experiment_metadata,172,github:sxh-kk/EgoRecover,review_text_and_provenance,standard,exp/egorecover_prior_data_budget/v1/data_shards/indiana_bike_15_4.json,74f8fffae02e3aa7f82412c8728f804b77f51aa1e86b72a75849766a2ead3bb2,preserve relative path; portable copies must not replace immutable identities
exp/egorecover_prior_data_budget/v1/data_shards/indiana_cooking_03_2.json,file,github_experiment_metadata,172,github:sxh-kk/EgoRecover,review_text_and_provenance,standard,exp/egorecover_prior_data_budget/v1/data_shards/indiana_cooking_03_2.json,8a80c684baa10cc901cb811357022ed1bd4bb6d2349783f3703a528283085bb3,preserve relative path; portable copies must not replace immutable identities
exp/egorecover_prior_data_budget/v1/data_shards/indiana_cooking_03_3.json,file,github_experiment_metadata,172,github:sxh-kk/EgoRecover,review_text_and_provenance,standard,exp/egorecover_prior_data_budget/v1/data_shards/indiana_cooking_03_3.json,399c03a477fde1e5f85d28c7df0e2b21eb7511d71ae1815ad24a1c17f618430f,preserve relative path; portable copies must not replace immutable identities
exp/egorecover_prior_data_budget/v1/data_shards/indiana_cooking_10_4.json,file,github_experiment_metadata,172,github:sxh-kk/EgoRecover,review_text_and_provenance,standard,exp/egorecover_prior_data_budget/v1/data_shards/indiana_cooking_10_4.json,9153f66cc2dd36cb485fa7fcc9c14f0d2e2535909991f85e954648e6ef809f29,preserve relative path; portable copies must not replace immutable identities
exp/egorecover_prior_data_budget/v1/data_shards/indiana_cooking_21_4.json,file,github_experiment_metadata,172,github:sxh-kk/EgoRecover,review_text_and_provenance,standard,exp/egorecover_prior_data_budget/v1/data_shards/indiana_cooking_21_4.json,933120d91830cc5ef63d862f3069b1b22ac2341d2fa409f57dfdca8e126da26d,preserve relative path; portable copies must not replace immutable identities
exp/egorecover_prior_data_budget/v1/data_shards/indiana_music_06_4.json,file,github_experiment_metadata,172,github:sxh-kk/EgoRecover,review_text_and_provenance,standard,exp/egorecover_prior_data_budget/v1/data_shards/indiana_music_06_4.json,9d0d29f1bac9e5bb39772984402fa5177a36a47088269a13a0a553ee0c6ff897,preserve relative path; portable copies must not replace immutable identities
exp/egorecover_prior_data_budget/v1/data_shards/indiana_music_09_5.json,file,github_experiment_metadata,172,github:sxh-kk/EgoRecover,review_text_and_provenance,standard,exp/egorecover_prior_data_budget/v1/data_shards/indiana_music_09_5.json,8183231618121e1343aecdc162ee7840479692892121719ffad5479cdaa54e24,preserve relative path; portable copies must not replace immutable identities
exp/egorecover_prior_data_budget/v1/data_shards/indiana_music_11_5.json,file,github_experiment_metadata,172,github:sxh-kk/EgoRecover,review_text_and_provenance,standard,exp/egorecover_prior_data_budget/v1/data_shards/indiana_music_11_5.json,94477140bfb19b2ab48c612c83f8d1eed060f3a0ba26af7e85d6c8ab417df3f2,preserve relative path; portable copies must not replace immutable identities
exp/egorecover_prior_data_budget/v1/data_shards/indiana_music_14_3.json,file,github_experiment_metadata,172,github:sxh-kk/EgoRecover,review_text_and_provenance,standard,exp/egorecover_prior_data_budget/v1/data_shards/indiana_music_14_3.json,ff2620324ea2f46a1ea47bc2cdb88453ba38c53f5663312c4b8b8338c5a473d3,preserve relative path; portable copies must not replace immutable identities
exp/egorecover_prior_data_budget/v1/data_shards/indiana_music_14_4.json,file,github_experiment_metadata,172,github:sxh-kk/EgoRecover,review_text_and_provenance,standard,exp/egorecover_prior_data_budget/v1/data_shards/indiana_music_14_4.json,d62f1f2e810bbc3628a46d5dfcbaa3eba8f92ce47d6ab0b72c81039109a9d885,preserve relative path; portable copies must not replace immutable identities
exp/egorecover_prior_data_budget/v1/data_shards/manifest.json,file,github_experiment_metadata,213060,github:sxh-kk/EgoRecover,review_text_and_provenance,standard,exp/egorecover_prior_data_budget/v1/data_shards/manifest.json,dd946edfbe75267664e4efedf9835715ac9f91f4d7a6f7e06be19107d77122f3,preserve relative path; portable copies must not replace immutable identities
exp/egorecover_prior_data_budget/v1/data_shards/minnesota_cooking_023_2.json,file,github_experiment_metadata,172,github:sxh-kk/EgoRecover,review_text_and_provenance,standard,exp/egorecover_prior_data_budget/v1/data_shards/minnesota_cooking_023_2.json,a815fa90d8f771d6997cf39211ebfd435b887a7becfe060edde6b5fa3a03319a,preserve relative path; portable copies must not replace immutable identities
exp/egorecover_prior_data_budget/v1/data_shards/nus_cpr_08_2.json,file,github_experiment_metadata,172,github:sxh-kk/EgoRecover,review_text_and_provenance,standard,exp/egorecover_prior_data_budget/v1/data_shards/nus_cpr_08_2.json,b8132a6a2095c65ddcb4ca62f66918912414757d4179bfa392353ee2a3a7fa62,preserve relative path; portable copies must not replace immutable identities
exp/egorecover_prior_data_budget/v1/data_shards/nus_cpr_09_2.json,file,github_experiment_metadata,172,github:sxh-kk/EgoRecover,review_text_and_provenance,standard,exp/egorecover_prior_data_budget/v1/data_shards/nus_cpr_09_2.json,41061037809ba97c0afd8664fb5a0fc6722de2052611bdcf2f65b022a577a1fc,preserve relative path; portable copies must not replace immutable identities
exp/egorecover_prior_data_budget/v1/data_shards/nus_cpr_29_2.json,file,github_experiment_metadata,172,github:sxh-kk/EgoRecover,review_text_and_provenance,standard,exp/egorecover_prior_data_budget/v1/data_shards/nus_cpr_29_2.json,41468c56fd492628f14fc64f23af4277844de55c609ec5a0c0f1297b77fabe4e,preserve relative path; portable copies must not replace immutable identities
exp/egorecover_prior_data_budget/v1/data_shards/nus_cpr_47_1.json,file,github_experiment_metadata,172,github:sxh-kk/EgoRecover,review_text_and_provenance,standard,exp/egorecover_prior_data_budget/v1/data_shards/nus_cpr_47_1.json,49c572b7271feb2bf9a3395214d2a0105012b3ca0c55dc82f3293a32787bbdde,preserve relative path; portable copies must not replace immutable identities
exp/egorecover_prior_data_budget/v1/data_shards/nus_cpr_48_1.json,file,github_experiment_metadata,172,github:sxh-kk/EgoRecover,review_text_and_provenance,standard,exp/egorecover_prior_data_budget/v1/data_shards/nus_cpr_48_1.json,1c0ab868720068ce5c017e6396b3767a33c617d0f300a11347f7714d7f19c87a,preserve relative path; portable copies must not replace immutable identities
exp/egorecover_prior_data_budget/v1/data_shards/nus_cpr_50_1.json,file,github_experiment_metadata,172,github:sxh-kk/EgoRecover,review_text_and_provenance,standard,exp/egorecover_prior_data_budget/v1/data_shards/nus_cpr_50_1.json,a03c367d2e975013de82d710c295dca356f40cb25277301769c23de2fe3ac358,preserve relative path; portable copies must not replace immutable identities
exp/egorecover_prior_data_budget/v1/data_shards/sfu_basketball013_28.json,file,github_experiment_metadata,172,github:sxh-kk/EgoRecover,review_text_and_provenance,standard,exp/egorecover_prior_data_budget/v1/data_shards/sfu_basketball013_28.json,1cd345e188920df44fdf15265bbdd5808d353c4e62372cff383df0c698b5c9e5,preserve relative path; portable copies must not replace immutable identities
exp/egorecover_prior_data_budget/v1/data_shards/sfu_basketball013_7.json,file,github_experiment_metadata,172,github:sxh-kk/EgoRecover,review_text_and_provenance,standard,exp/egorecover_prior_data_budget/v1/data_shards/sfu_basketball013_7.json,fdb116e938a8af68d8d7ba37f4b0b8476d391b4dd2fd21bc7b9602db871be061,preserve relative path; portable copies must not replace immutable identities
exp/egorecover_prior_data_budget/v1/data_shards/sfu_basketball015_28.json,file,github_experiment_metadata,172,github:sxh-kk/EgoRecover,review_text_and_provenance,standard,exp/egorecover_prior_data_budget/v1/data_shards/sfu_basketball015_28.json,9443f214dee0025d94ae9a75f619436566ee754586a10bef890c0e48651a66bb,preserve relative path; portable copies must not replace immutable identities
exp/egorecover_prior_data_budget/v1/data_shards/sfu_basketball017_18.json,file,github_experiment_metadata,172,github:sxh-kk/EgoRecover,review_text_and_provenance,standard,exp/egorecover_prior_data_budget/v1/data_shards/sfu_basketball017_18.json,7a5f0dfbcdb20826da9d82cd8658cbab157d47f11e92780d0cf3f751fb244339,preserve relative path; portable copies must not replace immutable identities
exp/egorecover_prior_data_budget/v1/data_shards/sfu_basketball_02_26.json,file,github_experiment_metadata,172,github:sxh-kk/EgoRecover,review_text_and_provenance,standard,exp/egorecover_prior_data_budget/v1/data_shards/sfu_basketball_02_26.json,7f9b86e08498d64545df2d7f7c9cd6754ce94ece745e01c18d3ffbae5d77bfd2,preserve relative path; portable copies must not replace immutable identities
exp/egorecover_prior_data_budget/v1/data_shards/sfu_basketball_11_29.json,file,github_experiment_metadata,172,github:sxh-kk/EgoRecover,review_text_and_provenance,standard,exp/egorecover_prior_data_budget/v1/data_shards/sfu_basketball_11_29.json,bab4cb8f1a01ce11f54f98bc930e8d43d52bd9a69709dac9c246a1057196db33,preserve relative path; portable copies must not replace immutable identities
exp/egorecover_prior_data_budget/v1/data_shards/sfu_cooking023_6.json,file,github_experiment_metadata,172,github:sxh-kk/EgoRecover,review_text_and_provenance,standard,exp/egorecover_prior_data_budget/v1/data_shards/sfu_cooking023_6.json,3b47a63b3d209a20a868a68d4e5db6926ffaa9e85aed8e7047c70dda5557d046,preserve relative path; portable copies must not replace immutable identities
exp/egorecover_prior_data_budget/v1/data_shards/sfu_cooking_001_8.json,file,github_experiment_metadata,172,github:sxh-kk/EgoRecover,review_text_and_provenance,standard,exp/egorecover_prior_data_budget/v1/data_shards/sfu_cooking_001_8.json,c9c09005533525edb19f33be6b34b8e70b642de722220563da3e1a947b9440ec,preserve relative path; portable copies must not replace immutable identities
exp/egorecover_prior_data_budget/v1/data_shards/sfu_cooking_002_5.json,file,github_experiment_metadata,172,github:sxh-kk/EgoRecover,review_text_and_provenance,standard,exp/egorecover_prior_data_budget/v1/data_shards/sfu_cooking_002_5.json,f809ef7e1024e0328e2b46d74dd1e56099cefac8334af23fe7099e3b609b78e7,preserve relative path; portable copies must not replace immutable identities
exp/egorecover_prior_data_budget/v1/data_shards/sfu_cooking_005_2.json,file,github_experiment_metadata,172,github:sxh-kk/EgoRecover,review_text_and_provenance,standard,exp/egorecover_prior_data_budget/v1/data_shards/sfu_cooking_005_2.json,e142cfcfdd6f227ee1a223f453625df0f25c2e5fc21c979f9c2d1d875862096e,preserve relative path; portable copies must not replace immutable identities
exp/egorecover_prior_data_budget/v1/data_shards/sfu_cooking_006_1.json,file,github_experiment_metadata,172,github:sxh-kk/EgoRecover,review_text_and_provenance,standard,exp/egorecover_prior_data_budget/v1/data_shards/sfu_cooking_006_1.json,e83ee1fd66af1c8ddd3d40aca431e5a6ed921656b6cc23cee32164203d56202d,preserve relative path; portable copies must not replace immutable identities
exp/egorecover_prior_data_budget/v1/data_shards/sfu_covid_001_4.json,file,github_experiment_metadata,172,github:sxh-kk/EgoRecover,review_text_and_provenance,standard,exp/egorecover_prior_data_budget/v1/data_shards/sfu_covid_001_4.json,b0fd03ca6ea1374e756c5aad4471c38315fcb34e702ecbbc67c2729fba2c169b,preserve relative path; portable copies must not replace immutable identities
exp/egorecover_prior_data_budget/v1/data_shards/sfu_covid_002_10.json,file,github_experiment_metadata,172,github:sxh-kk/EgoRecover,review_text_and_provenance,standard,exp/egorecover_prior_data_budget/v1/data_shards/sfu_covid_002_10.json,976ebe6f1c387baf9ca9279e35e896358eb2dedae8d8814083347aa6059cfbe3,preserve relative path; portable copies must not replace immutable identities
exp/egorecover_prior_data_budget/v1/data_shards/sfu_covid_010_6.json,file,github_experiment_metadata,172,github:sxh-kk/EgoRecover,review_text_and_provenance,standard,exp/egorecover_prior_data_budget/v1/data_shards/sfu_covid_010_6.json,d6e6ad6905529c98061ee0c3e78d6c62b7edb005f00344c111d1a2e46704fcc3,preserve relative path; portable copies must not replace immutable identities
exp/egorecover_prior_data_budget/v1/data_shards/unc_basketball_02-24-23_01_28.json,file,github_experiment_metadata,172,github:sxh-kk/EgoRecover,review_text_and_provenance,standard,exp/egorecover_prior_data_budget/v1/data_shards/unc_basketball_02-24-23_01_28.json,9a88fe665e60a35a4d15fa28f6abc5395e0b2edb31720ad6cb99533f88f90f9d,preserve relative path; portable copies must not replace immutable identities
exp/egorecover_prior_data_budget/v1/data_shards/unc_basketball_02-24-23_01_40.json,file,github_experiment_metadata,172,github:sxh-kk/EgoRecover,review_text_and_provenance,standard,exp/egorecover_prior_data_budget/v1/data_shards/unc_basketball_02-24-23_01_40.json,9331fb30fa3d0fef0350b051d11ca67f19eeded0e2f4ca353797f262fd0f7117,preserve relative path; portable copies must not replace immutable identities
exp/egorecover_prior_data_budget/v1/data_shards/unc_basketball_03-09-23_01_32.json,file,github_experiment_metadata,172,github:sxh-kk/EgoRecover,review_text_and_provenance,standard,exp/egorecover_prior_data_budget/v1/data_shards/unc_basketball_03-09-23_01_32.json,2e6bb925602abc4cfa917c6429ad4dcd00b48defb320f85ae28d543b4a227d6f,preserve relative path; portable copies must not replace immutable identities
exp/egorecover_prior_data_budget/v1/data_shards/unc_basketball_03-09-23_02_5.json,file,github_experiment_metadata,172,github:sxh-kk/EgoRecover,review_text_and_provenance,standard,exp/egorecover_prior_data_budget/v1/data_shards/unc_basketball_03-09-23_02_5.json,84dbbc89a576b5f506238107bec17d28c5c30db514d25bdff6a99fd028e3f69b,preserve relative path; portable copies must not replace immutable identities
exp/egorecover_prior_data_budget/v1/data_shards/unc_basketball_03-16-23_01_37.json,file,github_experiment_metadata,172,github:sxh-kk/EgoRecover,review_text_and_provenance,standard,exp/egorecover_prior_data_budget/v1/data_shards/unc_basketball_03-16-23_01_37.json,0eb1c59e14b0d070defccbd0b3602ea172339bfb5b56f6d095994b1976ff7722,preserve relative path; portable copies must not replace immutable identities
exp/egorecover_prior_data_budget/v1/data_shards/unc_basketball_03-16-23_02_28.json,file,github_experiment_metadata,172,github:sxh-kk/EgoRecover,review_text_and_provenance,standard,exp/egorecover_prior_data_budget/v1/data_shards/unc_basketball_03-16-23_02_28.json,6de71f38330914dc712c731ab42fa54dcce379e75409d38615fcf642bb033e78,preserve relative path; portable copies must not replace immutable identities
exp/egorecover_prior_data_budget/v1/data_shards/unc_basketball_03-30-23_02_32.json,file,github_experiment_metadata,172,github:sxh-kk/EgoRecover,review_text_and_provenance,standard,exp/egorecover_prior_data_budget/v1/data_shards/unc_basketball_03-30-23_02_32.json,14bdd4c3d5e4775ec51bbd05dcb652058d9f8772fb557006050fe51e5b725503,preserve relative path; portable copies must not replace immutable identities
exp/egorecover_prior_data_budget/v1/data_shards/unc_basketball_03-31-23_01_13.json,file,github_experiment_metadata,172,github:sxh-kk/EgoRecover,review_text_and_provenance,standard,exp/egorecover_prior_data_budget/v1/data_shards/unc_basketball_03-31-23_01_13.json,88c1dc6f427b790cdde793187aee29f00876f915cb1de24acbf9a8b23ed514a7,preserve relative path; portable copies must not replace immutable identities
exp/egorecover_prior_data_budget/v1/data_shards/unc_basketball_03-31-23_01_42.json,file,github_experiment_metadata,172,github:sxh-kk/EgoRecover,review_text_and_provenance,standard,exp/egorecover_prior_data_budget/v1/data_shards/unc_basketball_03-31-23_01_42.json,60101d92d83f2802f4e1f5434f20266e4e98fa3b90095c45711385d1c566439c,preserve relative path; portable copies must not replace immutable identities
exp/egorecover_prior_data_budget/v1/data_shards/unc_basketball_03-31-23_02_23.json,file,github_experiment_metadata,172,github:sxh-kk/EgoRecover,review_text_and_provenance,standard,exp/egorecover_prior_data_budget/v1/data_shards/unc_basketball_03-31-23_02_23.json,649f03114c977bab7c8ee1fa297431a098fae0b37e7f44e06c4edfb61eb1837b,preserve relative path; portable copies must not replace immutable identities
exp/egorecover_prior_data_budget/v1/data_shards/unc_soccer_09-21-23_01_45.json,file,github_experiment_metadata,172,github:sxh-kk/EgoRecover,review_text_and_provenance,standard,exp/egorecover_prior_data_budget/v1/data_shards/unc_soccer_09-21-23_01_45.json,04133544c16ee050515fed809d059c73d0ab5adac3b373b4641c61d98715b81a,preserve relative path; portable copies must not replace immutable identities
exp/egorecover_prior_data_budget/v1/data_shards/unc_soccer_09-22-23_01_10.json,file,github_experiment_metadata,172,github:sxh-kk/EgoRecover,review_text_and_provenance,standard,exp/egorecover_prior_data_budget/v1/data_shards/unc_soccer_09-22-23_01_10.json,4b46f3836ff7c5544b6d59c5011f5526d404b8b2355efa8f4ba4a908f44080aa,preserve relative path; portable copies must not replace immutable identities
exp/egorecover_prior_data_budget/v1/data_shards/unc_soccer_09-22-23_01_9.json,file,github_experiment_metadata,172,github:sxh-kk/EgoRecover,review_text_and_provenance,standard,exp/egorecover_prior_data_budget/v1/data_shards/unc_soccer_09-22-23_01_9.json,74b7c6b08b7309af08522b02dc05eaabb4b21a20d85683f746aca081e99bc4fd,preserve relative path; portable copies must not replace immutable identities
exp/egorecover_prior_data_budget/v1/data_shards/uniandes_basketball_001_7.json,file,github_experiment_metadata,172,github:sxh-kk/EgoRecover,review_text_and_provenance,standard,exp/egorecover_prior_data_budget/v1/data_shards/uniandes_basketball_001_7.json,1f9c7fe1ce5fef72a6fafb9d874eb037de1d9a6c79fdab93f36673ec104edc6c,preserve relative path; portable copies must not replace immutable identities
exp/egorecover_prior_data_budget/v1/data_shards/uniandes_basketball_002_23.json,file,github_experiment_metadata,172,github:sxh-kk/EgoRecover,review_text_and_provenance,standard,exp/egorecover_prior_data_budget/v1/data_shards/uniandes_basketball_002_23.json,fc54ead315ef58efa119a248383bd0dba24bb4e127ea39bfb87474e58b6ec8c3,preserve relative path; portable copies must not replace immutable identities
exp/egorecover_prior_data_budget/v1/data_shards/uniandes_basketball_002_4.json,file,github_experiment_metadata,172,github:sxh-kk/EgoRecover,review_text_and_provenance,standard,exp/egorecover_prior_data_budget/v1/data_shards/uniandes_basketball_002_4.json,97cdf0ca184e91cc82e08c93120956cb24b2c6ddd3aacd60150947be2c9e9db1,preserve relative path; portable copies must not replace immutable identities
exp/egorecover_prior_data_budget/v1/data_shards/uniandes_basketball_002_9.json,file,github_experiment_metadata,172,github:sxh-kk/EgoRecover,review_text_and_provenance,standard,exp/egorecover_prior_data_budget/v1/data_shards/uniandes_basketball_002_9.json,cdfa282f6d70a23c31b2db3fb54aaca992a444d7e429aacd4b4494ee8b5f51fb,preserve relative path; portable copies must not replace immutable identities
exp/egorecover_prior_data_budget/v1/data_shards/uniandes_basketball_003_23.json,file,github_experiment_metadata,172,github:sxh-kk/EgoRecover,review_text_and_provenance,standard,exp/egorecover_prior_data_budget/v1/data_shards/uniandes_basketball_003_23.json,6273e862ffe38c7f234fd1fc6cbd624654527ab79e5f7f9c86781d78c88e96d8,preserve relative path; portable copies must not replace immutable identities
exp/egorecover_prior_data_budget/v1/data_shards/uniandes_basketball_003_29.json,file,github_experiment_metadata,172,github:sxh-kk/EgoRecover,review_text_and_provenance,standard,exp/egorecover_prior_data_budget/v1/data_shards/uniandes_basketball_003_29.json,63dd0086b9cbeab7302d18cc5bf26301ca119adedd8b8c51047559ba6f085ff5,preserve relative path; portable copies must not replace immutable identities
exp/egorecover_prior_data_budget/v1/data_shards/uniandes_basketball_003_32.json,file,github_experiment_metadata,172,github:sxh-kk/EgoRecover,review_text_and_provenance,standard,exp/egorecover_prior_data_budget/v1/data_shards/uniandes_basketball_003_32.json,1f1674db0c3ef9941babe14a6abb90e49f6f79c0ee126a364f1d59f273ea58c9,preserve relative path; portable copies must not replace immutable identities
exp/egorecover_prior_data_budget/v1/data_shards/uniandes_basketball_003_35.json,file,github_experiment_metadata,172,github:sxh-kk/EgoRecover,review_text_and_provenance,standard,exp/egorecover_prior_data_budget/v1/data_shards/uniandes_basketball_003_35.json,39b4d0d5b5fde2d015d34a9bbf450de3b3fe5ee07330d25e501c40cc0e56de67,preserve relative path; portable copies must not replace immutable identities
exp/egorecover_prior_data_budget/v1/data_shards/uniandes_basketball_003_36.json,file,github_experiment_metadata,172,github:sxh-kk/EgoRecover,review_text_and_provenance,standard,exp/egorecover_prior_data_budget/v1/data_shards/uniandes_basketball_003_36.json,6aa72800c0b8aa9889f17970d2325e4b2c841b163cb565ec09fc842a6918130e,preserve relative path; portable copies must not replace immutable identities
exp/egorecover_prior_data_budget/v1/data_shards/uniandes_basketball_004_6.json,file,github_experiment_metadata,172,github:sxh-kk/EgoRecover,review_text_and_provenance,standard,exp/egorecover_prior_data_budget/v1/data_shards/uniandes_basketball_004_6.json,04faadf5fff99b392859c06266abcc41faf69712f723b3473f78efeddf4e7b49,preserve relative path; portable copies must not replace immutable identities
exp/egorecover_prior_data_budget/v1/data_shards/uniandes_cooking_005_4.json,file,github_experiment_metadata,172,github:sxh-kk/EgoRecover,review_text_and_provenance,standard,exp/egorecover_prior_data_budget/v1/data_shards/uniandes_cooking_005_4.json,1b5f9fed895900f77824ce8cbb3f0365238b1f2f29e6916fb34bebd0798012ac,preserve relative path; portable copies must not replace immutable identities
exp/egorecover_prior_data_budget/v1/data_shards/uniandes_cooking_005_8.json,file,github_experiment_metadata,172,github:sxh-kk/EgoRecover,review_text_and_provenance,standard,exp/egorecover_prior_data_budget/v1/data_shards/uniandes_cooking_005_8.json,74657eb4896f5fa16a9e40cdfa3efa9da9a2cd43aa3cdaf59825c612cbce5c33,preserve relative path; portable copies must not replace immutable identities
exp/egorecover_prior_data_budget/v1/data_shards/uniandes_cooking_006_10.json,file,github_experiment_metadata,172,github:sxh-kk/EgoRecover,review_text_and_provenance,standard,exp/egorecover_prior_data_budget/v1/data_shards/uniandes_cooking_006_10.json,5d4eb1f0878611904b4782679ca6565fcb09aef11baa7421efcbdf4aededf4be,preserve relative path; portable copies must not replace immutable identities
exp/egorecover_prior_data_budget/v1/data_shards/uniandes_cooking_008_8.json,file,github_experiment_metadata,172,github:sxh-kk/EgoRecover,review_text_and_provenance,standard,exp/egorecover_prior_data_budget/v1/data_shards/uniandes_cooking_008_8.json,d045721b051d7f8023b0a14c93e26207d0a9d3ac17b98832e29112ee4517a96c,preserve relative path; portable copies must not replace immutable identities
exp/egorecover_prior_data_budget/v1/data_shards/uniandes_cooking_009_2.json,file,github_experiment_metadata,172,github:sxh-kk/EgoRecover,review_text_and_provenance,standard,exp/egorecover_prior_data_budget/v1/data_shards/uniandes_cooking_009_2.json,4500bf8b70a43f2093a30f2e6aa7cf114a5047b13df38358403446414e2e241f,preserve relative path; portable copies must not replace immutable identities
exp/egorecover_prior_data_budget/v1/data_shards/uniandes_cooking_009_4.json,file,github_experiment_metadata,172,github:sxh-kk/EgoRecover,review_text_and_provenance,standard,exp/egorecover_prior_data_budget/v1/data_shards/uniandes_cooking_009_4.json,4da53ed197d2f59f9a735d4dc9750356ee53e6be2e789609ad4d67656afbcabb,preserve relative path; portable copies must not replace immutable identities
exp/egorecover_prior_data_budget/v1/data_shards/uniandes_cooking_009_6.json,file,github_experiment_metadata,172,github:sxh-kk/EgoRecover,review_text_and_provenance,standard,exp/egorecover_prior_data_budget/v1/data_shards/uniandes_cooking_009_6.json,8b9884d1d0a82b86b48941596283a96e2720502a5d4bea9a5482acfb40f70b4c,preserve relative path; portable copies must not replace immutable identities
exp/egorecover_prior_data_budget/v1/data_shards/uniandes_dance_008_22.json,file,github_experiment_metadata,172,github:sxh-kk/EgoRecover,review_text_and_provenance,standard,exp/egorecover_prior_data_budget/v1/data_shards/uniandes_dance_008_22.json,67fb4b4632d99ab459d152b705830ffb4a81b427169bb1c10858db9e3a1d2844,preserve relative path; portable copies must not replace immutable identities
exp/egorecover_prior_data_budget/v1/data_shards/uniandes_dance_008_25.json,file,github_experiment_metadata,172,github:sxh-kk/EgoRecover,review_text_and_provenance,standard,exp/egorecover_prior_data_budget/v1/data_shards/uniandes_dance_008_25.json,6130e0db3f4ddfeeb0cdd84e507506a03abdf6dca8a8291db9af6cd8ae1d9c16,preserve relative path; portable copies must not replace immutable identities
exp/egorecover_prior_data_budget/v1/data_shards/uniandes_dance_008_27.json,file,github_experiment_metadata,172,github:sxh-kk/EgoRecover,review_text_and_provenance,standard,exp/egorecover_prior_data_budget/v1/data_shards/uniandes_dance_008_27.json,02129836f7d2204ed84dbe6f5323c486208ec067c646a68339e561f1b77063ff,preserve relative path; portable copies must not replace immutable identities
exp/egorecover_prior_data_budget/v1/data_shards/uniandes_dance_012_28.json,file,github_experiment_metadata,172,github:sxh-kk/EgoRecover,review_text_and_provenance,standard,exp/egorecover_prior_data_budget/v1/data_shards/uniandes_dance_012_28.json,d320f3df7c9e8e954c8cd349c9016963196c287499145426cba14590e42ccb21,preserve relative path; portable copies must not replace immutable identities
exp/egorecover_prior_data_budget/v1/data_shards/uniandes_dance_012_5.json,file,github_experiment_metadata,172,github:sxh-kk/EgoRecover,review_text_and_provenance,standard,exp/egorecover_prior_data_budget/v1/data_shards/uniandes_dance_012_5.json,2b6dc8dcf4726030626819c4dc681190e2f691035a22f3f1133b69a3b78948c2,preserve relative path; portable copies must not replace immutable identities
exp/egorecover_prior_data_budget/v1/data_shards/uniandes_dance_012_7.json,file,github_experiment_metadata,172,github:sxh-kk/EgoRecover,review_text_and_provenance,standard,exp/egorecover_prior_data_budget/v1/data_shards/uniandes_dance_012_7.json,c7cde527f2d036b78ed9fa811b812abdb3acad10f10cfaa6eeaa67d3d1f402b7,preserve relative path; portable copies must not replace immutable identities
exp/egorecover_prior_data_budget/v1/data_shards/uniandes_dance_013_19.json,file,github_experiment_metadata,172,github:sxh-kk/EgoRecover,review_text_and_provenance,standard,exp/egorecover_prior_data_budget/v1/data_shards/uniandes_dance_013_19.json,d78c1d08e69f0c7b396037686941f03fd722db5d783f2ec789cc95058cc02cca,preserve relative path; portable copies must not replace immutable identities
exp/egorecover_prior_data_budget/v1/data_shards/uniandes_dance_015_13.json,file,github_experiment_metadata,172,github:sxh-kk/EgoRecover,review_text_and_provenance,standard,exp/egorecover_prior_data_budget/v1/data_shards/uniandes_dance_015_13.json,eef32bcc17c2fa21b650e728efc4894cdd0ccf0554c3fa3870ad26246a296a2f,preserve relative path; portable copies must not replace immutable identities
exp/egorecover_prior_data_budget/v1/data_shards/uniandes_dance_017_57.json,file,github_experiment_metadata,172,github:sxh-kk/EgoRecover,review_text_and_provenance,standard,exp/egorecover_prior_data_budget/v1/data_shards/uniandes_dance_017_57.json,e329c592c2b0e4c4f3ce62a76ccbe81408da62d0d71efabebbd2a07429782e60,preserve relative path; portable copies must not replace immutable identities
exp/egorecover_prior_data_budget/v1/data_shards/uniandes_dance_019_36.json,file,github_experiment_metadata,172,github:sxh-kk/EgoRecover,review_text_and_provenance,standard,exp/egorecover_prior_data_budget/v1/data_shards/uniandes_dance_019_36.json,76e832867bc31095990b06de28ecdf6ed7bd3e1b4a9c31f50ea27509279a9ca3,preserve relative path; portable copies must not replace immutable identities
exp/egorecover_prior_data_budget/v1/data_shards/uniandes_dance_019_5.json,file,github_experiment_metadata,172,github:sxh-kk/EgoRecover,review_text_and_provenance,standard,exp/egorecover_prior_data_budget/v1/data_shards/uniandes_dance_019_5.json,3b403ea289dacb6f42ae4a2ba1b45d05f4a07c8c4fc4522fe043dffdd99c5069,preserve relative path; portable copies must not replace immutable identities
exp/egorecover_prior_data_budget/v1/data_shards/uniandes_dance_020_13.json,file,github_experiment_metadata,172,github:sxh-kk/EgoRecover,review_text_and_provenance,standard,exp/egorecover_prior_data_budget/v1/data_shards/uniandes_dance_020_13.json,759ba2363a879b2d3fa00e5b9d01d0a9d90a2c39a08f735be699d8a41414ff13,preserve relative path; portable copies must not replace immutable identities
exp/egorecover_prior_data_budget/v1/data_shards/uniandes_dance_020_33.json,file,github_experiment_metadata,172,github:sxh-kk/EgoRecover,review_text_and_provenance,standard,exp/egorecover_prior_data_budget/v1/data_shards/uniandes_dance_020_33.json,9f52e18538f0468daa0b0bc057ce03e53254ec4806226d6bea326a8326025b08,preserve relative path; portable copies must not replace immutable identities
exp/egorecover_prior_data_budget/v1/data_shards/uniandes_dance_020_50.json,file,github_experiment_metadata,172,github:sxh-kk/EgoRecover,review_text_and_provenance,standard,exp/egorecover_prior_data_budget/v1/data_shards/uniandes_dance_020_50.json,4e76ba2a28862335b30fb6b3f7142c2d47d12ef7f21d1f4cc4b397186ceb8d73,preserve relative path; portable copies must not replace immutable identities
exp/egorecover_prior_data_budget/v1/data_shards/uniandes_dance_020_61.json,file,github_experiment_metadata,172,github:sxh-kk/EgoRecover,review_text_and_provenance,standard,exp/egorecover_prior_data_budget/v1/data_shards/uniandes_dance_020_61.json,fe850199ae73c4ef7d1af5f9baa0e277a4a646b511742b47fef35097e0ceb3a8,preserve relative path; portable copies must not replace immutable identities
exp/egorecover_prior_data_budget/v1/data_shards/uniandes_dance_021_35.json,file,github_experiment_metadata,172,github:sxh-kk/EgoRecover,review_text_and_provenance,standard,exp/egorecover_prior_data_budget/v1/data_shards/uniandes_dance_021_35.json,59c8a887e708a59bd633a7e948f1106de46add54be95f29748f8010dadf9692b,preserve relative path; portable copies must not replace immutable identities
exp/egorecover_prior_data_budget/v1/data_shards/uniandes_dance_022_22.json,file,github_experiment_metadata,172,github:sxh-kk/EgoRecover,review_text_and_provenance,standard,exp/egorecover_prior_data_budget/v1/data_shards/uniandes_dance_022_22.json,a0232a20125dc0c06cd5a41e47234422177b367d6570ba93f8e200384f3a154b,preserve relative path; portable copies must not replace immutable identities
exp/egorecover_prior_data_budget/v1/data_shards/uniandes_dance_022_24.json,file,github_experiment_metadata,172,github:sxh-kk/EgoRecover,review_text_and_provenance,standard,exp/egorecover_prior_data_budget/v1/data_shards/uniandes_dance_022_24.json,dd48ae2eb764dcfba4b01f684c6eb3a988f14846c6e4da46750766bced8d24fa,preserve relative path; portable copies must not replace immutable identities
exp/egorecover_prior_data_budget/v1/data_shards/uniandes_dance_022_30.json,file,github_experiment_metadata,172,github:sxh-kk/EgoRecover,review_text_and_provenance,standard,exp/egorecover_prior_data_budget/v1/data_shards/uniandes_dance_022_30.json,8bd6c170769612c15ca59538f216d99cc73ddb6cb689f604881faaba17d787de,preserve relative path; portable copies must not replace immutable identities
exp/egorecover_prior_data_budget/v1/data_shards/uniandes_dance_022_5.json,file,github_experiment_metadata,172,github:sxh-kk/EgoRecover,review_text_and_provenance,standard,exp/egorecover_prior_data_budget/v1/data_shards/uniandes_dance_022_5.json,f001ac64d5d3ab77619b17a5627669def953bbab1f17720f80c8c2aaa9911829,preserve relative path; portable copies must not replace immutable identities
exp/egorecover_prior_data_budget/v1/data_shards/uniandes_dance_022_8.json,file,github_experiment_metadata,172,github:sxh-kk/EgoRecover,review_text_and_provenance,standard,exp/egorecover_prior_data_budget/v1/data_shards/uniandes_dance_022_8.json,ffb586d128c69b6a33e6cc75715b7a33ffc5f88b516e3e6584d9113d041dff7f,preserve relative path; portable copies must not replace immutable identities
exp/egorecover_prior_data_budget/v1/data_shards/uniandes_dance_023_15.json,file,github_experiment_metadata,172,github:sxh-kk/EgoRecover,review_text_and_provenance,standard,exp/egorecover_prior_data_budget/v1/data_shards/uniandes_dance_023_15.json,9a6b602627d577955df41fb0d94ed6ce4b19c70a4677e914ba738b4132ecb437,preserve relative path; portable copies must not replace immutable identities
exp/egorecover_prior_data_budget/v1/data_shards/uniandes_dance_024_3.json,file,github_experiment_metadata,172,github:sxh-kk/EgoRecover,review_text_and_provenance,standard,exp/egorecover_prior_data_budget/v1/data_shards/uniandes_dance_024_3.json,f10a5598cff70f58ec5e07468f6ce2e1b69d6489b713b80290705abff4e751b0,preserve relative path; portable copies must not replace immutable identities
exp/egorecover_prior_data_budget/v1/data_shards/uniandes_dance_024_4.json,file,github_experiment_metadata,172,github:sxh-kk/EgoRecover,review_text_and_provenance,standard,exp/egorecover_prior_data_budget/v1/data_shards/uniandes_dance_024_4.json,c98752a4e75a0e0a8628df404764f86eb8a29dbad118486482507b89ec9e0480,preserve relative path; portable copies must not replace immutable identities
exp/egorecover_prior_data_budget/v1/data_shards/upenn_0324_Piano_1_3.json,file,github_experiment_metadata,172,github:sxh-kk/EgoRecover,review_text_and_provenance,standard,exp/egorecover_prior_data_budget/v1/data_shards/upenn_0324_Piano_1_3.json,141e50abf626c55ed86a78b4baf47f09c1e9f2928f4d316ce17904991c555f7c,preserve relative path; portable copies must not replace immutable identities
exp/egorecover_prior_data_budget/v1/data_shards/upenn_0407_Violin_1_3.json,file,github_experiment_metadata,172,github:sxh-kk/EgoRecover,review_text_and_provenance,standard,exp/egorecover_prior_data_budget/v1/data_shards/upenn_0407_Violin_1_3.json,d41462191db400614cdba18ca07c4c4f83aef5acce3245f213aaa7680c97b9b0,preserve relative path; portable copies must not replace immutable identities
exp/egorecover_prior_data_budget/v1/data_shards/upenn_0407_Violin_1_4.json,file,github_experiment_metadata,172,github:sxh-kk/EgoRecover,review_text_and_provenance,standard,exp/egorecover_prior_data_budget/v1/data_shards/upenn_0407_Violin_1_4.json,3a82cadb71d693abcda4dea27218fa5b2ee7381055e4f9d536a31592a21b6900,preserve relative path; portable copies must not replace immutable identities
exp/egorecover_prior_data_budget/v1/data_shards/upenn_0407_Violin_1_5.json,file,github_experiment_metadata,172,github:sxh-kk/EgoRecover,review_text_and_provenance,standard,exp/egorecover_prior_data_budget/v1/data_shards/upenn_0407_Violin_1_5.json,8c4253aebbb109a41652b15318cce2e629f60607ddb2f7a4e73c8b2fb1d180a0,preserve relative path; portable copies must not replace immutable identities
exp/egorecover_prior_data_budget/v1/data_shards/upenn_0407_Violin_2_3.json,file,github_experiment_metadata,172,github:sxh-kk/EgoRecover,review_text_and_provenance,standard,exp/egorecover_prior_data_budget/v1/data_shards/upenn_0407_Violin_2_3.json,4981fc29295de2b3fcd9e9426289304271ff821b4fbbe33ccb2e7a7fa87f07e3,preserve relative path; portable copies must not replace immutable identities
exp/egorecover_prior_data_budget/v1/data_shards/upenn_0706_Dance_1_3.json,file,github_experiment_metadata,172,github:sxh-kk/EgoRecover,review_text_and_provenance,standard,exp/egorecover_prior_data_budget/v1/data_shards/upenn_0706_Dance_1_3.json,5548c2000d0f7cce2dcb2569e7be7832d8c2d771091fb397b9c508ffa97bccd7,preserve relative path; portable copies must not replace immutable identities
exp/egorecover_prior_data_budget/v1/data_shards/upenn_0706_Dance_5_3.json,file,github_experiment_metadata,172,github:sxh-kk/EgoRecover,review_text_and_provenance,standard,exp/egorecover_prior_data_budget/v1/data_shards/upenn_0706_Dance_5_3.json,7432451901e91f9358f47b8135e4d812bd8a06d69258fe6086d21414cf47f39d,preserve relative path; portable copies must not replace immutable identities
exp/egorecover_prior_data_budget/v1/data_shards/upenn_0706_Dance_5_6.json,file,github_experiment_metadata,172,github:sxh-kk/EgoRecover,review_text_and_provenance,standard,exp/egorecover_prior_data_budget/v1/data_shards/upenn_0706_Dance_5_6.json,712f699e8af284b9d264853782ce3c2850441adbbdae5a1fdcd653cb355e1091,preserve relative path; portable copies must not replace immutable identities
exp/egorecover_prior_data_budget/v1/data_shards/upenn_0714_Cooking_1_4.json,file,github_experiment_metadata,172,github:sxh-kk/EgoRecover,review_text_and_provenance,standard,exp/egorecover_prior_data_budget/v1/data_shards/upenn_0714_Cooking_1_4.json,f69e4bde1c3b7b7d96e880d8286a270022c61d03033c55afc2abfc3204f4a95e,preserve relative path; portable copies must not replace immutable identities
exp/egorecover_prior_data_budget/v1/data_shards/upenn_0714_Cooking_7_2.json,file,github_experiment_metadata,172,github:sxh-kk/EgoRecover,review_text_and_provenance,standard,exp/egorecover_prior_data_budget/v1/data_shards/upenn_0714_Cooking_7_2.json,682b73e02e77283fbdf5ea6a50d9d56bc9880506156eb64231807710fd2df223,preserve relative path; portable copies must not replace immutable identities
exp/egorecover_prior_data_budget/v1/data_shards/upenn_0717_Piano_1_5.json,file,github_experiment_metadata,172,github:sxh-kk/EgoRecover,review_text_and_provenance,standard,exp/egorecover_prior_data_budget/v1/data_shards/upenn_0717_Piano_1_5.json,f81a959b26782a074d399b1a24d731a3d33be031fefcdc6552427b77bb903c0a,preserve relative path; portable copies must not replace immutable identities
exp/egorecover_prior_data_budget/v1/data_shards/upenn_0718_Violin_2_6.json,file,github_experiment_metadata,172,github:sxh-kk/EgoRecover,review_text_and_provenance,standard,exp/egorecover_prior_data_budget/v1/data_shards/upenn_0718_Violin_2_6.json,4f4e83c4778b6d4e6eaef3f419a96a57c073ee93bcf3b7909a62f7397798a7c2,preserve relative path; portable copies must not replace immutable identities
exp/egorecover_prior_data_budget/v1/data_shards/upenn_0719_Piano_2_3.json,file,github_experiment_metadata,172,github:sxh-kk/EgoRecover,review_text_and_provenance,standard,exp/egorecover_prior_data_budget/v1/data_shards/upenn_0719_Piano_2_3.json,b00f4739d154f93b8e21a0f664c9689a72bb370a7883871c47ee7c1070e7bf8a,preserve relative path; portable copies must not replace immutable identities
exp/egorecover_prior_data_budget/v1/data_shards/upenn_0722_Piano_2_2.json,file,github_experiment_metadata,172,github:sxh-kk/EgoRecover,review_text_and_provenance,standard,exp/egorecover_prior_data_budget/v1/data_shards/upenn_0722_Piano_2_2.json,01edbdb67c5a39d646eb2b0c4c9283c98dd79f415aa102bcdd66152110f5e46b,preserve relative path; portable copies must not replace immutable identities
exp/egorecover_prior_data_budget/v1/data_shards/upenn_0722_Piano_2_3.json,file,github_experiment_metadata,172,github:sxh-kk/EgoRecover,review_text_and_provenance,standard,exp/egorecover_prior_data_budget/v1/data_shards/upenn_0722_Piano_2_3.json,e18ff3e979ad507d4d5e0e91886c52b224411e2f67b097e7de4654c58f378e31,preserve relative path; portable copies must not replace immutable identities
exp/egorecover_prior_data_budget/v1/data_shards/upenn_0722_Piano_2_4.json,file,github_experiment_metadata,172,github:sxh-kk/EgoRecover,review_text_and_provenance,standard,exp/egorecover_prior_data_budget/v1/data_shards/upenn_0722_Piano_2_4.json,a0ff0d301126d6fb27e81cf341cb313bc694ff85af4a41bbe0ccb7417972e5d6,preserve relative path; portable copies must not replace immutable identities
exp/egorecover_prior_data_budget/v1/data_shards/upenn_0722_Piano_2_5.json,file,github_experiment_metadata,172,github:sxh-kk/EgoRecover,review_text_and_provenance,standard,exp/egorecover_prior_data_budget/v1/data_shards/upenn_0722_Piano_2_5.json,752f36335bc32d264ebd4f5aea07a02f791d1874913ec2e743e7d6733e29eaa9,preserve relative path; portable copies must not replace immutable identities
exp/egorecover_prior_data_budget/v1/data_shards/upenn_0724_Piano_1_4.json,file,github_experiment_metadata,172,github:sxh-kk/EgoRecover,review_text_and_provenance,standard,exp/egorecover_prior_data_budget/v1/data_shards/upenn_0724_Piano_1_4.json,d90e8c8eead1c3c9a6902f3a06f810826e19233e8dbbb5e952868cb808b56453,preserve relative path; portable copies must not replace immutable identities
exp/egorecover_prior_data_budget/v1/data_shards/upenn_0724_Piano_1_5.json,file,github_experiment_metadata,172,github:sxh-kk/EgoRecover,review_text_and_provenance,standard,exp/egorecover_prior_data_budget/v1/data_shards/upenn_0724_Piano_1_5.json,35c21641bff88c1d58e203f6e80e0190b366bbf23b5470735512ddbd4d35d874,preserve relative path; portable copies must not replace immutable identities
exp/egorecover_prior_data_budget/v1/data_shards/upenn_0725_Duet_Violin_1_1_4.json,file,github_experiment_metadata,172,github:sxh-kk/EgoRecover,review_text_and_provenance,standard,exp/egorecover_prior_data_budget/v1/data_shards/upenn_0725_Duet_Violin_1_1_4.json,dd49badbde14af09ae9f2417de12a037fe9497014a8f045a9332de57310ed5c8,preserve relative path; portable copies must not replace immutable identities
exp/egorecover_prior_data_budget/v1/data_shards/upenn_0725_Duet_Violin_1_2_3.json,file,github_experiment_metadata,172,github:sxh-kk/EgoRecover,review_text_and_provenance,standard,exp/egorecover_prior_data_budget/v1/data_shards/upenn_0725_Duet_Violin_1_2_3.json,09762c2e4e092e391cd7829d258df62742afa869c14bcd5a3decc0d069c9f808,preserve relative path; portable copies must not replace immutable identities
exp/egorecover_prior_data_budget/v1/data_shards/upenn_0725_Duet_Violin_1_2_9.json,file,github_experiment_metadata,172,github:sxh-kk/EgoRecover,review_text_and_provenance,standard,exp/egorecover_prior_data_budget/v1/data_shards/upenn_0725_Duet_Violin_1_2_9.json,da8579f91d9a2477b7ab076fc55279d80dd058ac60c6aac060f2f4266c6da9b1,preserve relative path; portable copies must not replace immutable identities
exp/egorecover_prior_data_budget/v1/data_shards/upenn_0725_Violin_1_2.json,file,github_experiment_metadata,172,github:sxh-kk/EgoRecover,review_text_and_provenance,standard,exp/egorecover_prior_data_budget/v1/data_shards/upenn_0725_Violin_1_2.json,7c491f40d452c2554a44f3d0ffed620025746723d04d5a11fc1d8cb449ea70d6,preserve relative path; portable copies must not replace immutable identities
exp/egorecover_prior_data_budget/v1/data_shards/upenn_0726_Duet_Violin_1_2_3.json,file,github_experiment_metadata,172,github:sxh-kk/EgoRecover,review_text_and_provenance,standard,exp/egorecover_prior_data_budget/v1/data_shards/upenn_0726_Duet_Violin_1_2_3.json,6a53b8126e88ca5fea2e07d8305f1e21c54343a8b9130e8d3936f8f6a10d9d4a,preserve relative path; portable copies must not replace immutable identities
exp/egorecover_prior_data_budget/v1/data_shards/upenn_0726_Piano_1_3.json,file,github_experiment_metadata,172,github:sxh-kk/EgoRecover,review_text_and_provenance,standard,exp/egorecover_prior_data_budget/v1/data_shards/upenn_0726_Piano_1_3.json,fb3bd3162be64aa2b7ce1ffa4f886d44da70edbb1d5b30bb67d16deac66a4a65,preserve relative path; portable copies must not replace immutable identities
exp/egorecover_prior_data_budget/v1/data_shards/upenn_0726_Piano_1_4.json,file,github_experiment_metadata,172,github:sxh-kk/EgoRecover,review_text_and_provenance,standard,exp/egorecover_prior_data_budget/v1/data_shards/upenn_0726_Piano_1_4.json,2871ea930ac74d223fe8a22fb12100228c861fbbcc14f29e03e4116b8b58042e,preserve relative path; portable copies must not replace immutable identities
exp/egorecover_prior_data_budget/v1/data_shards/upenn_0726_Piano_2_2.json,file,github_experiment_metadata,172,github:sxh-kk/EgoRecover,review_text_and_provenance,standard,exp/egorecover_prior_data_budget/v1/data_shards/upenn_0726_Piano_2_2.json,6014d745173cc5a4484a21a1923f30ed4697054ab7312b33ef66e0b012a19966,preserve relative path; portable copies must not replace immutable identities
exp/egorecover_prior_data_budget/v1/data_shards/upenn_0727_Partner_Dance_2_1_3.json,file,github_experiment_metadata,172,github:sxh-kk/EgoRecover,review_text_and_provenance,standard,exp/egorecover_prior_data_budget/v1/data_shards/upenn_0727_Partner_Dance_2_1_3.json,c385b33b35afd6081c103912fc6ceb4343ee4e967695620b9d623071337d36bc,preserve relative path; portable copies must not replace immutable identities
exp/egorecover_prior_data_budget/v1/data_shards/upenn_0727_Partner_Dance_2_1_4.json,file,github_experiment_metadata,172,github:sxh-kk/EgoRecover,review_text_and_provenance,standard,exp/egorecover_prior_data_budget/v1/data_shards/upenn_0727_Partner_Dance_2_1_4.json,b4abfe0ce023daea6ce72bcf89502e5ce66ebadc3bf35536264f67527fa5a1b0,preserve relative path; portable copies must not replace immutable identities
exp/egorecover_prior_data_budget/v1/data_shards/utokyo_cpr_2005_25_2.json,file,github_experiment_metadata,172,github:sxh-kk/EgoRecover,review_text_and_provenance,standard,exp/egorecover_prior_data_budget/v1/data_shards/utokyo_cpr_2005_25_2.json,0cc8c642316f11febc863e72561e1349f9a2d4e09ee10ad391ba369765d3f8d5,preserve relative path; portable copies must not replace immutable identities
exp/egorecover_prior_data_budget/v1/data_shards/utokyo_omelet_12_1001_2.json,file,github_experiment_metadata,172,github:sxh-kk/EgoRecover,review_text_and_provenance,standard,exp/egorecover_prior_data_budget/v1/data_shards/utokyo_omelet_12_1001_2.json,8b89144f0b8f9bd7f68969f3ebc4df3c3667597794fab789dc08728bfec3dbfb,preserve relative path; portable copies must not replace immutable identities
exp/egorecover_prior_data_budget/v1/data_shards/utokyo_omelet_6_1001_4.json,file,github_experiment_metadata,172,github:sxh-kk/EgoRecover,review_text_and_provenance,standard,exp/egorecover_prior_data_budget/v1/data_shards/utokyo_omelet_6_1001_4.json,60fc92592862e1c5a0a59e8810b022bf6be88479686019bfd6e2659da0c8d499,preserve relative path; portable copies must not replace immutable identities
exp/egorecover_prior_data_budget/v1/data_shards/utokyo_omelet_9_1001_2.json,file,github_experiment_metadata,172,github:sxh-kk/EgoRecover,review_text_and_provenance,standard,exp/egorecover_prior_data_budget/v1/data_shards/utokyo_omelet_9_1001_2.json,2adc5394c8abd21a8e78397072e59411d616d8caee08fdcc5087f402a2bc07b0,preserve relative path; portable copies must not replace immutable identities
exp/egorecover_prior_data_budget/v1/data_shards/utokyo_pcr_2001_31_6.json,file,github_experiment_metadata,172,github:sxh-kk/EgoRecover,review_text_and_provenance,standard,exp/egorecover_prior_data_budget/v1/data_shards/utokyo_pcr_2001_31_6.json,1c4f10346897e0c0bfdd146a185a4c1fb4527cf18fb65bb3d115dae17b714205,preserve relative path; portable copies must not replace immutable identities
exp/egorecover_prior_data_budget/v1/data_shards/utokyo_pcr_2001_33_6.json,file,github_experiment_metadata,172,github:sxh-kk/EgoRecover,review_text_and_provenance,standard,exp/egorecover_prior_data_budget/v1/data_shards/utokyo_pcr_2001_33_6.json,f8983311404b391908e970ecd8d53db850d910e50e31d47211191938c4f7f51f,preserve relative path; portable copies must not replace immutable identities
exp/egorecover_prior_data_budget/v1/data_shards/utokyo_pcr_2001_34_6.json,file,github_experiment_metadata,172,github:sxh-kk/EgoRecover,review_text_and_provenance,standard,exp/egorecover_prior_data_budget/v1/data_shards/utokyo_pcr_2001_34_6.json,4094c761be887ad12df518ff0a540234e65057cafe4e330f645cc8563d0f561c,preserve relative path; portable copies must not replace immutable identities
exp/egorecover_prior_data_budget/v1/jobs/D_s62.1.json,file,github_experiment_metadata,294,github:sxh-kk/EgoRecover,review_text_and_provenance,standard,exp/egorecover_prior_data_budget/v1/jobs/D_s62.1.json,b2579910e8f8ffc6bbdb01f54d18ac989e9a9cbfae38961c73b6fc3ccb57c7fb,preserve relative path; portable copies must not replace immutable identities
exp/egorecover_prior_data_budget/v1/jobs/D_s62.1.status.json,file,github_experiment_metadata,456,github:sxh-kk/EgoRecover,review_text_and_provenance,standard,exp/egorecover_prior_data_budget/v1/jobs/D_s62.1.status.json,152078e0d8c54b30708fa247cb348b8a86e72d70cb5d090fefeebeef0b7b9f48,preserve relative path; portable copies must not replace immutable identities
exp/egorecover_prior_data_budget/v1/jobs/D_s63.1.json,file,github_experiment_metadata,294,github:sxh-kk/EgoRecover,review_text_and_provenance,standard,exp/egorecover_prior_data_budget/v1/jobs/D_s63.1.json,eec72b938ecf0ae18f3ab1fcadb9b271c560213250a3c35c6240effd2176b973,preserve relative path; portable copies must not replace immutable identities
exp/egorecover_prior_data_budget/v1/jobs/D_s63.1.status.json,file,github_experiment_metadata,456,github:sxh-kk/EgoRecover,review_text_and_provenance,standard,exp/egorecover_prior_data_budget/v1/jobs/D_s63.1.status.json,03ee647eb2e4f30c6cb1a6706181d4ecb36b4ac1a7e0157b7dca9d4fc181bb6f,preserve relative path; portable copies must not replace immutable identities
exp/egorecover_prior_data_budget/v1/jobs/D_s64.1.json,file,github_experiment_metadata,294,github:sxh-kk/EgoRecover,review_text_and_provenance,standard,exp/egorecover_prior_data_budget/v1/jobs/D_s64.1.json,164b668a94e02cc58cb9267fa55c7477654bdae95571610292b4ad1b42513e51,preserve relative path; portable copies must not replace immutable identities
exp/egorecover_prior_data_budget/v1/jobs/D_s64.1.status.json,file,github_experiment_metadata,456,github:sxh-kk/EgoRecover,review_text_and_provenance,standard,exp/egorecover_prior_data_budget/v1/jobs/D_s64.1.status.json,d853aa30db620aca716d263f2bd569fd2341d7794e06e70a473a11af4518ec6b,preserve relative path; portable copies must not replace immutable identities
exp/egorecover_prior_data_budget/v1/jobs/prepare_data.1.json,file,github_experiment_metadata,274,github:sxh-kk/EgoRecover,review_text_and_provenance,standard,exp/egorecover_prior_data_budget/v1/jobs/prepare_data.1.json,6b89a22baeba2d3754810fbdb832606c20367366f2a6f42da15c0093c752873e,preserve relative path; portable copies must not replace immutable identities
exp/egorecover_prior_data_budget/v1/jobs/prepare_data.1.status.json,file,github_experiment_metadata,436,github:sxh-kk/EgoRecover,review_text_and_provenance,standard,exp/egorecover_prior_data_budget/v1/jobs/prepare_data.1.status.json,43f402622b3dc01fece3ecb27d2cc3980f7cbcad8902b81da3141324332d9998,preserve relative path; portable copies must not replace immutable identities
exp/egorecover_prior_data_budget/v1/plan.json,file,github_experiment_metadata,419,github:sxh-kk/EgoRecover,review_text_and_provenance,standard,exp/egorecover_prior_data_budget/v1/plan.json,f2b603b2cbe4d623c815bd7c8561bbc26de677ee86fae22e9fa82732cc17a8cd,preserve relative path; portable copies must not replace immutable identities
exp/egorecover_prior_data_budget/v1/queue.json,file,github_experiment_metadata,4190,github:sxh-kk/EgoRecover,review_text_and_provenance,standard,exp/egorecover_prior_data_budget/v1/queue.json,b451d01997dd41fa0bf5147b02d993e48a7e3aca0b745d1770fd0cee70a4033b,preserve relative path; portable copies must not replace immutable identities
exp/egorecover_prior_data_budget/v1/summary.json,file,github_experiment_metadata,108275,github:sxh-kk/EgoRecover,review_text_and_provenance,standard,exp/egorecover_prior_data_budget/v1/summary.json,cf460ac6ad0f2504ed6e346973c6502c3f29fbc177d5e966f31d41cf1cf9a44b,preserve relative path; portable copies must not replace immutable identities
exp/egorecover_prior_data_budget/v1/train/D_s62/experiment.json,file,github_experiment_metadata,28405,github:sxh-kk/EgoRecover,review_text_and_provenance,standard,exp/egorecover_prior_data_budget/v1/train/D_s62/experiment.json,5ec23e2ab8939efc62caa6418d4fd63116cdd2331edeaddfdaaf944467314eab,preserve relative path; portable copies must not replace immutable identities
exp/egorecover_prior_data_budget/v1/train/D_s62/progress.json,file,github_experiment_metadata,177,github:sxh-kk/EgoRecover,review_text_and_provenance,standard,exp/egorecover_prior_data_budget/v1/train/D_s62/progress.json,f6ae18d2ed6d544e740232dd4476c8651f307344a270b79307fcbfcdff78be77,preserve relative path; portable copies must not replace immutable identities
exp/egorecover_prior_data_budget/v1/train/D_s62/report.json,file,github_experiment_metadata,951591,github:sxh-kk/EgoRecover,review_text_and_provenance,standard,exp/egorecover_prior_data_budget/v1/train/D_s62/report.json,94b01d254f5c164690c15ed4347ab0698b0d8de5df17c35c1b9bf9f7e5762952,preserve relative path; portable copies must not replace immutable identities
exp/egorecover_prior_data_budget/v1/train/D_s62/selection.json,file,github_experiment_metadata,820922,github:sxh-kk/EgoRecover,review_text_and_provenance,standard,exp/egorecover_prior_data_budget/v1/train/D_s62/selection.json,e34e66d91dc8ef94a33e1beb135d4c03a7bc934f4c2d97ba4389d10b3a525e83,preserve relative path; portable copies must not replace immutable identities
exp/egorecover_prior_data_budget/v1/train/D_s63/experiment.json,file,github_experiment_metadata,28405,github:sxh-kk/EgoRecover,review_text_and_provenance,standard,exp/egorecover_prior_data_budget/v1/train/D_s63/experiment.json,e5e4966cb8c79989a792e5f0359185e975d24bc847eb01db33da50a33f436456,preserve relative path; portable copies must not replace immutable identities
exp/egorecover_prior_data_budget/v1/train/D_s63/progress.json,file,github_experiment_metadata,178,github:sxh-kk/EgoRecover,review_text_and_provenance,standard,exp/egorecover_prior_data_budget/v1/train/D_s63/progress.json,5b745dd9b5aa14e4b3e840b5425456b07d83e8b0cbc083af9ba97755b640afb4,preserve relative path; portable copies must not replace immutable identities
exp/egorecover_prior_data_budget/v1/train/D_s63/report.json,file,github_experiment_metadata,951514,github:sxh-kk/EgoRecover,review_text_and_provenance,standard,exp/egorecover_prior_data_budget/v1/train/D_s63/report.json,3df5958e912ab2036036861457c0033e62b2146f6fb64d26c13d98e4440fefa5,preserve relative path; portable copies must not replace immutable identities
exp/egorecover_prior_data_budget/v1/train/D_s63/selection.json,file,github_experiment_metadata,820785,github:sxh-kk/EgoRecover,review_text_and_provenance,standard,exp/egorecover_prior_data_budget/v1/train/D_s63/selection.json,a3bb9490758f3062758fe12f80cae6f9ea96613816f9179d8adae1731059d77c,preserve relative path; portable copies must not replace immutable identities
exp/egorecover_prior_data_budget/v1/train/D_s64/experiment.json,file,github_experiment_metadata,28405,github:sxh-kk/EgoRecover,review_text_and_provenance,standard,exp/egorecover_prior_data_budget/v1/train/D_s64/experiment.json,0941995c4b14510e73adb08871285ec7810901232f304a165edd52b26b1abeca,preserve relative path; portable copies must not replace immutable identities
exp/egorecover_prior_data_budget/v1/train/D_s64/progress.json,file,github_experiment_metadata,177,github:sxh-kk/EgoRecover,review_text_and_provenance,standard,exp/egorecover_prior_data_budget/v1/train/D_s64/progress.json,7ecc596da17d63a5525a9bf00bc54d706b8a99803b82f549376e034deaabe612,preserve relative path; portable copies must not replace immutable identities
exp/egorecover_prior_data_budget/v1/train/D_s64/report.json,file,github_experiment_metadata,951608,github:sxh-kk/EgoRecover,review_text_and_provenance,standard,exp/egorecover_prior_data_budget/v1/train/D_s64/report.json,8d7a7f4d4b6bf46e3273339f8a7764e47098529dd81307453f4a4da7a6fd11dd,preserve relative path; portable copies must not replace immutable identities
exp/egorecover_prior_data_budget/v1/train/D_s64/selection.json,file,github_experiment_metadata,820945,github:sxh-kk/EgoRecover,review_text_and_provenance,standard,exp/egorecover_prior_data_budget/v1/train/D_s64/selection.json,5f2776012c85ea15ed208cccddf86f39c5ac4d0ceb96d4eb099dd913d76780cd,preserve relative path; portable copies must not replace immutable identities
exp/egorecover_prior_real_history/v1/RESULTS.md,file,github_experiment_metadata,2565,github:sxh-kk/EgoRecover,review_text_and_provenance,standard,exp/egorecover_prior_real_history/v1/RESULTS.md,224d8a404ac237cdc44d0abed98e73ea68552f7e058958b2597992b03f2d57bf,preserve relative path; portable copies must not replace immutable identities
exp/egorecover_prior_real_history/v1/data/report.json,file,hf_cache_review,4582,github:sxh-kk/EgoRecover,review_metadata,standard,exp/egorecover_prior_real_history/v1/data/report.json,,split/cache provenance metadata; review for embedded observations
exp/egorecover_prior_real_history/v1/figures/history_quality.png,file,hf_other_artifacts_review,311526,github:sxh-kk/EgoRecover,review_figure_or_report,standard,exp/egorecover_prior_real_history/v1/figures/history_quality.png,,pose visualizations require derived-data review
exp/egorecover_prior_real_history/v1/history_input_summary.json,file,github_experiment_metadata,1929,github:sxh-kk/EgoRecover,review_text_and_provenance,standard,exp/egorecover_prior_real_history/v1/history_input_summary.json,6ac9de5fda9356892a4a9ee141849a23c1bbc2aeac5aac1748c1ae7df10b748f,preserve relative path; portable copies must not replace immutable identities
exp/egorecover_prior_real_history/v1/jobs/eval_shard0.1.json,file,github_experiment_metadata,468,github:sxh-kk/EgoRecover,review_text_and_provenance,standard,exp/egorecover_prior_real_history/v1/jobs/eval_shard0.1.json,92f5fa804149403374cab338f5cebcc0fc2df2ca3d1e7634dbe86a182f353573,preserve relative path; portable copies must not replace immutable identities
exp/egorecover_prior_real_history/v1/jobs/eval_shard0.1.status.json,file,github_experiment_metadata,630,github:sxh-kk/EgoRecover,review_text_and_provenance,standard,exp/egorecover_prior_real_history/v1/jobs/eval_shard0.1.status.json,f3ba68b2f13c01f3651569bc8c65886554bd3d4a00551f5baf19e838acebdb75,preserve relative path; portable copies must not replace immutable identities
exp/egorecover_prior_real_history/v1/jobs/eval_shard1.1.json,file,github_experiment_metadata,468,github:sxh-kk/EgoRecover,review_text_and_provenance,standard,exp/egorecover_prior_real_history/v1/jobs/eval_shard1.1.json,32198d7bf4194f9280e3b0b5bfa905f63e64f0ff048c4b8773f95070eb91fbf4,preserve relative path; portable copies must not replace immutable identities
exp/egorecover_prior_real_history/v1/jobs/eval_shard1.1.status.json,file,github_experiment_metadata,630,github:sxh-kk/EgoRecover,review_text_and_provenance,standard,exp/egorecover_prior_real_history/v1/jobs/eval_shard1.1.status.json,d68280b550d805bbaf0355ec603aa0f23ed2696b8a0c28c2f1fd7ab2b0af3ed2,preserve relative path; portable copies must not replace immutable identities
exp/egorecover_prior_real_history/v1/jobs/eval_shard2.1.json,file,github_experiment_metadata,468,github:sxh-kk/EgoRecover,review_text_and_provenance,standard,exp/egorecover_prior_real_history/v1/jobs/eval_shard2.1.json,c161cd360b27294321bd0ccfc970a9321eddb8b0459b538aa6248c01139dc7d7,preserve relative path; portable copies must not replace immutable identities
exp/egorecover_prior_real_history/v1/jobs/eval_shard2.1.status.json,file,github_experiment_metadata,630,github:sxh-kk/EgoRecover,review_text_and_provenance,standard,exp/egorecover_prior_real_history/v1/jobs/eval_shard2.1.status.json,e2fc5c21f61fe6957f677aac0efeb62fdcf7778a44cf9f53c9653ca4918b225b,preserve relative path; portable copies must not replace immutable identities
exp/egorecover_prior_real_history/v1/jobs/eval_shard3.1.json,file,github_experiment_metadata,468,github:sxh-kk/EgoRecover,review_text_and_provenance,standard,exp/egorecover_prior_real_history/v1/jobs/eval_shard3.1.json,9f61bc736a9fc136e4a1103acf621977938e316336bcc43b52431f24b3b45e08,preserve relative path; portable copies must not replace immutable identities
exp/egorecover_prior_real_history/v1/jobs/eval_shard3.1.status.json,file,github_experiment_metadata,630,github:sxh-kk/EgoRecover,review_text_and_provenance,standard,exp/egorecover_prior_real_history/v1/jobs/eval_shard3.1.status.json,1814b7fa5ffa1793311c7c722eb3e606b09a143d8218cae891e65f13247775a7,preserve relative path; portable copies must not replace immutable identities
exp/egorecover_prior_real_history/v1/jobs/prepare_data.1.json,file,github_experiment_metadata,276,github:sxh-kk/EgoRecover,review_text_and_provenance,standard,exp/egorecover_prior_real_history/v1/jobs/prepare_data.1.json,a555a1c6f9be30d9234aa1ea899fefe040101ecb3ca5d6b70d0355c644c026ed,preserve relative path; portable copies must not replace immutable identities
exp/egorecover_prior_real_history/v1/jobs/prepare_data.1.status.json,file,github_experiment_metadata,438,github:sxh-kk/EgoRecover,review_text_and_provenance,standard,exp/egorecover_prior_real_history/v1/jobs/prepare_data.1.status.json,529e9bdaa9c55270bac9ba2a872907f66df9730247120b7e1c2a7a75a1cb9924,preserve relative path; portable copies must not replace immutable identities
exp/egorecover_prior_real_history/v1/jobs/smoke.1.json,file,github_experiment_metadata,425,github:sxh-kk/EgoRecover,review_text_and_provenance,standard,exp/egorecover_prior_real_history/v1/jobs/smoke.1.json,73ebaa2c0d1e2502754a94e9cc73b6c595a1ae620740d1fed0826ca243c38307,preserve relative path; portable copies must not replace immutable identities
exp/egorecover_prior_real_history/v1/jobs/smoke.1.status.json,file,github_experiment_metadata,587,github:sxh-kk/EgoRecover,review_text_and_provenance,standard,exp/egorecover_prior_real_history/v1/jobs/smoke.1.status.json,88dd4d053d5f805e5b72f0652976d4de5dd002e71425105aa1e3fd8034e1acd4,preserve relative path; portable copies must not replace immutable identities
exp/egorecover_prior_real_history/v1/plan.json,file,github_experiment_metadata,5172,github:sxh-kk/EgoRecover,review_text_and_provenance,standard,exp/egorecover_prior_real_history/v1/plan.json,57896304ef28e37f3c2a69d6dc4418e5ec365a1a61c0b977ffd5f4df7f589187,preserve relative path; portable copies must not replace immutable identities
exp/egorecover_prior_real_history/v1/queue.json,file,github_experiment_metadata,6960,github:sxh-kk/EgoRecover,review_text_and_provenance,standard,exp/egorecover_prior_real_history/v1/queue.json,0b5885055826d63bd66b3f667ac2d5062479d0aeb2222d9e0f4c7fa93baf8886,preserve relative path; portable copies must not replace immutable identities
exp/egorecover_prior_real_history/v1/shards/shard0/identity.json,file,github_experiment_metadata,2774,github:sxh-kk/EgoRecover,review_text_and_provenance,standard,exp/egorecover_prior_real_history/v1/shards/shard0/identity.json,0f819399a535ba7c6d4fa82666596a8075d494d772c98382bfc8a7aa361635df,preserve relative path; portable copies must not replace immutable identities
exp/egorecover_prior_real_history/v1/shards/shard0/progress.json,file,github_experiment_metadata,100,github:sxh-kk/EgoRecover,review_text_and_provenance,standard,exp/egorecover_prior_real_history/v1/shards/shard0/progress.json,19c23b7899db5b8b4a19fcaa2cdf512a11fc743cb37512dd277cfc8895e44b23,preserve relative path; portable copies must not replace immutable identities
exp/egorecover_prior_real_history/v1/shards/shard0/report.json,file,github_experiment_metadata,3489,github:sxh-kk/EgoRecover,review_text_and_provenance,standard,exp/egorecover_prior_real_history/v1/shards/shard0/report.json,8dd69b366e857e5a23564fc6ab68bf4eaf551608fc219c1fb120fc4b11f7b811,preserve relative path; portable copies must not replace immutable identities
exp/egorecover_prior_real_history/v1/shards/shard1/identity.json,file,github_experiment_metadata,2702,github:sxh-kk/EgoRecover,review_text_and_provenance,standard,exp/egorecover_prior_real_history/v1/shards/shard1/identity.json,61fedc15866d404c33f3edf54173be94f72ffaf1aac3f2eec0efa45159f862f4,preserve relative path; portable copies must not replace immutable identities
exp/egorecover_prior_real_history/v1/shards/shard1/progress.json,file,github_experiment_metadata,100,github:sxh-kk/EgoRecover,review_text_and_provenance,standard,exp/egorecover_prior_real_history/v1/shards/shard1/progress.json,81099de357062f34426afea734f7ef9923f9e434cf3d26ab60381d40844422d6,preserve relative path; portable copies must not replace immutable identities
exp/egorecover_prior_real_history/v1/shards/shard1/report.json,file,github_experiment_metadata,3415,github:sxh-kk/EgoRecover,review_text_and_provenance,standard,exp/egorecover_prior_real_history/v1/shards/shard1/report.json,b71a2df8f7975bc889d5d27be737eddb41e1516c0105004f99746dba5686b384,preserve relative path; portable copies must not replace immutable identities
exp/egorecover_prior_real_history/v1/shards/shard2/identity.json,file,github_experiment_metadata,2756,github:sxh-kk/EgoRecover,review_text_and_provenance,standard,exp/egorecover_prior_real_history/v1/shards/shard2/identity.json,d77d846eaa0b42c160e50c75b3b6d1d95f965b7107636342046976e4dfc8c466,preserve relative path; portable copies must not replace immutable identities
exp/egorecover_prior_real_history/v1/shards/shard2/progress.json,file,github_experiment_metadata,100,github:sxh-kk/EgoRecover,review_text_and_provenance,standard,exp/egorecover_prior_real_history/v1/shards/shard2/progress.json,84fd3f107d326b6d57e7835f313f131982ab1cc6dd0bb624e65b60415d3a35fa,preserve relative path; portable copies must not replace immutable identities
exp/egorecover_prior_real_history/v1/shards/shard2/report.json,file,github_experiment_metadata,3471,github:sxh-kk/EgoRecover,review_text_and_provenance,standard,exp/egorecover_prior_real_history/v1/shards/shard2/report.json,a2a6ab4186f2c234b15d32ca790487fbd55c02457d13cff024448393d2ee1585,preserve relative path; portable copies must not replace immutable identities
exp/egorecover_prior_real_history/v1/shards/shard3/identity.json,file,github_experiment_metadata,2810,github:sxh-kk/EgoRecover,review_text_and_provenance,standard,exp/egorecover_prior_real_history/v1/shards/shard3/identity.json,0f9df31deb7a98ca55622c4e90946153ba69b983a5a39a512f8a8977457c2f3d,preserve relative path; portable copies must not replace immutable identities
exp/egorecover_prior_real_history/v1/shards/shard3/progress.json,file,github_experiment_metadata,100,github:sxh-kk/EgoRecover,review_text_and_provenance,standard,exp/egorecover_prior_real_history/v1/shards/shard3/progress.json,8f5854f5459e63c1a2327a2a3c1a23e05753b48486c1f8d707f5e168e6f8c7d1,preserve relative path; portable copies must not replace immutable identities
exp/egorecover_prior_real_history/v1/shards/shard3/report.json,file,github_experiment_metadata,3523,github:sxh-kk/EgoRecover,review_text_and_provenance,standard,exp/egorecover_prior_real_history/v1/shards/shard3/report.json,a056ec863008290ea3da3e66405a0593ef5d6496c2f4f6943a5405eeb36f9ba8,preserve relative path; portable copies must not replace immutable identities
exp/egorecover_prior_real_history/v1/smoke/identity.json,file,github_experiment_metadata,910,github:sxh-kk/EgoRecover,review_text_and_provenance,standard,exp/egorecover_prior_real_history/v1/smoke/identity.json,49c166019afbcc7164df1b7c0e899e761831fc9df7905fa9d0fa553ad6b3ae00,preserve relative path; portable copies must not replace immutable identities
exp/egorecover_prior_real_history/v1/smoke/progress.json,file,github_experiment_metadata,99,github:sxh-kk/EgoRecover,review_text_and_provenance,standard,exp/egorecover_prior_real_history/v1/smoke/progress.json,a5c1c1b6e417821a003d863260281228fb1a16da3b120861c96fac98137280f5,preserve relative path; portable copies must not replace immutable identities
exp/egorecover_prior_real_history/v1/smoke/report.json,file,github_experiment_metadata,1372,github:sxh-kk/EgoRecover,review_text_and_provenance,standard,exp/egorecover_prior_real_history/v1/smoke/report.json,1330fa2c5840f48d2c2861e4f8025ab600e429d7e4cebf753a3599d85ab25639,preserve relative path; portable copies must not replace immutable identities
exp/egorecover_prior_real_history/v1/summary.json,file,github_experiment_metadata,1561657,github:sxh-kk/EgoRecover,review_text_and_provenance,standard,exp/egorecover_prior_real_history/v1/summary.json,c4dccfc20e22d5f5836f22521bd3b3e118b7cc6762a73ea20050f139eefd1a4f,preserve relative path; portable copies must not replace immutable identities
exp/egorecover_prior_real_history/v1/work/shard0/histories.json,file,github_experiment_metadata,3168,github:sxh-kk/EgoRecover,review_text_and_provenance,standard,exp/egorecover_prior_real_history/v1/work/shard0/histories.json,2faa328b7afd661b7584fd4aef5ff0ed65f83f3280e2b8a8e6b71158b6ddaa23,preserve relative path; portable copies must not replace immutable identities
exp/egorecover_prior_real_history/v1/work/shard1/histories.json,file,github_experiment_metadata,3096,github:sxh-kk/EgoRecover,review_text_and_provenance,standard,exp/egorecover_prior_real_history/v1/work/shard1/histories.json,5191712d296f2c2565352ed9472253458e070c35d411c1c8583162f767bf2fa1,preserve relative path; portable copies must not replace immutable identities
exp/egorecover_prior_real_history/v1/work/shard2/histories.json,file,github_experiment_metadata,3150,github:sxh-kk/EgoRecover,review_text_and_provenance,standard,exp/egorecover_prior_real_history/v1/work/shard2/histories.json,e199bc4ef580baafac2a8ce67f8c60fb5283da83787dd5165c1ae9d4f92333da,preserve relative path; portable copies must not replace immutable identities
exp/egorecover_prior_real_history/v1/work/shard3/histories.json,file,github_experiment_metadata,3204,github:sxh-kk/EgoRecover,review_text_and_provenance,standard,exp/egorecover_prior_real_history/v1/work/shard3/histories.json,5e0f8eae0b4c374ae2996cae985e9a5945080a5b73393552691a090fa5b9c360,preserve relative path; portable copies must not replace immutable identities
exp/egorecover_prior_real_history/v1/work/smoke/histories.json,file,github_experiment_metadata,1054,github:sxh-kk/EgoRecover,review_text_and_provenance,standard,exp/egorecover_prior_real_history/v1/work/smoke/histories.json,187ca203cb8e0e8ce8497fce9431b8cba72785e3e27202831e8e58286a934c9a,preserve relative path; portable copies must not replace immutable identities
exp/egorecover_prior_same_shape/v1/RESULTS.md,file,github_experiment_metadata,1773,github:sxh-kk/EgoRecover,review_text_and_provenance,standard,exp/egorecover_prior_same_shape/v1/RESULTS.md,96ff83e5523d5216e472f37c9a1f6fbab19ac88bbf0b6e52f67d11914c32b8a3,preserve relative path; portable copies must not replace immutable identities
exp/egorecover_prior_same_shape/v1/figures/single_step.pdf,file,hf_other_artifacts_review,17641,github:sxh-kk/EgoRecover,review_figure_or_report,standard,exp/egorecover_prior_same_shape/v1/figures/single_step.pdf,,pose visualizations require derived-data review
exp/egorecover_prior_same_shape/v1/figures/single_step.png,file,hf_other_artifacts_review,114594,github:sxh-kk/EgoRecover,review_figure_or_report,standard,exp/egorecover_prior_same_shape/v1/figures/single_step.png,,pose visualizations require derived-data review
exp/egorecover_prior_same_shape/v1/jobs/control_s62.1.json,file,github_experiment_metadata,358,github:sxh-kk/EgoRecover,review_text_and_provenance,standard,exp/egorecover_prior_same_shape/v1/jobs/control_s62.1.json,02e34efc2043ae28da07b4453a6cf204ae27887a18c6c2f865fcd1284ed32cf5,preserve relative path; portable copies must not replace immutable identities
exp/egorecover_prior_same_shape/v1/jobs/control_s62.1.status.json,file,github_experiment_metadata,520,github:sxh-kk/EgoRecover,review_text_and_provenance,standard,exp/egorecover_prior_same_shape/v1/jobs/control_s62.1.status.json,93c2a3253be5e961f373758eeab014ee3517d6c4e0ae3dc08ba319b463713e16,preserve relative path; portable copies must not replace immutable identities
exp/egorecover_prior_same_shape/v1/jobs/control_s63.1.json,file,github_experiment_metadata,339,github:sxh-kk/EgoRecover,review_text_and_provenance,standard,exp/egorecover_prior_same_shape/v1/jobs/control_s63.1.json,b8109e682600ae802db68191fb9fafd2ff49f4728f019a5e170dda25caf100c6,preserve relative path; portable copies must not replace immutable identities
exp/egorecover_prior_same_shape/v1/jobs/control_s63.1.status.json,file,github_experiment_metadata,501,github:sxh-kk/EgoRecover,review_text_and_provenance,standard,exp/egorecover_prior_same_shape/v1/jobs/control_s63.1.status.json,2239a7c7cc6a99b95284bdf8f84443b750c1c8c41c64f1b4e1e895ccde84958b,preserve relative path; portable copies must not replace immutable identities
exp/egorecover_prior_same_shape/v1/jobs/control_s64.1.json,file,github_experiment_metadata,339,github:sxh-kk/EgoRecover,review_text_and_provenance,standard,exp/egorecover_prior_same_shape/v1/jobs/control_s64.1.json,a77c390f2c363dca7173999254e23428d6606e1bbd154f29a1f518150d4bfb15,preserve relative path; portable copies must not replace immutable identities
exp/egorecover_prior_same_shape/v1/jobs/control_s64.1.status.json,file,github_experiment_metadata,501,github:sxh-kk/EgoRecover,review_text_and_provenance,standard,exp/egorecover_prior_same_shape/v1/jobs/control_s64.1.status.json,7e3c7352a660daa4043a0068a31ef96b5668207d77041267b45301976bf5e6ab,preserve relative path; portable copies must not replace immutable identities
exp/egorecover_prior_same_shape/v1/jobs/pose01_s62.1.json,file,github_experiment_metadata,338,github:sxh-kk/EgoRecover,review_text_and_provenance,standard,exp/egorecover_prior_same_shape/v1/jobs/pose01_s62.1.json,3482aa8930b58c6a47ed3d1afdc39f53597f7cef759142a58f082980e3ecb3c1,preserve relative path; portable copies must not replace immutable identities
exp/egorecover_prior_same_shape/v1/jobs/pose01_s62.1.status.json,file,github_experiment_metadata,500,github:sxh-kk/EgoRecover,review_text_and_provenance,standard,exp/egorecover_prior_same_shape/v1/jobs/pose01_s62.1.status.json,24e6c08921a0831ed907d45a4f1d7f4948bc8cc5eee7b59feee31f66f90eea11,preserve relative path; portable copies must not replace immutable identities
exp/egorecover_prior_same_shape/v1/jobs/pose01_s63.1.json,file,github_experiment_metadata,338,github:sxh-kk/EgoRecover,review_text_and_provenance,standard,exp/egorecover_prior_same_shape/v1/jobs/pose01_s63.1.json,5755a37e22f41cad33fed0e32c9108db09a482ac0e59971420723d18a790b9fc,preserve relative path; portable copies must not replace immutable identities
exp/egorecover_prior_same_shape/v1/jobs/pose01_s63.1.status.json,file,github_experiment_metadata,500,github:sxh-kk/EgoRecover,review_text_and_provenance,standard,exp/egorecover_prior_same_shape/v1/jobs/pose01_s63.1.status.json,ec5abe5f9730246050ef0dcb94617980034f6bbd7c6fb717c4ceffc0b87cfe1a,preserve relative path; portable copies must not replace immutable identities
exp/egorecover_prior_same_shape/v1/jobs/pose01_s64.1.json,file,github_experiment_metadata,338,github:sxh-kk/EgoRecover,review_text_and_provenance,standard,exp/egorecover_prior_same_shape/v1/jobs/pose01_s64.1.json,a4f71da7816e85330de12da5663ccf677e18ee065d319ebd40df671de7337a35,preserve relative path; portable copies must not replace immutable identities
exp/egorecover_prior_same_shape/v1/jobs/pose01_s64.1.status.json,file,github_experiment_metadata,500,github:sxh-kk/EgoRecover,review_text_and_provenance,standard,exp/egorecover_prior_same_shape/v1/jobs/pose01_s64.1.status.json,1c73797a8a1f2c286724484cc6b3cb108d24d7b8e0c09a02583f68ff2f885027,preserve relative path; portable copies must not replace immutable identities
exp/egorecover_prior_same_shape/v1/jobs/pose03_s62.1.json,file,github_experiment_metadata,338,github:sxh-kk/EgoRecover,review_text_and_provenance,standard,exp/egorecover_prior_same_shape/v1/jobs/pose03_s62.1.json,8d4db48189f38c4afec9f40f20907b4a39fa8010cb1102b37c6a310d29acca96,preserve relative path; portable copies must not replace immutable identities
exp/egorecover_prior_same_shape/v1/jobs/pose03_s62.1.status.json,file,github_experiment_metadata,500,github:sxh-kk/EgoRecover,review_text_and_provenance,standard,exp/egorecover_prior_same_shape/v1/jobs/pose03_s62.1.status.json,91d7a6703e48d6efb225cb9623707d971c1370928433a92188e06bff8fd4b114,preserve relative path; portable copies must not replace immutable identities
exp/egorecover_prior_same_shape/v1/jobs/pose03_s63.1.json,file,github_experiment_metadata,338,github:sxh-kk/EgoRecover,review_text_and_provenance,standard,exp/egorecover_prior_same_shape/v1/jobs/pose03_s63.1.json,e77ee8037a06813dd385d7f9faae0f6936f74a68624a90b5495d2b6b73561ab3,preserve relative path; portable copies must not replace immutable identities
exp/egorecover_prior_same_shape/v1/jobs/pose03_s63.1.status.json,file,github_experiment_metadata,500,github:sxh-kk/EgoRecover,review_text_and_provenance,standard,exp/egorecover_prior_same_shape/v1/jobs/pose03_s63.1.status.json,390cdf19ac2963b9f16e7ce88ea7449e869373487da3a7569a3bc89e67370c3e,preserve relative path; portable copies must not replace immutable identities
exp/egorecover_prior_same_shape/v1/jobs/pose03_s64.1.json,file,github_experiment_metadata,338,github:sxh-kk/EgoRecover,review_text_and_provenance,standard,exp/egorecover_prior_same_shape/v1/jobs/pose03_s64.1.json,c40eb14dde4d19b2d4fb554e036da35406667133ecd1cc6329cbb9fc26ce616a,preserve relative path; portable copies must not replace immutable identities
exp/egorecover_prior_same_shape/v1/jobs/pose03_s64.1.status.json,file,github_experiment_metadata,500,github:sxh-kk/EgoRecover,review_text_and_provenance,standard,exp/egorecover_prior_same_shape/v1/jobs/pose03_s64.1.status.json,bfac478d349b04f12e6433ce3ab69368ff24a8dfba6ac8d1f1b8d45cd5958430,preserve relative path; portable copies must not replace immutable identities
exp/egorecover_prior_same_shape/v1/jobs/pose10_s62.1.json,file,github_experiment_metadata,338,github:sxh-kk/EgoRecover,review_text_and_provenance,standard,exp/egorecover_prior_same_shape/v1/jobs/pose10_s62.1.json,f685bc2dc35054c6a2a6f96591ec102b986003e6607b6bc7ad3dfc4541e2da2f,preserve relative path; portable copies must not replace immutable identities
exp/egorecover_prior_same_shape/v1/jobs/pose10_s62.1.status.json,file,github_experiment_metadata,500,github:sxh-kk/EgoRecover,review_text_and_provenance,standard,exp/egorecover_prior_same_shape/v1/jobs/pose10_s62.1.status.json,908095df74274989d532d196d0d046b4172587229d158b8fa9f5c59a56392698,preserve relative path; portable copies must not replace immutable identities
exp/egorecover_prior_same_shape/v1/jobs/pose10_s63.1.json,file,github_experiment_metadata,338,github:sxh-kk/EgoRecover,review_text_and_provenance,standard,exp/egorecover_prior_same_shape/v1/jobs/pose10_s63.1.json,cb898aaecfebe9410021d3c65c46cae1be726905f6c4966dafcf6008214b73ba,preserve relative path; portable copies must not replace immutable identities
exp/egorecover_prior_same_shape/v1/jobs/pose10_s63.1.status.json,file,github_experiment_metadata,500,github:sxh-kk/EgoRecover,review_text_and_provenance,standard,exp/egorecover_prior_same_shape/v1/jobs/pose10_s63.1.status.json,f6ee4efb3d26df53f01524065e9c5b1fa13fbcb5a9425a321923cc88aa69ba8b,preserve relative path; portable copies must not replace immutable identities
exp/egorecover_prior_same_shape/v1/jobs/pose10_s64.1.json,file,github_experiment_metadata,338,github:sxh-kk/EgoRecover,review_text_and_provenance,standard,exp/egorecover_prior_same_shape/v1/jobs/pose10_s64.1.json,6b32cfed04248a633aeb2269369d8802f615154f44c13774e5649bc2c599bf7b,preserve relative path; portable copies must not replace immutable identities
exp/egorecover_prior_same_shape/v1/jobs/pose10_s64.1.status.json,file,github_experiment_metadata,500,github:sxh-kk/EgoRecover,review_text_and_provenance,standard,exp/egorecover_prior_same_shape/v1/jobs/pose10_s64.1.status.json,615dff70bf5799df75a2f26369acb0bf1d0b2cc533cda0dc3286e46d7cd964ed,preserve relative path; portable copies must not replace immutable identities
exp/egorecover_prior_same_shape/v1/plan.json,file,github_experiment_metadata,506,github:sxh-kk/EgoRecover,review_text_and_provenance,standard,exp/egorecover_prior_same_shape/v1/plan.json,7f72002fe4844d3aa8fc8c43ad309d518ce8adaee9af9f1882f8032f2a949060,preserve relative path; portable copies must not replace immutable identities
exp/egorecover_prior_same_shape/v1/queue.json,file,github_experiment_metadata,11956,github:sxh-kk/EgoRecover,review_text_and_provenance,standard,exp/egorecover_prior_same_shape/v1/queue.json,fa3a247368887824319223a537913b4cabee45dfc675ac77aaaa560aac5444e3,preserve relative path; portable copies must not replace immutable identities
exp/egorecover_prior_same_shape/v1/summary.json,file,github_experiment_metadata,954681,github:sxh-kk/EgoRecover,review_text_and_provenance,standard,exp/egorecover_prior_same_shape/v1/summary.json,fb07a6afb19c979f59cc55c745042d8b49ec2484be38e93c50df955b32ba7d1b,preserve relative path; portable copies must not replace immutable identities
exp/egorecover_prior_same_shape/v1/train/control_s62/experiment.json,file,github_experiment_metadata,5080,github:sxh-kk/EgoRecover,review_text_and_provenance,standard,exp/egorecover_prior_same_shape/v1/train/control_s62/experiment.json,2864771a4682f82b8fd2acae80a2018e65ff001da811b18833c177ede43d6caf,preserve relative path; portable copies must not replace immutable identities
exp/egorecover_prior_same_shape/v1/train/control_s62/progress.json,file,github_experiment_metadata,177,github:sxh-kk/EgoRecover,review_text_and_provenance,standard,exp/egorecover_prior_same_shape/v1/train/control_s62/progress.json,747971192edf03b002fc009df9684279b4336af99800c82917261d5a94707bff,preserve relative path; portable copies must not replace immutable identities
exp/egorecover_prior_same_shape/v1/train/control_s62/report.json,file,github_experiment_metadata,401050,github:sxh-kk/EgoRecover,review_text_and_provenance,standard,exp/egorecover_prior_same_shape/v1/train/control_s62/report.json,57f2117952ae216819f47c5d0a11fccc6a17e9093388524b85290d80914ce789,preserve relative path; portable copies must not replace immutable identities
exp/egorecover_prior_same_shape/v1/train/control_s62/selection.json,file,github_experiment_metadata,212316,github:sxh-kk/EgoRecover,review_text_and_provenance,standard,exp/egorecover_prior_same_shape/v1/train/control_s62/selection.json,372fa351ac9e350cc48f8c5324173fa9e8a782f8ad6e0966457d303d8d780378,preserve relative path; portable copies must not replace immutable identities
exp/egorecover_prior_same_shape/v1/train/control_s63/experiment.json,file,github_experiment_metadata,5081,github:sxh-kk/EgoRecover,review_text_and_provenance,standard,exp/egorecover_prior_same_shape/v1/train/control_s63/experiment.json,95d2f4d77be0261d161713386d15aa8508b2d00ee8e64868cd7a77095e6175b8,preserve relative path; portable copies must not replace immutable identities
exp/egorecover_prior_same_shape/v1/train/control_s63/progress.json,file,github_experiment_metadata,177,github:sxh-kk/EgoRecover,review_text_and_provenance,standard,exp/egorecover_prior_same_shape/v1/train/control_s63/progress.json,e7452584a80c2aa1ecfcfa719560c2e44a74e96193cf8da490e7d130c1f7b3b8,preserve relative path; portable copies must not replace immutable identities
exp/egorecover_prior_same_shape/v1/train/control_s63/report.json,file,github_experiment_metadata,290818,github:sxh-kk/EgoRecover,review_text_and_provenance,standard,exp/egorecover_prior_same_shape/v1/train/control_s63/report.json,b1167982c05f99a95f28b7634c9f086ba4a339504cac301983c9ff1a52c0232e,preserve relative path; portable copies must not replace immutable identities
exp/egorecover_prior_same_shape/v1/train/control_s63/selection.json,file,github_experiment_metadata,212208,github:sxh-kk/EgoRecover,review_text_and_provenance,standard,exp/egorecover_prior_same_shape/v1/train/control_s63/selection.json,8c32c4d95e593352afe6dd2ce9adc7d74a0ec543c5c2ba85093a5679dc95a107,preserve relative path; portable copies must not replace immutable identities
exp/egorecover_prior_same_shape/v1/train/control_s64/experiment.json,file,github_experiment_metadata,5081,github:sxh-kk/EgoRecover,review_text_and_provenance,standard,exp/egorecover_prior_same_shape/v1/train/control_s64/experiment.json,cacc3c47b7afd26739683c42f3b8e7f9dbac3e81429c46e19107ef748814cb6d,preserve relative path; portable copies must not replace immutable identities
exp/egorecover_prior_same_shape/v1/train/control_s64/progress.json,file,github_experiment_metadata,177,github:sxh-kk/EgoRecover,review_text_and_provenance,standard,exp/egorecover_prior_same_shape/v1/train/control_s64/progress.json,24af08425e8912f9ad36ba99617c2f05c43247d6f61e962a54dd41d0fe67ceba,preserve relative path; portable copies must not replace immutable identities
exp/egorecover_prior_same_shape/v1/train/control_s64/report.json,file,github_experiment_metadata,290859,github:sxh-kk/EgoRecover,review_text_and_provenance,standard,exp/egorecover_prior_same_shape/v1/train/control_s64/report.json,54217dc10a1393b1c1ddc021c2ec52820ba0040e07215468b0d9ad3f179c1dce,preserve relative path; portable copies must not replace immutable identities
exp/egorecover_prior_same_shape/v1/train/control_s64/selection.json,file,github_experiment_metadata,212296,github:sxh-kk/EgoRecover,review_text_and_provenance,standard,exp/egorecover_prior_same_shape/v1/train/control_s64/selection.json,73224ad4626495a8fc7eaf47869f51e0e9cbb5a42a4c6b0b6ac66804712f85fe,preserve relative path; portable copies must not replace immutable identities
exp/egorecover_prior_same_shape/v1/train/pose01_s62/experiment.json,file,github_experiment_metadata,5081,github:sxh-kk/EgoRecover,review_text_and_provenance,standard,exp/egorecover_prior_same_shape/v1/train/pose01_s62/experiment.json,73c643750c0fdceb222f13d925d789a641bcdab118796aeba738614dd0473d1f,preserve relative path; portable copies must not replace immutable identities
exp/egorecover_prior_same_shape/v1/train/pose01_s62/progress.json,file,github_experiment_metadata,178,github:sxh-kk/EgoRecover,review_text_and_provenance,standard,exp/egorecover_prior_same_shape/v1/train/pose01_s62/progress.json,b9af8aa5c3b88cb856cc73d239982ced39e0af77f23326dca42ee4bbd1c5a21d,preserve relative path; portable copies must not replace immutable identities
exp/egorecover_prior_same_shape/v1/train/pose01_s62/report.json,file,github_experiment_metadata,291303,github:sxh-kk/EgoRecover,review_text_and_provenance,standard,exp/egorecover_prior_same_shape/v1/train/pose01_s62/report.json,c22408d8f15f23c29279775d85da5bb57056e2e9174758299f8bc9cc1d3db451,preserve relative path; portable copies must not replace immutable identities
exp/egorecover_prior_same_shape/v1/train/pose01_s62/selection.json,file,github_experiment_metadata,212709,github:sxh-kk/EgoRecover,review_text_and_provenance,standard,exp/egorecover_prior_same_shape/v1/train/pose01_s62/selection.json,c5c2e81310c3fe19f4566023e3dc1a60bf25ff5406637432090a1bc2784b4fb0,preserve relative path; portable copies must not replace immutable identities
exp/egorecover_prior_same_shape/v1/train/pose01_s63/experiment.json,file,github_experiment_metadata,5081,github:sxh-kk/EgoRecover,review_text_and_provenance,standard,exp/egorecover_prior_same_shape/v1/train/pose01_s63/experiment.json,5fff63a2447c82bc34c5b33fef752525c8fa45d9bca50ef01f04ca6ad276e0f2,preserve relative path; portable copies must not replace immutable identities
exp/egorecover_prior_same_shape/v1/train/pose01_s63/progress.json,file,github_experiment_metadata,178,github:sxh-kk/EgoRecover,review_text_and_provenance,standard,exp/egorecover_prior_same_shape/v1/train/pose01_s63/progress.json,6ba2d680f570553c15f8a0be2def93337b7049092ca4ab5a1bb0c7a4433f0ef0,preserve relative path; portable copies must not replace immutable identities
exp/egorecover_prior_same_shape/v1/train/pose01_s63/report.json,file,github_experiment_metadata,291296,github:sxh-kk/EgoRecover,review_text_and_provenance,standard,exp/egorecover_prior_same_shape/v1/train/pose01_s63/report.json,e04196362adfcdbb8fa15c84a9e8576b189ddfdad90324e8b4db28b34b0cf77c,preserve relative path; portable copies must not replace immutable identities
exp/egorecover_prior_same_shape/v1/train/pose01_s63/selection.json,file,github_experiment_metadata,212683,github:sxh-kk/EgoRecover,review_text_and_provenance,standard,exp/egorecover_prior_same_shape/v1/train/pose01_s63/selection.json,f9f4fd6f0d60182858183c594b720fdc0dfbf1dd1e298cd48416d91ea45cd88b,preserve relative path; portable copies must not replace immutable identities
exp/egorecover_prior_same_shape/v1/train/pose01_s64/experiment.json,file,github_experiment_metadata,5081,github:sxh-kk/EgoRecover,review_text_and_provenance,standard,exp/egorecover_prior_same_shape/v1/train/pose01_s64/experiment.json,69bc380d936151d2a909137173b8a0629e63e9fe2fb70d247f1a9599788292b8,preserve relative path; portable copies must not replace immutable identities
exp/egorecover_prior_same_shape/v1/train/pose01_s64/progress.json,file,github_experiment_metadata,176,github:sxh-kk/EgoRecover,review_text_and_provenance,standard,exp/egorecover_prior_same_shape/v1/train/pose01_s64/progress.json,7b325d0ca42629c85243ab3dc709f94e4fbaff712afdebbccdfdb577a3ff54d2,preserve relative path; portable copies must not replace immutable identities
exp/egorecover_prior_same_shape/v1/train/pose01_s64/report.json,file,github_experiment_metadata,291271,github:sxh-kk/EgoRecover,review_text_and_provenance,standard,exp/egorecover_prior_same_shape/v1/train/pose01_s64/report.json,c462d948620d84892b376966029a8b898e8806ba846c033abfc06057e059d1b4,preserve relative path; portable copies must not replace immutable identities
exp/egorecover_prior_same_shape/v1/train/pose01_s64/selection.json,file,github_experiment_metadata,212633,github:sxh-kk/EgoRecover,review_text_and_provenance,standard,exp/egorecover_prior_same_shape/v1/train/pose01_s64/selection.json,559b3f7f15ca091e36c049b8cbbedcb0915f00a36519f173e29bdff581651e92,preserve relative path; portable copies must not replace immutable identities
exp/egorecover_prior_same_shape/v1/train/pose03_s62/experiment.json,file,github_experiment_metadata,5081,github:sxh-kk/EgoRecover,review_text_and_provenance,standard,exp/egorecover_prior_same_shape/v1/train/pose03_s62/experiment.json,0dece805eb6d77b848f5ebbd18197c5c399adf4f6119fb2c07bb969726e13438,preserve relative path; portable copies must not replace immutable identities
exp/egorecover_prior_same_shape/v1/train/pose03_s62/progress.json,file,github_experiment_metadata,178,github:sxh-kk/EgoRecover,review_text_and_provenance,standard,exp/egorecover_prior_same_shape/v1/train/pose03_s62/progress.json,b3f0ae899cfa4d87e68c564cbdcde8df7ac4b4fe427583d547a37b86f39a3b51,preserve relative path; portable copies must not replace immutable identities
exp/egorecover_prior_same_shape/v1/train/pose03_s62/report.json,file,github_experiment_metadata,291227,github:sxh-kk/EgoRecover,review_text_and_provenance,standard,exp/egorecover_prior_same_shape/v1/train/pose03_s62/report.json,41c5ef2929a82e98842fc039434ba5bbcd5a5f15407c0c74247c7c4f4f43e541,preserve relative path; portable copies must not replace immutable identities
exp/egorecover_prior_same_shape/v1/train/pose03_s62/selection.json,file,github_experiment_metadata,212614,github:sxh-kk/EgoRecover,review_text_and_provenance,standard,exp/egorecover_prior_same_shape/v1/train/pose03_s62/selection.json,f84e8f7eae5feb11a5506c41cf7e19850869ac072dbbdf7b70ba2fcd8dfda4a2,preserve relative path; portable copies must not replace immutable identities
exp/egorecover_prior_same_shape/v1/train/pose03_s63/experiment.json,file,github_experiment_metadata,5081,github:sxh-kk/EgoRecover,review_text_and_provenance,standard,exp/egorecover_prior_same_shape/v1/train/pose03_s63/experiment.json,bfdb5966629ba7f4c98f1f4c5a640bfe2db8fb1f4da69b35da2f0dd7f76c200c,preserve relative path; portable copies must not replace immutable identities
exp/egorecover_prior_same_shape/v1/train/pose03_s63/progress.json,file,github_experiment_metadata,178,github:sxh-kk/EgoRecover,review_text_and_provenance,standard,exp/egorecover_prior_same_shape/v1/train/pose03_s63/progress.json,e1637e18741d6ac207b79124ae7bedcfe51714793891657826c35b600b5b6c88,preserve relative path; portable copies must not replace immutable identities
exp/egorecover_prior_same_shape/v1/train/pose03_s63/report.json,file,github_experiment_metadata,291278,github:sxh-kk/EgoRecover,review_text_and_provenance,standard,exp/egorecover_prior_same_shape/v1/train/pose03_s63/report.json,fc264b0af4c73852e4da4ae1ed11a7919f0be0d8492b9e5ba1a191344e686d53,preserve relative path; portable copies must not replace immutable identities
exp/egorecover_prior_same_shape/v1/train/pose03_s63/selection.json,file,github_experiment_metadata,212666,github:sxh-kk/EgoRecover,review_text_and_provenance,standard,exp/egorecover_prior_same_shape/v1/train/pose03_s63/selection.json,d638051ef43d5ca95391b07a19c9875d5c2c7c6219c11742d5500a9f0d193f76,preserve relative path; portable copies must not replace immutable identities
exp/egorecover_prior_same_shape/v1/train/pose03_s64/experiment.json,file,github_experiment_metadata,5081,github:sxh-kk/EgoRecover,review_text_and_provenance,standard,exp/egorecover_prior_same_shape/v1/train/pose03_s64/experiment.json,bd7126a1936702b15135f08826f42cbc5f6424c2b50a26f54f116bcf635fdf4f,preserve relative path; portable copies must not replace immutable identities
exp/egorecover_prior_same_shape/v1/train/pose03_s64/progress.json,file,github_experiment_metadata,177,github:sxh-kk/EgoRecover,review_text_and_provenance,standard,exp/egorecover_prior_same_shape/v1/train/pose03_s64/progress.json,830102a713f7fc4029e5b79d94af098af9cf0a0c2cb23c2bc9fe55bb7fb5ad78,preserve relative path; portable copies must not replace immutable identities
exp/egorecover_prior_same_shape/v1/train/pose03_s64/report.json,file,github_experiment_metadata,291384,github:sxh-kk/EgoRecover,review_text_and_provenance,standard,exp/egorecover_prior_same_shape/v1/train/pose03_s64/report.json,4b9c25c4a500062ab0d422b16a6d77dfdaec84ec773921ce06af68c418e33cc6,preserve relative path; portable copies must not replace immutable identities
exp/egorecover_prior_same_shape/v1/train/pose03_s64/selection.json,file,github_experiment_metadata,212733,github:sxh-kk/EgoRecover,review_text_and_provenance,standard,exp/egorecover_prior_same_shape/v1/train/pose03_s64/selection.json,7a0513348dfa156ac9240aac84cb121702327f59cdd0efac543e584d1597a0f3,preserve relative path; portable copies must not replace immutable identities
exp/egorecover_prior_same_shape/v1/train/pose10_s62/experiment.json,file,github_experiment_metadata,5081,github:sxh-kk/EgoRecover,review_text_and_provenance,standard,exp/egorecover_prior_same_shape/v1/train/pose10_s62/experiment.json,fbcd1649db62b2c62b70112b1a32e58391f87c71f52fa3d5a99c58b76c57cfa2,preserve relative path; portable copies must not replace immutable identities
exp/egorecover_prior_same_shape/v1/train/pose10_s62/progress.json,file,github_experiment_metadata,179,github:sxh-kk/EgoRecover,review_text_and_provenance,standard,exp/egorecover_prior_same_shape/v1/train/pose10_s62/progress.json,90124c480a0893a8cb096cecd0db826dabbb744f4379c1a8645877f28f9503c2,preserve relative path; portable copies must not replace immutable identities
exp/egorecover_prior_same_shape/v1/train/pose10_s62/report.json,file,github_experiment_metadata,291221,github:sxh-kk/EgoRecover,review_text_and_provenance,standard,exp/egorecover_prior_same_shape/v1/train/pose10_s62/report.json,0723e63e9db20a4726d1b7bba64c1964cae702ed8b979cca679a1eabbda9758d,preserve relative path; portable copies must not replace immutable identities
exp/egorecover_prior_same_shape/v1/train/pose10_s62/selection.json,file,github_experiment_metadata,212634,github:sxh-kk/EgoRecover,review_text_and_provenance,standard,exp/egorecover_prior_same_shape/v1/train/pose10_s62/selection.json,ba73fc5db5a766c06ea4322c81c800196499457ca6dc56750d34ce11b6fe2317,preserve relative path; portable copies must not replace immutable identities
exp/egorecover_prior_same_shape/v1/train/pose10_s63/experiment.json,file,github_experiment_metadata,5081,github:sxh-kk/EgoRecover,review_text_and_provenance,standard,exp/egorecover_prior_same_shape/v1/train/pose10_s63/experiment.json,2816c2ecb9d5dd0802a5c77fa21ddfa36af6c14a437f63f8c5355f9ce92ad158,preserve relative path; portable copies must not replace immutable identities
exp/egorecover_prior_same_shape/v1/train/pose10_s63/progress.json,file,github_experiment_metadata,178,github:sxh-kk/EgoRecover,review_text_and_provenance,standard,exp/egorecover_prior_same_shape/v1/train/pose10_s63/progress.json,2bc4e65daaf03e090cfaafa75c875e8c651fc83debfcadbb155f75e2d0f9a7f6,preserve relative path; portable copies must not replace immutable identities
exp/egorecover_prior_same_shape/v1/train/pose10_s63/report.json,file,github_experiment_metadata,291242,github:sxh-kk/EgoRecover,review_text_and_provenance,standard,exp/egorecover_prior_same_shape/v1/train/pose10_s63/report.json,a67a8b6991325fc46542a20896bdac455d83de944ec3f68f922da8a03680b7aa,preserve relative path; portable copies must not replace immutable identities
exp/egorecover_prior_same_shape/v1/train/pose10_s63/selection.json,file,github_experiment_metadata,212625,github:sxh-kk/EgoRecover,review_text_and_provenance,standard,exp/egorecover_prior_same_shape/v1/train/pose10_s63/selection.json,9269db6caec85a373e920a1056582545479976dfca00f37e5981c2897f02d3c4,preserve relative path; portable copies must not replace immutable identities
exp/egorecover_prior_same_shape/v1/train/pose10_s64/experiment.json,file,github_experiment_metadata,5081,github:sxh-kk/EgoRecover,review_text_and_provenance,standard,exp/egorecover_prior_same_shape/v1/train/pose10_s64/experiment.json,bf22eda14f7ac1a89a011205ec7302005f5dc27e3cda383e55896b496592b973,preserve relative path; portable copies must not replace immutable identities
exp/egorecover_prior_same_shape/v1/train/pose10_s64/progress.json,file,github_experiment_metadata,178,github:sxh-kk/EgoRecover,review_text_and_provenance,standard,exp/egorecover_prior_same_shape/v1/train/pose10_s64/progress.json,8ace01cdd98dec423414681688715ea9716b6b5b904a2f85e0e2f44fdcb6bea5,preserve relative path; portable copies must not replace immutable identities
exp/egorecover_prior_same_shape/v1/train/pose10_s64/report.json,file,github_experiment_metadata,291254,github:sxh-kk/EgoRecover,review_text_and_provenance,standard,exp/egorecover_prior_same_shape/v1/train/pose10_s64/report.json,24c5408f3f202985840b249cc78350d44ba2ad224f9ee4d01d9c2fafc75c2c39,preserve relative path; portable copies must not replace immutable identities
exp/egorecover_prior_same_shape/v1/train/pose10_s64/selection.json,file,github_experiment_metadata,212635,github:sxh-kk/EgoRecover,review_text_and_provenance,standard,exp/egorecover_prior_same_shape/v1/train/pose10_s64/selection.json,3d0b017502f4d87de50187cec89b95833659b613fc8244306c7cc17ce47da033,preserve relative path; portable copies must not replace immutable identities
exp/egorecover_prior_two_forward/v1/RESULTS.md,file,github_experiment_metadata,1124,github:sxh-kk/EgoRecover,review_text_and_provenance,standard,exp/egorecover_prior_two_forward/v1/RESULTS.md,22ab06bb45fd86fd78d0a6563e32f93fd1b6137505c4dd90e9bc23349e4b4e63,preserve relative path; portable copies must not replace immutable identities
exp/egorecover_prior_two_forward/v1/SCREENING.md,file,github_experiment_metadata,1773,github:sxh-kk/EgoRecover,review_text_and_provenance,standard,exp/egorecover_prior_two_forward/v1/SCREENING.md,f3b31038f555f2e40f1bafa2d57709fbe2cb77e8d1800f42b560e3d389c6cbd8,preserve relative path; portable copies must not replace immutable identities
exp/egorecover_prior_two_forward/v1/data/report.json,file,hf_cache_review,20683,github:sxh-kk/EgoRecover,review_metadata,standard,exp/egorecover_prior_two_forward/v1/data/report.json,,split/cache provenance metadata; review for embedded observations
exp/egorecover_prior_two_forward/v1/diagnostics/shape_reference.json,file,github_experiment_metadata,17727,github:sxh-kk/EgoRecover,review_text_and_provenance,standard,exp/egorecover_prior_two_forward/v1/diagnostics/shape_reference.json,6ae663fa2d22827bcc27a90f6fa74b698964b73f1da5bf5f0cad0d565c0c4140,preserve relative path; portable copies must not replace immutable identities
exp/egorecover_prior_two_forward/v1/diagnostics/shape_reference.py,file,github_experiment_metadata,2302,github:sxh-kk/EgoRecover,review_text_and_provenance,standard,exp/egorecover_prior_two_forward/v1/diagnostics/shape_reference.py,4187b8d5c3e9cc849b7ef01f701081b38115d19631dcd91fd0309b235b55821e,preserve relative path; portable copies must not replace immutable identities
exp/egorecover_prior_two_forward/v1/figures/pose_examples.pdf,file,hf_other_artifacts_review,59567,github:sxh-kk/EgoRecover,review_figure_or_report,standard,exp/egorecover_prior_two_forward/v1/figures/pose_examples.pdf,,pose visualizations require derived-data review
exp/egorecover_prior_two_forward/v1/figures/pose_examples.png,file,hf_other_artifacts_review,1466725,github:sxh-kk/EgoRecover,review_figure_or_report,standard,exp/egorecover_prior_two_forward/v1/figures/pose_examples.png,,pose visualizations require derived-data review
exp/egorecover_prior_two_forward/v1/figures/rollout_errors.pdf,file,hf_other_artifacts_review,23787,github:sxh-kk/EgoRecover,review_figure_or_report,standard,exp/egorecover_prior_two_forward/v1/figures/rollout_errors.pdf,,pose visualizations require derived-data review
exp/egorecover_prior_two_forward/v1/figures/rollout_errors.png,file,hf_other_artifacts_review,135405,github:sxh-kk/EgoRecover,review_figure_or_report,standard,exp/egorecover_prior_two_forward/v1/figures/rollout_errors.png,,pose visualizations require derived-data review
exp/egorecover_prior_two_forward/v1/jobs/A_gt_dense_s62.1.json,file,github_experiment_metadata,456,github:sxh-kk/EgoRecover,review_text_and_provenance,standard,exp/egorecover_prior_two_forward/v1/jobs/A_gt_dense_s62.1.json,474d7deddef15bc3c9895e17b1b1529bb0fc0a6047006a8aa251c83ad7a11e57,preserve relative path; portable copies must not replace immutable identities
exp/egorecover_prior_two_forward/v1/jobs/A_gt_dense_s62.1.status.json,file,github_experiment_metadata,618,github:sxh-kk/EgoRecover,review_text_and_provenance,standard,exp/egorecover_prior_two_forward/v1/jobs/A_gt_dense_s62.1.status.json,5793887aad2d56df124cbeb76e9c10ac5c23ffdb82045a22cfbefcf04ac8f95f,preserve relative path; portable copies must not replace immutable identities
exp/egorecover_prior_two_forward/v1/jobs/A_gt_dense_s63.1.json,file,github_experiment_metadata,334,github:sxh-kk/EgoRecover,review_text_and_provenance,standard,exp/egorecover_prior_two_forward/v1/jobs/A_gt_dense_s63.1.json,feb326ef9557e0a264da42d65bc7b8e7ee6c6c995c17bce1f81038f882a3739e,preserve relative path; portable copies must not replace immutable identities
exp/egorecover_prior_two_forward/v1/jobs/A_gt_dense_s63.1.status.json,file,github_experiment_metadata,496,github:sxh-kk/EgoRecover,review_text_and_provenance,standard,exp/egorecover_prior_two_forward/v1/jobs/A_gt_dense_s63.1.status.json,1a9becf7f54ca9c894b433cf7a55e2612bd22a15ade6df22a4df6c2586f006c0,preserve relative path; portable copies must not replace immutable identities
exp/egorecover_prior_two_forward/v1/jobs/A_gt_dense_s64.1.json,file,github_experiment_metadata,334,github:sxh-kk/EgoRecover,review_text_and_provenance,standard,exp/egorecover_prior_two_forward/v1/jobs/A_gt_dense_s64.1.json,000da3a429a2ff3beff85df04c71ebc497b04fb75a94d00086938e7d97817137,preserve relative path; portable copies must not replace immutable identities
exp/egorecover_prior_two_forward/v1/jobs/A_gt_dense_s64.1.status.json,file,github_experiment_metadata,496,github:sxh-kk/EgoRecover,review_text_and_provenance,standard,exp/egorecover_prior_two_forward/v1/jobs/A_gt_dense_s64.1.status.json,34b09e75498515d1fe9c6803052a3ac79f6c4d517e4e0797a187167e509a14d3,preserve relative path; portable copies must not replace immutable identities
exp/egorecover_prior_two_forward/v1/jobs/B_two_forward_dense_s62.1.json,file,github_experiment_metadata,364,github:sxh-kk/EgoRecover,review_text_and_provenance,standard,exp/egorecover_prior_two_forward/v1/jobs/B_two_forward_dense_s62.1.json,3da3a257027c56e61512d900262453dc295b3e64dcd676ffbd25e717cdb315de,preserve relative path; portable copies must not replace immutable identities
exp/egorecover_prior_two_forward/v1/jobs/B_two_forward_dense_s62.1.status.json,file,github_experiment_metadata,526,github:sxh-kk/EgoRecover,review_text_and_provenance,standard,exp/egorecover_prior_two_forward/v1/jobs/B_two_forward_dense_s62.1.status.json,c344ecb452443283b8b569135acceef8f168e9067f646698d6b6c34b96918478,preserve relative path; portable copies must not replace immutable identities
exp/egorecover_prior_two_forward/v1/jobs/C_gt_fk_s62.1.json,file,github_experiment_metadata,331,github:sxh-kk/EgoRecover,review_text_and_provenance,standard,exp/egorecover_prior_two_forward/v1/jobs/C_gt_fk_s62.1.json,7b69a2d3e4e3f725fe05fc4226e137001f9822e87eb6ba63feaf42976279b3f5,preserve relative path; portable copies must not replace immutable identities
exp/egorecover_prior_two_forward/v1/jobs/C_gt_fk_s62.1.status.json,file,github_experiment_metadata,493,github:sxh-kk/EgoRecover,review_text_and_provenance,standard,exp/egorecover_prior_two_forward/v1/jobs/C_gt_fk_s62.1.status.json,70b1a5def07b7016f43da38863b60bcd39ceb4c7a03bac13f15c624922140ab4,preserve relative path; portable copies must not replace immutable identities
exp/egorecover_prior_two_forward/v1/jobs/C_gt_fk_s63.1.json,file,github_experiment_metadata,331,github:sxh-kk/EgoRecover,review_text_and_provenance,standard,exp/egorecover_prior_two_forward/v1/jobs/C_gt_fk_s63.1.json,e03f41fcf3210607b7893232e175b8334fe666eb46fd64051b43fad707287f02,preserve relative path; portable copies must not replace immutable identities
exp/egorecover_prior_two_forward/v1/jobs/C_gt_fk_s63.1.status.json,file,github_experiment_metadata,493,github:sxh-kk/EgoRecover,review_text_and_provenance,standard,exp/egorecover_prior_two_forward/v1/jobs/C_gt_fk_s63.1.status.json,9db8c0f5f31b9e1a6d5ae227e551fc7dd9c4f53382f20ae7ea1d8e73eca46fcf,preserve relative path; portable copies must not replace immutable identities
exp/egorecover_prior_two_forward/v1/jobs/C_gt_fk_s64.1.json,file,github_experiment_metadata,331,github:sxh-kk/EgoRecover,review_text_and_provenance,standard,exp/egorecover_prior_two_forward/v1/jobs/C_gt_fk_s64.1.json,917441bd3dc93cd19b595828dd2c3146c6dc4301bf4f69b0fe8c6c1730c539b8,preserve relative path; portable copies must not replace immutable identities
exp/egorecover_prior_two_forward/v1/jobs/C_gt_fk_s64.1.status.json,file,github_experiment_metadata,493,github:sxh-kk/EgoRecover,review_text_and_provenance,standard,exp/egorecover_prior_two_forward/v1/jobs/C_gt_fk_s64.1.status.json,55ec8d2de36539b3f630a465b6489c2e41b588de524aeb40456a8e415614477e,preserve relative path; portable copies must not replace immutable identities
exp/egorecover_prior_two_forward/v1/jobs/D_two_forward_fk_s62.1.json,file,github_experiment_metadata,361,github:sxh-kk/EgoRecover,review_text_and_provenance,standard,exp/egorecover_prior_two_forward/v1/jobs/D_two_forward_fk_s62.1.json,293496310c0f66e2c4a5a2c80552377d9435a0e5d340c837b8fb7af9298276de,preserve relative path; portable copies must not replace immutable identities
exp/egorecover_prior_two_forward/v1/jobs/D_two_forward_fk_s62.1.status.json,file,github_experiment_metadata,523,github:sxh-kk/EgoRecover,review_text_and_provenance,standard,exp/egorecover_prior_two_forward/v1/jobs/D_two_forward_fk_s62.1.status.json,94a7a081b5db009c1d0078e1094cc8ec7d978677386bfeb5d06f455e6729c79e,preserve relative path; portable copies must not replace immutable identities
exp/egorecover_prior_two_forward/v1/jobs/prepare_data.1.json,file,github_experiment_metadata,204,github:sxh-kk/EgoRecover,review_text_and_provenance,standard,exp/egorecover_prior_two_forward/v1/jobs/prepare_data.1.json,91eeb0fbc72af4a3fc6c95c4531c0c8ce2c25c37ef4bc4c3ee0a6b0f720a107b,preserve relative path; portable copies must not replace immutable identities
exp/egorecover_prior_two_forward/v1/jobs/prepare_data.1.status.json,file,github_experiment_metadata,366,github:sxh-kk/EgoRecover,review_text_and_provenance,standard,exp/egorecover_prior_two_forward/v1/jobs/prepare_data.1.status.json,80281f42fa7bba6a3c1da1eda4126a0b769c03115c9a218afde24f8bac8a12a0,preserve relative path; portable copies must not replace immutable identities
exp/egorecover_prior_two_forward/v1/plan.before_schedule_change_1790654924194035158.json,file,github_experiment_metadata,854,github:sxh-kk/EgoRecover,review_text_and_provenance,standard,exp/egorecover_prior_two_forward/v1/plan.before_schedule_change_1790654924194035158.json,ecd363ad21ac0e9ea06ff7ecb9d726364948eb07c0ef836cf342a088e6ec1fd2,preserve relative path; portable copies must not replace immutable identities
exp/egorecover_prior_two_forward/v1/plan.before_schedule_change_1790655518306863321.json,file,github_experiment_metadata,796,github:sxh-kk/EgoRecover,review_text_and_provenance,standard,exp/egorecover_prior_two_forward/v1/plan.before_schedule_change_1790655518306863321.json,39e60b7664c87f9f29917d8aab4ad71cd48e83ecb2d6588bf949d969068992be,preserve relative path; portable copies must not replace immutable identities
exp/egorecover_prior_two_forward/v1/plan.json,file,github_experiment_metadata,796,github:sxh-kk/EgoRecover,review_text_and_provenance,standard,exp/egorecover_prior_two_forward/v1/plan.json,6c4b85ce740bea5abcc9d3c24839d028595d1602258dc9d32f7ba9316ea0cf6d,preserve relative path; portable copies must not replace immutable identities
exp/egorecover_prior_two_forward/v1/queue.json,file,github_experiment_metadata,9813,github:sxh-kk/EgoRecover,review_text_and_provenance,standard,exp/egorecover_prior_two_forward/v1/queue.json,d136fbeb60e01b54d4c7bb5567cdabfc96424a4b936b3fab5032ea9a1e265dc5,preserve relative path; portable copies must not replace immutable identities
exp/egorecover_prior_two_forward/v1/screening.json,file,github_experiment_metadata,62042,github:sxh-kk/EgoRecover,review_text_and_provenance,standard,exp/egorecover_prior_two_forward/v1/screening.json,d7f1c7d927f3b89a4ac324454464aa63480546f43f72d92776a150cac6d2c612,preserve relative path; portable copies must not replace immutable identities
exp/egorecover_prior_two_forward/v1/summary.json,file,github_experiment_metadata,98474,github:sxh-kk/EgoRecover,review_text_and_provenance,standard,exp/egorecover_prior_two_forward/v1/summary.json,620c081f025b7e27fe3128a852885d7e0acf89a958476fbd6fbd5b255bacf4e9,preserve relative path; portable copies must not replace immutable identities
exp/egorecover_prior_two_forward/v1/train/A_gt_dense_s62/experiment.json,file,github_experiment_metadata,4694,github:sxh-kk/EgoRecover,review_text_and_provenance,standard,exp/egorecover_prior_two_forward/v1/train/A_gt_dense_s62/experiment.json,def8053ab11ad63393990c8214dcdeb3b4bc9de260becada93cf164e35f82c77,preserve relative path; portable copies must not replace immutable identities
exp/egorecover_prior_two_forward/v1/train/A_gt_dense_s62/progress.json,file,github_experiment_metadata,178,github:sxh-kk/EgoRecover,review_text_and_provenance,standard,exp/egorecover_prior_two_forward/v1/train/A_gt_dense_s62/progress.json,2b1e4404cb0b8eb0de2500289a219a0a8cde8d9e3cfa314077a56387990f93af,preserve relative path; portable copies must not replace immutable identities
exp/egorecover_prior_two_forward/v1/train/A_gt_dense_s62/report.json,file,github_experiment_metadata,164199,github:sxh-kk/EgoRecover,review_text_and_provenance,standard,exp/egorecover_prior_two_forward/v1/train/A_gt_dense_s62/report.json,c13b37dae970924388ec48f5339d725bdb2fa8040872cd30b45911651e7c2487,preserve relative path; portable copies must not replace immutable identities
exp/egorecover_prior_two_forward/v1/train/A_gt_dense_s62/selection.json,file,github_experiment_metadata,118181,github:sxh-kk/EgoRecover,review_text_and_provenance,standard,exp/egorecover_prior_two_forward/v1/train/A_gt_dense_s62/selection.json,643668d8fbab4f9c784f34fc554b4ce06091fbbc3ae5fe8932df4dcae9f14eba,preserve relative path; portable copies must not replace immutable identities
exp/egorecover_prior_two_forward/v1/train/A_gt_dense_s63/experiment.json,file,github_experiment_metadata,4633,github:sxh-kk/EgoRecover,review_text_and_provenance,standard,exp/egorecover_prior_two_forward/v1/train/A_gt_dense_s63/experiment.json,0c32127aaf256a5df959873fff083baa79725f4d92557331b186b2c26efecee4,preserve relative path; portable copies must not replace immutable identities
exp/egorecover_prior_two_forward/v1/train/A_gt_dense_s63/progress.json,file,github_experiment_metadata,177,github:sxh-kk/EgoRecover,review_text_and_provenance,standard,exp/egorecover_prior_two_forward/v1/train/A_gt_dense_s63/progress.json,70b757ef709be17a6d976166124deec2b480ba19f2f8f906989ba0f3cf9cb775,preserve relative path; portable copies must not replace immutable identities
exp/egorecover_prior_two_forward/v1/train/A_gt_dense_s63/report.json,file,github_experiment_metadata,137882,github:sxh-kk/EgoRecover,review_text_and_provenance,standard,exp/egorecover_prior_two_forward/v1/train/A_gt_dense_s63/report.json,463d4bc6e393ec6e2f8d528c6f0d787498072040a752070cede504f5945ada98,preserve relative path; portable copies must not replace immutable identities
exp/egorecover_prior_two_forward/v1/train/A_gt_dense_s63/selection.json,file,github_experiment_metadata,118155,github:sxh-kk/EgoRecover,review_text_and_provenance,standard,exp/egorecover_prior_two_forward/v1/train/A_gt_dense_s63/selection.json,3e7931f40efa2a68626f79bd448f2d47a1de11e379b3be263a9dbe568093db09,preserve relative path; portable copies must not replace immutable identities
exp/egorecover_prior_two_forward/v1/train/A_gt_dense_s64/experiment.json,file,github_experiment_metadata,4633,github:sxh-kk/EgoRecover,review_text_and_provenance,standard,exp/egorecover_prior_two_forward/v1/train/A_gt_dense_s64/experiment.json,eb095e9a0ea31cb8e95e7757100daaa10321f58e600c501218f1febce44338c8,preserve relative path; portable copies must not replace immutable identities
exp/egorecover_prior_two_forward/v1/train/A_gt_dense_s64/progress.json,file,github_experiment_metadata,179,github:sxh-kk/EgoRecover,review_text_and_provenance,standard,exp/egorecover_prior_two_forward/v1/train/A_gt_dense_s64/progress.json,8f8c9ab480e326f0a38cadbc5366ed65dad2421b8a5f825d6e3bbc6f730e1114,preserve relative path; portable copies must not replace immutable identities
exp/egorecover_prior_two_forward/v1/train/A_gt_dense_s64/report.json,file,github_experiment_metadata,137819,github:sxh-kk/EgoRecover,review_text_and_provenance,standard,exp/egorecover_prior_two_forward/v1/train/A_gt_dense_s64/report.json,b7f762d8402d299cd2538d5d54e9db0d69e0f4eb93f0f0f8a9e8d3dda4a77dd6,preserve relative path; portable copies must not replace immutable identities
exp/egorecover_prior_two_forward/v1/train/A_gt_dense_s64/selection.json,file,github_experiment_metadata,118097,github:sxh-kk/EgoRecover,review_text_and_provenance,standard,exp/egorecover_prior_two_forward/v1/train/A_gt_dense_s64/selection.json,ee54d0783611cff68680616d2268bedb1b427af62f184eccc67e8582ad8ff62d,preserve relative path; portable copies must not replace immutable identities
exp/egorecover_prior_two_forward/v1/train/B_two_forward_dense_s62/experiment.json,file,github_experiment_metadata,4632,github:sxh-kk/EgoRecover,review_text_and_provenance,standard,exp/egorecover_prior_two_forward/v1/train/B_two_forward_dense_s62/experiment.json,ef0ae5a56c5238109948358ecfa2713beb2d8c293ca27a6399ee414d82056436,preserve relative path; portable copies must not replace immutable identities
exp/egorecover_prior_two_forward/v1/train/B_two_forward_dense_s62/progress.json,file,github_experiment_metadata,178,github:sxh-kk/EgoRecover,review_text_and_provenance,standard,exp/egorecover_prior_two_forward/v1/train/B_two_forward_dense_s62/progress.json,920f31c98941d650c44ea17e941d521c1957b4746e5c9e30918db33da5407048,preserve relative path; portable copies must not replace immutable identities
exp/egorecover_prior_two_forward/v1/train/B_two_forward_dense_s62/report.json,file,github_experiment_metadata,138404,github:sxh-kk/EgoRecover,review_text_and_provenance,standard,exp/egorecover_prior_two_forward/v1/train/B_two_forward_dense_s62/report.json,9ea195800070246eda86101fba29b6367b30d85f4a77998f3f1459616edb51d2,preserve relative path; portable copies must not replace immutable identities
exp/egorecover_prior_two_forward/v1/train/B_two_forward_dense_s62/selection.json,file,github_experiment_metadata,118669,github:sxh-kk/EgoRecover,review_text_and_provenance,standard,exp/egorecover_prior_two_forward/v1/train/B_two_forward_dense_s62/selection.json,a1f130a5945f00a8f869e117c4e89978bee841481ee0a6dc7c880a46b0b3cbb0,preserve relative path; portable copies must not replace immutable identities
exp/egorecover_prior_two_forward/v1/train/C_gt_fk_s62/experiment.json,file,github_experiment_metadata,4633,github:sxh-kk/EgoRecover,review_text_and_provenance,standard,exp/egorecover_prior_two_forward/v1/train/C_gt_fk_s62/experiment.json,cc790c58518ca017eec0dd1ae3fdf10b7079df9592dbbe35865a9ca4cf3aed07,preserve relative path; portable copies must not replace immutable identities
exp/egorecover_prior_two_forward/v1/train/C_gt_fk_s62/progress.json,file,github_experiment_metadata,178,github:sxh-kk/EgoRecover,review_text_and_provenance,standard,exp/egorecover_prior_two_forward/v1/train/C_gt_fk_s62/progress.json,3062a1aca453fee49163734f6d27a6b3076c59606b3177f9db96bc95c5e6d3fc,preserve relative path; portable copies must not replace immutable identities
exp/egorecover_prior_two_forward/v1/train/C_gt_fk_s62/report.json,file,github_experiment_metadata,138243,github:sxh-kk/EgoRecover,review_text_and_provenance,standard,exp/egorecover_prior_two_forward/v1/train/C_gt_fk_s62/report.json,d8dca84906ec06356af38af6e320fee6df0ca4b12cd120de222fd4480566c73a,preserve relative path; portable copies must not replace immutable identities
exp/egorecover_prior_two_forward/v1/train/C_gt_fk_s62/selection.json,file,github_experiment_metadata,118524,github:sxh-kk/EgoRecover,review_text_and_provenance,standard,exp/egorecover_prior_two_forward/v1/train/C_gt_fk_s62/selection.json,665a4c4f80687791be841cea0520f8d603e4de3f74fb5c957328639841bed58e,preserve relative path; portable copies must not replace immutable identities
exp/egorecover_prior_two_forward/v1/train/C_gt_fk_s63/experiment.json,file,github_experiment_metadata,4633,github:sxh-kk/EgoRecover,review_text_and_provenance,standard,exp/egorecover_prior_two_forward/v1/train/C_gt_fk_s63/experiment.json,a26fb5a252dab62fffb68608a11d0e6473feda7081b82bf8b7aaf59d7b76f010,preserve relative path; portable copies must not replace immutable identities
exp/egorecover_prior_two_forward/v1/train/C_gt_fk_s63/progress.json,file,github_experiment_metadata,176,github:sxh-kk/EgoRecover,review_text_and_provenance,standard,exp/egorecover_prior_two_forward/v1/train/C_gt_fk_s63/progress.json,55bae7ff073560394023008e0e449e7dc1d2b8984a6e2b1b3ae9cb5e271bbfad,preserve relative path; portable copies must not replace immutable identities
exp/egorecover_prior_two_forward/v1/train/C_gt_fk_s63/report.json,file,github_experiment_metadata,138189,github:sxh-kk/EgoRecover,review_text_and_provenance,standard,exp/egorecover_prior_two_forward/v1/train/C_gt_fk_s63/report.json,5ae0a724b5f425168dbf4597d3207b4ce981e3d7452eac46760d60826443cd66,preserve relative path; portable copies must not replace immutable identities
exp/egorecover_prior_two_forward/v1/train/C_gt_fk_s63/selection.json,file,github_experiment_metadata,118482,github:sxh-kk/EgoRecover,review_text_and_provenance,standard,exp/egorecover_prior_two_forward/v1/train/C_gt_fk_s63/selection.json,aa353453aef2a6329dbfb8ea20f3e4fa251be4a2f12dbaa587df3e95f729f065,preserve relative path; portable copies must not replace immutable identities
exp/egorecover_prior_two_forward/v1/train/C_gt_fk_s64/experiment.json,file,github_experiment_metadata,4633,github:sxh-kk/EgoRecover,review_text_and_provenance,standard,exp/egorecover_prior_two_forward/v1/train/C_gt_fk_s64/experiment.json,80c1303cab630acc7a601475832756842b06ab2c34a518129a5ac42ac56b1ad2,preserve relative path; portable copies must not replace immutable identities
exp/egorecover_prior_two_forward/v1/train/C_gt_fk_s64/progress.json,file,github_experiment_metadata,178,github:sxh-kk/EgoRecover,review_text_and_provenance,standard,exp/egorecover_prior_two_forward/v1/train/C_gt_fk_s64/progress.json,ccb00a9677b761d5095686fc08c1fcbb7da6fe031cd1c4dbde4c451b06ce0e87,preserve relative path; portable copies must not replace immutable identities
exp/egorecover_prior_two_forward/v1/train/C_gt_fk_s64/report.json,file,github_experiment_metadata,138224,github:sxh-kk/EgoRecover,review_text_and_provenance,standard,exp/egorecover_prior_two_forward/v1/train/C_gt_fk_s64/report.json,b575fe57970bb2cab15e3be30259d2ce9c1373abbac2996f5a16f882e8b0e288,preserve relative path; portable copies must not replace immutable identities
exp/egorecover_prior_two_forward/v1/train/C_gt_fk_s64/selection.json,file,github_experiment_metadata,118516,github:sxh-kk/EgoRecover,review_text_and_provenance,standard,exp/egorecover_prior_two_forward/v1/train/C_gt_fk_s64/selection.json,cfb6964516e746a0224f5fff85364ffa593ebc87cb451c4f86d3ccd27c808cb4,preserve relative path; portable copies must not replace immutable identities
exp/egorecover_prior_two_forward/v1/train/D_two_forward_fk_s62/experiment.json,file,github_experiment_metadata,4632,github:sxh-kk/EgoRecover,review_text_and_provenance,standard,exp/egorecover_prior_two_forward/v1/train/D_two_forward_fk_s62/experiment.json,dbff6281bbde0395bc25f1d824c2c820bc2123e9e8a9706a748b3e94a2b63f0e,preserve relative path; portable copies must not replace immutable identities
exp/egorecover_prior_two_forward/v1/train/D_two_forward_fk_s62/progress.json,file,github_experiment_metadata,177,github:sxh-kk/EgoRecover,review_text_and_provenance,standard,exp/egorecover_prior_two_forward/v1/train/D_two_forward_fk_s62/progress.json,065ce27b09d7955c5595a463032b771a59742e4cb0acc4e1c68e2ef897adb143,preserve relative path; portable copies must not replace immutable identities
exp/egorecover_prior_two_forward/v1/train/D_two_forward_fk_s62/report.json,file,github_experiment_metadata,138705,github:sxh-kk/EgoRecover,review_text_and_provenance,standard,exp/egorecover_prior_two_forward/v1/train/D_two_forward_fk_s62/report.json,5c8f2ecf651f694798bd3031fc46d303a05f58b15efab90ca5c0274426aec299,preserve relative path; portable copies must not replace immutable identities
exp/egorecover_prior_two_forward/v1/train/D_two_forward_fk_s62/selection.json,file,github_experiment_metadata,118974,github:sxh-kk/EgoRecover,review_text_and_provenance,standard,exp/egorecover_prior_two_forward/v1/train/D_two_forward_fk_s62/selection.json,fa141f36ee50e4aed9572b0f24a9e32c3a9c9448e9ac77451bace2028066721c,preserve relative path; portable copies must not replace immutable identities
exp/egorecover_prior_velocity/v1/RESULTS.md,file,github_experiment_metadata,1157,github:sxh-kk/EgoRecover,review_text_and_provenance,standard,exp/egorecover_prior_velocity/v1/RESULTS.md,ca77f4dc4e0b271b6f3bb0255a2e1cc98a2e709c11c0e879298b4bab4f611ed1,preserve relative path; portable copies must not replace immutable identities
exp/egorecover_prior_velocity/v1/figures/single_step.pdf,file,hf_other_artifacts_review,17448,github:sxh-kk/EgoRecover,review_figure_or_report,standard,exp/egorecover_prior_velocity/v1/figures/single_step.pdf,,pose visualizations require derived-data review
exp/egorecover_prior_velocity/v1/figures/single_step.png,file,hf_other_artifacts_review,105535,github:sxh-kk/EgoRecover,review_figure_or_report,standard,exp/egorecover_prior_velocity/v1/figures/single_step.png,,pose visualizations require derived-data review
exp/egorecover_prior_velocity/v1/jobs/control_s62.1.json,file,github_experiment_metadata,316,github:sxh-kk/EgoRecover,review_text_and_provenance,standard,exp/egorecover_prior_velocity/v1/jobs/control_s62.1.json,aa960fdec01da3ade88320e2307e52abf24b5e3e9fdcbd9d0f26613b98bef839,preserve relative path; portable copies must not replace immutable identities
exp/egorecover_prior_velocity/v1/jobs/control_s62.1.status.json,file,github_experiment_metadata,478,github:sxh-kk/EgoRecover,review_text_and_provenance,standard,exp/egorecover_prior_velocity/v1/jobs/control_s62.1.status.json,d2a54d038843554058c6029d5e9cf4e82a7436731dc4ed20cba149a7e269d530,preserve relative path; portable copies must not replace immutable identities
exp/egorecover_prior_velocity/v1/jobs/control_s63.1.json,file,github_experiment_metadata,297,github:sxh-kk/EgoRecover,review_text_and_provenance,standard,exp/egorecover_prior_velocity/v1/jobs/control_s63.1.json,2a28dacb50a08222922226cc7a5235558fde2223860faac74b6dccc26f8b28ec,preserve relative path; portable copies must not replace immutable identities
exp/egorecover_prior_velocity/v1/jobs/control_s63.1.status.json,file,github_experiment_metadata,459,github:sxh-kk/EgoRecover,review_text_and_provenance,standard,exp/egorecover_prior_velocity/v1/jobs/control_s63.1.status.json,521f3dfcddda5aa76e9373dd00e16034efafe452c19445b12fc3507330500ee1,preserve relative path; portable copies must not replace immutable identities
exp/egorecover_prior_velocity/v1/jobs/control_s64.1.json,file,github_experiment_metadata,297,github:sxh-kk/EgoRecover,review_text_and_provenance,standard,exp/egorecover_prior_velocity/v1/jobs/control_s64.1.json,d3a9df2ad63c761cbc04f5bfa28acaac8f9418cfb98f169725876fb33e9fe7e1,preserve relative path; portable copies must not replace immutable identities
exp/egorecover_prior_velocity/v1/jobs/control_s64.1.status.json,file,github_experiment_metadata,459,github:sxh-kk/EgoRecover,review_text_and_provenance,standard,exp/egorecover_prior_velocity/v1/jobs/control_s64.1.status.json,1c5b170744ce1fca74c48d7b3efbf806de3e06460eb7530774fdb630a0c8e7ec,preserve relative path; portable copies must not replace immutable identities
exp/egorecover_prior_velocity/v1/jobs/velocity_s62.1.json,file,github_experiment_metadata,322,github:sxh-kk/EgoRecover,review_text_and_provenance,standard,exp/egorecover_prior_velocity/v1/jobs/velocity_s62.1.json,58b3d4a79ea11c78874fc7ca9b38e848432811581be11993d23b7bf425a73b88,preserve relative path; portable copies must not replace immutable identities
exp/egorecover_prior_velocity/v1/jobs/velocity_s62.1.status.json,file,github_experiment_metadata,484,github:sxh-kk/EgoRecover,review_text_and_provenance,standard,exp/egorecover_prior_velocity/v1/jobs/velocity_s62.1.status.json,99eaf7635e50371a423b0ec3ea84579bca4d27285338095b4f041bb3c418af0f,preserve relative path; portable copies must not replace immutable identities
exp/egorecover_prior_velocity/v1/jobs/velocity_s63.1.json,file,github_experiment_metadata,322,github:sxh-kk/EgoRecover,review_text_and_provenance,standard,exp/egorecover_prior_velocity/v1/jobs/velocity_s63.1.json,c5655561295314038bf9d4b8ad6a87397c1c5f8519118573a57ff072824d5bbb,preserve relative path; portable copies must not replace immutable identities
exp/egorecover_prior_velocity/v1/jobs/velocity_s63.1.status.json,file,github_experiment_metadata,484,github:sxh-kk/EgoRecover,review_text_and_provenance,standard,exp/egorecover_prior_velocity/v1/jobs/velocity_s63.1.status.json,3a198dff6388460c2fda3f22f7f122a16aa7839e64465717873abc8c5c950c13,preserve relative path; portable copies must not replace immutable identities
exp/egorecover_prior_velocity/v1/jobs/velocity_s64.1.json,file,github_experiment_metadata,322,github:sxh-kk/EgoRecover,review_text_and_provenance,standard,exp/egorecover_prior_velocity/v1/jobs/velocity_s64.1.json,9b9839246d5bfcf0f7af4b66223df74de89f4ef5b2e321b585dbb880b88b9169,preserve relative path; portable copies must not replace immutable identities
exp/egorecover_prior_velocity/v1/jobs/velocity_s64.1.status.json,file,github_experiment_metadata,484,github:sxh-kk/EgoRecover,review_text_and_provenance,standard,exp/egorecover_prior_velocity/v1/jobs/velocity_s64.1.status.json,004dc7e0b159794ca7fdcad4d59b866afbaf2cbfe8b5385932f7a96c0c9c7905,preserve relative path; portable copies must not replace immutable identities
exp/egorecover_prior_velocity/v1/plan.json,file,github_experiment_metadata,457,github:sxh-kk/EgoRecover,review_text_and_provenance,standard,exp/egorecover_prior_velocity/v1/plan.json,dbac2995c59188a03f0b050ef5644b0b7336af85562cbd8a3b5316413bb4c2d5,preserve relative path; portable copies must not replace immutable identities
exp/egorecover_prior_velocity/v1/queue.json,file,github_experiment_metadata,6156,github:sxh-kk/EgoRecover,review_text_and_provenance,standard,exp/egorecover_prior_velocity/v1/queue.json,75be7df502c5a17feb42f225905af6871a10143875494939d92f3b635563954a,preserve relative path; portable copies must not replace immutable identities
exp/egorecover_prior_velocity/v1/summary.json,file,github_experiment_metadata,519686,github:sxh-kk/EgoRecover,review_text_and_provenance,standard,exp/egorecover_prior_velocity/v1/summary.json,6f4d3b34d3de1d0039107ea62c46674bf44a87fecb1868376a2266d1ef83539a,preserve relative path; portable copies must not replace immutable identities
exp/egorecover_prior_velocity/v1/train/control_s62/experiment.json,file,github_experiment_metadata,5190,github:sxh-kk/EgoRecover,review_text_and_provenance,standard,exp/egorecover_prior_velocity/v1/train/control_s62/experiment.json,500238d86b43d1cca93f0bda023b1657976932fee6278370e3d1b7c038033084,preserve relative path; portable copies must not replace immutable identities
exp/egorecover_prior_velocity/v1/train/control_s62/progress.json,file,github_experiment_metadata,177,github:sxh-kk/EgoRecover,review_text_and_provenance,standard,exp/egorecover_prior_velocity/v1/train/control_s62/progress.json,61765c0fdfad0ef4443dc362c0239cc89fab40d00e3fb9aa7a9584942c920696,preserve relative path; portable copies must not replace immutable identities
exp/egorecover_prior_velocity/v1/train/control_s62/report.json,file,github_experiment_metadata,400246,github:sxh-kk/EgoRecover,review_text_and_provenance,standard,exp/egorecover_prior_velocity/v1/train/control_s62/report.json,f2718a9ba764726480c92e3c78a7101d35dcfd1a64e17b24329af699cb1f9ba9,preserve relative path; portable copies must not replace immutable identities
exp/egorecover_prior_velocity/v1/train/control_s62/selection.json,file,github_experiment_metadata,211428,github:sxh-kk/EgoRecover,review_text_and_provenance,standard,exp/egorecover_prior_velocity/v1/train/control_s62/selection.json,d2902d8e75b96da2722cd7a43318519112c95c60f7ff1d54acb504e7ea057cd8,preserve relative path; portable copies must not replace immutable identities
exp/egorecover_prior_velocity/v1/train/control_s63/experiment.json,file,github_experiment_metadata,5191,github:sxh-kk/EgoRecover,review_text_and_provenance,standard,exp/egorecover_prior_velocity/v1/train/control_s63/experiment.json,2775eb3b272107a662d0b852b1612488f8f7d92d1c2d11ea310b30d7e0f08c79,preserve relative path; portable copies must not replace immutable identities
exp/egorecover_prior_velocity/v1/train/control_s63/progress.json,file,github_experiment_metadata,177,github:sxh-kk/EgoRecover,review_text_and_provenance,standard,exp/egorecover_prior_velocity/v1/train/control_s63/progress.json,c7115b06110412fbe3f813183d0140e96704e9b65dc107578c420b702826802a,preserve relative path; portable copies must not replace immutable identities
exp/egorecover_prior_velocity/v1/train/control_s63/report.json,file,github_experiment_metadata,290018,github:sxh-kk/EgoRecover,review_text_and_provenance,standard,exp/egorecover_prior_velocity/v1/train/control_s63/report.json,d1c25c939449044b3665eae925c898525aa4548a952a684ae7c2c898a266ce9c,preserve relative path; portable copies must not replace immutable identities
exp/egorecover_prior_velocity/v1/train/control_s63/selection.json,file,github_experiment_metadata,211320,github:sxh-kk/EgoRecover,review_text_and_provenance,standard,exp/egorecover_prior_velocity/v1/train/control_s63/selection.json,b08b3f79b93f77a3b5d8b8bc0cf424a2d74938697379383004b38607669d20d9,preserve relative path; portable copies must not replace immutable identities
exp/egorecover_prior_velocity/v1/train/control_s64/experiment.json,file,github_experiment_metadata,5191,github:sxh-kk/EgoRecover,review_text_and_provenance,standard,exp/egorecover_prior_velocity/v1/train/control_s64/experiment.json,47eae128721bc923028290bb78e81cfce659342b1207b4f9dde7690124a60ef2,preserve relative path; portable copies must not replace immutable identities
exp/egorecover_prior_velocity/v1/train/control_s64/progress.json,file,github_experiment_metadata,178,github:sxh-kk/EgoRecover,review_text_and_provenance,standard,exp/egorecover_prior_velocity/v1/train/control_s64/progress.json,48f15c039e516f30915608d63c42c485b919e54d686698a57e65db4bc8bd41e8,preserve relative path; portable copies must not replace immutable identities
exp/egorecover_prior_velocity/v1/train/control_s64/report.json,file,github_experiment_metadata,290058,github:sxh-kk/EgoRecover,review_text_and_provenance,standard,exp/egorecover_prior_velocity/v1/train/control_s64/report.json,c1a0edb5ebfaa9e068167e39009caa2408472b61a191b3c4ea20037b149c4df8,preserve relative path; portable copies must not replace immutable identities
exp/egorecover_prior_velocity/v1/train/control_s64/selection.json,file,github_experiment_metadata,211408,github:sxh-kk/EgoRecover,review_text_and_provenance,standard,exp/egorecover_prior_velocity/v1/train/control_s64/selection.json,d53d1fe6d7a84f396d1b447e61c9919214848afefdc73f2e29f435afc07d2298,preserve relative path; portable copies must not replace immutable identities
exp/egorecover_prior_velocity/v1/train/velocity_s62/experiment.json,file,github_experiment_metadata,5190,github:sxh-kk/EgoRecover,review_text_and_provenance,standard,exp/egorecover_prior_velocity/v1/train/velocity_s62/experiment.json,ec9ec824b7734e423fadcc7006ca501704e89e9608f547fa689af58d17ce1792,preserve relative path; portable copies must not replace immutable identities
exp/egorecover_prior_velocity/v1/train/velocity_s62/progress.json,file,github_experiment_metadata,178,github:sxh-kk/EgoRecover,review_text_and_provenance,standard,exp/egorecover_prior_velocity/v1/train/velocity_s62/progress.json,a14e600a4b9d91938034915ca656e48d72bf31beddd8e78586fc4cceafa8293b,preserve relative path; portable copies must not replace immutable identities
exp/egorecover_prior_velocity/v1/train/velocity_s62/report.json,file,github_experiment_metadata,290066,github:sxh-kk/EgoRecover,review_text_and_provenance,standard,exp/egorecover_prior_velocity/v1/train/velocity_s62/report.json,e02cf9a72c8f8e6ae4da458b90496141bfd3f4dee4db8d0aebe4f38599e2fe82,preserve relative path; portable copies must not replace immutable identities
exp/egorecover_prior_velocity/v1/train/velocity_s62/selection.json,file,github_experiment_metadata,211364,github:sxh-kk/EgoRecover,review_text_and_provenance,standard,exp/egorecover_prior_velocity/v1/train/velocity_s62/selection.json,ab64e0bc411c75c9e4adb1f1a1e50533b161fb4956ca840e90f872eeaba77e35,preserve relative path; portable copies must not replace immutable identities
exp/egorecover_prior_velocity/v1/train/velocity_s63/experiment.json,file,github_experiment_metadata,5190,github:sxh-kk/EgoRecover,review_text_and_provenance,standard,exp/egorecover_prior_velocity/v1/train/velocity_s63/experiment.json,91e1bc807a26215e6858f63fea4196f5911da141f1acccb1a641c7d365ed36dd,preserve relative path; portable copies must not replace immutable identities
exp/egorecover_prior_velocity/v1/train/velocity_s63/progress.json,file,github_experiment_metadata,178,github:sxh-kk/EgoRecover,review_text_and_provenance,standard,exp/egorecover_prior_velocity/v1/train/velocity_s63/progress.json,80b43d04674cd31db230b63e2adaccf177e37227f5bfcafa8a5926c3e7b4a903,preserve relative path; portable copies must not replace immutable identities
exp/egorecover_prior_velocity/v1/train/velocity_s63/report.json,file,github_experiment_metadata,290079,github:sxh-kk/EgoRecover,review_text_and_provenance,standard,exp/egorecover_prior_velocity/v1/train/velocity_s63/report.json,333cbda2ea80c1440d58a88b83a2ab4b207b1b9d5b87a540a0bab0460b34f960,preserve relative path; portable copies must not replace immutable identities
exp/egorecover_prior_velocity/v1/train/velocity_s63/selection.json,file,github_experiment_metadata,211331,github:sxh-kk/EgoRecover,review_text_and_provenance,standard,exp/egorecover_prior_velocity/v1/train/velocity_s63/selection.json,af19c8d5ea59b0491ef36969ecf260ca6767c17575a44deefa9fe7bf079961cd,preserve relative path; portable copies must not replace immutable identities
exp/egorecover_prior_velocity/v1/train/velocity_s64/experiment.json,file,github_experiment_metadata,5190,github:sxh-kk/EgoRecover,review_text_and_provenance,standard,exp/egorecover_prior_velocity/v1/train/velocity_s64/experiment.json,4c3b458a14b38986e96e25ac6c53e848afa0ee34cb0d227db0abb6ac38bee272,preserve relative path; portable copies must not replace immutable identities
exp/egorecover_prior_velocity/v1/train/velocity_s64/progress.json,file,github_experiment_metadata,178,github:sxh-kk/EgoRecover,review_text_and_provenance,standard,exp/egorecover_prior_velocity/v1/train/velocity_s64/progress.json,478d5d36074c3c942c0a5df73adc7edf9fd817eb257d3faa5484abeedecc7090,preserve relative path; portable copies must not replace immutable identities
exp/egorecover_prior_velocity/v1/train/velocity_s64/report.json,file,github_experiment_metadata,290063,github:sxh-kk/EgoRecover,review_text_and_provenance,standard,exp/egorecover_prior_velocity/v1/train/velocity_s64/report.json,942161ba1ddefc6af9d810a2a13cb7d19ed18b95a4511384bc7d8306e0c49276,preserve relative path; portable copies must not replace immutable identities
exp/egorecover_prior_velocity/v1/train/velocity_s64/selection.json,file,github_experiment_metadata,211384,github:sxh-kk/EgoRecover,review_text_and_provenance,standard,exp/egorecover_prior_velocity/v1/train/velocity_s64/selection.json,be59dab450254a24ca5d3395c5a1bc5939f029a56f21a3120c7907278afc540a,preserve relative path; portable copies must not replace immutable identities
exp/egorecover_stages_1_4/continuation_v1/histories/dev/report.json,file,hf_cache_review,8878,github:sxh-kk/EgoRecover,review_metadata,standard,exp/egorecover_stages_1_4/continuation_v1/histories/dev/report.json,,split/cache provenance metadata; review for embedded observations
exp/egorecover_stages_1_4/continuation_v1/histories/dev_shard0/report.json,file,hf_cache_review,5174,github:sxh-kk/EgoRecover,review_metadata,standard,exp/egorecover_stages_1_4/continuation_v1/histories/dev_shard0/report.json,,split/cache provenance metadata; review for embedded observations
exp/egorecover_stages_1_4/continuation_v1/histories/dev_shard1/report.json,file,hf_cache_review,5168,github:sxh-kk/EgoRecover,review_metadata,standard,exp/egorecover_stages_1_4/continuation_v1/histories/dev_shard1/report.json,,split/cache provenance metadata; review for embedded observations
exp/egorecover_stages_1_4/continuation_v1/histories/dev_shard2/report.json,file,hf_cache_review,5172,github:sxh-kk/EgoRecover,review_metadata,standard,exp/egorecover_stages_1_4/continuation_v1/histories/dev_shard2/report.json,,split/cache provenance metadata; review for embedded observations
exp/egorecover_stages_1_4/continuation_v1/histories/dev_shard3/report.json,file,hf_cache_review,5181,github:sxh-kk/EgoRecover,review_metadata,standard,exp/egorecover_stages_1_4/continuation_v1/histories/dev_shard3/report.json,,split/cache provenance metadata; review for embedded observations
exp/egorecover_stages_1_4/continuation_v1/histories/train/report.json,file,hf_cache_review,11119,github:sxh-kk/EgoRecover,review_metadata,standard,exp/egorecover_stages_1_4/continuation_v1/histories/train/report.json,,split/cache provenance metadata; review for embedded observations
exp/egorecover_stages_1_4/continuation_v1/histories/train_shard0/report.json,file,hf_cache_review,6560,github:sxh-kk/EgoRecover,review_metadata,standard,exp/egorecover_stages_1_4/continuation_v1/histories/train_shard0/report.json,,split/cache provenance metadata; review for embedded observations
exp/egorecover_stages_1_4/continuation_v1/histories/train_shard1/report.json,file,hf_cache_review,6564,github:sxh-kk/EgoRecover,review_metadata,standard,exp/egorecover_stages_1_4/continuation_v1/histories/train_shard1/report.json,,split/cache provenance metadata; review for embedded observations
exp/egorecover_stages_1_4/continuation_v1/histories/train_shard2/report.json,file,hf_cache_review,6561,github:sxh-kk/EgoRecover,review_metadata,standard,exp/egorecover_stages_1_4/continuation_v1/histories/train_shard2/report.json,,split/cache provenance metadata; review for embedded observations
exp/egorecover_stages_1_4/continuation_v1/histories/train_shard3/report.json,file,hf_cache_review,6559,github:sxh-kk/EgoRecover,review_metadata,standard,exp/egorecover_stages_1_4/continuation_v1/histories/train_shard3/report.json,,split/cache provenance metadata; review for embedded observations
exp/egorecover_stages_1_4/continuation_v1/jobs/diagnose_dev.1.json,file,github_experiment_metadata,691,github:sxh-kk/EgoRecover,review_text_and_provenance,standard,exp/egorecover_stages_1_4/continuation_v1/jobs/diagnose_dev.1.json,e63405fbe93a1a75deb7cdcf8f80bb427865084c820cf844a9d8cb36838fbd2e,preserve relative path; portable copies must not replace immutable identities
exp/egorecover_stages_1_4/continuation_v1/jobs/diagnose_dev.1.status.json,file,github_experiment_metadata,853,github:sxh-kk/EgoRecover,review_text_and_provenance,standard,exp/egorecover_stages_1_4/continuation_v1/jobs/diagnose_dev.1.status.json,cb6c8b280c37d812ee39172721b5a4839f579684c33ed4ce8ebc3c33c12d8608,preserve relative path; portable copies must not replace immutable identities
exp/egorecover_stages_1_4/continuation_v1/jobs/diagnose_train.1.json,file,github_experiment_metadata,697,github:sxh-kk/EgoRecover,review_text_and_provenance,standard,exp/egorecover_stages_1_4/continuation_v1/jobs/diagnose_train.1.json,d3f40b8bd6bf5275bba0297a97c5f067efe3e401014704ad8e0802718d20d905,preserve relative path; portable copies must not replace immutable identities
exp/egorecover_stages_1_4/continuation_v1/jobs/diagnose_train.1.status.json,file,github_experiment_metadata,859,github:sxh-kk/EgoRecover,review_text_and_provenance,standard,exp/egorecover_stages_1_4/continuation_v1/jobs/diagnose_train.1.status.json,132b68ad1ad7c7e6f89045bdf315ab7263b218f897483b0f8c60026d8c0f31d0,preserve relative path; portable copies must not replace immutable identities
exp/egorecover_stages_1_4/continuation_v1/jobs/eval_12take_1200.1.json,file,github_experiment_metadata,636,github:sxh-kk/EgoRecover,review_text_and_provenance,standard,exp/egorecover_stages_1_4/continuation_v1/jobs/eval_12take_1200.1.json,b9c73c63e8a17eeda6391790acefd057cc294dff53833472307de96ccdd2b438,preserve relative path; portable copies must not replace immutable identities
exp/egorecover_stages_1_4/continuation_v1/jobs/eval_12take_1200.1.status.json,file,github_experiment_metadata,798,github:sxh-kk/EgoRecover,review_text_and_provenance,standard,exp/egorecover_stages_1_4/continuation_v1/jobs/eval_12take_1200.1.status.json,60d500c3b76a89987eee8a59fc3d7bce6621d7d6de25f3b26ef36cc250e584bf,preserve relative path; portable copies must not replace immutable identities
exp/egorecover_stages_1_4/continuation_v1/jobs/eval_12take_1200.2.json,file,github_experiment_metadata,636,github:sxh-kk/EgoRecover,review_text_and_provenance,standard,exp/egorecover_stages_1_4/continuation_v1/jobs/eval_12take_1200.2.json,b9c73c63e8a17eeda6391790acefd057cc294dff53833472307de96ccdd2b438,preserve relative path; portable copies must not replace immutable identities
exp/egorecover_stages_1_4/continuation_v1/jobs/eval_12take_1200.2.status.json,file,github_experiment_metadata,798,github:sxh-kk/EgoRecover,review_text_and_provenance,standard,exp/egorecover_stages_1_4/continuation_v1/jobs/eval_12take_1200.2.status.json,32a7e2e4c7e545ba12c2dc97d5633fcd0b212e044b033b341516a7251aac64ed,preserve relative path; portable copies must not replace immutable identities
exp/egorecover_stages_1_4/continuation_v1/jobs/eval_12take_2400.1.json,file,github_experiment_metadata,652,github:sxh-kk/EgoRecover,review_text_and_provenance,standard,exp/egorecover_stages_1_4/continuation_v1/jobs/eval_12take_2400.1.json,f9a950ffb79f9f458ee9418be9a5d0e6929d436a32a91e5a7260fbd529a808d7,preserve relative path; portable copies must not replace immutable identities
exp/egorecover_stages_1_4/continuation_v1/jobs/eval_12take_2400.1.status.json,file,github_experiment_metadata,814,github:sxh-kk/EgoRecover,review_text_and_provenance,standard,exp/egorecover_stages_1_4/continuation_v1/jobs/eval_12take_2400.1.status.json,2ce5847229c9b857a6d1bc2271cb770bd664f47640351ca31a247a909972cf22,preserve relative path; portable copies must not replace immutable identities
exp/egorecover_stages_1_4/continuation_v1/jobs/eval_12take_400.1.json,file,github_experiment_metadata,633,github:sxh-kk/EgoRecover,review_text_and_provenance,standard,exp/egorecover_stages_1_4/continuation_v1/jobs/eval_12take_400.1.json,0a78d3ff240b2e72d62aa785521b8b9715e599fe04e9c084dfc04e5fde66ab44,preserve relative path; portable copies must not replace immutable identities
exp/egorecover_stages_1_4/continuation_v1/jobs/eval_12take_400.1.status.json,file,github_experiment_metadata,795,github:sxh-kk/EgoRecover,review_text_and_provenance,standard,exp/egorecover_stages_1_4/continuation_v1/jobs/eval_12take_400.1.status.json,294a34523ec85608391eec8aad5fea8af0cca7c90c868ca93deceb2bfd611e47,preserve relative path; portable copies must not replace immutable identities
exp/egorecover_stages_1_4/continuation_v1/jobs/eval_12take_400.2.json,file,github_experiment_metadata,633,github:sxh-kk/EgoRecover,review_text_and_provenance,standard,exp/egorecover_stages_1_4/continuation_v1/jobs/eval_12take_400.2.json,0a78d3ff240b2e72d62aa785521b8b9715e599fe04e9c084dfc04e5fde66ab44,preserve relative path; portable copies must not replace immutable identities
exp/egorecover_stages_1_4/continuation_v1/jobs/eval_12take_400.2.status.json,file,github_experiment_metadata,795,github:sxh-kk/EgoRecover,review_text_and_provenance,standard,exp/egorecover_stages_1_4/continuation_v1/jobs/eval_12take_400.2.status.json,073b6e2777340c956ebecbee1666fe9d494e1105c91912fcea97c8b7080ee7e4,preserve relative path; portable copies must not replace immutable identities
exp/egorecover_stages_1_4/continuation_v1/jobs/eval_72take_1200.1.json,file,github_experiment_metadata,636,github:sxh-kk/EgoRecover,review_text_and_provenance,standard,exp/egorecover_stages_1_4/continuation_v1/jobs/eval_72take_1200.1.json,231ea54e607ef5f52a1ce385bd06214fd7439be46e5932a8049f285460eb17f6,preserve relative path; portable copies must not replace immutable identities
exp/egorecover_stages_1_4/continuation_v1/jobs/eval_72take_1200.1.status.json,file,github_experiment_metadata,798,github:sxh-kk/EgoRecover,review_text_and_provenance,standard,exp/egorecover_stages_1_4/continuation_v1/jobs/eval_72take_1200.1.status.json,c792f67a9cefe8f702a55ae2cad8b48394be49d534db2f544aab72012e9d71a9,preserve relative path; portable copies must not replace immutable identities
exp/egorecover_stages_1_4/continuation_v1/jobs/eval_72take_2400.1.json,file,github_experiment_metadata,652,github:sxh-kk/EgoRecover,review_text_and_provenance,standard,exp/egorecover_stages_1_4/continuation_v1/jobs/eval_72take_2400.1.json,c3992a123a6f17628ec325455e65248788b518e3ffbccfa3799bccfe0a5349f8,preserve relative path; portable copies must not replace immutable identities
exp/egorecover_stages_1_4/continuation_v1/jobs/eval_72take_2400.1.status.json,file,github_experiment_metadata,814,github:sxh-kk/EgoRecover,review_text_and_provenance,standard,exp/egorecover_stages_1_4/continuation_v1/jobs/eval_72take_2400.1.status.json,94e0a27b2f698923cdeab5a07deac964a9d5c43f2f9499f28f4a186137e0be02,preserve relative path; portable copies must not replace immutable identities
exp/egorecover_stages_1_4/continuation_v1/jobs/eval_72take_400.1.json,file,github_experiment_metadata,619,github:sxh-kk/EgoRecover,review_text_and_provenance,standard,exp/egorecover_stages_1_4/continuation_v1/jobs/eval_72take_400.1.json,19c66af4989aaaa103d9a7beaa4662ed37af7eb951355ec8c132374611615d7e,preserve relative path; portable copies must not replace immutable identities
exp/egorecover_stages_1_4/continuation_v1/jobs/eval_72take_400.1.status.json,file,github_experiment_metadata,781,github:sxh-kk/EgoRecover,review_text_and_provenance,standard,exp/egorecover_stages_1_4/continuation_v1/jobs/eval_72take_400.1.status.json,1412d7bb0f04d277a07a19d9b7d4751947b3285faa3cc3e45b657a9f79c6ade0,preserve relative path; portable copies must not replace immutable identities
exp/egorecover_stages_1_4/continuation_v1/jobs/eval_replay_0.1.json,file,github_experiment_metadata,642,github:sxh-kk/EgoRecover,review_text_and_provenance,standard,exp/egorecover_stages_1_4/continuation_v1/jobs/eval_replay_0.1.json,c262c39281564b0edbd1a8c45a878883110fbed90989282a6c24b6b665fe1875,preserve relative path; portable copies must not replace immutable identities
exp/egorecover_stages_1_4/continuation_v1/jobs/eval_replay_0.1.status.json,file,github_experiment_metadata,804,github:sxh-kk/EgoRecover,review_text_and_provenance,standard,exp/egorecover_stages_1_4/continuation_v1/jobs/eval_replay_0.1.status.json,b7b45331a816a81be00cf8728decb5928810428a0c77db5b03d3c123646e49d1,preserve relative path; portable copies must not replace immutable identities
exp/egorecover_stages_1_4/continuation_v1/jobs/eval_replay_0p25.1.json,file,github_experiment_metadata,651,github:sxh-kk/EgoRecover,review_text_and_provenance,standard,exp/egorecover_stages_1_4/continuation_v1/jobs/eval_replay_0p25.1.json,5708bd57b45c898e2c2969fa7e3d7964fa74b1cc050523b9e34910b343f72d7e,preserve relative path; portable copies must not replace immutable identities
exp/egorecover_stages_1_4/continuation_v1/jobs/eval_replay_0p25.1.status.json,file,github_experiment_metadata,813,github:sxh-kk/EgoRecover,review_text_and_provenance,standard,exp/egorecover_stages_1_4/continuation_v1/jobs/eval_replay_0p25.1.status.json,dbc23544bef8eb9afadb416ddb6686d62f5e3d1eb7b65a63393566bf68e72e74,preserve relative path; portable copies must not replace immutable identities
exp/egorecover_stages_1_4/continuation_v1/jobs/eval_replay_0p5.1.json,file,github_experiment_metadata,648,github:sxh-kk/EgoRecover,review_text_and_provenance,standard,exp/egorecover_stages_1_4/continuation_v1/jobs/eval_replay_0p5.1.json,41a33b8cdefaae6aca7f25afe82f9a60099031ce10fb9008798c2eb065bebf7f,preserve relative path; portable copies must not replace immutable identities
exp/egorecover_stages_1_4/continuation_v1/jobs/eval_replay_0p5.1.status.json,file,github_experiment_metadata,810,github:sxh-kk/EgoRecover,review_text_and_provenance,standard,exp/egorecover_stages_1_4/continuation_v1/jobs/eval_replay_0p5.1.status.json,5e8e09b9dfa02521b69dd191818bbe276d692eb1b77ec0ba7fdf56aa51b56313,preserve relative path; portable copies must not replace immutable identities
exp/egorecover_stages_1_4/continuation_v1/jobs/train_12take_2400.1.json,file,github_experiment_metadata,1168,github:sxh-kk/EgoRecover,review_text_and_provenance,standard,exp/egorecover_stages_1_4/continuation_v1/jobs/train_12take_2400.1.json,e0d96fde01aa3daf41cd5184abb04044ae079967a5a0d87c59a6cf16c660129b,preserve relative path; portable copies must not replace immutable identities
exp/egorecover_stages_1_4/continuation_v1/jobs/train_12take_2400.1.status.json,file,github_experiment_metadata,1330,github:sxh-kk/EgoRecover,review_text_and_provenance,standard,exp/egorecover_stages_1_4/continuation_v1/jobs/train_12take_2400.1.status.json,e90900965ab3cc4a1963eb0121da798199d0ff0c958615551a69d44659f0258f,preserve relative path; portable copies must not replace immutable identities
exp/egorecover_stages_1_4/continuation_v1/jobs/train_12take_2400.2.json,file,github_experiment_metadata,1168,github:sxh-kk/EgoRecover,review_text_and_provenance,standard,exp/egorecover_stages_1_4/continuation_v1/jobs/train_12take_2400.2.json,e0d96fde01aa3daf41cd5184abb04044ae079967a5a0d87c59a6cf16c660129b,preserve relative path; portable copies must not replace immutable identities
exp/egorecover_stages_1_4/continuation_v1/jobs/train_12take_2400.2.status.json,file,github_experiment_metadata,1330,github:sxh-kk/EgoRecover,review_text_and_provenance,standard,exp/egorecover_stages_1_4/continuation_v1/jobs/train_12take_2400.2.status.json,3153864affc68830f81931fab8198ec1a51c28fb1ec9376ff761656fc2f53117,preserve relative path; portable copies must not replace immutable identities
exp/egorecover_stages_1_4/continuation_v1/jobs/train_72take_2400.1.json,file,github_experiment_metadata,1269,github:sxh-kk/EgoRecover,review_text_and_provenance,standard,exp/egorecover_stages_1_4/continuation_v1/jobs/train_72take_2400.1.json,d096d4de873fdc0ca6f681bec1cfd143e13cacbfe5e422a1d58dc5e9d9504728,preserve relative path; portable copies must not replace immutable identities
exp/egorecover_stages_1_4/continuation_v1/jobs/train_72take_2400.1.status.json,file,github_experiment_metadata,1431,github:sxh-kk/EgoRecover,review_text_and_provenance,standard,exp/egorecover_stages_1_4/continuation_v1/jobs/train_72take_2400.1.status.json,0b5217baa23c8d50e1250d79dde00bb10b553217af608a376a69e2babe6099b0,preserve relative path; portable copies must not replace immutable identities
exp/egorecover_stages_1_4/continuation_v1/jobs/train_72take_2400.2.json,file,github_experiment_metadata,1269,github:sxh-kk/EgoRecover,review_text_and_provenance,standard,exp/egorecover_stages_1_4/continuation_v1/jobs/train_72take_2400.2.json,d096d4de873fdc0ca6f681bec1cfd143e13cacbfe5e422a1d58dc5e9d9504728,preserve relative path; portable copies must not replace immutable identities
exp/egorecover_stages_1_4/continuation_v1/jobs/train_72take_2400.2.status.json,file,github_experiment_metadata,1431,github:sxh-kk/EgoRecover,review_text_and_provenance,standard,exp/egorecover_stages_1_4/continuation_v1/jobs/train_72take_2400.2.status.json,abc7775f3307d277ff41968ae131ffe04f3d550505274a0fd8ff6c06db6f5563,preserve relative path; portable copies must not replace immutable identities
exp/egorecover_stages_1_4/continuation_v1/jobs/train_replay_0.1.json,file,github_experiment_metadata,1363,github:sxh-kk/EgoRecover,review_text_and_provenance,standard,exp/egorecover_stages_1_4/continuation_v1/jobs/train_replay_0.1.json,ec4a2678b2ca8730807e6bce04ece3292f2d131df5a66dbabf78d5633f0c1f16,preserve relative path; portable copies must not replace immutable identities
exp/egorecover_stages_1_4/continuation_v1/jobs/train_replay_0.1.status.json,file,github_experiment_metadata,1525,github:sxh-kk/EgoRecover,review_text_and_provenance,standard,exp/egorecover_stages_1_4/continuation_v1/jobs/train_replay_0.1.status.json,a157c2ad493b1f49fca31f8bc4a94669c42237e263cebc4b9a76c99138616e16,preserve relative path; portable copies must not replace immutable identities
exp/egorecover_stages_1_4/continuation_v1/jobs/train_replay_0p25.1.json,file,github_experiment_metadata,1367,github:sxh-kk/EgoRecover,review_text_and_provenance,standard,exp/egorecover_stages_1_4/continuation_v1/jobs/train_replay_0p25.1.json,18ad95cae6ececbfd90a65440693aecddd8a2bac322711972a7338ca3596e5d3,preserve relative path; portable copies must not replace immutable identities
exp/egorecover_stages_1_4/continuation_v1/jobs/train_replay_0p25.1.status.json,file,github_experiment_metadata,1529,github:sxh-kk/EgoRecover,review_text_and_provenance,standard,exp/egorecover_stages_1_4/continuation_v1/jobs/train_replay_0p25.1.status.json,679ba1e63f9540cb71846d23487b672bd836b815cfb585d220db7a144373861b,preserve relative path; portable copies must not replace immutable identities
exp/egorecover_stages_1_4/continuation_v1/jobs/train_replay_0p5.1.json,file,github_experiment_metadata,1365,github:sxh-kk/EgoRecover,review_text_and_provenance,standard,exp/egorecover_stages_1_4/continuation_v1/jobs/train_replay_0p5.1.json,8e6b798b2d0d8c10d081f5e304b4029e5972f23e3c5e4665f6afc5c319c170b2,preserve relative path; portable copies must not replace immutable identities
exp/egorecover_stages_1_4/continuation_v1/jobs/train_replay_0p5.1.status.json,file,github_experiment_metadata,1527,github:sxh-kk/EgoRecover,review_text_and_provenance,standard,exp/egorecover_stages_1_4/continuation_v1/jobs/train_replay_0p5.1.status.json,26bfedbd7f39bf11965af626367f83821f9d8397efba34d6f3287f801ac37410,preserve relative path; portable copies must not replace immutable identities
exp/egorecover_stages_1_4/continuation_v1/monitor.json,file,github_experiment_metadata,1227,github:sxh-kk/EgoRecover,review_text_and_provenance,standard,exp/egorecover_stages_1_4/continuation_v1/monitor.json,44893e58313368e3c9fd7b6da7718b88713392851cb07852473ea4a6c07db6a5,preserve relative path; portable copies must not replace immutable identities
exp/egorecover_stages_1_4/continuation_v1/monitor.jsonl,file,github_experiment_metadata,96928,github:sxh-kk/EgoRecover,review_text_and_provenance,standard,exp/egorecover_stages_1_4/continuation_v1/monitor.jsonl,fc3b43480b8b88e1331500d6c74ec6caf9db46e3558385458dae5699d0201181,preserve relative path; portable copies must not replace immutable identities
exp/egorecover_stages_1_4/continuation_v1/queue.json,file,github_experiment_metadata,35810,github:sxh-kk/EgoRecover,review_text_and_provenance,standard,exp/egorecover_stages_1_4/continuation_v1/queue.json,984961c87cbf6df4b993272c29aeddbfb31082c00d33896830deb71b8eb6fe87,preserve relative path; portable copies must not replace immutable identities
exp/egorecover_stages_1_4/continuation_v1/results.md,file,github_experiment_metadata,2820,github:sxh-kk/EgoRecover,review_text_and_provenance,standard,exp/egorecover_stages_1_4/continuation_v1/results.md,f968e3a481c3a2742d31dd301817a0ef6d51e206279bd17161dedb410775b947,preserve relative path; portable copies must not replace immutable identities
exp/egorecover_stages_1_4/continuation_v1/sharing_active.json,file,github_experiment_metadata,365,github:sxh-kk/EgoRecover,review_text_and_provenance,standard,exp/egorecover_stages_1_4/continuation_v1/sharing_active.json,30a984f5bbf1c13823a69492adba342e383743b0c420d2c7332ed31adbb4355a,preserve relative path; portable copies must not replace immutable identities
exp/egorecover_stages_1_4/continuation_v1/sharing_baseline.json,file,github_experiment_metadata,612,github:sxh-kk/EgoRecover,review_text_and_provenance,standard,exp/egorecover_stages_1_4/continuation_v1/sharing_baseline.json,904826070c577ee3758e01a0d32305aca65f31abac5032f2c60f23068c128636,preserve relative path; portable copies must not replace immutable identities
exp/egorecover_stages_1_4/continuation_v1/stage2_budget/12take_2400/report.json,file,github_experiment_metadata,60581,github:sxh-kk/EgoRecover,review_text_and_provenance,standard,exp/egorecover_stages_1_4/continuation_v1/stage2_budget/12take_2400/report.json,0fe12a09b1f6c39135e18e013a18b9f98637757a78af9becd327b9cecaed81cf,preserve relative path; portable copies must not replace immutable identities
exp/egorecover_stages_1_4/continuation_v1/stage2_budget/72take_2400/report.json,file,github_experiment_metadata,69964,github:sxh-kk/EgoRecover,review_text_and_provenance,standard,exp/egorecover_stages_1_4/continuation_v1/stage2_budget/72take_2400/report.json,01c95d8c9e0bd225f027c40c436e15cdc2cb786dbbb043c47d5c1d1ff8a8cae2,preserve relative path; portable copies must not replace immutable identities
exp/egorecover_stages_1_4/continuation_v1/stage2_eval/12take_1200/progress.json,file,github_experiment_metadata,236266,github:sxh-kk/EgoRecover,review_text_and_provenance,standard,exp/egorecover_stages_1_4/continuation_v1/stage2_eval/12take_1200/progress.json,e198c9192544b48c5f6428e2035c1579df029005ba75079ed157311247cb6bc6,preserve relative path; portable copies must not replace immutable identities
exp/egorecover_stages_1_4/continuation_v1/stage2_eval/12take_1200/report.json,file,github_experiment_metadata,907365,github:sxh-kk/EgoRecover,review_text_and_provenance,standard,exp/egorecover_stages_1_4/continuation_v1/stage2_eval/12take_1200/report.json,bf2416b131ce240eac5655237e38c588038f984106cb4150f31adf139dccd56b,preserve relative path; portable copies must not replace immutable identities
exp/egorecover_stages_1_4/continuation_v1/stage2_eval/12take_2400/progress.json,file,github_experiment_metadata,236282,github:sxh-kk/EgoRecover,review_text_and_provenance,standard,exp/egorecover_stages_1_4/continuation_v1/stage2_eval/12take_2400/progress.json,794f318b57e7096c068f4a53cdd123a6ee9531731858ebc5cf0044092b940d7b,preserve relative path; portable copies must not replace immutable identities
exp/egorecover_stages_1_4/continuation_v1/stage2_eval/12take_2400/report.json,file,github_experiment_metadata,907381,github:sxh-kk/EgoRecover,review_text_and_provenance,standard,exp/egorecover_stages_1_4/continuation_v1/stage2_eval/12take_2400/report.json,ad7c57f6d27cb44777a182adcba5cf6e7d6f349f60edb7d65f8e973a3138160d,preserve relative path; portable copies must not replace immutable identities
exp/egorecover_stages_1_4/continuation_v1/stage2_eval/12take_400/progress.json,file,github_experiment_metadata,236047,github:sxh-kk/EgoRecover,review_text_and_provenance,standard,exp/egorecover_stages_1_4/continuation_v1/stage2_eval/12take_400/progress.json,5a487d3c00d7522a0ae90644a7893379e16ccddefdb169a580e2d84772328b12,preserve relative path; portable copies must not replace immutable identities
exp/egorecover_stages_1_4/continuation_v1/stage2_eval/12take_400/report.json,file,github_experiment_metadata,907141,github:sxh-kk/EgoRecover,review_text_and_provenance,standard,exp/egorecover_stages_1_4/continuation_v1/stage2_eval/12take_400/report.json,e754fb635641cb6be9f4060a0baf55bde335745c73abaabc162cd87971248aa3,preserve relative path; portable copies must not replace immutable identities
exp/egorecover_stages_1_4/continuation_v1/stage2_eval/72take_1200/progress.json,file,github_experiment_metadata,236266,github:sxh-kk/EgoRecover,review_text_and_provenance,standard,exp/egorecover_stages_1_4/continuation_v1/stage2_eval/72take_1200/progress.json,3fcd7beda8f192d1464023aee8cfb33ff6d987d6c274cff76597ec8c4ff12e82,preserve relative path; portable copies must not replace immutable identities
exp/egorecover_stages_1_4/continuation_v1/stage2_eval/72take_1200/report.json,file,github_experiment_metadata,906933,github:sxh-kk/EgoRecover,review_text_and_provenance,standard,exp/egorecover_stages_1_4/continuation_v1/stage2_eval/72take_1200/report.json,dc7a919ff1c2c87e8cf35e603a150e1440456f79fb9d10157174b28e5ba4f788,preserve relative path; portable copies must not replace immutable identities
exp/egorecover_stages_1_4/continuation_v1/stage2_eval/72take_2400/progress.json,file,github_experiment_metadata,236282,github:sxh-kk/EgoRecover,review_text_and_provenance,standard,exp/egorecover_stages_1_4/continuation_v1/stage2_eval/72take_2400/progress.json,ee2b74b45fbf523ee9844d7f07d5b24f560c5eb73be870aa6349a096d99374f8,preserve relative path; portable copies must not replace immutable identities
exp/egorecover_stages_1_4/continuation_v1/stage2_eval/72take_2400/report.json,file,github_experiment_metadata,907075,github:sxh-kk/EgoRecover,review_text_and_provenance,standard,exp/egorecover_stages_1_4/continuation_v1/stage2_eval/72take_2400/report.json,c46869d1217cd8893f356afaf39d55cdd75b5aa7b849afdd3e79459f16373a16,preserve relative path; portable copies must not replace immutable identities
exp/egorecover_stages_1_4/continuation_v1/stage2_eval/72take_400/progress.json,file,github_experiment_metadata,236033,github:sxh-kk/EgoRecover,review_text_and_provenance,standard,exp/egorecover_stages_1_4/continuation_v1/stage2_eval/72take_400/progress.json,6365c8736a9ffbb37b688337fd82246ab5103f2ec9291047b6a49f9a7756c533,preserve relative path; portable copies must not replace immutable identities
exp/egorecover_stages_1_4/continuation_v1/stage2_eval/72take_400/report.json,file,github_experiment_metadata,901704,github:sxh-kk/EgoRecover,review_text_and_provenance,standard,exp/egorecover_stages_1_4/continuation_v1/stage2_eval/72take_400/report.json,75b4644b3254bcbce64f77f2da370a22e39fa0223404ab9468e4f6601d2c61a5,preserve relative path; portable copies must not replace immutable identities
exp/egorecover_stages_1_4/continuation_v1/stage2_selection.json,file,github_experiment_metadata,2007,github:sxh-kk/EgoRecover,review_text_and_provenance,standard,exp/egorecover_stages_1_4/continuation_v1/stage2_selection.json,afd7afbdd46316421907e2b0f4ce5d82634d2cd7bf6754d2ba4278d5fdd1e6af,preserve relative path; portable copies must not replace immutable identities
exp/egorecover_stages_1_4/continuation_v1/stage2_summary.json,file,github_experiment_metadata,158246,github:sxh-kk/EgoRecover,review_text_and_provenance,standard,exp/egorecover_stages_1_4/continuation_v1/stage2_summary.json,8a81dd99b55b14db53672dc3c6f61d6d4266b8634ee8397b713a0e8768b709e9,preserve relative path; portable copies must not replace immutable identities
exp/egorecover_stages_1_4/continuation_v1/stage3_before_replay.json,file,github_experiment_metadata,907293,github:sxh-kk/EgoRecover,review_text_and_provenance,standard,exp/egorecover_stages_1_4/continuation_v1/stage3_before_replay.json,a1863ff793b9c7302cfa96a7c74f49cea14de40283ed0b5bb98aae3280ea7eb3,preserve relative path; portable copies must not replace immutable identities
exp/egorecover_stages_1_4/continuation_v1/stage3_comparison.json,file,github_experiment_metadata,1278,github:sxh-kk/EgoRecover,review_text_and_provenance,standard,exp/egorecover_stages_1_4/continuation_v1/stage3_comparison.json,41266ef555244740917b22b6a332a3e1dd8d1272dcc3833417a1ea3515f45841,preserve relative path; portable copies must not replace immutable identities
exp/egorecover_stages_1_4/continuation_v1/stage3_eval/replay_0/progress.json,file,github_experiment_metadata,235944,github:sxh-kk/EgoRecover,review_text_and_provenance,standard,exp/egorecover_stages_1_4/continuation_v1/stage3_eval/replay_0/progress.json,c21eeb2bb6b38abfe4ec4ed38154eadb9468de478d3524b1e4ec4641e39801b3,preserve relative path; portable copies must not replace immutable identities
exp/egorecover_stages_1_4/continuation_v1/stage3_eval/replay_0/report.json,file,github_experiment_metadata,907295,github:sxh-kk/EgoRecover,review_text_and_provenance,standard,exp/egorecover_stages_1_4/continuation_v1/stage3_eval/replay_0/report.json,d9f4aaca1cf2eada42fa3c0824d1658d6c71cc943bc0d4024a88eb9d74f32d7d,preserve relative path; portable copies must not replace immutable identities
exp/egorecover_stages_1_4/continuation_v1/stage3_eval/replay_0p25/progress.json,file,github_experiment_metadata,236601,github:sxh-kk/EgoRecover,review_text_and_provenance,standard,exp/egorecover_stages_1_4/continuation_v1/stage3_eval/replay_0p25/progress.json,c974ddd28a2d3f2c2b4f8d13ab9fea1dea817d29c316b5a2fa64e0ad83a2c5f9,preserve relative path; portable copies must not replace immutable identities
exp/egorecover_stages_1_4/continuation_v1/stage3_eval/replay_0p25/report.json,file,github_experiment_metadata,905037,github:sxh-kk/EgoRecover,review_text_and_provenance,standard,exp/egorecover_stages_1_4/continuation_v1/stage3_eval/replay_0p25/report.json,d64bc74f229fdf91d52edbdf8f5c8fba18d42e1989ca6eebcf28cf536feb0f4e,preserve relative path; portable copies must not replace immutable identities
exp/egorecover_stages_1_4/continuation_v1/stage3_eval/replay_0p5/progress.json,file,github_experiment_metadata,236382,github:sxh-kk/EgoRecover,review_text_and_provenance,standard,exp/egorecover_stages_1_4/continuation_v1/stage3_eval/replay_0p5/progress.json,e69ecf75e038bfd9aa0ff2a5256fb307e74080d0c17532f95a018765a6090570,preserve relative path; portable copies must not replace immutable identities
exp/egorecover_stages_1_4/continuation_v1/stage3_eval/replay_0p5/report.json,file,github_experiment_metadata,906980,github:sxh-kk/EgoRecover,review_text_and_provenance,standard,exp/egorecover_stages_1_4/continuation_v1/stage3_eval/replay_0p5/report.json,4ee060cd572b4148708f851b8f806c7433c4cff253387b7862cac9230dc8dcdf,preserve relative path; portable copies must not replace immutable identities
exp/egorecover_stages_1_4/continuation_v1/stage3_summary.json,file,github_experiment_metadata,74036,github:sxh-kk/EgoRecover,review_text_and_provenance,standard,exp/egorecover_stages_1_4/continuation_v1/stage3_summary.json,0719fa38e7617bb25c76aedf42ba4a49130c291ea845bf57d12a0e6ee796ea11,preserve relative path; portable copies must not replace immutable identities
exp/egorecover_stages_1_4/continuation_v1/stage3_train/replay_0/report.json,file,github_experiment_metadata,35557,github:sxh-kk/EgoRecover,review_text_and_provenance,standard,exp/egorecover_stages_1_4/continuation_v1/stage3_train/replay_0/report.json,48af4a6af531f3c0b08c9a76b5bbe700e4bb020d7bd26383722a5c3ef95f66b7,preserve relative path; portable copies must not replace immutable identities
exp/egorecover_stages_1_4/continuation_v1/stage3_train/replay_0p25/report.json,file,github_experiment_metadata,35492,github:sxh-kk/EgoRecover,review_text_and_provenance,standard,exp/egorecover_stages_1_4/continuation_v1/stage3_train/replay_0p25/report.json,e33e83e129660d50a0d2610c748c38ddbb8b2a010d2e5539eca7ed635ad04d08,preserve relative path; portable copies must not replace immutable identities
exp/egorecover_stages_1_4/continuation_v1/stage3_train/replay_0p5/report.json,file,github_experiment_metadata,35479,github:sxh-kk/EgoRecover,review_text_and_provenance,standard,exp/egorecover_stages_1_4/continuation_v1/stage3_train/replay_0p5/report.json,f046dd9a6bd05a3fb1388d12e0a548c167919cef80dae2daa22dd90c61191222,preserve relative path; portable copies must not replace immutable identities
exp/egorecover_stages_1_4/continuation_v1/stage4/dev.json,file,github_experiment_metadata,540338,github:sxh-kk/EgoRecover,review_text_and_provenance,standard,exp/egorecover_stages_1_4/continuation_v1/stage4/dev.json,d7fd341dde96ee0574156bba9ebde114aacb9ea51f1f224cef86755f5ddef4b1,preserve relative path; portable copies must not replace immutable identities
exp/egorecover_stages_1_4/continuation_v1/stage4/train.json,file,github_experiment_metadata,2113394,github:sxh-kk/EgoRecover,review_text_and_provenance,standard,exp/egorecover_stages_1_4/continuation_v1/stage4/train.json,98b8b12db2b43d77f902068b6cd127ec1990d999d0bea1db885bfb2ba4987821,preserve relative path; portable copies must not replace immutable identities
exp/egorecover_stages_1_4/stage1_batch_smoke/report.json,file,github_experiment_metadata,179571,github:sxh-kk/EgoRecover,review_text_and_provenance,standard,exp/egorecover_stages_1_4/stage1_batch_smoke/report.json,200b64f378e2147b688db3834957baa64bb9e990b168e27339aac0b6cc69c5af,preserve relative path; portable copies must not replace immutable identities
exp/egorecover_stages_1_4/stage1_dev/shard0/report.json,file,github_experiment_metadata,1059140,github:sxh-kk/EgoRecover,review_text_and_provenance,standard,exp/egorecover_stages_1_4/stage1_dev/shard0/report.json,ca7fe2f5f89165c6f22dc71eb6c4b05d666b26285202996641988410e1579e0f,preserve relative path; portable copies must not replace immutable identities
exp/egorecover_stages_1_4/stage1_dev/shard1/report.json,file,github_experiment_metadata,1058988,github:sxh-kk/EgoRecover,review_text_and_provenance,standard,exp/egorecover_stages_1_4/stage1_dev/shard1/report.json,537b516d8a8490fb04ac2511f7e564ac5e0d71ae23b948239b1e8e7889a71adb,preserve relative path; portable copies must not replace immutable identities
exp/egorecover_stages_1_4/stage1_dev/summary.json,file,github_experiment_metadata,29033,github:sxh-kk/EgoRecover,review_text_and_provenance,standard,exp/egorecover_stages_1_4/stage1_dev/summary.json,86ddacb4ed3b61337c131f890d92c9173cf4da497ac46eb6fbdf5bee9890b043,preserve relative path; portable copies must not replace immutable identities
exp/egorecover_stages_1_4/stage1_smoke/expanded/report.json,file,github_experiment_metadata,5492,github:sxh-kk/EgoRecover,review_text_and_provenance,standard,exp/egorecover_stages_1_4/stage1_smoke/expanded/report.json,2a3eac0c5a18c70164923a9b5421279a184116cb8c750983563cf5eb22d0ac93,preserve relative path; portable copies must not replace immutable identities
exp/egorecover_stages_1_4/stage1_smoke/expanded/smplx.json,file,github_experiment_metadata,37440,github:sxh-kk/EgoRecover,review_text_and_provenance,standard,exp/egorecover_stages_1_4/stage1_smoke/expanded/smplx.json,65eb8844409adbd7d53c35a39b14c565667383e718c5bb30f6a3b721e6d10547,preserve relative path; portable copies must not replace immutable identities
exp/egorecover_stages_1_4/stage1_smoke/pilot/report.json,file,github_experiment_metadata,5486,github:sxh-kk/EgoRecover,review_text_and_provenance,standard,exp/egorecover_stages_1_4/stage1_smoke/pilot/report.json,faa57b4d97c2922ee789f64e71e101ca8088138c19b03e107580dedc2c583c5e,preserve relative path; portable copies must not replace immutable identities
exp/egorecover_stages_1_4/stage1_smoke/pilot/smplx.json,file,github_experiment_metadata,37742,github:sxh-kk/EgoRecover,review_text_and_provenance,standard,exp/egorecover_stages_1_4/stage1_smoke/pilot/smplx.json,1f406cd32d03bb4e4c3e107e2b0139afe6f015ad08ac1253c5ad840a3ed5478d,preserve relative path; portable copies must not replace immutable identities
exp/egorecover_stages_1_4/stage2_budget/12take_1200/report.json,file,github_experiment_metadata,34812,github:sxh-kk/EgoRecover,review_text_and_provenance,standard,exp/egorecover_stages_1_4/stage2_budget/12take_1200/report.json,72986cf322b6af4fbbe470f9a3617ab359237d17ee2d8dbd3e5b245ee09efc62,preserve relative path; portable copies must not replace immutable identities
exp/egorecover_stages_1_4/stage2_budget/12take_2400/report.json,file,github_experiment_metadata,4678,github:sxh-kk/EgoRecover,review_text_and_provenance,standard,exp/egorecover_stages_1_4/stage2_budget/12take_2400/report.json,c3745ba58cb24b591dc7d35820e1a60dfec8d8fab43bc156184e243eb3402104,preserve relative path; portable copies must not replace immutable identities
exp/egorecover_stages_1_4/stage2_budget/12take_400/report.json,file,github_experiment_metadata,18220,github:sxh-kk/EgoRecover,review_text_and_provenance,standard,exp/egorecover_stages_1_4/stage2_budget/12take_400/report.json,e5206278e13887f66d2fd724fff2298d324d58debdce4daabc7594b29b6b4b29,preserve relative path; portable copies must not replace immutable identities
exp/egorecover_stages_1_4/stage2_budget/72take_1200/report.json,file,github_experiment_metadata,44118,github:sxh-kk/EgoRecover,review_text_and_provenance,standard,exp/egorecover_stages_1_4/stage2_budget/72take_1200/report.json,b4b6a0e289c488a51d8fb4eb05046df89a1072e687b65d3fba3f71232355e950,preserve relative path; portable copies must not replace immutable identities
exp/egorecover_stages_1_4/stage2_budget/72take_2400/report.json,file,github_experiment_metadata,56176,github:sxh-kk/EgoRecover,review_text_and_provenance,standard,exp/egorecover_stages_1_4/stage2_budget/72take_2400/report.json,3135e0f53c92c20b1d7b0c5a7bed029dd9c88bdf24a77fc7c540a43ba541136e,preserve relative path; portable copies must not replace immutable identities
exp/egorecover_stages_1_4/stage2_budget/72take_2400_interrupted/report.json,file,github_experiment_metadata,56132,github:sxh-kk/EgoRecover,review_text_and_provenance,standard,exp/egorecover_stages_1_4/stage2_budget/72take_2400_interrupted/report.json,276748c1529de8e64de658acbbf7e820e25dfe157c49b41869fb2ac6898b0f0a,preserve relative path; portable copies must not replace immutable identities
exp/egorecover_stages_1_4/stage2_budget/72take_2400_restart_interrupted/report.json,file,github_experiment_metadata,6509,github:sxh-kk/EgoRecover,review_text_and_provenance,standard,exp/egorecover_stages_1_4/stage2_budget/72take_2400_restart_interrupted/report.json,27d277f36c2d3da28b488437c32cdc32164dc3b70329b2cd50c63a814afd4241,preserve relative path; portable copies must not replace immutable identities
exp/egorecover_train_72take_v1/bootstrap.json,file,github_experiment_metadata,785,github:sxh-kk/EgoRecover,review_text_and_provenance,standard,exp/egorecover_train_72take_v1/bootstrap.json,a82bf53366ed6ab28e3e65a241f540c46d41f9f54998f4cfe4f9258cc0a02167,preserve relative path; portable copies must not replace immutable identities
exp/egorecover_train_72take_v1/pass1/report.json,file,github_experiment_metadata,26840,github:sxh-kk/EgoRecover,review_text_and_provenance,standard,exp/egorecover_train_72take_v1/pass1/report.json,06057981c1005e21746a2ebc9bc6929eda9b06aced1649a57b8b8e354b25b5db,preserve relative path; portable copies must not replace immutable identities
exp/egorecover_train_pilot_v1/bootstrap.json,file,github_experiment_metadata,785,github:sxh-kk/EgoRecover,review_text_and_provenance,standard,exp/egorecover_train_pilot_v1/bootstrap.json,e639d5e57d8fb575da75e64cbc6ad0b6205bada8364bd6e61dbe3e9dfbffc572,preserve relative path; portable copies must not replace immutable identities
exp/egorecover_train_pilot_v1/e7_baseline_dev0/report.json,file,github_experiment_metadata,57900,github:sxh-kk/EgoRecover,review_text_and_provenance,standard,exp/egorecover_train_pilot_v1/e7_baseline_dev0/report.json,eba2221c403314d772b91c4b2e8cef61c61dacd2e36d13b69f1948eb89fb9a0b,preserve relative path; portable copies must not replace immutable identities
exp/egorecover_train_pilot_v1/e7_baseline_dev1/report.json,file,github_experiment_metadata,56939,github:sxh-kk/EgoRecover,review_text_and_provenance,standard,exp/egorecover_train_pilot_v1/e7_baseline_dev1/report.json,fe572053b92e495dc667227907bfe36d44e505a609f5ac59b0ba648b48137f06,preserve relative path; portable copies must not replace immutable identities
exp/egorecover_train_pilot_v1/e7_baseline_holdout0/report.json,file,github_experiment_metadata,57732,github:sxh-kk/EgoRecover,review_text_and_provenance,standard,exp/egorecover_train_pilot_v1/e7_baseline_holdout0/report.json,8b7dcbb3af3a58aeca0e78e39bc54154de1d8200754289eb3a54168dbfb7490f,preserve relative path; portable copies must not replace immutable identities
exp/egorecover_train_pilot_v1/e7_baseline_holdout1/report.json,file,github_experiment_metadata,56835,github:sxh-kk/EgoRecover,review_text_and_provenance,standard,exp/egorecover_train_pilot_v1/e7_baseline_holdout1/report.json,12b2af515b279a1dc05deb68a339a2a75660e9b68d81ecb9f5cc86fbd4206a59,preserve relative path; portable copies must not replace immutable identities
exp/egorecover_train_pilot_v1/pass1/closed_dev0/report.json,file,github_experiment_metadata,10271,github:sxh-kk/EgoRecover,review_text_and_provenance,standard,exp/egorecover_train_pilot_v1/pass1/closed_dev0/report.json,0964f344dbeb35f241142eaca27c4dad296baa56c45c9bb73e9f49be4f6186aa,preserve relative path; portable copies must not replace immutable identities
exp/egorecover_train_pilot_v1/pass1/closed_dev0/smplx.json,file,github_experiment_metadata,162541,github:sxh-kk/EgoRecover,review_text_and_provenance,standard,exp/egorecover_train_pilot_v1/pass1/closed_dev0/smplx.json,8e908fc98fe3c52530c287c4e678abd2d80294c01e955eddec3ef0735358435c,preserve relative path; portable copies must not replace immutable identities
exp/egorecover_train_pilot_v1/pass1/closed_dev1/report.json,file,github_experiment_metadata,10268,github:sxh-kk/EgoRecover,review_text_and_provenance,standard,exp/egorecover_train_pilot_v1/pass1/closed_dev1/report.json,dcc2afcc9fc8b1ec07f6ece71f6566ec94f1fc933ce00a3596d8c6020cec2922,preserve relative path; portable copies must not replace immutable identities
exp/egorecover_train_pilot_v1/pass1/closed_dev1/smplx.json,file,github_experiment_metadata,160279,github:sxh-kk/EgoRecover,review_text_and_provenance,standard,exp/egorecover_train_pilot_v1/pass1/closed_dev1/smplx.json,06879af6d083623c828978f4f5ddc02d6178d71cfd4bdb970bcf16c3dbfc2216,preserve relative path; portable copies must not replace immutable identities
exp/egorecover_train_pilot_v1/pass1/closed_holdout0/report.json,file,github_experiment_metadata,10269,github:sxh-kk/EgoRecover,review_text_and_provenance,standard,exp/egorecover_train_pilot_v1/pass1/closed_holdout0/report.json,b4ab4d3ccf04709cb9a38c04fc0589fd8b40cadb514ea176ce1a860c84b67bf9,preserve relative path; portable copies must not replace immutable identities
exp/egorecover_train_pilot_v1/pass1/closed_holdout0/smplx.json,file,github_experiment_metadata,161954,github:sxh-kk/EgoRecover,review_text_and_provenance,standard,exp/egorecover_train_pilot_v1/pass1/closed_holdout0/smplx.json,835e2abd642f92e901342ddd70ac92a06442847341ee66ac507f32ce5d250a70,preserve relative path; portable copies must not replace immutable identities
exp/egorecover_train_pilot_v1/pass1/closed_holdout1_retry/report.json,file,github_experiment_metadata,10273,github:sxh-kk/EgoRecover,review_text_and_provenance,standard,exp/egorecover_train_pilot_v1/pass1/closed_holdout1_retry/report.json,3e1e7a54c77ecbfac8c18e6f262026247f960c34676173bc23bbcc746149ba60,preserve relative path; portable copies must not replace immutable identities
exp/egorecover_train_pilot_v1/pass1/closed_holdout1_retry/smplx.json,file,github_experiment_metadata,161059,github:sxh-kk/EgoRecover,review_text_and_provenance,standard,exp/egorecover_train_pilot_v1/pass1/closed_holdout1_retry/smplx.json,8768450602923bd4bb5d0e75c5372defdc18ad49b2cf05500a34354abacab575,preserve relative path; portable copies must not replace immutable identities
exp/egorecover_train_pilot_v1/pass1/dev_summary.json,file,github_experiment_metadata,10322,github:sxh-kk/EgoRecover,review_text_and_provenance,standard,exp/egorecover_train_pilot_v1/pass1/dev_summary.json,9cf8f355d1c13661a628d40ba04b40c2eb577207a75416eb2d0c26425dd91950,preserve relative path; portable copies must not replace immutable identities
exp/egorecover_train_pilot_v1/pass1/holdout_summary.json,file,github_experiment_metadata,10190,github:sxh-kk/EgoRecover,review_text_and_provenance,standard,exp/egorecover_train_pilot_v1/pass1/holdout_summary.json,7d589081ed79d567935994fe02ff3d63d0db462958d1d4f748f31a85cc8afc75,preserve relative path; portable copies must not replace immutable identities
exp/egorecover_train_pilot_v1/pass1/report.json,file,github_experiment_metadata,15725,github:sxh-kk/EgoRecover,review_text_and_provenance,standard,exp/egorecover_train_pilot_v1/pass1/report.json,9fa7064c600fa5c0621c2c6b91819a5980740b33502aaf96f90f301fb9966340,preserve relative path; portable copies must not replace immutable identities
exp/egorecover_train_pilot_v1/pass2_replay/closed_dev0/report.json,file,github_experiment_metadata,10272,github:sxh-kk/EgoRecover,review_text_and_provenance,standard,exp/egorecover_train_pilot_v1/pass2_replay/closed_dev0/report.json,8f701d8904dea1f24bb131b60ea6ff76dbfc7a8ebce132ce97139ff3952ae730,preserve relative path; portable copies must not replace immutable identities
exp/egorecover_train_pilot_v1/pass2_replay/closed_dev0/smplx.json,file,github_experiment_metadata,162359,github:sxh-kk/EgoRecover,review_text_and_provenance,standard,exp/egorecover_train_pilot_v1/pass2_replay/closed_dev0/smplx.json,423f96d96930e7fe53ff1496f1e50f45d25f7e7c8fb307ac053f14f2bdd335d5,preserve relative path; portable copies must not replace immutable identities
exp/egorecover_train_pilot_v1/pass2_replay/closed_dev1/report.json,file,github_experiment_metadata,10224,github:sxh-kk/EgoRecover,review_text_and_provenance,standard,exp/egorecover_train_pilot_v1/pass2_replay/closed_dev1/report.json,cc3851b1f4985cc2cfbb04ee7dcdc53663d01fab507bd46bf02bb7fa25aec9bc,preserve relative path; portable copies must not replace immutable identities
exp/egorecover_train_pilot_v1/pass2_replay/closed_dev1/smplx.json,file,github_experiment_metadata,159821,github:sxh-kk/EgoRecover,review_text_and_provenance,standard,exp/egorecover_train_pilot_v1/pass2_replay/closed_dev1/smplx.json,e91be645fa928a7e9445b5172ff5d70068228ec4b5a717e6495abcf32d78003b,preserve relative path; portable copies must not replace immutable identities
exp/egorecover_train_pilot_v1/pass2_replay/closed_holdout0/report.json,file,github_experiment_metadata,10247,github:sxh-kk/EgoRecover,review_text_and_provenance,standard,exp/egorecover_train_pilot_v1/pass2_replay/closed_holdout0/report.json,5270610b2544ca2cb63f1e931fdddae430147b3a7cf8b5341e9ff1c4ef75c74d,preserve relative path; portable copies must not replace immutable identities
exp/egorecover_train_pilot_v1/pass2_replay/closed_holdout0/smplx.json,file,github_experiment_metadata,161953,github:sxh-kk/EgoRecover,review_text_and_provenance,standard,exp/egorecover_train_pilot_v1/pass2_replay/closed_holdout0/smplx.json,dd792f3b30362ba5287b2c3420454c9fb146ebc9104dde39115d398e8f36150a,preserve relative path; portable copies must not replace immutable identities
exp/egorecover_train_pilot_v1/pass2_replay/closed_holdout1/report.json,file,github_experiment_metadata,10273,github:sxh-kk/EgoRecover,review_text_and_provenance,standard,exp/egorecover_train_pilot_v1/pass2_replay/closed_holdout1/report.json,65091bff5948ee944a79faeacfaf76ef345431c16538b3a9f738dfa329780f35,preserve relative path; portable copies must not replace immutable identities
exp/egorecover_train_pilot_v1/pass2_replay/closed_holdout1/smplx.json,file,github_experiment_metadata,161551,github:sxh-kk/EgoRecover,review_text_and_provenance,standard,exp/egorecover_train_pilot_v1/pass2_replay/closed_holdout1/smplx.json,6db6a61d61b929823be011dffae30feedb1da653f7c9fed9218fb6abe0a98930,preserve relative path; portable copies must not replace immutable identities
exp/egorecover_train_pilot_v1/pass2_replay/dev_summary.json,file,github_experiment_metadata,10278,github:sxh-kk/EgoRecover,review_text_and_provenance,standard,exp/egorecover_train_pilot_v1/pass2_replay/dev_summary.json,ab8b4eb9cbc03fde6a56bad89c968cfdab33e1f0f48143428d1fca99c4e571ba,preserve relative path; portable copies must not replace immutable identities
exp/egorecover_train_pilot_v1/pass2_replay/holdout_summary.json,file,github_experiment_metadata,10195,github:sxh-kk/EgoRecover,review_text_and_provenance,standard,exp/egorecover_train_pilot_v1/pass2_replay/holdout_summary.json,41718c9ff696f96c0bd9a317c10f969c5ab95badd586727d495f6f39d1998c77,preserve relative path; portable copies must not replace immutable identities
exp/egorecover_train_pilot_v1/pass2_replay/report.json,file,github_experiment_metadata,18189,github:sxh-kk/EgoRecover,review_text_and_provenance,standard,exp/egorecover_train_pilot_v1/pass2_replay/report.json,fa869f32b5f43cb68c0e94e174cd031aa24ae12e0f59d9b6c05de78c02a7048f,preserve relative path; portable copies must not replace immutable identities
exp/egorecover_train_pilot_v1/replay_cache/report.json,file,hf_cache_review,3330,github:sxh-kk/EgoRecover,review_metadata,standard,exp/egorecover_train_pilot_v1/replay_cache/report.json,,split/cache provenance metadata; review for embedded observations
exp/github_publication.json,file,github_experiment_metadata,404,github:sxh-kk/EgoRecover,review_text_and_provenance,standard,exp/github_publication.json,f94f7a67ff0c528d451da9d23376ca6dc2aead6a408badfe6c966b0ca3f90e9d,preserve relative path; portable copies must not replace immutable identities
model/__init__.py,file,github_source,0,github:sxh-kk/EgoRecover,review_text_and_provenance,standard,model/__init__.py,e3b0c44298fc1c149afbf4c8996fb92427ae41e4649b934ca495991b7852b855,preserve relative path; portable copies must not replace immutable identities
model/core.py,file,github_source,1625,github:sxh-kk/EgoRecover,review_text_and_provenance,standard,model/core.py,ce1bd8d7920cadbe7617fa464c6be969b5fb3065c29a9cd592744c120c054944,preserve relative path; portable copies must not replace immutable identities
model/history_uniegomotion.py,file,github_source,5454,github:sxh-kk/EgoRecover,review_text_and_provenance,standard,model/history_uniegomotion.py,4fe5c530e8e255b1d9982ddcd509e2e2a87566cae9160dede3546a1d707b0189,preserve relative path; portable copies must not replace immutable identities
model/observation_reference_g.py,file,github_source,4106,github:sxh-kk/EgoRecover,review_text_and_provenance,standard,model/observation_reference_g.py,77c73622a30f2e76bc92019df84c19f28d78df324b4a6c15156213205d690530,preserve relative path; portable copies must not replace immutable identities
model/tmr_eval_model.py,file,github_source,1263,github:sxh-kk/EgoRecover,review_text_and_provenance,standard,model/tmr_eval_model.py,b1d7cd51f2af0a24daf8e9f410de49c6bb221e3884dabc3bc2f278d5301ddae4,preserve relative path; portable copies must not replace immutable identities
model/uniegomotion.py,file,github_source,8289,github:sxh-kk/EgoRecover,review_text_and_provenance,standard,model/uniegomotion.py,a2bf0fcb08ea401335711440d76cc9d18e267d54970a24884b2b2f1dc4f30f5c,preserve relative path; portable copies must not replace immutable identities
module/__init__.py,file,github_source,0,github:sxh-kk/EgoRecover,review_text_and_provenance,standard,module/__init__.py,e3b0c44298fc1c149afbf4c8996fb92427ae41e4649b934ca495991b7852b855,preserve relative path; portable copies must not replace immutable identities
module/ema.py,file,github_source,14715,github:sxh-kk/EgoRecover,review_text_and_provenance,standard,module/ema.py,915a5e706696fc4ae66fdba1b9485028aa3d9ba6a043fd2593cb8ea50e5dfa26,preserve relative path; portable copies must not replace immutable identities
module/uem_module.py,file,github_source,4675,github:sxh-kk/EgoRecover,review_text_and_provenance,standard,module/uem_module.py,1b67df16717310960ef172f7fb20bcffd97c90b5761ecdefe1bd5e53f8da5eaf,preserve relative path; portable copies must not replace immutable identities
module/utils.py,file,github_source,241,github:sxh-kk/EgoRecover,review_text_and_provenance,standard,module/utils.py,88ef667f1e2031ee97bb7218bd5d9ebfdeaceadbe1fcd88bc5ac60a65279cd7f,preserve relative path; portable copies must not replace immutable identities
mydiffusion/__init__.py,file,github_source,74,github:sxh-kk/EgoRecover,review_text_and_provenance,standard,mydiffusion/__init__.py,ec30483aa641d5c1b9cc8910554324949f2288eadd085310d4c312cdda294c73,preserve relative path; portable copies must not replace immutable identities
mydiffusion/flow_matching.py,file,github_source,11660,github:sxh-kk/EgoRecover,review_text_and_provenance,standard,mydiffusion/flow_matching.py,18bcf9b45ccf4cb2c7b50a943b1704c4400ff0c38a0ae9aa7d2f05aca6ad4009,preserve relative path; portable copies must not replace immutable identities
pyproject.toml,file,github_source,80,github:sxh-kk/EgoRecover,review_text_and_provenance,standard,pyproject.toml,f7c16e56d67a94aba80303685ef30e64014f18fb0829441494671e1cf35e2062,preserve relative path; portable copies must not replace immutable identities
requirements-dev.txt,file,github_source,13,github:sxh-kk/EgoRecover,review_text_and_provenance,standard,requirements-dev.txt,34380287305238f2bbb48cc416870cb51c3f6a9ccb3109a659e62d3af1e290c2,preserve relative path; portable copies must not replace immutable identities
requirements-vis.txt,file,github_source,52,github:sxh-kk/EgoRecover,review_text_and_provenance,standard,requirements-vis.txt,78cd401de703ab80fc0609edb0d9dc9ac4490b3a6c20c5f3f6af88800987a33a,preserve relative path; portable copies must not replace immutable identities
requirements.txt,file,github_source,194,github:sxh-kk/EgoRecover,review_text_and_provenance,standard,requirements.txt,046e9b740b220080f856c649bd28349928d7a33e6eecd0aa966f2d1f7a6ad2f1,preserve relative path; portable copies must not replace immutable identities
run/adapt_prior_on_predictions.py,file,github_source,16390,github:sxh-kk/EgoRecover,review_text_and_provenance,standard,run/adapt_prior_on_predictions.py,6403f544e7941d73aab7637ee07bbaa00bcfd0b533b89dd3a5102c3f51e2e77c,preserve relative path; portable copies must not replace immutable identities
run/cache_e7_bootstraps.py,file,github_source,4568,github:sxh-kk/EgoRecover,review_text_and_provenance,standard,run/cache_e7_bootstraps.py,fcf93f94740ffad5466e8b04978754758b6ab24338e6f16397ea0cadf11be506,preserve relative path; portable copies must not replace immutable identities
run/check_closed_loop.py,file,github_source,13509,github:sxh-kk/EgoRecover,review_text_and_provenance,standard,run/check_closed_loop.py,c16d75902a269de4ff7f916725cd9d6f5f187d7849c42e180e136f07a1b8fd19,preserve relative path; portable copies must not replace immutable identities
run/check_frozen_e7_smoke.py,file,github_source,9557,github:sxh-kk/EgoRecover,review_text_and_provenance,standard,run/check_frozen_e7_smoke.py,ca85624951aca236d69c811ad01342fb986253eaf3985d0b1eff7861450b1e5d,preserve relative path; portable copies must not replace immutable identities
run/check_mismatch_adapter.py,file,github_source,2693,github:sxh-kk/EgoRecover,review_text_and_provenance,standard,run/check_mismatch_adapter.py,f22b36eb06e669b13aeb1a709d93d1ae5176ee2da77d2260feef9be033194301,preserve relative path; portable copies must not replace immutable identities
run/collect_predicted_histories.py,file,github_source,14681,github:sxh-kk/EgoRecover,review_text_and_provenance,standard,run/collect_predicted_histories.py,e23135aa1a6f7d3af9684e7d2df7eeb1fe2409bc0cf07ba72c37b5253635314a,preserve relative path; portable copies must not replace immutable identities
run/compare_closed_loop_baselines.py,file,github_source,2411,github:sxh-kk/EgoRecover,review_text_and_provenance,standard,run/compare_closed_loop_baselines.py,b943b4030a8e6fcdb1cbc8751dd7ce9cdb77acea6be259c86b2a172441a8af85,preserve relative path; portable copies must not replace immutable identities
run/compare_engineering_baselines.py,file,github_source,3173,github:sxh-kk/EgoRecover,review_text_and_provenance,standard,run/compare_engineering_baselines.py,40615f26c0451f245c291f6f5dbd372bb1cb5a78469b87d29498c9609ef88322,preserve relative path; portable copies must not replace immutable identities
run/complete_stages.py,file,github_source,30770,github:sxh-kk/EgoRecover,review_text_and_provenance,standard,run/complete_stages.py,b17e722251a7bfd6b2a9d3eb608532d8704142429f625d1d92cd82b39dbf9cf0,preserve relative path; portable copies must not replace immutable identities
run/diagnose_engineering.py,file,github_source,13526,github:sxh-kk/EgoRecover,review_text_and_provenance,standard,run/diagnose_engineering.py,687656ed01ee6b567762fd38c4cea305e4361e7a543793450c51247adb35e6e3,preserve relative path; portable copies must not replace immutable identities
run/diagnose_fk_dense.py,file,github_source,8797,github:sxh-kk/EgoRecover,review_text_and_provenance,standard,run/diagnose_fk_dense.py,57d31963a13d46c2c021cb8d4849074276b68eea6151ad8c5163ba17d71617e0,preserve relative path; portable copies must not replace immutable identities
run/diagnose_four_actions.py,file,github_source,13478,github:sxh-kk/EgoRecover,review_text_and_provenance,standard,run/diagnose_four_actions.py,658abd9e8305c896183b7c32869fbdd292c5a4a5cb6ff7fd4e30f4c41d33496c,preserve relative path; portable copies must not replace immutable identities
run/diagnose_g_observation_length.py,file,github_source,6112,github:sxh-kk/EgoRecover,review_text_and_provenance,standard,run/diagnose_g_observation_length.py,d6584478627f23d173a75136068e5e30b81c6bc6f655f6bc330a0de3c371b7c7,preserve relative path; portable copies must not replace immutable identities
run/e7_ablation.py,file,github_source,21377,github:sxh-kk/EgoRecover,review_text_and_provenance,standard,run/e7_ablation.py,4ebc9487b7b4511ffb6bfd8e54f52700de5141bc7330edffec9a2938dae08126,preserve relative path; portable copies must not replace immutable identities
run/e7_ablation_queue.py,file,github_source,3580,github:sxh-kk/EgoRecover,review_text_and_provenance,standard,run/e7_ablation_queue.py,98cb61b54fb3d70baea29b493c2543cb5c470d302e7a934b83f331bea1393d3d,preserve relative path; portable copies must not replace immutable identities
run/engineering_pilot.py,file,github_source,34639,github:sxh-kk/EgoRecover,review_text_and_provenance,standard,run/engineering_pilot.py,79c5814446c23571e3a8ce9b641e98a8da319cfdd8a1e7d5e58176f04a5d9149,preserve relative path; portable copies must not replace immutable identities
run/evaluate_closed_loop_smplx.py,file,github_source,8798,github:sxh-kk/EgoRecover,review_text_and_provenance,standard,run/evaluate_closed_loop_smplx.py,6e2f3e6501dcc5502708ede67aed79575356ec5446ff49392abfdb2b8d84d5ac,preserve relative path; portable copies must not replace immutable identities
run/evaluate_paired_development.py,file,github_source,15063,github:sxh-kk/EgoRecover,review_text_and_provenance,standard,run/evaluate_paired_development.py,a457e9fd0759257411eba969029ae3a7d14a86bae9ad2e1c4b5e50c274d71982,preserve relative path; portable copies must not replace immutable identities
run/evaluate_prior_real_history.py,file,github_source,12293,github:sxh-kk/EgoRecover,review_text_and_provenance,standard,run/evaluate_prior_real_history.py,93d3d9674b2220b763f5d463cdd6103aadf6c7a780d7e0be7f53e0a65106a577,preserve relative path; portable copies must not replace immutable identities
run/finalize_train_pilot.py,file,github_source,4902,github:sxh-kk/EgoRecover,review_text_and_provenance,standard,run/finalize_train_pilot.py,6670a1c1e0874715affc4f4cf0c66c37cb5ead131162878a76ca67f44c6d4d53,preserve relative path; portable copies must not replace immutable identities
run/g_pretraining_data.py,file,github_source,14035,github:sxh-kk/EgoRecover,review_text_and_provenance,standard,run/g_pretraining_data.py,25e6b39ea0713299a3102e32beb4210022cd310ecc416fa09314b523ee485212,preserve relative path; portable copies must not replace immutable identities
run/g_pretraining_experiment.py,file,github_source,12531,github:sxh-kk/EgoRecover,review_text_and_provenance,standard,run/g_pretraining_experiment.py,a070c5ea568a9cc9b89a28f4e27f6383b4e613c1ea3ccf0f2205b16c904b3190,preserve relative path; portable copies must not replace immutable identities
run/g_pretraining_minimal_eval.py,file,github_source,10460,github:sxh-kk/EgoRecover,review_text_and_provenance,standard,run/g_pretraining_minimal_eval.py,89d804ca9209ad5a595265a68a1db3cf43a9d2c33fbfd3f904496825227e43f0,preserve relative path; portable copies must not replace immutable identities
run/loss_ablation.py,file,github_source,8471,github:sxh-kk/EgoRecover,review_text_and_provenance,standard,run/loss_ablation.py,3aba0ac1f56eadc43322b0fb03b1864b56af9bc1b7a031e2b29531542b1efe58,preserve relative path; portable copies must not replace immutable identities
run/merge_predicted_histories.py,file,github_source,4100,github:sxh-kk/EgoRecover,review_text_and_provenance,standard,run/merge_predicted_histories.py,64246226e46a95a01861f085e3efe1f6819978d74203416e780f34af2c83a587,preserve relative path; portable copies must not replace immutable identities
run/observation_reference_experiment.py,file,github_source,11746,github:sxh-kk/EgoRecover,review_text_and_provenance,standard,run/observation_reference_experiment.py,64b84ae74f1ed3579de810d8bc8b79cb7570317bbe65cef225d0a95b326e984d,preserve relative path; portable copies must not replace immutable identities
run/prepare_prior_expanded.py,file,github_source,11916,github:sxh-kk/EgoRecover,review_text_and_provenance,standard,run/prepare_prior_expanded.py,071bba25700ef699bfbc4d39c011883558f0158695a65e0b22961ed3491dd6aa,preserve relative path; portable copies must not replace immutable identities
run/prepare_prior_real_history.py,file,github_source,3766,github:sxh-kk/EgoRecover,review_text_and_provenance,standard,run/prepare_prior_real_history.py,af84e9f4ba645d51b587b3416faf037ebed5e45f6e25c0d8ec6e462947681841,preserve relative path; portable copies must not replace immutable identities
run/prepare_prior_sequences.py,file,github_source,4477,github:sxh-kk/EgoRecover,review_text_and_provenance,standard,run/prepare_prior_sequences.py,224f2abad14b3eceb42e46acce839697c239fb52b62b38781593825fd640c4cf,preserve relative path; portable copies must not replace immutable identities
run/prior_cv_residual_experiment.py,file,github_source,12047,github:sxh-kk/EgoRecover,review_text_and_provenance,standard,run/prior_cv_residual_experiment.py,3506ec09af34bc94d373b9e2b8d78bee411931dd59eeb78251586981a22cfbb7,preserve relative path; portable copies must not replace immutable identities
run/prior_expanded_experiment.py,file,github_source,6696,github:sxh-kk/EgoRecover,review_text_and_provenance,standard,run/prior_expanded_experiment.py,99c84aaeb0c29f9e202ff0c8371e9a0a81f6b8f0c2b0d8f8855b4ba5e9af390f,preserve relative path; portable copies must not replace immutable identities
run/prior_real_history_experiment.py,file,github_source,11505,github:sxh-kk/EgoRecover,review_text_and_provenance,standard,run/prior_real_history_experiment.py,0c764bbdedcef5eaee02d18cef8b152ba5a9db7a40c547e59fe9cc22a315877e,preserve relative path; portable copies must not replace immutable identities
run/prior_same_shape_experiment.py,file,github_source,10937,github:sxh-kk/EgoRecover,review_text_and_provenance,standard,run/prior_same_shape_experiment.py,3d14e6e886843fab169d859850f5646c9743c0cfc8cde27a3c9b2952dca6f1a7,preserve relative path; portable copies must not replace immutable identities
run/prior_two_forward_experiment.py,file,github_source,13417,github:sxh-kk/EgoRecover,review_text_and_provenance,standard,run/prior_two_forward_experiment.py,651f45ed829ed4aade662c98135701eb5f4fc20ded2ca517a3e9a47d52518432,preserve relative path; portable copies must not replace immutable identities
run/prior_velocity_experiment.py,file,github_source,10658,github:sxh-kk/EgoRecover,review_text_and_provenance,standard,run/prior_velocity_experiment.py,9d81998760b7e403495688637078d987809595fc237336b84a593b6ef5853bfe,preserve relative path; portable copies must not replace immutable identities
run/report_diagnosis.py,file,github_source,6647,github:sxh-kk/EgoRecover,review_text_and_provenance,standard,run/report_diagnosis.py,43f6a26271d2478ce8e2123312953348d6356bc5c64c26edd0286ff85c03201c,preserve relative path; portable copies must not replace immutable identities
run/report_engineering.py,file,github_source,6043,github:sxh-kk/EgoRecover,review_text_and_provenance,standard,run/report_engineering.py,db943cac02a0b7ed9d7679bf94d74e2b22686433e81f75c63c31dc7fb9cd47ea,preserve relative path; portable copies must not replace immutable identities
run/report_repairs.py,file,github_source,8122,github:sxh-kk/EgoRecover,review_text_and_provenance,standard,run/report_repairs.py,83a16b567f943320bb01773af186381029f78b8a6c34bd813c8aee34875156d7,preserve relative path; portable copies must not replace immutable identities
run/sample_e7.py,file,github_source,3362,github:sxh-kk/EgoRecover,review_text_and_provenance,standard,run/sample_e7.py,1153a0db0a390f6b0e0f8ac2186a2203b962b9fbee70c24d2bf996eed6caa837,preserve relative path; portable copies must not replace immutable identities
run/select_budget.py,file,github_source,2781,github:sxh-kk/EgoRecover,review_text_and_provenance,standard,run/select_budget.py,33ae35a0d84d1708a10bbea27bb8a4bad12551b39945b89cd9894af302179ca9,preserve relative path; portable copies must not replace immutable identities
run/smoke_egorecover.py,file,github_source,4207,github:sxh-kk/EgoRecover,review_text_and_provenance,standard,run/smoke_egorecover.py,232b786f8bf93eb0b7f0af54f45e20b378d9f16ae17018a9a6843bafce8d4819,preserve relative path; portable copies must not replace immutable identities
run/stage_job.py,file,github_source,1669,github:sxh-kk/EgoRecover,review_text_and_provenance,standard,run/stage_job.py,67882ac2d3354afe969963a30dbddc47b66fd900bed56a6f7e8f615896622b00,preserve relative path; portable copies must not replace immutable identities
run/summarize_closed_loop_pilot.py,file,github_source,3728,github:sxh-kk/EgoRecover,review_text_and_provenance,standard,run/summarize_closed_loop_pilot.py,8d93d7cec15dc4e8b8cab4e42833641b9bcb95ccceb35485c616a174e7bb58de,preserve relative path; portable copies must not replace immutable identities
run/summarize_paired_development.py,file,github_source,5056,github:sxh-kk/EgoRecover,review_text_and_provenance,standard,run/summarize_paired_development.py,2ec64d71dab1b471b5a6fe11dac2612e887f7887bfd698ded96ea4b6ac71cf4d,preserve relative path; portable copies must not replace immutable identities
run/train_g_pretraining.py,file,github_source,22592,github:sxh-kk/EgoRecover,review_text_and_provenance,standard,run/train_g_pretraining.py,9ff095d5a61ae44be16624366e8c7d46fff312ba7ce5b38712fa8e63e120e8c9,preserve relative path; portable copies must not replace immutable identities
run/train_observation_reference.py,file,github_source,16245,github:sxh-kk/EgoRecover,review_text_and_provenance,standard,run/train_observation_reference.py,8599097b8032564e4d33b29a34961f1d7a2f8a930d24fe7a8727e18b9da00707,preserve relative path; portable copies must not replace immutable identities
run/train_prior_cv_residual.py,file,github_source,12376,github:sxh-kk/EgoRecover,review_text_and_provenance,standard,run/train_prior_cv_residual.py,8948879317be98ee1ffe35385b505db865d6e9b655ffe1e7c80395412bf78bf7,preserve relative path; portable copies must not replace immutable identities
run/train_prior_expanded.py,file,github_source,12553,github:sxh-kk/EgoRecover,review_text_and_provenance,standard,run/train_prior_expanded.py,610367e023bbab2d00bdcc50157b5019fb6ead96d1825191521751a455c0f5a5,preserve relative path; portable copies must not replace immutable identities
run/train_prior_same_shape.py,file,github_source,12734,github:sxh-kk/EgoRecover,review_text_and_provenance,standard,run/train_prior_same_shape.py,a1302e8f3a0549feb2568e81fa9b9a01a3c915daccfc328201f8a1d972163690,preserve relative path; portable copies must not replace immutable identities
run/train_prior_two_forward.py,file,github_source,11958,github:sxh-kk/EgoRecover,review_text_and_provenance,standard,run/train_prior_two_forward.py,f5ff4b552b70359a4f2da3480282adb9bb0be1b0667b20ef18f20872b9b3beb0,preserve relative path; portable copies must not replace immutable identities
run/train_prior_velocity.py,file,github_source,12880,github:sxh-kk/EgoRecover,review_text_and_provenance,standard,run/train_prior_velocity.py,c27d18f6dfb85f77ae6d19bb9edc6de1c2d3f50398608b12e1a393a5cc407692,preserve relative path; portable copies must not replace immutable identities
run/train_uem.py,file,github_source,4165,github:sxh-kk/EgoRecover,review_text_and_provenance,standard,run/train_uem.py,690053503587d00bb4393053b3f43008bc2457ed9a8152ac10cc3b8c6fc259b1,preserve relative path; portable copies must not replace immutable identities
run/vis_uem.py,file,github_source,4850,github:sxh-kk/EgoRecover,review_text_and_provenance,standard,run/vis_uem.py,b1d2494eaf5a73ebeb1bbe7a2da15de557d5389458b767784a0ed520e9427a17,preserve relative path; portable copies must not replace immutable identities
tests/test_bootstrap_shapes.py,file,github_source,1794,github:sxh-kk/EgoRecover,review_text_and_provenance,standard,tests/test_bootstrap_shapes.py,e185440610b3186a014cf007cdd11b477d249fa8927b4acac4e9a396d82b6abc,preserve relative path; portable copies must not replace immutable identities
tests/test_budget_selection.py,file,github_source,1108,github:sxh-kk/EgoRecover,review_text_and_provenance,standard,tests/test_budget_selection.py,528dc8d8dc2bc5dfc529cd537653ddaf81efa854c064ae1c0b85de68a67cdc61,preserve relative path; portable copies must not replace immutable identities
tests/test_causal_rollout.py,file,github_source,4425,github:sxh-kk/EgoRecover,review_text_and_provenance,standard,tests/test_causal_rollout.py,2c643a0361f83729c4ee94e6c4b274693b90ff54927bd6fef669acb3ff6ab719,preserve relative path; portable copies must not replace immutable identities
tests/test_data_selection.py,file,github_source,3568,github:sxh-kk/EgoRecover,review_text_and_provenance,standard,tests/test_data_selection.py,40ea2765c8a70be27d63d62e539f71094176f99466024bc174f5fe4d32b68807,preserve relative path; portable copies must not replace immutable identities
tests/test_e7_ablation.py,file,github_source,4797,github:sxh-kk/EgoRecover,review_text_and_provenance,standard,tests/test_e7_ablation.py,3e85d1f6c884c3dfd8aeda5c11c824ce98e95b8a337e7a7291f6212d313b8b24,preserve relative path; portable copies must not replace immutable identities
tests/test_e7_config.py,file,github_source,680,github:sxh-kk/EgoRecover,review_text_and_provenance,standard,tests/test_e7_config.py,8eabed5831316b2e6cebcee14f51114f94b6c1dbb5651e0b3a953fa81b992748,preserve relative path; portable copies must not replace immutable identities
tests/test_e7_module.py,file,github_source,2593,github:sxh-kk/EgoRecover,review_text_and_provenance,standard,tests/test_e7_module.py,7d63292aa100bf0356a9fe49690f8a49ad4c900c32ddc881432e712ca8dd40a9,preserve relative path; portable copies must not replace immutable identities
tests/test_evaluation_protocol.py,file,github_source,3279,github:sxh-kk/EgoRecover,review_text_and_provenance,standard,tests/test_evaluation_protocol.py,563f84befba21406b38c467700c6a4e43f00c475231d4d3cf4cd41037e96ed97,preserve relative path; portable copies must not replace immutable identities
tests/test_evaluation_resume.py,file,github_source,2887,github:sxh-kk/EgoRecover,review_text_and_provenance,standard,tests/test_evaluation_resume.py,a5661475773901a38d3fb70f84622e533b1e511aa5237557135873fbbb901673,preserve relative path; portable copies must not replace immutable identities
tests/test_fixed_shape_fk.py,file,github_source,5013,github:sxh-kk/EgoRecover,review_text_and_provenance,standard,tests/test_fixed_shape_fk.py,4987cabb8c0cde65cdf9080742e12b8fee30c37b64988e737f791b39f7619871,preserve relative path; portable copies must not replace immutable identities
tests/test_four_action_sampling.py,file,github_source,2296,github:sxh-kk/EgoRecover,review_text_and_provenance,standard,tests/test_four_action_sampling.py,38508acafd3acef746ab4ff60b455bcf2502ef1710c7be2aa62f02cf5671139b,preserve relative path; portable copies must not replace immutable identities
tests/test_g_pretraining.py,file,github_source,6419,github:sxh-kk/EgoRecover,review_text_and_provenance,standard,tests/test_g_pretraining.py,1ed0dbe6431399240824193fb422a08e44dc731439bd51bc7f43e91b0372ebfc,preserve relative path; portable copies must not replace immutable identities
tests/test_history_codec.py,file,github_source,5500,github:sxh-kk/EgoRecover,review_text_and_provenance,standard,tests/test_history_codec.py,cb7447e30a71b58405628654dc51cc37ccb3658ba7848da96226db08f3703522,preserve relative path; portable copies must not replace immutable identities
tests/test_history_interfaces.py,file,github_source,10605,github:sxh-kk/EgoRecover,review_text_and_provenance,standard,tests/test_history_interfaces.py,100868dc0ea4cfc706750fd5da1f3c8352bb6715b2623c86b16e630f805f5776,preserve relative path; portable copies must not replace immutable identities
tests/test_history_merge.py,file,github_source,2113,github:sxh-kk/EgoRecover,review_text_and_provenance,standard,tests/test_history_merge.py,1ffc1fac4274cbc738fa0f07586229661dac68ffaaab824f4efe1d3fd85bf076,preserve relative path; portable copies must not replace immutable identities
tests/test_history_state_and_policy.py,file,github_source,5698,github:sxh-kk/EgoRecover,review_text_and_provenance,standard,tests/test_history_state_and_policy.py,15666be8dcb26bcbfb1b010ed77e98b645802ca48c464fcfc2baf55808768500,preserve relative path; portable copies must not replace immutable identities
tests/test_loss_ablation.py,file,github_source,6608,github:sxh-kk/EgoRecover,review_text_and_provenance,standard,tests/test_loss_ablation.py,bb381770cf2b166fac0fecf16780ae93efc1e9cbe5347005377a2237a6171dfe,preserve relative path; portable copies must not replace immutable identities
tests/test_observation_reference.py,file,github_source,5366,github:sxh-kk/EgoRecover,review_text_and_provenance,standard,tests/test_observation_reference.py,b399d9402e772c1752f76a82a39a141b79a0b40717f9da98e12794a8bebd2337,preserve relative path; portable copies must not replace immutable identities
tests/test_pilot_summary.py,file,github_source,1318,github:sxh-kk/EgoRecover,review_text_and_provenance,standard,tests/test_pilot_summary.py,5b310d817340b7dde05e11f30b7a5d945621dc4bd4eb5848006e0608dd8e14ee,preserve relative path; portable copies must not replace immutable identities
tests/test_planar_reference_and_loss.py,file,github_source,3670,github:sxh-kk/EgoRecover,review_text_and_provenance,standard,tests/test_planar_reference_and_loss.py,36185d9d02ac38b42200caa1da835cad8644f25a1087c07f01e999e1abecfa04,preserve relative path; portable copies must not replace immutable identities
tests/test_prior_adaptation.py,file,github_source,6331,github:sxh-kk/EgoRecover,review_text_and_provenance,standard,tests/test_prior_adaptation.py,0e90686c2f3ed00fc9339d0f33fb0d2bee02a31620ed7f329b86943a64ff9258,preserve relative path; portable copies must not replace immutable identities
tests/test_prior_cv_residual.py,file,github_source,8408,github:sxh-kk/EgoRecover,review_text_and_provenance,standard,tests/test_prior_cv_residual.py,858b7ca055b37315f39479cfdacf3ec0b01eae89c1acdae21393e8b7d9a88055,preserve relative path; portable copies must not replace immutable identities
tests/test_prior_expanded.py,file,github_source,6622,github:sxh-kk/EgoRecover,review_text_and_provenance,standard,tests/test_prior_expanded.py,e0fcd36eb1be39c311ae584a323935758734ba13d57f58156b54ac3a4a35d26d,preserve relative path; portable copies must not replace immutable identities
tests/test_prior_real_history.py,file,github_source,6575,github:sxh-kk/EgoRecover,review_text_and_provenance,standard,tests/test_prior_real_history.py,d07aff6b5dfecab08a48a3702fe7c6716399f912bd1ca9a6064762d9831cc2b4,preserve relative path; portable copies must not replace immutable identities
tests/test_prior_same_shape.py,file,github_source,6786,github:sxh-kk/EgoRecover,review_text_and_provenance,standard,tests/test_prior_same_shape.py,c134e53b601531af9fffdd53e14bae150c49e1c13a5b635dddc344a94e5cbb6d,preserve relative path; portable copies must not replace immutable identities
tests/test_prior_two_forward.py,file,github_source,9780,github:sxh-kk/EgoRecover,review_text_and_provenance,standard,tests/test_prior_two_forward.py,7282c65d380f44c1ea5dbd9f688ed7edfa48c156a673a353db3a9cc0d2cee13a,preserve relative path; portable copies must not replace immutable identities
tests/test_prior_velocity.py,file,github_source,8451,github:sxh-kk/EgoRecover,review_text_and_provenance,standard,tests/test_prior_velocity.py,0a9db6ab3734092792c68b5dda9f3c322eeaae43a515380746284eef2788bdf2,preserve relative path; portable copies must not replace immutable identities
tests/test_repaint.py,file,github_source,6110,github:sxh-kk/EgoRecover,review_text_and_provenance,standard,tests/test_repaint.py,62559dfdf29d6107c60bef082a5fa9f5304536df6e6167b48508caf4c943d7ae,preserve relative path; portable copies must not replace immutable identities
tests/test_replay_training.py,file,github_source,3421,github:sxh-kk/EgoRecover,review_text_and_provenance,standard,tests/test_replay_training.py,0f5b02c260531f9364676c8964a9f5ba6f0382334aa1cca7a436615584b970cb,preserve relative path; portable copies must not replace immutable identities
tests/test_smplx_evaluation.py,file,github_source,5301,github:sxh-kk/EgoRecover,review_text_and_provenance,standard,tests/test_smplx_evaluation.py,b6a8e912c8d0e994ff1c72bbc2a67f8adba9b8ab8cfd70e2c20dd89ac8cccfc6,preserve relative path; portable copies must not replace immutable identities
tests/test_stage_queue.py,file,github_source,4773,github:sxh-kk/EgoRecover,review_text_and_provenance,standard,tests/test_stage_queue.py,7223fc709ebaf2338eddcadb3e989777a0990cce4df8875295839c6939aa8774,preserve relative path; portable copies must not replace immutable identities
tools/audit_release_inventory.py,file,github_source,15415,github:sxh-kk/EgoRecover,review_text_and_provenance,standard,tools/audit_release_inventory.py,c061d8f3dd75d511d3be46516ad1766ee2f9125dd8d1c09a1a05cb2664c7ea6e,preserve relative path; portable copies must not replace immutable identities
tools/check_upstream_e7.py,file,github_source,5844,github:sxh-kk/EgoRecover,review_text_and_provenance,standard,tools/check_upstream_e7.py,c043c9d47e2acf0977ff3d993c756f6c093b52746c827b4774e094ef9e9329c4,preserve relative path; portable copies must not replace immutable identities
utils/__init__.py,file,github_source,0,github:sxh-kk/EgoRecover,review_text_and_provenance,standard,utils/__init__.py,e3b0c44298fc1c149afbf4c8996fb92427ae41e4649b934ca495991b7852b855,preserve relative path; portable copies must not replace immutable identities
utils/guofeats/__init__.py,file,github_source,82,github:sxh-kk/EgoRecover,review_text_and_provenance,standard,utils/guofeats/__init__.py,18422901a145f528d9d6d957e6b2adf397da875e149fb939718bcf403628f5c4,preserve relative path; portable copies must not replace immutable identities
utils/guofeats/common/quaternion.py,file,github_source,15942,github:sxh-kk/EgoRecover,review_text_and_provenance,standard,utils/guofeats/common/quaternion.py,637d07520ac308f425d89775319720ad779e7d1500e09195273caf3f9909a724,preserve relative path; portable copies must not replace immutable identities
utils/guofeats/common/skeleton.py,file,github_source,9487,github:sxh-kk/EgoRecover,review_text_and_provenance,standard,utils/guofeats/common/skeleton.py,d342c12cb81230af2240a732860eade3009057d0735b72edcf79f5019ec37af9,preserve relative path; portable copies must not replace immutable identities
utils/guofeats/motion_representation.py,file,github_source,15078,github:sxh-kk/EgoRecover,review_text_and_provenance,standard,utils/guofeats/motion_representation.py,6ddcac40cc3f976e90d2768124f83029e489090143d7ed230de8d170ba7c3c83,preserve relative path; portable copies must not replace immutable identities
utils/guofeats/paramUtil.py,file,github_source,1694,github:sxh-kk/EgoRecover,review_text_and_provenance,standard,utils/guofeats/paramUtil.py,9b6bf12163e270ecd7e933bdbd3f8de080a12e4b4f7af32eeb57b9850e4e6121,preserve relative path; portable copies must not replace immutable identities
utils/guofeats/skeleton_example_h3d.npy,file,github_source,1376,github:sxh-kk/EgoRecover,review_text_and_provenance,standard,utils/guofeats/skeleton_example_h3d.npy,,preserve relative path; portable copies must not replace immutable identities
utils/meshviewer.py,file,github_source,18433,github:sxh-kk/EgoRecover,review_text_and_provenance,standard,utils/meshviewer.py,7de8242e234b1ec99ce71a9031a79086b16536cc554be4f8b526fd50732e4c55,preserve relative path; portable copies must not replace immutable identities
utils/pca_conversions.py,file,github_source,849,github:sxh-kk/EgoRecover,review_text_and_provenance,standard,utils/pca_conversions.py,015d3f43c967b1b5c0942b5197185bababa3849a2c19872898b5947864f30c7c,preserve relative path; portable copies must not replace immutable identities
utils/renderer.py,file,github_source,6036,github:sxh-kk/EgoRecover,review_text_and_provenance,standard,utils/renderer.py,9d10d0375cfbd38cd1a4ac8b8dcbb04fa7834496d2314f566e30abfd24976c10,preserve relative path; portable copies must not replace immutable identities
utils/rotation_conversions.py,file,github_source,20558,github:sxh-kk/EgoRecover,review_text_and_provenance,standard,utils/rotation_conversions.py,4dd42ef7227fe93560da284cf200aa93beef19f0ed2241cfed3ea2bf8bbfea46,preserve relative path; portable copies must not replace immutable identities
utils/task_conditioning.py,file,github_source,4352,github:sxh-kk/EgoRecover,review_text_and_provenance,standard,utils/task_conditioning.py,2ca89c82d5d531b1b8924c2d204a0c5d447a4a2fe1af760f638586a5f9d840b8,preserve relative path; portable copies must not replace immutable identities
utils/torch_utils.py,file,github_source,3082,github:sxh-kk/EgoRecover,review_text_and_provenance,standard,utils/torch_utils.py,582bfc0346b9a44ff07c6fed801eecda4a0d75c6a249e09ae12cc5bd0d0b689c,preserve relative path; portable copies must not replace immutable identities
utils/vis_utils.py,file,github_source,12893,github:sxh-kk/EgoRecover,review_text_and_provenance,standard,utils/vis_utils.py,e70ca748f4b7946e3320b275dafc54884e73490bd486304368d4068d6b7457db,preserve relative path; portable copies must not replace immutable identities
verification/README.md,file,github_verification,1294,github:sxh-kk/EgoRecover,review_text_and_provenance,standard,verification/README.md,498a608e96b08c3210af0a065705fd5eebbefc99eb8ffc6c43f92185b47f88f0,preserve relative path; portable copies must not replace immutable identities
verification/e7_engineering_local_tests.xml,file,local_verification_binary,11545,github:sxh-kk/EgoRecover,review_figure_or_report,standard,verification/e7_engineering_local_tests.xml,,pose visualizations require derived-data review
verification/egorecover_cause_analysis.json,file,github_verification,1602936,github:sxh-kk/EgoRecover,review_text_and_provenance,standard,verification/egorecover_cause_analysis.json,2815e4cbd642edd4a9fa65fab2387c5ed46fdd3fbf2eda2521503a2a2899af39,preserve relative path; portable copies must not replace immutable identities
verification/egorecover_cause_analysis.pdf,file,local_verification_binary,30750,github:sxh-kk/EgoRecover,review_figure_or_report,standard,verification/egorecover_cause_analysis.pdf,,pose visualizations require derived-data review
verification/egorecover_cause_analysis.png,file,local_verification_binary,311020,github:sxh-kk/EgoRecover,review_figure_or_report,standard,verification/egorecover_cause_analysis.png,,pose visualizations require derived-data review
verification/egorecover_e7_ema_smoke.json,file,github_verification,1032,github:sxh-kk/EgoRecover,review_text_and_provenance,standard,verification/egorecover_e7_ema_smoke.json,6080165fa6cbf84b6ec582aa97c189a92eaf8212d0753e3ad8bb1b30589e105d,preserve relative path; portable copies must not replace immutable identities
verification/egorecover_engineering_summary.json,file,github_verification,41691,github:sxh-kk/EgoRecover,review_text_and_provenance,standard,verification/egorecover_engineering_summary.json,5cd45f29daa4504613aa3f343b7b305288d94aec035ac7b0a77e8119fead770f,preserve relative path; portable copies must not replace immutable identities
verification/egorecover_engineering_summary.pdf,file,local_verification_binary,26130,github:sxh-kk/EgoRecover,review_figure_or_report,standard,verification/egorecover_engineering_summary.pdf,,pose visualizations require derived-data review
verification/egorecover_engineering_summary.png,file,local_verification_binary,245798,github:sxh-kk/EgoRecover,review_figure_or_report,standard,verification/egorecover_engineering_summary.png,,pose visualizations require derived-data review
verification/egorecover_interface_smoke.json,file,github_verification,807,github:sxh-kk/EgoRecover,review_text_and_provenance,standard,verification/egorecover_interface_smoke.json,ca70197af8a55e162124e029ce7191de8361d8aff9f609d420635bc180f5c9b7,preserve relative path; portable copies must not replace immutable identities
verification/egorecover_pip_freeze.txt,file,github_verification,1865,github:sxh-kk/EgoRecover,review_text_and_provenance,standard,verification/egorecover_pip_freeze.txt,bee5610f58b389ff13669493cae48c2f6f5ab6f2478c4225b35ccb9f34bb82d6,preserve relative path; portable copies must not replace immutable identities
verification/egorecover_repair_summary.json,file,github_verification,95510,github:sxh-kk/EgoRecover,review_text_and_provenance,standard,verification/egorecover_repair_summary.json,2847f7f034a4997d5408e466b87ce349595db2a75d310d1e2c77dcb4350d6ec8,preserve relative path; portable copies must not replace immutable identities
verification/egorecover_repair_summary.pdf,file,local_verification_binary,26851,github:sxh-kk/EgoRecover,review_figure_or_report,standard,verification/egorecover_repair_summary.pdf,,pose visualizations require derived-data review
verification/egorecover_repair_summary.png,file,local_verification_binary,266956,github:sxh-kk/EgoRecover,review_figure_or_report,standard,verification/egorecover_repair_summary.png,,pose visualizations require derived-data review
verification/egorecover_tests.xml,file,local_verification_binary,7307,github:sxh-kk/EgoRecover,review_figure_or_report,standard,verification/egorecover_tests.xml,,pose visualizations require derived-data review
verification/issue3_fk_dense_covid_gaussian_clean.json,file,github_verification,12657,github:sxh-kk/EgoRecover,review_text_and_provenance,standard,verification/issue3_fk_dense_covid_gaussian_clean.json,5727b5447cc4a920bc5fd3ffba3b3ad0344050211ee1e7c0692b470e48a1a00a,preserve relative path; portable copies must not replace immutable identities
verification/issue3_fk_dense_soccer_gaussian_clean.json,file,github_verification,12738,github:sxh-kk/EgoRecover,review_text_and_provenance,standard,verification/issue3_fk_dense_soccer_gaussian_clean.json,837d4746837c95e6cd61dbd714a9ead864ed60c28c23b485ead215bacb9f2c3a,preserve relative path; portable copies must not replace immutable identities
verification/issue3_smplx_covid.json,file,github_verification,109691,github:sxh-kk/EgoRecover,review_text_and_provenance,standard,verification/issue3_smplx_covid.json,83c829cd58ab860d97a4f90c88d1673baa5e0a59e9be7ab6756cdfea0f651844,preserve relative path; portable copies must not replace immutable identities
verification/issue3_smplx_soccer.json,file,github_verification,109860,github:sxh-kk/EgoRecover,review_text_and_provenance,standard,verification/issue3_smplx_soccer.json,b76a9306542f804129329ffe3b4305ecb2d5ae492cbbe4705c48f1db27e86640,preserve relative path; portable copies must not replace immutable identities
verification/mismatch_adapter.json,file,github_verification,554,github:sxh-kk/EgoRecover,review_text_and_provenance,standard,verification/mismatch_adapter.json,93b70d822b70abc83d16d59104e1fcb4152e721d0262bee5bce6c5c5c332a2a4,preserve relative path; portable copies must not replace immutable identities
verification/mismatch_adapter_planar.json,file,github_verification,554,github:sxh-kk/EgoRecover,review_text_and_provenance,standard,verification/mismatch_adapter_planar.json,93b70d822b70abc83d16d59104e1fcb4152e721d0262bee5bce6c5c5c332a2a4,preserve relative path; portable copies must not replace immutable identities
verification/prior_cv_residual_gpu_smoke.json,file,github_verification,8046,github:sxh-kk/EgoRecover,review_text_and_provenance,standard,verification/prior_cv_residual_gpu_smoke.json,865b4d6493b00de9c7aa5d928d73afc2a4e31130d87472b55d07a1e6d685827b,preserve relative path; portable copies must not replace immutable identities
verification/prior_same_shape_gpu_smoke.json,file,github_verification,493,github:sxh-kk/EgoRecover,review_text_and_provenance,standard,verification/prior_same_shape_gpu_smoke.json,c30729df751c5bcce42ff0973febdde04e50c7695ce4ac1d48b6ab2d7cf6ec81,preserve relative path; portable copies must not replace immutable identities
verification/prior_two_forward_cpu_smoke.json,file,github_verification,614,github:sxh-kk/EgoRecover,review_text_and_provenance,standard,verification/prior_two_forward_cpu_smoke.json,76798eb5ac792ba0c24a2f577a5e82c2bc281dc2dccbcf248c8561dac86ef8fa,preserve relative path; portable copies must not replace immutable identities
verification/prior_velocity_smoke/report.json,file,github_verification,412,github:sxh-kk/EgoRecover,review_text_and_provenance,standard,verification/prior_velocity_smoke/report.json,e41eab64dbfd46b434ff47058a45146bd103ba34737c8a739c43a115c7f9d16e,preserve relative path; portable copies must not replace immutable identities
verification/smplx_geometry_summary.json,file,github_verification,6700,github:sxh-kk/EgoRecover,review_text_and_provenance,standard,verification/smplx_geometry_summary.json,07e410dae37955b4a283b76a262e072f91abafd4b7d2322e2081b0c4f1a50ec8,preserve relative path; portable copies must not replace immutable identities
verification/smplx_prediction_preflight.json,file,github_verification,3596,github:sxh-kk/EgoRecover,review_text_and_provenance,standard,verification/smplx_prediction_preflight.json,6950dc30cb3ba2d6d3a744a4cf93c0632ed5ea5fbb1cac18e3d6409268280973,preserve relative path; portable copies must not replace immutable identities
verification/upstream_e7_parity.json,file,github_verification,1372,github:sxh-kk/EgoRecover,review_text_and_provenance,standard,verification/upstream_e7_parity.json,bb8e091770446a847ef0b6e7a2a54b3274604036cc2a393bae59ed9c7b2560da,preserve relative path; portable copies must not replace immutable identities
