2026-09-30 01:14:33.959 | WARNING  | dataset.smpl_utils:get_smpl:10 - Loading SMPL model: smplx
{"step": 1, "total": 24000, "loss": 1.1361524164676666, "mixture_probability": 0.0, "actual_mixture": 0.0, "gradient_norm": 16.798091888427734, "pid": 4089415, "elapsed_this_session_seconds": 0.8742933701723814, "steps_this_session": 1, "phase": "training", "gpu": "4"}
{"step": 20, "total": 24000, "loss": 0.5727186948060989, "mixture_probability": 0.0, "actual_mixture": 0.0, "gradient_norm": 8.758798599243164, "pid": 4089415, "elapsed_this_session_seconds": 7.440989717841148, "steps_this_session": 20, "phase": "training", "gpu": "4"}
{"step": 40, "total": 24000, "loss": 0.4319082796573639, "mixture_probability": 0.0, "actual_mixture": 0.0, "gradient_norm": 6.684178829193115, "pid": 4089415, "elapsed_this_session_seconds": 14.321744134649634, "steps_this_session": 40, "phase": "training", "gpu": "4"}
{"step": 60, "total": 24000, "loss": 0.39601805061101913, "mixture_probability": 0.0, "actual_mixture": 0.0, "gradient_norm": 6.520382881164551, "pid": 4089415, "elapsed_this_session_seconds": 21.23484367504716, "steps_this_session": 60, "phase": "training", "gpu": "4"}
{"step": 80, "total": 24000, "loss": 0.27884842082858086, "mixture_probability": 0.0, "actual_mixture": 0.0, "gradient_norm": 3.954775333404541, "pid": 4089415, "elapsed_this_session_seconds": 28.080995632335544, "steps_this_session": 80, "phase": "training", "gpu": "4"}
{"step": 100, "total": 24000, "loss": 0.3177604675292969, "mixture_probability": 0.0, "actual_mixture": 0.0, "gradient_norm": 5.148259162902832, "pid": 4089415, "elapsed_this_session_seconds": 35.53361535537988, "steps_this_session": 100, "phase": "training", "gpu": "4"}
{"step": 120, "total": 24000, "loss": 0.30966147780418396, "mixture_probability": 0.0, "actual_mixture": 0.0, "gradient_norm": 4.369358539581299, "pid": 4089415, "elapsed_this_session_seconds": 42.395771753042936, "steps_this_session": 120, "phase": "training", "gpu": "4"}
{"step": 140, "total": 24000, "loss": 0.25727037340402603, "mixture_probability": 0.0, "actual_mixture": 0.0, "gradient_norm": 4.826197147369385, "pid": 4089415, "elapsed_this_session_seconds": 49.270068996585906, "steps_this_session": 140, "phase": "training", "gpu": "4"}
{"step": 160, "total": 24000, "loss": 0.2687221094965935, "mixture_probability": 0.0, "actual_mixture": 0.0, "gradient_norm": 3.9133784770965576, "pid": 4089415, "elapsed_this_session_seconds": 56.147625274024904, "steps_this_session": 160, "phase": "training", "gpu": "4"}
{"step": 180, "total": 24000, "loss": 0.269430935382843, "mixture_probability": 0.0, "actual_mixture": 0.0, "gradient_norm": 4.468053340911865, "pid": 4089415, "elapsed_this_session_seconds": 62.99810775835067, "steps_this_session": 180, "phase": "training", "gpu": "4"}
{"step": 200, "total": 24000, "loss": 0.23098792880773544, "mixture_probability": 0.0, "actual_mixture": 0.0, "gradient_norm": 3.5316247940063477, "pid": 4089415, "elapsed_this_session_seconds": 69.94052553735673, "steps_this_session": 200, "phase": "training", "gpu": "4"}
{"step": 220, "total": 24000, "loss": 0.24708973243832588, "mixture_probability": 0.0, "actual_mixture": 0.0, "gradient_norm": 3.5936639308929443, "pid": 4089415, "elapsed_this_session_seconds": 77.34382424410433, "steps_this_session": 220, "phase": "training", "gpu": "4"}
{"step": 240, "total": 24000, "loss": 0.18026601523160934, "mixture_probability": 0.0, "actual_mixture": 0.0, "gradient_norm": 3.5428454875946045, "pid": 4089415, "elapsed_this_session_seconds": 84.3910696785897, "steps_this_session": 240, "phase": "training", "gpu": "4"}
{"step": 260, "total": 24000, "loss": 0.19299985468387604, "mixture_probability": 0.0, "actual_mixture": 0.0, "gradient_norm": 3.299617290496826, "pid": 4089415, "elapsed_this_session_seconds": 91.30050585325807, "steps_this_session": 260, "phase": "training", "gpu": "4"}
{"step": 280, "total": 24000, "loss": 0.21212295815348625, "mixture_probability": 0.0, "actual_mixture": 0.0, "gradient_norm": 3.613025188446045, "pid": 4089415, "elapsed_this_session_seconds": 98.58513651881367, "steps_this_session": 280, "phase": "training", "gpu": "4"}
{"step": 300, "total": 24000, "loss": 0.22742129489779472, "mixture_probability": 0.0, "actual_mixture": 0.0, "gradient_norm": 3.7497968673706055, "pid": 4089415, "elapsed_this_session_seconds": 106.938635869883, "steps_this_session": 300, "phase": "training", "gpu": "4"}
{"step": 320, "total": 24000, "loss": 0.236953753978014, "mixture_probability": 0.0, "actual_mixture": 0.0, "gradient_norm": 4.221507549285889, "pid": 4089415, "elapsed_this_session_seconds": 114.44791644066572, "steps_this_session": 320, "phase": "training", "gpu": "4"}
{"step": 340, "total": 24000, "loss": 0.23086035251617432, "mixture_probability": 0.0, "actual_mixture": 0.0, "gradient_norm": 4.330819606781006, "pid": 4089415, "elapsed_this_session_seconds": 122.05008295923471, "steps_this_session": 340, "phase": "training", "gpu": "4"}
{"step": 360, "total": 24000, "loss": 0.22692880779504776, "mixture_probability": 0.0, "actual_mixture": 0.0, "gradient_norm": 4.210397720336914, "pid": 4089415, "elapsed_this_session_seconds": 129.64352666214108, "steps_this_session": 360, "phase": "training", "gpu": "4"}
{"step": 380, "total": 24000, "loss": 0.19891764968633652, "mixture_probability": 0.0, "actual_mixture": 0.0, "gradient_norm": 3.405794382095337, "pid": 4089415, "elapsed_this_session_seconds": 137.16771514620632, "steps_this_session": 380, "phase": "training", "gpu": "4"}
{"step": 400, "total": 24000, "loss": 0.2505483701825142, "mixture_probability": 0.0, "actual_mixture": 0.0, "gradient_norm": 4.657871246337891, "pid": 4089415, "elapsed_this_session_seconds": 144.70878897886723, "steps_this_session": 400, "phase": "training", "gpu": "4"}
{"step": 420, "total": 24000, "loss": 0.17264577001333237, "mixture_probability": 0.0, "actual_mixture": 0.0, "gradient_norm": 4.97168493270874, "pid": 4089415, "elapsed_this_session_seconds": 152.29493799898773, "steps_this_session": 420, "phase": "training", "gpu": "4"}
{"step": 440, "total": 24000, "loss": 0.19245467707514763, "mixture_probability": 0.0, "actual_mixture": 0.0, "gradient_norm": 3.290233612060547, "pid": 4089415, "elapsed_this_session_seconds": 159.83272053301334, "steps_this_session": 440, "phase": "training", "gpu": "4"}
{"step": 460, "total": 24000, "loss": 0.25508411414921284, "mixture_probability": 0.0, "actual_mixture": 0.0, "gradient_norm": 4.492453575134277, "pid": 4089415, "elapsed_this_session_seconds": 167.44437784701586, "steps_this_session": 460, "phase": "training", "gpu": "4"}
{"step": 480, "total": 24000, "loss": 0.22456227242946625, "mixture_probability": 0.0, "actual_mixture": 0.0, "gradient_norm": 4.041666507720947, "pid": 4089415, "elapsed_this_session_seconds": 175.0116634601727, "steps_this_session": 480, "phase": "training", "gpu": "4"}
{"step": 500, "total": 24000, "loss": 0.19047871232032776, "mixture_probability": 0.0, "actual_mixture": 0.0, "gradient_norm": 3.672863245010376, "pid": 4089415, "elapsed_this_session_seconds": 182.5822689915076, "steps_this_session": 500, "phase": "training", "gpu": "4"}
{"step": 520, "total": 24000, "loss": 0.19406669214367867, "mixture_probability": 0.0, "actual_mixture": 0.0, "gradient_norm": 3.182870626449585, "pid": 4089415, "elapsed_this_session_seconds": 190.26615556515753, "steps_this_session": 520, "phase": "training", "gpu": "4"}
{"step": 540, "total": 24000, "loss": 0.17014329507946968, "mixture_probability": 0.0, "actual_mixture": 0.0, "gradient_norm": 4.569111347198486, "pid": 4089415, "elapsed_this_session_seconds": 198.0310524692759, "steps_this_session": 540, "phase": "training", "gpu": "4"}
{"step": 560, "total": 24000, "loss": 0.15569014102220535, "mixture_probability": 0.0, "actual_mixture": 0.0, "gradient_norm": 3.7099850177764893, "pid": 4089415, "elapsed_this_session_seconds": 205.75573152769357, "steps_this_session": 560, "phase": "training", "gpu": "4"}
{"step": 580, "total": 24000, "loss": 0.2076093703508377, "mixture_probability": 0.0, "actual_mixture": 0.0, "gradient_norm": 3.944737434387207, "pid": 4089415, "elapsed_this_session_seconds": 213.4312628628686, "steps_this_session": 580, "phase": "training", "gpu": "4"}
{"step": 600, "total": 24000, "loss": 0.22149455547332764, "mixture_probability": 0.0, "actual_mixture": 0.0, "gradient_norm": 4.181026935577393, "pid": 4089415, "elapsed_this_session_seconds": 230.60765656176955, "steps_this_session": 600, "phase": "training", "gpu": "4"}
{"step": 620, "total": 24000, "loss": 0.26587099954485893, "mixture_probability": 0.0, "actual_mixture": 0.0, "gradient_norm": 3.906698703765869, "pid": 4089415, "elapsed_this_session_seconds": 250.8347014700994, "steps_this_session": 620, "phase": "training", "gpu": "4"}
{"step": 640, "total": 24000, "loss": 0.17832419648766518, "mixture_probability": 0.0, "actual_mixture": 0.0, "gradient_norm": 3.689300298690796, "pid": 4089415, "elapsed_this_session_seconds": 265.43333037383854, "steps_this_session": 640, "phase": "training", "gpu": "4"}
{"step": 660, "total": 24000, "loss": 0.23279959335923195, "mixture_probability": 0.0, "actual_mixture": 0.0, "gradient_norm": 4.78559684753418, "pid": 4089415, "elapsed_this_session_seconds": 271.5648034820333, "steps_this_session": 660, "phase": "training", "gpu": "4"}
{"step": 680, "total": 24000, "loss": 0.16347254067659378, "mixture_probability": 0.0, "actual_mixture": 0.0, "gradient_norm": 3.6548759937286377, "pid": 4089415, "elapsed_this_session_seconds": 281.7756009846926, "steps_this_session": 680, "phase": "training", "gpu": "4"}
{"step": 700, "total": 24000, "loss": 0.18296153470873833, "mixture_probability": 0.0, "actual_mixture": 0.0, "gradient_norm": 3.2875306606292725, "pid": 4089415, "elapsed_this_session_seconds": 292.66791377961636, "steps_this_session": 700, "phase": "training", "gpu": "4"}
{"step": 720, "total": 24000, "loss": 0.20846421644091606, "mixture_probability": 0.0, "actual_mixture": 0.0, "gradient_norm": 3.474621534347534, "pid": 4089415, "elapsed_this_session_seconds": 302.27013559266925, "steps_this_session": 720, "phase": "training", "gpu": "4"}
{"step": 740, "total": 24000, "loss": 0.4920584708452225, "mixture_probability": 0.0, "actual_mixture": 0.0, "gradient_norm": 9.350436210632324, "pid": 4089415, "elapsed_this_session_seconds": 311.8823808673769, "steps_this_session": 740, "phase": "training", "gpu": "4"}
{"step": 760, "total": 24000, "loss": 0.19966838136315346, "mixture_probability": 0.0, "actual_mixture": 0.0, "gradient_norm": 4.0378522872924805, "pid": 4089415, "elapsed_this_session_seconds": 322.3681492591277, "steps_this_session": 760, "phase": "training", "gpu": "4"}
{"step": 780, "total": 24000, "loss": 0.22869473695755005, "mixture_probability": 0.0, "actual_mixture": 0.0, "gradient_norm": 4.604938507080078, "pid": 4089415, "elapsed_this_session_seconds": 332.64897904824466, "steps_this_session": 780, "phase": "training", "gpu": "4"}
{"step": 800, "total": 24000, "loss": 0.21504522487521172, "mixture_probability": 0.0, "actual_mixture": 0.0, "gradient_norm": 3.8473384380340576, "pid": 4089415, "elapsed_this_session_seconds": 340.5977667402476, "steps_this_session": 800, "phase": "training", "gpu": "4"}
{"step": 820, "total": 24000, "loss": 0.18553071841597557, "mixture_probability": 0.0, "actual_mixture": 0.0, "gradient_norm": 3.000950813293457, "pid": 4089415, "elapsed_this_session_seconds": 350.77303909976035, "steps_this_session": 820, "phase": "training", "gpu": "4"}
{"step": 840, "total": 24000, "loss": 0.15956003591418266, "mixture_probability": 0.0, "actual_mixture": 0.0, "gradient_norm": 3.1438071727752686, "pid": 4089415, "elapsed_this_session_seconds": 360.858564526774, "steps_this_session": 840, "phase": "training", "gpu": "4"}
{"step": 860, "total": 24000, "loss": 0.23383083194494247, "mixture_probability": 0.0, "actual_mixture": 0.0, "gradient_norm": 4.027554988861084, "pid": 4089415, "elapsed_this_session_seconds": 371.9739338643849, "steps_this_session": 860, "phase": "training", "gpu": "4"}
{"step": 880, "total": 24000, "loss": 0.1848481371998787, "mixture_probability": 0.0, "actual_mixture": 0.0, "gradient_norm": 3.986905574798584, "pid": 4089415, "elapsed_this_session_seconds": 379.0144157111645, "steps_this_session": 880, "phase": "training", "gpu": "4"}
{"step": 900, "total": 24000, "loss": 0.20283572003245354, "mixture_probability": 0.0, "actual_mixture": 0.0, "gradient_norm": 3.64434552192688, "pid": 4089415, "elapsed_this_session_seconds": 388.9722492992878, "steps_this_session": 900, "phase": "training", "gpu": "4"}
{"step": 920, "total": 24000, "loss": 0.1961948648095131, "mixture_probability": 0.0, "actual_mixture": 0.0, "gradient_norm": 4.574385643005371, "pid": 4089415, "elapsed_this_session_seconds": 399.31786258891225, "steps_this_session": 920, "phase": "training", "gpu": "4"}
{"step": 940, "total": 24000, "loss": 0.20447266846895218, "mixture_probability": 0.0, "actual_mixture": 0.0, "gradient_norm": 3.9588520526885986, "pid": 4089415, "elapsed_this_session_seconds": 408.5648699067533, "steps_this_session": 940, "phase": "training", "gpu": "4"}
{"step": 960, "total": 24000, "loss": 0.23660112544894218, "mixture_probability": 0.0, "actual_mixture": 0.0, "gradient_norm": 4.892871856689453, "pid": 4089415, "elapsed_this_session_seconds": 416.474422397092, "steps_this_session": 960, "phase": "training", "gpu": "4"}
{"step": 980, "total": 24000, "loss": 0.16367485001683235, "mixture_probability": 0.0, "actual_mixture": 0.0, "gradient_norm": 3.2898612022399902, "pid": 4089415, "elapsed_this_session_seconds": 426.1374570764601, "steps_this_session": 980, "phase": "training", "gpu": "4"}
{"step": 1000, "total": 24000, "loss": 0.23819952458143234, "mixture_probability": 0.0, "actual_mixture": 0.0, "gradient_norm": 3.500680923461914, "pid": 4089415, "elapsed_this_session_seconds": 435.4284426299855, "steps_this_session": 1000, "phase": "training", "gpu": "4"}
{"step": 1020, "total": 24000, "loss": 0.16108081489801407, "mixture_probability": 0.0, "actual_mixture": 0.0, "gradient_norm": 3.314255475997925, "pid": 4089415, "elapsed_this_session_seconds": 445.0424785884097, "steps_this_session": 1020, "phase": "training", "gpu": "4"}
{"step": 1040, "total": 24000, "loss": 0.17507899925112724, "mixture_probability": 0.0, "actual_mixture": 0.0, "gradient_norm": 2.891176462173462, "pid": 4089415, "elapsed_this_session_seconds": 452.5310827968642, "steps_this_session": 1040, "phase": "training", "gpu": "4"}
{"step": 1060, "total": 24000, "loss": 0.17588472738862038, "mixture_probability": 0.0, "actual_mixture": 0.0, "gradient_norm": 2.7590503692626953, "pid": 4089415, "elapsed_this_session_seconds": 462.14309837669134, "steps_this_session": 1060, "phase": "training", "gpu": "4"}
{"step": 1080, "total": 24000, "loss": 0.1715552769601345, "mixture_probability": 0.0, "actual_mixture": 0.0, "gradient_norm": 3.2581629753112793, "pid": 4089415, "elapsed_this_session_seconds": 471.393416441977, "steps_this_session": 1080, "phase": "training", "gpu": "4"}
{"step": 1100, "total": 24000, "loss": 0.1781928986310959, "mixture_probability": 0.0, "actual_mixture": 0.0, "gradient_norm": 3.740231990814209, "pid": 4089415, "elapsed_this_session_seconds": 480.6700979396701, "steps_this_session": 1100, "phase": "training", "gpu": "4"}
{"step": 1120, "total": 24000, "loss": 0.17541097849607468, "mixture_probability": 0.0, "actual_mixture": 0.0, "gradient_norm": 3.6230924129486084, "pid": 4089415, "elapsed_this_session_seconds": 487.60143838543445, "steps_this_session": 1120, "phase": "training", "gpu": "4"}
{"step": 1140, "total": 24000, "loss": 0.2750265523791313, "mixture_probability": 0.0, "actual_mixture": 0.0, "gradient_norm": 5.452123165130615, "pid": 4089415, "elapsed_this_session_seconds": 497.27616085484624, "steps_this_session": 1140, "phase": "training", "gpu": "4"}
{"step": 1160, "total": 24000, "loss": 0.23492126166820526, "mixture_probability": 0.0, "actual_mixture": 0.0, "gradient_norm": 4.110106468200684, "pid": 4089415, "elapsed_this_session_seconds": 507.1099316198379, "steps_this_session": 1160, "phase": "training", "gpu": "4"}
{"step": 1180, "total": 24000, "loss": 0.19826015457510948, "mixture_probability": 0.0, "actual_mixture": 0.0, "gradient_norm": 4.336084365844727, "pid": 4089415, "elapsed_this_session_seconds": 513.4510056059808, "steps_this_session": 1180, "phase": "training", "gpu": "4"}
{"step": 1200, "total": 24000, "loss": 0.18343394808471203, "mixture_probability": 0.0, "actual_mixture": 0.0, "gradient_norm": 3.353675127029419, "pid": 4089415, "elapsed_this_session_seconds": 521.7114534620196, "steps_this_session": 1200, "phase": "training", "gpu": "4"}
{"step": 1220, "total": 24000, "loss": 0.2107216902077198, "mixture_probability": 0.0, "actual_mixture": 0.0, "gradient_norm": 4.346590995788574, "pid": 4089415, "elapsed_this_session_seconds": 529.7986794831231, "steps_this_session": 1220, "phase": "training", "gpu": "4"}
{"step": 1240, "total": 24000, "loss": 0.1464136429131031, "mixture_probability": 0.0, "actual_mixture": 0.0, "gradient_norm": 3.3739116191864014, "pid": 4089415, "elapsed_this_session_seconds": 538.0128151532263, "steps_this_session": 1240, "phase": "training", "gpu": "4"}
{"step": 1260, "total": 24000, "loss": 0.17501068487763405, "mixture_probability": 0.0, "actual_mixture": 0.0, "gradient_norm": 3.4875783920288086, "pid": 4089415, "elapsed_this_session_seconds": 545.9442172152922, "steps_this_session": 1260, "phase": "training", "gpu": "4"}
{"step": 1280, "total": 24000, "loss": 0.18845831975340843, "mixture_probability": 0.0, "actual_mixture": 0.0, "gradient_norm": 4.2959465980529785, "pid": 4089415, "elapsed_this_session_seconds": 553.8538248902187, "steps_this_session": 1280, "phase": "training", "gpu": "4"}
{"step": 1300, "total": 24000, "loss": 0.23473593592643738, "mixture_probability": 0.0, "actual_mixture": 0.0, "gradient_norm": 3.9238200187683105, "pid": 4089415, "elapsed_this_session_seconds": 561.8193421643227, "steps_this_session": 1300, "phase": "training", "gpu": "4"}
{"step": 1320, "total": 24000, "loss": 0.18284695968031883, "mixture_probability": 0.0, "actual_mixture": 0.0, "gradient_norm": 3.402592658996582, "pid": 4089415, "elapsed_this_session_seconds": 576.7435947069898, "steps_this_session": 1320, "phase": "training", "gpu": "4"}
{"step": 1340, "total": 24000, "loss": 0.19773538783192635, "mixture_probability": 0.0, "actual_mixture": 0.0, "gradient_norm": 4.149059772491455, "pid": 4089415, "elapsed_this_session_seconds": 596.8625294538215, "steps_this_session": 1340, "phase": "training", "gpu": "4"}
{"step": 1360, "total": 24000, "loss": 0.15724165737628937, "mixture_probability": 0.0, "actual_mixture": 0.0, "gradient_norm": 3.9916439056396484, "pid": 4089415, "elapsed_this_session_seconds": 605.2186388056725, "steps_this_session": 1360, "phase": "training", "gpu": "4"}
{"step": 1380, "total": 24000, "loss": 0.18040553107857704, "mixture_probability": 0.0, "actual_mixture": 0.0, "gradient_norm": 2.7714898586273193, "pid": 4089415, "elapsed_this_session_seconds": 612.5430809082463, "steps_this_session": 1380, "phase": "training", "gpu": "4"}
{"step": 1400, "total": 24000, "loss": 0.15587327256798744, "mixture_probability": 0.0, "actual_mixture": 0.0, "gradient_norm": 3.229078769683838, "pid": 4089415, "elapsed_this_session_seconds": 622.1955927489325, "steps_this_session": 1400, "phase": "training", "gpu": "4"}
{"step": 1420, "total": 24000, "loss": 0.1857725977897644, "mixture_probability": 0.0, "actual_mixture": 0.0, "gradient_norm": 3.1798949241638184, "pid": 4089415, "elapsed_this_session_seconds": 631.5279866484925, "steps_this_session": 1420, "phase": "training", "gpu": "4"}
{"step": 1440, "total": 24000, "loss": 0.2637679688632488, "mixture_probability": 0.0, "actual_mixture": 0.0, "gradient_norm": 5.482656478881836, "pid": 4089415, "elapsed_this_session_seconds": 640.8627715986222, "steps_this_session": 1440, "phase": "training", "gpu": "4"}
{"step": 1460, "total": 24000, "loss": 0.20281707681715488, "mixture_probability": 0.0, "actual_mixture": 0.0, "gradient_norm": 3.054964303970337, "pid": 4089415, "elapsed_this_session_seconds": 647.5166334575042, "steps_this_session": 1460, "phase": "training", "gpu": "4"}
{"step": 1480, "total": 24000, "loss": 0.30934224277734756, "mixture_probability": 0.0, "actual_mixture": 0.0, "gradient_norm": 5.72230863571167, "pid": 4089415, "elapsed_this_session_seconds": 655.8932119635865, "steps_this_session": 1480, "phase": "training", "gpu": "4"}
{"step": 1500, "total": 24000, "loss": 0.15996386297047138, "mixture_probability": 0.0, "actual_mixture": 0.0, "gradient_norm": 2.7396366596221924, "pid": 4089415, "elapsed_this_session_seconds": 664.8719532378018, "steps_this_session": 1500, "phase": "training", "gpu": "4"}
{"step": 1520, "total": 24000, "loss": 0.16789205186069012, "mixture_probability": 0.0, "actual_mixture": 0.0, "gradient_norm": 4.470535755157471, "pid": 4089415, "elapsed_this_session_seconds": 673.6678729141131, "steps_this_session": 1520, "phase": "training", "gpu": "4"}
{"step": 1540, "total": 24000, "loss": 0.1372639685869217, "mixture_probability": 0.0, "actual_mixture": 0.0, "gradient_norm": 2.879549264907837, "pid": 4089415, "elapsed_this_session_seconds": 682.4412820544094, "steps_this_session": 1540, "phase": "training", "gpu": "4"}
{"step": 1560, "total": 24000, "loss": 0.13523900881409645, "mixture_probability": 0.0, "actual_mixture": 0.0, "gradient_norm": 2.4297428131103516, "pid": 4089415, "elapsed_this_session_seconds": 689.739032776095, "steps_this_session": 1560, "phase": "training", "gpu": "4"}
{"step": 1580, "total": 24000, "loss": 0.24034903571009636, "mixture_probability": 0.0, "actual_mixture": 0.0, "gradient_norm": 4.113359451293945, "pid": 4089415, "elapsed_this_session_seconds": 697.0525719197467, "steps_this_session": 1580, "phase": "training", "gpu": "4"}
{"step": 1600, "total": 24000, "loss": 0.2532946653664112, "mixture_probability": 0.0, "actual_mixture": 0.0, "gradient_norm": 4.6146721839904785, "pid": 4089415, "elapsed_this_session_seconds": 705.7609472023323, "steps_this_session": 1600, "phase": "training", "gpu": "4"}
{"step": 1620, "total": 24000, "loss": 0.22476869076490402, "mixture_probability": 0.0, "actual_mixture": 0.0, "gradient_norm": 3.913303852081299, "pid": 4089415, "elapsed_this_session_seconds": 713.8833294529468, "steps_this_session": 1620, "phase": "training", "gpu": "4"}
{"step": 1640, "total": 24000, "loss": 0.1756845023483038, "mixture_probability": 0.0, "actual_mixture": 0.0, "gradient_norm": 4.2531280517578125, "pid": 4089415, "elapsed_this_session_seconds": 722.582270976156, "steps_this_session": 1640, "phase": "training", "gpu": "4"}
{"step": 1660, "total": 24000, "loss": 0.16053470596671104, "mixture_probability": 0.0, "actual_mixture": 0.0, "gradient_norm": 2.5450656414031982, "pid": 4089415, "elapsed_this_session_seconds": 728.3183885030448, "steps_this_session": 1660, "phase": "training", "gpu": "4"}
{"step": 1680, "total": 24000, "loss": 0.16884782537817955, "mixture_probability": 0.0, "actual_mixture": 0.0, "gradient_norm": 3.2799923419952393, "pid": 4089415, "elapsed_this_session_seconds": 736.8243133220822, "steps_this_session": 1680, "phase": "training", "gpu": "4"}
{"step": 1700, "total": 24000, "loss": 0.17722662910819054, "mixture_probability": 0.0, "actual_mixture": 0.0, "gradient_norm": 2.892549753189087, "pid": 4089415, "elapsed_this_session_seconds": 745.2834428390488, "steps_this_session": 1700, "phase": "training", "gpu": "4"}
{"step": 1720, "total": 24000, "loss": 0.1840330772101879, "mixture_probability": 0.0, "actual_mixture": 0.0, "gradient_norm": 3.3691256046295166, "pid": 4089415, "elapsed_this_session_seconds": 753.650087479502, "steps_this_session": 1720, "phase": "training", "gpu": "4"}
{"step": 1740, "total": 24000, "loss": 0.16345816850662231, "mixture_probability": 0.0, "actual_mixture": 0.0, "gradient_norm": 3.0018858909606934, "pid": 4089415, "elapsed_this_session_seconds": 762.138089992106, "steps_this_session": 1740, "phase": "training", "gpu": "4"}
{"step": 1760, "total": 24000, "loss": 0.23414289206266403, "mixture_probability": 0.0, "actual_mixture": 0.0, "gradient_norm": 3.928187608718872, "pid": 4089415, "elapsed_this_session_seconds": 770.5117006022483, "steps_this_session": 1760, "phase": "training", "gpu": "4"}
{"step": 1780, "total": 24000, "loss": 0.24249965324997902, "mixture_probability": 0.0, "actual_mixture": 0.0, "gradient_norm": 3.8890738487243652, "pid": 4089415, "elapsed_this_session_seconds": 779.1112391129136, "steps_this_session": 1780, "phase": "training", "gpu": "4"}
{"step": 1800, "total": 24000, "loss": 0.11997147276997566, "mixture_probability": 0.0, "actual_mixture": 0.0, "gradient_norm": 3.14070200920105, "pid": 4089415, "elapsed_this_session_seconds": 799.3426890289411, "steps_this_session": 1800, "phase": "training", "gpu": "4"}
{"step": 1820, "total": 24000, "loss": 0.21224919334053993, "mixture_probability": 0.0, "actual_mixture": 0.0, "gradient_norm": 3.6049644947052, "pid": 4089415, "elapsed_this_session_seconds": 821.4359369138256, "steps_this_session": 1820, "phase": "training", "gpu": "4"}
{"step": 1840, "total": 24000, "loss": 0.2083120383322239, "mixture_probability": 0.0, "actual_mixture": 0.0, "gradient_norm": 3.2357399463653564, "pid": 4089415, "elapsed_this_session_seconds": 830.3675978695974, "steps_this_session": 1840, "phase": "training", "gpu": "4"}
{"step": 1860, "total": 24000, "loss": 0.15013781189918518, "mixture_probability": 0.0, "actual_mixture": 0.0, "gradient_norm": 2.72111439704895, "pid": 4089415, "elapsed_this_session_seconds": 837.515644101426, "steps_this_session": 1860, "phase": "training", "gpu": "4"}
{"step": 1880, "total": 24000, "loss": 0.1499432772397995, "mixture_probability": 0.0, "actual_mixture": 0.0, "gradient_norm": 3.415130138397217, "pid": 4089415, "elapsed_this_session_seconds": 846.2511599110439, "steps_this_session": 1880, "phase": "training", "gpu": "4"}
{"step": 1900, "total": 24000, "loss": 0.15769194439053535, "mixture_probability": 0.0, "actual_mixture": 0.0, "gradient_norm": 2.613088846206665, "pid": 4089415, "elapsed_this_session_seconds": 855.9033094998449, "steps_this_session": 1900, "phase": "training", "gpu": "4"}
{"step": 1920, "total": 24000, "loss": 0.15375171229243279, "mixture_probability": 0.0, "actual_mixture": 0.0, "gradient_norm": 3.20990252494812, "pid": 4089415, "elapsed_this_session_seconds": 864.0089087160304, "steps_this_session": 1920, "phase": "training", "gpu": "4"}
{"step": 1940, "total": 24000, "loss": 0.16536699794232845, "mixture_probability": 0.0, "actual_mixture": 0.0, "gradient_norm": 2.486680030822754, "pid": 4089415, "elapsed_this_session_seconds": 872.562777960673, "steps_this_session": 1940, "phase": "training", "gpu": "4"}
{"step": 1960, "total": 24000, "loss": 0.19194769114255905, "mixture_probability": 0.0, "actual_mixture": 0.0, "gradient_norm": 4.013548374176025, "pid": 4089415, "elapsed_this_session_seconds": 882.0308397160843, "steps_this_session": 1960, "phase": "training", "gpu": "4"}
{"step": 1980, "total": 24000, "loss": 0.15193512476980686, "mixture_probability": 0.0, "actual_mixture": 0.0, "gradient_norm": 2.90680193901062, "pid": 4089415, "elapsed_this_session_seconds": 891.2740785023198, "steps_this_session": 1980, "phase": "training", "gpu": "4"}
{"step": 2000, "total": 24000, "loss": 0.15820852108299732, "mixture_probability": 0.0, "actual_mixture": 0.0, "gradient_norm": 3.2193963527679443, "pid": 4089415, "elapsed_this_session_seconds": 901.3258577995002, "steps_this_session": 2000, "phase": "training", "gpu": "4"}
/gaozt-test1/sxh/EgoRecover/eval/metrics.py:167: RuntimeWarning: invalid value encountered in scalar divide
  scale = np.trace(R.dot(K)) / var1
{"step": 2020, "total": 24000, "loss": 0.22006339207291603, "mixture_probability": 0.0, "actual_mixture": 0.0, "gradient_norm": 4.614113807678223, "pid": 4089415, "elapsed_this_session_seconds": 1043.6760429376736, "steps_this_session": 2020, "phase": "training", "gpu": "4"}
{"step": 2040, "total": 24000, "loss": 0.14576539024710655, "mixture_probability": 0.0, "actual_mixture": 0.0, "gradient_norm": 2.4260966777801514, "pid": 4089415, "elapsed_this_session_seconds": 1052.5439507178962, "steps_this_session": 2040, "phase": "training", "gpu": "4"}
{"step": 2060, "total": 24000, "loss": 0.1655872818082571, "mixture_probability": 0.0, "actual_mixture": 0.0, "gradient_norm": 2.7549197673797607, "pid": 4089415, "elapsed_this_session_seconds": 1063.1748792324215, "steps_this_session": 2060, "phase": "training", "gpu": "4"}
{"step": 2080, "total": 24000, "loss": 0.1349540837109089, "mixture_probability": 0.0, "actual_mixture": 0.0, "gradient_norm": 2.4645605087280273, "pid": 4089415, "elapsed_this_session_seconds": 1073.1727697653696, "steps_this_session": 2080, "phase": "training", "gpu": "4"}
{"step": 2100, "total": 24000, "loss": 0.17920157685875893, "mixture_probability": 0.0, "actual_mixture": 0.0, "gradient_norm": 3.3374264240264893, "pid": 4089415, "elapsed_this_session_seconds": 1081.1329534258693, "steps_this_session": 2100, "phase": "training", "gpu": "4"}
{"step": 2120, "total": 24000, "loss": 0.18046793155372143, "mixture_probability": 0.0, "actual_mixture": 0.0, "gradient_norm": 3.8711190223693848, "pid": 4089415, "elapsed_this_session_seconds": 1091.3205365007743, "steps_this_session": 2120, "phase": "training", "gpu": "4"}
{"step": 2140, "total": 24000, "loss": 0.19249184429645538, "mixture_probability": 0.0, "actual_mixture": 0.0, "gradient_norm": 2.833625316619873, "pid": 4089415, "elapsed_this_session_seconds": 1100.644638449885, "steps_this_session": 2140, "phase": "training", "gpu": "4"}
{"step": 2160, "total": 24000, "loss": 0.3002767786383629, "mixture_probability": 0.0, "actual_mixture": 0.0, "gradient_norm": 3.82881236076355, "pid": 4089415, "elapsed_this_session_seconds": 1109.116303121671, "steps_this_session": 2160, "phase": "training", "gpu": "4"}
{"step": 2180, "total": 24000, "loss": 0.13228301145136356, "mixture_probability": 0.0, "actual_mixture": 0.0, "gradient_norm": 2.556657075881958, "pid": 4089415, "elapsed_this_session_seconds": 1116.2952375784516, "steps_this_session": 2180, "phase": "training", "gpu": "4"}
{"step": 2200, "total": 24000, "loss": 0.19999615848064423, "mixture_probability": 0.0, "actual_mixture": 0.0, "gradient_norm": 3.9379444122314453, "pid": 4089415, "elapsed_this_session_seconds": 1125.2756552798674, "steps_this_session": 2200, "phase": "training", "gpu": "4"}
{"step": 2220, "total": 24000, "loss": 0.1547841541469097, "mixture_probability": 0.0, "actual_mixture": 0.0, "gradient_norm": 3.211597442626953, "pid": 4089415, "elapsed_this_session_seconds": 1134.1842470960692, "steps_this_session": 2220, "phase": "training", "gpu": "4"}
{"step": 2240, "total": 24000, "loss": 0.12891991063952446, "mixture_probability": 0.0, "actual_mixture": 0.0, "gradient_norm": 2.4292659759521484, "pid": 4089415, "elapsed_this_session_seconds": 1143.0420540999621, "steps_this_session": 2240, "phase": "training", "gpu": "4"}
{"step": 2260, "total": 24000, "loss": 0.16046790219843388, "mixture_probability": 0.0, "actual_mixture": 0.0, "gradient_norm": 2.9533979892730713, "pid": 4089415, "elapsed_this_session_seconds": 1151.6717429524288, "steps_this_session": 2260, "phase": "training", "gpu": "4"}
{"step": 2280, "total": 24000, "loss": 0.16317807883024216, "mixture_probability": 0.0, "actual_mixture": 0.0, "gradient_norm": 3.054126024246216, "pid": 4089415, "elapsed_this_session_seconds": 1158.4534857012331, "steps_this_session": 2280, "phase": "training", "gpu": "4"}
{"step": 2300, "total": 24000, "loss": 0.18469427525997162, "mixture_probability": 0.0, "actual_mixture": 0.0, "gradient_norm": 2.9498095512390137, "pid": 4089415, "elapsed_this_session_seconds": 1167.0938602108508, "steps_this_session": 2300, "phase": "training", "gpu": "4"}
{"step": 2320, "total": 24000, "loss": 0.14409947395324707, "mixture_probability": 0.0, "actual_mixture": 0.0, "gradient_norm": 2.644594192504883, "pid": 4089415, "elapsed_this_session_seconds": 1175.7475033607334, "steps_this_session": 2320, "phase": "training", "gpu": "4"}
{"step": 2340, "total": 24000, "loss": 0.1625453121960163, "mixture_probability": 0.0, "actual_mixture": 0.0, "gradient_norm": 3.0673866271972656, "pid": 4089415, "elapsed_this_session_seconds": 1184.0959870470688, "steps_this_session": 2340, "phase": "training", "gpu": "4"}
{"step": 2360, "total": 24000, "loss": 0.16832123324275017, "mixture_probability": 0.0, "actual_mixture": 0.0, "gradient_norm": 3.3522801399230957, "pid": 4089415, "elapsed_this_session_seconds": 1193.2717803493142, "steps_this_session": 2360, "phase": "training", "gpu": "4"}
{"step": 2380, "total": 24000, "loss": 0.1371954195201397, "mixture_probability": 0.0, "actual_mixture": 0.0, "gradient_norm": 2.7619125843048096, "pid": 4089415, "elapsed_this_session_seconds": 1198.907001630403, "steps_this_session": 2380, "phase": "training", "gpu": "4"}
{"step": 2400, "total": 24000, "loss": 0.1566683016717434, "mixture_probability": 0.0, "actual_mixture": 0.0, "gradient_norm": 2.726064443588257, "pid": 4089415, "elapsed_this_session_seconds": 1207.5781858377159, "steps_this_session": 2400, "phase": "training", "gpu": "4"}
{"step": 2420, "total": 24000, "loss": 0.13679966516792774, "mixture_probability": 0.0, "actual_mixture": 0.0, "gradient_norm": 2.864579916000366, "pid": 4089415, "elapsed_this_session_seconds": 1216.236331739463, "steps_this_session": 2420, "phase": "training", "gpu": "4"}
{"step": 2440, "total": 24000, "loss": 0.13522132858633995, "mixture_probability": 0.0, "actual_mixture": 0.0, "gradient_norm": 2.593768835067749, "pid": 4089415, "elapsed_this_session_seconds": 1224.6371639426798, "steps_this_session": 2440, "phase": "training", "gpu": "4"}
{"step": 2460, "total": 24000, "loss": 0.21519999578595161, "mixture_probability": 0.0, "actual_mixture": 0.0, "gradient_norm": 3.514995813369751, "pid": 4089415, "elapsed_this_session_seconds": 1233.4910032059997, "steps_this_session": 2460, "phase": "training", "gpu": "4"}
{"step": 2480, "total": 24000, "loss": 0.13034951500594616, "mixture_probability": 0.0, "actual_mixture": 0.0, "gradient_norm": 2.609595775604248, "pid": 4089415, "elapsed_this_session_seconds": 1239.7859134469181, "steps_this_session": 2480, "phase": "training", "gpu": "4"}
{"step": 2500, "total": 24000, "loss": 0.1278117671608925, "mixture_probability": 0.0, "actual_mixture": 0.0, "gradient_norm": 3.5532164573669434, "pid": 4089415, "elapsed_this_session_seconds": 1247.8499910486862, "steps_this_session": 2500, "phase": "training", "gpu": "4"}
{"step": 2520, "total": 24000, "loss": 0.149189755320549, "mixture_probability": 0.0, "actual_mixture": 0.0, "gradient_norm": 2.737325668334961, "pid": 4089415, "elapsed_this_session_seconds": 1256.1974006537348, "steps_this_session": 2520, "phase": "training", "gpu": "4"}
{"step": 2540, "total": 24000, "loss": 0.13672710955142975, "mixture_probability": 0.0, "actual_mixture": 0.0, "gradient_norm": 2.7025251388549805, "pid": 4089415, "elapsed_this_session_seconds": 1264.5496869711205, "steps_this_session": 2540, "phase": "training", "gpu": "4"}
{"step": 2560, "total": 24000, "loss": 0.1504566576331854, "mixture_probability": 0.0, "actual_mixture": 0.0, "gradient_norm": 2.79584002494812, "pid": 4089415, "elapsed_this_session_seconds": 1272.74277342204, "steps_this_session": 2560, "phase": "training", "gpu": "4"}
{"step": 2580, "total": 24000, "loss": 0.21899134293198586, "mixture_probability": 0.0, "actual_mixture": 0.0, "gradient_norm": 3.224442958831787, "pid": 4089415, "elapsed_this_session_seconds": 1279.101169125177, "steps_this_session": 2580, "phase": "training", "gpu": "4"}
{"step": 2600, "total": 24000, "loss": 0.21193185448646545, "mixture_probability": 0.0, "actual_mixture": 0.0, "gradient_norm": 3.6373865604400635, "pid": 4089415, "elapsed_this_session_seconds": 1286.662677791901, "steps_this_session": 2600, "phase": "training", "gpu": "4"}
{"step": 2620, "total": 24000, "loss": 0.11685308814048767, "mixture_probability": 0.0, "actual_mixture": 0.0, "gradient_norm": 2.540621757507324, "pid": 4089415, "elapsed_this_session_seconds": 1294.1708940342069, "steps_this_session": 2620, "phase": "training", "gpu": "4"}
{"step": 2640, "total": 24000, "loss": 0.14007681980729103, "mixture_probability": 0.0, "actual_mixture": 0.0, "gradient_norm": 2.6783416271209717, "pid": 4089415, "elapsed_this_session_seconds": 1301.719475264661, "steps_this_session": 2640, "phase": "training", "gpu": "4"}
{"step": 2660, "total": 24000, "loss": 0.15238767862319946, "mixture_probability": 0.0, "actual_mixture": 0.0, "gradient_norm": 2.829526662826538, "pid": 4089415, "elapsed_this_session_seconds": 1309.401755368337, "steps_this_session": 2660, "phase": "training", "gpu": "4"}
{"step": 2680, "total": 24000, "loss": 0.16759762354195118, "mixture_probability": 0.0, "actual_mixture": 0.0, "gradient_norm": 2.4403092861175537, "pid": 4089415, "elapsed_this_session_seconds": 1317.0550303794444, "steps_this_session": 2680, "phase": "training", "gpu": "4"}
{"step": 2700, "total": 24000, "loss": 0.17004845291376114, "mixture_probability": 0.0, "actual_mixture": 0.0, "gradient_norm": 2.6159448623657227, "pid": 4089415, "elapsed_this_session_seconds": 1324.5875177308917, "steps_this_session": 2700, "phase": "training", "gpu": "4"}
{"step": 2720, "total": 24000, "loss": 0.1259122807532549, "mixture_probability": 0.0, "actual_mixture": 0.0, "gradient_norm": 2.8468692302703857, "pid": 4089415, "elapsed_this_session_seconds": 1334.1804388053715, "steps_this_session": 2720, "phase": "training", "gpu": "4"}
{"step": 2740, "total": 24000, "loss": 0.1604643128812313, "mixture_probability": 0.0, "actual_mixture": 0.0, "gradient_norm": 2.9041025638580322, "pid": 4089415, "elapsed_this_session_seconds": 1357.1034720828757, "steps_this_session": 2740, "phase": "training", "gpu": "4"}
{"step": 2760, "total": 24000, "loss": 0.1308683566749096, "mixture_probability": 0.0, "actual_mixture": 0.0, "gradient_norm": 2.463876724243164, "pid": 4089415, "elapsed_this_session_seconds": 1372.4962939256802, "steps_this_session": 2760, "phase": "training", "gpu": "4"}
{"step": 2780, "total": 24000, "loss": 0.1321752741932869, "mixture_probability": 0.0, "actual_mixture": 0.0, "gradient_norm": 2.4461121559143066, "pid": 4089415, "elapsed_this_session_seconds": 1377.903750835918, "steps_this_session": 2780, "phase": "training", "gpu": "4"}
{"step": 2800, "total": 24000, "loss": 0.18813901767134666, "mixture_probability": 0.0, "actual_mixture": 0.0, "gradient_norm": 3.722555637359619, "pid": 4089415, "elapsed_this_session_seconds": 1385.531066273339, "steps_this_session": 2800, "phase": "training", "gpu": "4"}
{"step": 2820, "total": 24000, "loss": 0.10074167139828205, "mixture_probability": 0.0, "actual_mixture": 0.0, "gradient_norm": 2.09668231010437, "pid": 4089415, "elapsed_this_session_seconds": 1394.4720499292016, "steps_this_session": 2820, "phase": "training", "gpu": "4"}
{"step": 2840, "total": 24000, "loss": 0.1782992109656334, "mixture_probability": 0.0, "actual_mixture": 0.0, "gradient_norm": 2.830467700958252, "pid": 4089415, "elapsed_this_session_seconds": 1403.4452513726428, "steps_this_session": 2840, "phase": "training", "gpu": "4"}
{"step": 2860, "total": 24000, "loss": 0.17147273384034634, "mixture_probability": 0.0, "actual_mixture": 0.0, "gradient_norm": 2.4619905948638916, "pid": 4089415, "elapsed_this_session_seconds": 1412.9958508070558, "steps_this_session": 2860, "phase": "training", "gpu": "4"}
{"step": 2880, "total": 24000, "loss": 0.1655980423092842, "mixture_probability": 0.0, "actual_mixture": 0.0, "gradient_norm": 2.7852816581726074, "pid": 4089415, "elapsed_this_session_seconds": 1418.4644509656355, "steps_this_session": 2880, "phase": "training", "gpu": "4"}
{"step": 2900, "total": 24000, "loss": 0.13855062797665596, "mixture_probability": 0.0, "actual_mixture": 0.0, "gradient_norm": 2.5246622562408447, "pid": 4089415, "elapsed_this_session_seconds": 1427.2145971693099, "steps_this_session": 2900, "phase": "training", "gpu": "4"}
{"step": 2920, "total": 24000, "loss": 0.13083688728511333, "mixture_probability": 0.0, "actual_mixture": 0.0, "gradient_norm": 2.5428946018218994, "pid": 4089415, "elapsed_this_session_seconds": 1435.7949158940464, "steps_this_session": 2920, "phase": "training", "gpu": "4"}
{"step": 2940, "total": 24000, "loss": 0.14660675451159477, "mixture_probability": 0.0, "actual_mixture": 0.0, "gradient_norm": 3.004486083984375, "pid": 4089415, "elapsed_this_session_seconds": 1444.3106298828498, "steps_this_session": 2940, "phase": "training", "gpu": "4"}
{"step": 2960, "total": 24000, "loss": 0.12209300138056278, "mixture_probability": 0.0, "actual_mixture": 0.0, "gradient_norm": 2.2024576663970947, "pid": 4089415, "elapsed_this_session_seconds": 1453.3616730151698, "steps_this_session": 2960, "phase": "training", "gpu": "4"}
{"step": 2980, "total": 24000, "loss": 0.1726970374584198, "mixture_probability": 0.0, "actual_mixture": 0.0, "gradient_norm": 2.8659043312072754, "pid": 4089415, "elapsed_this_session_seconds": 1459.2439213786274, "steps_this_session": 2980, "phase": "training", "gpu": "4"}
{"step": 3000, "total": 24000, "loss": 0.15290261059999466, "mixture_probability": 0.0, "actual_mixture": 0.0, "gradient_norm": 2.7085161209106445, "pid": 4089415, "elapsed_this_session_seconds": 1467.2828578408808, "steps_this_session": 3000, "phase": "training", "gpu": "4"}
{"step": 3020, "total": 24000, "loss": 0.13995596021413803, "mixture_probability": 0.0, "actual_mixture": 0.0, "gradient_norm": 2.4941565990448, "pid": 4089415, "elapsed_this_session_seconds": 1475.409705386497, "steps_this_session": 3020, "phase": "training", "gpu": "4"}
{"step": 3040, "total": 24000, "loss": 0.1277671568095684, "mixture_probability": 0.0, "actual_mixture": 0.0, "gradient_norm": 2.8122470378875732, "pid": 4089415, "elapsed_this_session_seconds": 1483.9729137029499, "steps_this_session": 3040, "phase": "training", "gpu": "4"}
{"step": 3060, "total": 24000, "loss": 0.14520836248993874, "mixture_probability": 0.0, "actual_mixture": 0.0, "gradient_norm": 3.008496046066284, "pid": 4089415, "elapsed_this_session_seconds": 1492.4022682607174, "steps_this_session": 3060, "phase": "training", "gpu": "4"}
{"step": 3080, "total": 24000, "loss": 0.2095811441540718, "mixture_probability": 0.0, "actual_mixture": 0.0, "gradient_norm": 3.007885456085205, "pid": 4089415, "elapsed_this_session_seconds": 1499.89666332677, "steps_this_session": 3080, "phase": "training", "gpu": "4"}
{"step": 3100, "total": 24000, "loss": 0.11230235360562801, "mixture_probability": 0.0, "actual_mixture": 0.0, "gradient_norm": 2.1781208515167236, "pid": 4089415, "elapsed_this_session_seconds": 1506.728763623163, "steps_this_session": 3100, "phase": "training", "gpu": "4"}
{"step": 3120, "total": 24000, "loss": 0.17341833002865314, "mixture_probability": 0.0, "actual_mixture": 0.0, "gradient_norm": 3.2181553840637207, "pid": 4089415, "elapsed_this_session_seconds": 1514.9871311970055, "steps_this_session": 3120, "phase": "training", "gpu": "4"}
{"step": 3140, "total": 24000, "loss": 0.10806985385715961, "mixture_probability": 0.0, "actual_mixture": 0.0, "gradient_norm": 2.412720203399658, "pid": 4089415, "elapsed_this_session_seconds": 1523.5799745414406, "steps_this_session": 3140, "phase": "training", "gpu": "4"}
{"step": 3160, "total": 24000, "loss": 0.14055658876895905, "mixture_probability": 0.0, "actual_mixture": 0.0, "gradient_norm": 3.093919038772583, "pid": 4089415, "elapsed_this_session_seconds": 1532.1348924124613, "steps_this_session": 3160, "phase": "training", "gpu": "4"}
{"step": 3180, "total": 24000, "loss": 0.14912646636366844, "mixture_probability": 0.0, "actual_mixture": 0.0, "gradient_norm": 3.0696723461151123, "pid": 4089415, "elapsed_this_session_seconds": 1540.6975686689839, "steps_this_session": 3180, "phase": "training", "gpu": "4"}
{"step": 3200, "total": 24000, "loss": 0.12515446171164513, "mixture_probability": 0.0, "actual_mixture": 0.0, "gradient_norm": 2.63014817237854, "pid": 4089415, "elapsed_this_session_seconds": 1546.6916693858802, "steps_this_session": 3200, "phase": "training", "gpu": "4"}
{"step": 3220, "total": 24000, "loss": 0.12375018000602722, "mixture_probability": 0.0, "actual_mixture": 0.0, "gradient_norm": 2.5722198486328125, "pid": 4089415, "elapsed_this_session_seconds": 1554.995438025333, "steps_this_session": 3220, "phase": "training", "gpu": "4"}
{"step": 3240, "total": 24000, "loss": 0.12199337594211102, "mixture_probability": 0.0, "actual_mixture": 0.0, "gradient_norm": 2.340298891067505, "pid": 4089415, "elapsed_this_session_seconds": 1563.330369724892, "steps_this_session": 3240, "phase": "training", "gpu": "4"}
{"step": 3260, "total": 24000, "loss": 0.14097309671342373, "mixture_probability": 0.0, "actual_mixture": 0.0, "gradient_norm": 2.6157515048980713, "pid": 4089415, "elapsed_this_session_seconds": 1571.6060980334878, "steps_this_session": 3260, "phase": "training", "gpu": "4"}
{"step": 3280, "total": 24000, "loss": 0.130443612113595, "mixture_probability": 0.0, "actual_mixture": 0.0, "gradient_norm": 2.228306531906128, "pid": 4089415, "elapsed_this_session_seconds": 1580.3209231784567, "steps_this_session": 3280, "phase": "training", "gpu": "4"}
{"step": 3300, "total": 24000, "loss": 0.17186804488301277, "mixture_probability": 0.0, "actual_mixture": 0.0, "gradient_norm": 2.514915704727173, "pid": 4089415, "elapsed_this_session_seconds": 1586.082485289313, "steps_this_session": 3300, "phase": "training", "gpu": "4"}
{"step": 3320, "total": 24000, "loss": 0.13476470671594143, "mixture_probability": 0.0, "actual_mixture": 0.0, "gradient_norm": 2.912278652191162, "pid": 4089415, "elapsed_this_session_seconds": 1594.1353358728811, "steps_this_session": 3320, "phase": "training", "gpu": "4"}
{"step": 3340, "total": 24000, "loss": 0.1318145338445902, "mixture_probability": 0.0, "actual_mixture": 0.0, "gradient_norm": 2.4522018432617188, "pid": 4089415, "elapsed_this_session_seconds": 1602.5394477881491, "steps_this_session": 3340, "phase": "training", "gpu": "4"}
{"step": 3360, "total": 24000, "loss": 0.14495653845369816, "mixture_probability": 0.0, "actual_mixture": 0.0, "gradient_norm": 2.898651123046875, "pid": 4089415, "elapsed_this_session_seconds": 1610.6360240271315, "steps_this_session": 3360, "phase": "training", "gpu": "4"}
{"step": 3380, "total": 24000, "loss": 0.13722490705549717, "mixture_probability": 0.0, "actual_mixture": 0.0, "gradient_norm": 2.648561716079712, "pid": 4089415, "elapsed_this_session_seconds": 1618.8603149838746, "steps_this_session": 3380, "phase": "training", "gpu": "4"}
{"step": 3400, "total": 24000, "loss": 0.16431888192892075, "mixture_probability": 0.0, "actual_mixture": 0.0, "gradient_norm": 4.1399946212768555, "pid": 4089415, "elapsed_this_session_seconds": 1626.4619095576927, "steps_this_session": 3400, "phase": "training", "gpu": "4"}
{"step": 3420, "total": 24000, "loss": 0.1426547635346651, "mixture_probability": 0.0, "actual_mixture": 0.0, "gradient_norm": 2.907125234603882, "pid": 4089415, "elapsed_this_session_seconds": 1633.9774596849456, "steps_this_session": 3420, "phase": "training", "gpu": "4"}
{"step": 3440, "total": 24000, "loss": 0.15138179436326027, "mixture_probability": 0.0, "actual_mixture": 0.0, "gradient_norm": 2.5950210094451904, "pid": 4089415, "elapsed_this_session_seconds": 1641.4291047379375, "steps_this_session": 3440, "phase": "training", "gpu": "4"}
{"step": 3460, "total": 24000, "loss": 0.16115383431315422, "mixture_probability": 0.0, "actual_mixture": 0.0, "gradient_norm": 2.875070095062256, "pid": 4089415, "elapsed_this_session_seconds": 1648.8253038749099, "steps_this_session": 3460, "phase": "training", "gpu": "4"}
{"step": 3480, "total": 24000, "loss": 0.1269012615084648, "mixture_probability": 0.0, "actual_mixture": 0.0, "gradient_norm": 2.4053568840026855, "pid": 4089415, "elapsed_this_session_seconds": 1656.2562014944851, "steps_this_session": 3480, "phase": "training", "gpu": "4"}
{"step": 3500, "total": 24000, "loss": 0.14950961992144585, "mixture_probability": 0.0, "actual_mixture": 0.0, "gradient_norm": 2.5116405487060547, "pid": 4089415, "elapsed_this_session_seconds": 1663.6734379017726, "steps_this_session": 3500, "phase": "training", "gpu": "4"}
{"step": 3520, "total": 24000, "loss": 0.126880194991827, "mixture_probability": 0.0, "actual_mixture": 0.0, "gradient_norm": 2.824483871459961, "pid": 4089415, "elapsed_this_session_seconds": 1671.055420923978, "steps_this_session": 3520, "phase": "training", "gpu": "4"}
{"step": 3540, "total": 24000, "loss": 0.11412729322910309, "mixture_probability": 0.0, "actual_mixture": 0.0, "gradient_norm": 2.471041202545166, "pid": 4089415, "elapsed_this_session_seconds": 1678.4673426877707, "steps_this_session": 3540, "phase": "training", "gpu": "4"}
{"step": 3560, "total": 24000, "loss": 0.14109032042324543, "mixture_probability": 0.0, "actual_mixture": 0.0, "gradient_norm": 2.7182960510253906, "pid": 4089415, "elapsed_this_session_seconds": 1685.8557224255055, "steps_this_session": 3560, "phase": "training", "gpu": "4"}
{"step": 3580, "total": 24000, "loss": 0.11427860893309116, "mixture_probability": 0.0, "actual_mixture": 0.0, "gradient_norm": 2.2019357681274414, "pid": 4089415, "elapsed_this_session_seconds": 1693.2593743046746, "steps_this_session": 3580, "phase": "training", "gpu": "4"}
{"step": 3600, "total": 24000, "loss": 0.12945808470249176, "mixture_probability": 0.0, "actual_mixture": 0.0, "gradient_norm": 2.3562982082366943, "pid": 4089415, "elapsed_this_session_seconds": 1700.6278283987194, "steps_this_session": 3600, "phase": "training", "gpu": "4"}
{"step": 3620, "total": 24000, "loss": 0.13926304504275322, "mixture_probability": 0.0, "actual_mixture": 0.0, "gradient_norm": 2.699957847595215, "pid": 4089415, "elapsed_this_session_seconds": 1708.0353044169024, "steps_this_session": 3620, "phase": "training", "gpu": "4"}
{"step": 3640, "total": 24000, "loss": 0.14222759753465652, "mixture_probability": 0.0, "actual_mixture": 0.0, "gradient_norm": 2.7019026279449463, "pid": 4089415, "elapsed_this_session_seconds": 1715.367014342919, "steps_this_session": 3640, "phase": "training", "gpu": "4"}
{"step": 3660, "total": 24000, "loss": 0.12426517903804779, "mixture_probability": 0.0, "actual_mixture": 0.0, "gradient_norm": 2.237499475479126, "pid": 4089415, "elapsed_this_session_seconds": 1722.7974496642128, "steps_this_session": 3660, "phase": "training", "gpu": "4"}
{"step": 3680, "total": 24000, "loss": 0.13820350170135498, "mixture_probability": 0.0, "actual_mixture": 0.0, "gradient_norm": 2.435410499572754, "pid": 4089415, "elapsed_this_session_seconds": 1735.4491817494854, "steps_this_session": 3680, "phase": "training", "gpu": "4"}
{"step": 3700, "total": 24000, "loss": 0.1250715982168913, "mixture_probability": 0.0, "actual_mixture": 0.0, "gradient_norm": 2.994274616241455, "pid": 4089415, "elapsed_this_session_seconds": 1757.367882966064, "steps_this_session": 3700, "phase": "training", "gpu": "4"}
{"step": 3720, "total": 24000, "loss": 0.12059392407536507, "mixture_probability": 0.0, "actual_mixture": 0.0, "gradient_norm": 2.0643506050109863, "pid": 4089415, "elapsed_this_session_seconds": 1777.8751819524914, "steps_this_session": 3720, "phase": "training", "gpu": "4"}
{"step": 3740, "total": 24000, "loss": 0.1594097763299942, "mixture_probability": 0.0, "actual_mixture": 0.0, "gradient_norm": 2.9573097229003906, "pid": 4089415, "elapsed_this_session_seconds": 1798.655942576006, "steps_this_session": 3740, "phase": "training", "gpu": "4"}
{"step": 3760, "total": 24000, "loss": 0.13747010193765163, "mixture_probability": 0.0, "actual_mixture": 0.0, "gradient_norm": 2.4923975467681885, "pid": 4089415, "elapsed_this_session_seconds": 1819.6169466180727, "steps_this_session": 3760, "phase": "training", "gpu": "4"}
{"step": 3780, "total": 24000, "loss": 0.11510001868009567, "mixture_probability": 0.0, "actual_mixture": 0.0, "gradient_norm": 2.5195116996765137, "pid": 4089415, "elapsed_this_session_seconds": 1837.4256377043203, "steps_this_session": 3780, "phase": "training", "gpu": "4"}
{"step": 3800, "total": 24000, "loss": 0.12105151265859604, "mixture_probability": 0.0, "actual_mixture": 0.0, "gradient_norm": 2.5586249828338623, "pid": 4089415, "elapsed_this_session_seconds": 1842.7312102615833, "steps_this_session": 3800, "phase": "training", "gpu": "4"}
{"step": 3820, "total": 24000, "loss": 0.11558098718523979, "mixture_probability": 0.0, "actual_mixture": 0.0, "gradient_norm": 2.3342695236206055, "pid": 4089415, "elapsed_this_session_seconds": 1850.7294413754717, "steps_this_session": 3820, "phase": "training", "gpu": "4"}
{"step": 3840, "total": 24000, "loss": 0.17715826258063316, "mixture_probability": 0.0, "actual_mixture": 0.0, "gradient_norm": 11.006811141967773, "pid": 4089415, "elapsed_this_session_seconds": 1860.3508852422237, "steps_this_session": 3840, "phase": "training", "gpu": "4"}
{"step": 3860, "total": 24000, "loss": 0.15794517286121845, "mixture_probability": 0.0, "actual_mixture": 0.0, "gradient_norm": 2.9983699321746826, "pid": 4089415, "elapsed_this_session_seconds": 1870.3884333577007, "steps_this_session": 3860, "phase": "training", "gpu": "4"}
{"step": 3880, "total": 24000, "loss": 0.12112408503890038, "mixture_probability": 0.0, "actual_mixture": 0.0, "gradient_norm": 2.616349458694458, "pid": 4089415, "elapsed_this_session_seconds": 1877.2410621866584, "steps_this_session": 3880, "phase": "training", "gpu": "4"}
{"step": 3900, "total": 24000, "loss": 0.13460743986070156, "mixture_probability": 0.0, "actual_mixture": 0.0, "gradient_norm": 2.4463961124420166, "pid": 4089415, "elapsed_this_session_seconds": 1886.870946334675, "steps_this_session": 3900, "phase": "training", "gpu": "4"}
{"step": 3920, "total": 24000, "loss": 0.12324408441781998, "mixture_probability": 0.0, "actual_mixture": 0.0, "gradient_norm": 3.0166265964508057, "pid": 4089415, "elapsed_this_session_seconds": 1896.1258584363386, "steps_this_session": 3920, "phase": "training", "gpu": "4"}
{"step": 3940, "total": 24000, "loss": 0.11790149286389351, "mixture_probability": 0.0, "actual_mixture": 0.0, "gradient_norm": 2.6463727951049805, "pid": 4089415, "elapsed_this_session_seconds": 1905.318470545113, "steps_this_session": 3940, "phase": "training", "gpu": "4"}
{"step": 3960, "total": 24000, "loss": 0.13013125583529472, "mixture_probability": 0.0, "actual_mixture": 0.0, "gradient_norm": 2.507441282272339, "pid": 4089415, "elapsed_this_session_seconds": 1914.4610562557355, "steps_this_session": 3960, "phase": "training", "gpu": "4"}
{"step": 3980, "total": 24000, "loss": 0.16506147012114525, "mixture_probability": 0.0, "actual_mixture": 0.0, "gradient_norm": 2.7946159839630127, "pid": 4089415, "elapsed_this_session_seconds": 1923.3174736658111, "steps_this_session": 3980, "phase": "training", "gpu": "4"}
{"step": 4000, "total": 24000, "loss": 0.1585178542882204, "mixture_probability": 0.0, "actual_mixture": 0.0, "gradient_norm": 2.814389944076538, "pid": 4089415, "elapsed_this_session_seconds": 1932.353316044435, "steps_this_session": 4000, "phase": "training", "gpu": "4"}
{"step": 4020, "total": 24000, "loss": 0.13476857915520668, "mixture_probability": 0.0, "actual_mixture": 0.0, "gradient_norm": 2.5862302780151367, "pid": 4089415, "elapsed_this_session_seconds": 2114.0986819611862, "steps_this_session": 4020, "phase": "training", "gpu": "4"}
{"step": 4040, "total": 24000, "loss": 0.20660655573010445, "mixture_probability": 0.0, "actual_mixture": 0.0, "gradient_norm": 3.0858421325683594, "pid": 4089415, "elapsed_this_session_seconds": 2121.7336071627215, "steps_this_session": 4040, "phase": "training", "gpu": "4"}
{"step": 4060, "total": 24000, "loss": 0.12408706545829773, "mixture_probability": 0.0, "actual_mixture": 0.0, "gradient_norm": 2.21736216545105, "pid": 4089415, "elapsed_this_session_seconds": 2129.072076547891, "steps_this_session": 4060, "phase": "training", "gpu": "4"}
{"step": 4080, "total": 24000, "loss": 0.10626323893666267, "mixture_probability": 0.0, "actual_mixture": 0.0, "gradient_norm": 2.2907185554504395, "pid": 4089415, "elapsed_this_session_seconds": 2143.3022949574515, "steps_this_session": 4080, "phase": "training", "gpu": "4"}
{"step": 4100, "total": 24000, "loss": 0.19385552406311035, "mixture_probability": 0.0, "actual_mixture": 0.0, "gradient_norm": 2.883408784866333, "pid": 4089415, "elapsed_this_session_seconds": 2164.7002915795892, "steps_this_session": 4100, "phase": "training", "gpu": "4"}
{"step": 4120, "total": 24000, "loss": 0.10895156674087048, "mixture_probability": 0.0, "actual_mixture": 0.0, "gradient_norm": 2.0616674423217773, "pid": 4089415, "elapsed_this_session_seconds": 2185.2434098878875, "steps_this_session": 4120, "phase": "training", "gpu": "4"}
{"step": 4140, "total": 24000, "loss": 0.11601774394512177, "mixture_probability": 0.0, "actual_mixture": 0.0, "gradient_norm": 2.53891658782959, "pid": 4089415, "elapsed_this_session_seconds": 2206.223507417366, "steps_this_session": 4140, "phase": "training", "gpu": "4"}
{"step": 4160, "total": 24000, "loss": 0.11385916918516159, "mixture_probability": 0.0, "actual_mixture": 0.0, "gradient_norm": 4.861305236816406, "pid": 4089415, "elapsed_this_session_seconds": 2227.0768594630063, "steps_this_session": 4160, "phase": "training", "gpu": "4"}
{"step": 4180, "total": 24000, "loss": 0.1218406930565834, "mixture_probability": 0.0, "actual_mixture": 0.0, "gradient_norm": 2.4971888065338135, "pid": 4089415, "elapsed_this_session_seconds": 2236.4539642250165, "steps_this_session": 4180, "phase": "training", "gpu": "4"}
{"step": 4200, "total": 24000, "loss": 0.13294733688235283, "mixture_probability": 0.0, "actual_mixture": 0.0, "gradient_norm": 2.61743426322937, "pid": 4089415, "elapsed_this_session_seconds": 2243.2627796940506, "steps_this_session": 4200, "phase": "training", "gpu": "4"}
{"step": 4220, "total": 24000, "loss": 0.13572438433766365, "mixture_probability": 0.0, "actual_mixture": 0.0, "gradient_norm": 2.167576313018799, "pid": 4089415, "elapsed_this_session_seconds": 2252.7831354523078, "steps_this_session": 4220, "phase": "training", "gpu": "4"}
{"step": 4240, "total": 24000, "loss": 0.11414965614676476, "mixture_probability": 0.0, "actual_mixture": 0.0, "gradient_norm": 2.2471351623535156, "pid": 4089415, "elapsed_this_session_seconds": 2262.314252155833, "steps_this_session": 4240, "phase": "training", "gpu": "4"}
{"step": 4260, "total": 24000, "loss": 0.09696209244430065, "mixture_probability": 0.0, "actual_mixture": 0.0, "gradient_norm": 1.9292080402374268, "pid": 4089415, "elapsed_this_session_seconds": 2271.6526357028633, "steps_this_session": 4260, "phase": "training", "gpu": "4"}
{"step": 4280, "total": 24000, "loss": 0.11471010744571686, "mixture_probability": 0.0, "actual_mixture": 0.0, "gradient_norm": 2.4108800888061523, "pid": 4089415, "elapsed_this_session_seconds": 2278.9455101760104, "steps_this_session": 4280, "phase": "training", "gpu": "4"}
{"step": 4300, "total": 24000, "loss": 0.12032456882297993, "mixture_probability": 0.0, "actual_mixture": 0.0, "gradient_norm": 2.64058518409729, "pid": 4089415, "elapsed_this_session_seconds": 2287.531264927238, "steps_this_session": 4300, "phase": "training", "gpu": "4"}
{"step": 4320, "total": 24000, "loss": 0.12278851680457592, "mixture_probability": 0.0, "actual_mixture": 0.0, "gradient_norm": 2.665637254714966, "pid": 4089415, "elapsed_this_session_seconds": 2296.6183392107487, "steps_this_session": 4320, "phase": "training", "gpu": "4"}
{"step": 4340, "total": 24000, "loss": 0.11409362405538559, "mixture_probability": 0.0, "actual_mixture": 0.0, "gradient_norm": 2.370575189590454, "pid": 4089415, "elapsed_this_session_seconds": 2305.6580457733944, "steps_this_session": 4340, "phase": "training", "gpu": "4"}
{"step": 4360, "total": 24000, "loss": 0.15032662265002728, "mixture_probability": 0.0, "actual_mixture": 0.0, "gradient_norm": 3.0959160327911377, "pid": 4089415, "elapsed_this_session_seconds": 2313.4387339651585, "steps_this_session": 4360, "phase": "training", "gpu": "4"}
{"step": 4380, "total": 24000, "loss": 0.14155594632029533, "mixture_probability": 0.0, "actual_mixture": 0.0, "gradient_norm": 3.058706045150757, "pid": 4089415, "elapsed_this_session_seconds": 2321.1684588026255, "steps_this_session": 4380, "phase": "training", "gpu": "4"}
{"step": 4400, "total": 24000, "loss": 0.14267688430845737, "mixture_probability": 0.0, "actual_mixture": 0.0, "gradient_norm": 2.4431076049804688, "pid": 4089415, "elapsed_this_session_seconds": 2330.0619791354984, "steps_this_session": 4400, "phase": "training", "gpu": "4"}
{"step": 4420, "total": 24000, "loss": 0.1103178858757019, "mixture_probability": 0.0, "actual_mixture": 0.0, "gradient_norm": 2.6837217807769775, "pid": 4089415, "elapsed_this_session_seconds": 2339.0805815011263, "steps_this_session": 4420, "phase": "training", "gpu": "4"}
{"step": 4440, "total": 24000, "loss": 0.12679107673466206, "mixture_probability": 0.0, "actual_mixture": 0.0, "gradient_norm": 2.656520366668701, "pid": 4089415, "elapsed_this_session_seconds": 2347.8992772642523, "steps_this_session": 4440, "phase": "training", "gpu": "4"}
{"step": 4460, "total": 24000, "loss": 0.1851949617266655, "mixture_probability": 0.0, "actual_mixture": 0.0, "gradient_norm": 2.707136869430542, "pid": 4089415, "elapsed_this_session_seconds": 2356.7037538643926, "steps_this_session": 4460, "phase": "training", "gpu": "4"}
{"step": 4480, "total": 24000, "loss": 0.14083451591432095, "mixture_probability": 0.0, "actual_mixture": 0.0, "gradient_norm": 2.9745287895202637, "pid": 4089415, "elapsed_this_session_seconds": 2365.4057687157765, "steps_this_session": 4480, "phase": "training", "gpu": "4"}
{"step": 4500, "total": 24000, "loss": 0.1078622117638588, "mixture_probability": 0.0, "actual_mixture": 0.0, "gradient_norm": 2.5705106258392334, "pid": 4089415, "elapsed_this_session_seconds": 2380.966318779625, "steps_this_session": 4500, "phase": "training", "gpu": "4"}
{"step": 4520, "total": 24000, "loss": 0.14092358388006687, "mixture_probability": 0.0, "actual_mixture": 0.0, "gradient_norm": 2.548393487930298, "pid": 4089415, "elapsed_this_session_seconds": 2404.2989111403003, "steps_this_session": 4520, "phase": "training", "gpu": "4"}
{"step": 4540, "total": 24000, "loss": 0.10092947445809841, "mixture_probability": 0.0, "actual_mixture": 0.0, "gradient_norm": 2.177900552749634, "pid": 4089415, "elapsed_this_session_seconds": 2426.592097301036, "steps_this_session": 4540, "phase": "training", "gpu": "4"}
{"step": 4560, "total": 24000, "loss": 0.1054286751896143, "mixture_probability": 0.0, "actual_mixture": 0.0, "gradient_norm": 2.501417636871338, "pid": 4089415, "elapsed_this_session_seconds": 2434.1554242409766, "steps_this_session": 4560, "phase": "training", "gpu": "4"}
{"step": 4580, "total": 24000, "loss": 0.10038505122065544, "mixture_probability": 0.0, "actual_mixture": 0.0, "gradient_norm": 2.256854772567749, "pid": 4089415, "elapsed_this_session_seconds": 2442.6056480091065, "steps_this_session": 4580, "phase": "training", "gpu": "4"}
{"step": 4600, "total": 24000, "loss": 0.10930064879357815, "mixture_probability": 0.0, "actual_mixture": 0.0, "gradient_norm": 1.9479756355285645, "pid": 4089415, "elapsed_this_session_seconds": 2453.3759053200483, "steps_this_session": 4600, "phase": "training", "gpu": "4"}
{"step": 4620, "total": 24000, "loss": 0.1193291936069727, "mixture_probability": 0.0, "actual_mixture": 0.0, "gradient_norm": 2.2261264324188232, "pid": 4089415, "elapsed_this_session_seconds": 2464.9275987315923, "steps_this_session": 4620, "phase": "training", "gpu": "4"}
{"step": 4640, "total": 24000, "loss": 0.10484020225703716, "mixture_probability": 0.0, "actual_mixture": 0.0, "gradient_norm": 2.2918190956115723, "pid": 4089415, "elapsed_this_session_seconds": 2472.1048897039145, "steps_this_session": 4640, "phase": "training", "gpu": "4"}
{"step": 4660, "total": 24000, "loss": 0.1726234294474125, "mixture_probability": 0.0, "actual_mixture": 0.0, "gradient_norm": 2.8023178577423096, "pid": 4089415, "elapsed_this_session_seconds": 2482.88019313477, "steps_this_session": 4660, "phase": "training", "gpu": "4"}
{"step": 4680, "total": 24000, "loss": 0.12103643454611301, "mixture_probability": 0.0, "actual_mixture": 0.0, "gradient_norm": 1.9492714405059814, "pid": 4089415, "elapsed_this_session_seconds": 2492.6677233483642, "steps_this_session": 4680, "phase": "training", "gpu": "4"}
{"step": 4700, "total": 24000, "loss": 0.11947885528206825, "mixture_probability": 0.0, "actual_mixture": 0.0, "gradient_norm": 1.916322112083435, "pid": 4089415, "elapsed_this_session_seconds": 2501.647114819847, "steps_this_session": 4700, "phase": "training", "gpu": "4"}
{"step": 4720, "total": 24000, "loss": 0.10503941401839256, "mixture_probability": 0.0, "actual_mixture": 0.0, "gradient_norm": 2.555445909500122, "pid": 4089415, "elapsed_this_session_seconds": 2508.388669767417, "steps_this_session": 4720, "phase": "training", "gpu": "4"}
{"step": 4740, "total": 24000, "loss": 0.12019488215446472, "mixture_probability": 0.0, "actual_mixture": 0.0, "gradient_norm": 2.8206021785736084, "pid": 4089415, "elapsed_this_session_seconds": 2517.3052020501345, "steps_this_session": 4740, "phase": "training", "gpu": "4"}
{"step": 4760, "total": 24000, "loss": 0.10941888391971588, "mixture_probability": 0.0, "actual_mixture": 0.0, "gradient_norm": 2.122835397720337, "pid": 4089415, "elapsed_this_session_seconds": 2526.3820464238524, "steps_this_session": 4760, "phase": "training", "gpu": "4"}
{"step": 4780, "total": 24000, "loss": 0.13135113939642906, "mixture_probability": 0.0, "actual_mixture": 0.0, "gradient_norm": 2.4259605407714844, "pid": 4089415, "elapsed_this_session_seconds": 2535.301923870109, "steps_this_session": 4780, "phase": "training", "gpu": "4"}
{"step": 4800, "total": 24000, "loss": 0.12418956309556961, "mixture_probability": 0.0, "actual_mixture": 0.0, "gradient_norm": 3.005492687225342, "pid": 4089415, "elapsed_this_session_seconds": 2544.1813685959205, "steps_this_session": 4800, "phase": "training", "gpu": "4"}
{"step": 4820, "total": 24000, "loss": 0.11391931772232056, "mixture_probability": 0.0, "actual_mixture": 0.0, "gradient_norm": 1.957364559173584, "pid": 4089415, "elapsed_this_session_seconds": 2550.9184613311663, "steps_this_session": 4820, "phase": "training", "gpu": "4"}
{"step": 4840, "total": 24000, "loss": 0.10971810668706894, "mixture_probability": 0.0, "actual_mixture": 0.0, "gradient_norm": 2.0404021739959717, "pid": 4089415, "elapsed_this_session_seconds": 2559.7334340084344, "steps_this_session": 4840, "phase": "training", "gpu": "4"}
{"step": 4860, "total": 24000, "loss": 0.1275857426226139, "mixture_probability": 0.0, "actual_mixture": 0.0, "gradient_norm": 2.7955305576324463, "pid": 4089415, "elapsed_this_session_seconds": 2568.679660785012, "steps_this_session": 4860, "phase": "training", "gpu": "4"}
{"step": 4880, "total": 24000, "loss": 0.1268253307789564, "mixture_probability": 0.0, "actual_mixture": 0.0, "gradient_norm": 2.54754900932312, "pid": 4089415, "elapsed_this_session_seconds": 2577.443925673142, "steps_this_session": 4880, "phase": "training", "gpu": "4"}
{"step": 4900, "total": 24000, "loss": 0.11575528234243393, "mixture_probability": 0.0, "actual_mixture": 0.0, "gradient_norm": 2.19144606590271, "pid": 4089415, "elapsed_this_session_seconds": 2586.320876334794, "steps_this_session": 4900, "phase": "training", "gpu": "4"}
{"step": 4920, "total": 24000, "loss": 0.10892586782574654, "mixture_probability": 0.0, "actual_mixture": 0.0, "gradient_norm": 1.7914602756500244, "pid": 4089415, "elapsed_this_session_seconds": 2592.9665100406855, "steps_this_session": 4920, "phase": "training", "gpu": "4"}
{"step": 4940, "total": 24000, "loss": 0.10220972821116447, "mixture_probability": 0.0, "actual_mixture": 0.0, "gradient_norm": 1.8664690256118774, "pid": 4089415, "elapsed_this_session_seconds": 2601.893494222313, "steps_this_session": 4940, "phase": "training", "gpu": "4"}
{"step": 4960, "total": 24000, "loss": 0.09083319455385208, "mixture_probability": 0.0, "actual_mixture": 0.0, "gradient_norm": 1.902970314025879, "pid": 4089415, "elapsed_this_session_seconds": 2610.6840472072363, "steps_this_session": 4960, "phase": "training", "gpu": "4"}
{"step": 4980, "total": 24000, "loss": 0.11915124580264091, "mixture_probability": 0.0, "actual_mixture": 0.0, "gradient_norm": 3.0185539722442627, "pid": 4089415, "elapsed_this_session_seconds": 2619.398829312995, "steps_this_session": 4980, "phase": "training", "gpu": "4"}
{"step": 5000, "total": 24000, "loss": 0.1123996302485466, "mixture_probability": 0.0, "actual_mixture": 0.0, "gradient_norm": 2.2981326580047607, "pid": 4089415, "elapsed_this_session_seconds": 2628.4560230132192, "steps_this_session": 5000, "phase": "training", "gpu": "4"}
{"step": 5020, "total": 24000, "loss": 0.09020496718585491, "mixture_probability": 0.0, "actual_mixture": 0.0, "gradient_norm": 2.545809507369995, "pid": 4089415, "elapsed_this_session_seconds": 2634.781516210176, "steps_this_session": 5020, "phase": "training", "gpu": "4"}
{"step": 5040, "total": 24000, "loss": 0.16776966862380505, "mixture_probability": 0.0, "actual_mixture": 0.0, "gradient_norm": 1.9516046047210693, "pid": 4089415, "elapsed_this_session_seconds": 2643.337660527788, "steps_this_session": 5040, "phase": "training", "gpu": "4"}
{"step": 5060, "total": 24000, "loss": 0.11095676198601723, "mixture_probability": 0.0, "actual_mixture": 0.0, "gradient_norm": 1.9628441333770752, "pid": 4089415, "elapsed_this_session_seconds": 2651.920314230956, "steps_this_session": 5060, "phase": "training", "gpu": "4"}
{"step": 5080, "total": 24000, "loss": 0.11145440675318241, "mixture_probability": 0.0, "actual_mixture": 0.0, "gradient_norm": 2.5941975116729736, "pid": 4089415, "elapsed_this_session_seconds": 2660.5473698042333, "steps_this_session": 5080, "phase": "training", "gpu": "4"}
{"step": 5100, "total": 24000, "loss": 0.11268017627298832, "mixture_probability": 0.0, "actual_mixture": 0.0, "gradient_norm": 1.8718081712722778, "pid": 4089415, "elapsed_this_session_seconds": 2669.780643076636, "steps_this_session": 5100, "phase": "training", "gpu": "4"}
{"step": 5120, "total": 24000, "loss": 0.10957736521959305, "mixture_probability": 0.0, "actual_mixture": 0.0, "gradient_norm": 2.573753833770752, "pid": 4089415, "elapsed_this_session_seconds": 2675.621178855188, "steps_this_session": 5120, "phase": "training", "gpu": "4"}
{"step": 5140, "total": 24000, "loss": 0.14664839953184128, "mixture_probability": 0.0, "actual_mixture": 0.0, "gradient_norm": 2.4392518997192383, "pid": 4089415, "elapsed_this_session_seconds": 2684.2693554498255, "steps_this_session": 5140, "phase": "training", "gpu": "4"}
{"step": 5160, "total": 24000, "loss": 0.1546870768070221, "mixture_probability": 0.0, "actual_mixture": 0.0, "gradient_norm": 5.730441570281982, "pid": 4089415, "elapsed_this_session_seconds": 2692.8228717781603, "steps_this_session": 5160, "phase": "training", "gpu": "4"}
{"step": 5180, "total": 24000, "loss": 0.15247287042438984, "mixture_probability": 0.0, "actual_mixture": 0.0, "gradient_norm": 2.4678380489349365, "pid": 4089415, "elapsed_this_session_seconds": 2701.128171971068, "steps_this_session": 5180, "phase": "training", "gpu": "4"}
{"step": 5200, "total": 24000, "loss": 0.1513870507478714, "mixture_probability": 0.0, "actual_mixture": 0.0, "gradient_norm": 3.217360496520996, "pid": 4089415, "elapsed_this_session_seconds": 2709.449526974, "steps_this_session": 5200, "phase": "training", "gpu": "4"}
{"step": 5220, "total": 24000, "loss": 0.15709568187594414, "mixture_probability": 0.0, "actual_mixture": 0.0, "gradient_norm": 3.1922149658203125, "pid": 4089415, "elapsed_this_session_seconds": 2717.0720943631604, "steps_this_session": 5220, "phase": "training", "gpu": "4"}
{"step": 5240, "total": 24000, "loss": 0.11366601288318634, "mixture_probability": 0.0, "actual_mixture": 0.0, "gradient_norm": 2.0834193229675293, "pid": 4089415, "elapsed_this_session_seconds": 2724.750390432775, "steps_this_session": 5240, "phase": "training", "gpu": "4"}
{"step": 5260, "total": 24000, "loss": 0.13525939732789993, "mixture_probability": 0.0, "actual_mixture": 0.0, "gradient_norm": 2.189633369445801, "pid": 4089415, "elapsed_this_session_seconds": 2732.4199411878362, "steps_this_session": 5260, "phase": "training", "gpu": "4"}
{"step": 5280, "total": 24000, "loss": 0.12869136035442352, "mixture_probability": 0.0, "actual_mixture": 0.0, "gradient_norm": 2.601264238357544, "pid": 4089415, "elapsed_this_session_seconds": 2740.0763970781118, "steps_this_session": 5280, "phase": "training", "gpu": "4"}
{"step": 5300, "total": 24000, "loss": 0.11160306632518768, "mixture_probability": 0.0, "actual_mixture": 0.0, "gradient_norm": 2.309182643890381, "pid": 4089415, "elapsed_this_session_seconds": 2747.715100375004, "steps_this_session": 5300, "phase": "training", "gpu": "4"}
{"step": 5320, "total": 24000, "loss": 0.1377490572631359, "mixture_probability": 0.0, "actual_mixture": 0.0, "gradient_norm": 2.17214035987854, "pid": 4089415, "elapsed_this_session_seconds": 2755.3354505049065, "steps_this_session": 5320, "phase": "training", "gpu": "4"}
{"step": 5340, "total": 24000, "loss": 0.09953104332089424, "mixture_probability": 0.0, "actual_mixture": 0.0, "gradient_norm": 2.1106886863708496, "pid": 4089415, "elapsed_this_session_seconds": 2765.860383350402, "steps_this_session": 5340, "phase": "training", "gpu": "4"}
{"step": 5360, "total": 24000, "loss": 0.11194467172026634, "mixture_probability": 0.0, "actual_mixture": 0.0, "gradient_norm": 2.009814500808716, "pid": 4089415, "elapsed_this_session_seconds": 2788.701700050384, "steps_this_session": 5360, "phase": "training", "gpu": "4"}
{"step": 5380, "total": 24000, "loss": 0.20677263848483562, "mixture_probability": 0.0, "actual_mixture": 0.0, "gradient_norm": 3.3128209114074707, "pid": 4089415, "elapsed_this_session_seconds": 2809.719457531348, "steps_this_session": 5380, "phase": "training", "gpu": "4"}
{"step": 5400, "total": 24000, "loss": 0.1311267465353012, "mixture_probability": 0.0, "actual_mixture": 0.0, "gradient_norm": 2.9313440322875977, "pid": 4089415, "elapsed_this_session_seconds": 2817.785902249627, "steps_this_session": 5400, "phase": "training", "gpu": "4"}
{"step": 5420, "total": 24000, "loss": 0.1461473274976015, "mixture_probability": 0.0, "actual_mixture": 0.0, "gradient_norm": 2.345651149749756, "pid": 4089415, "elapsed_this_session_seconds": 2825.844900311902, "steps_this_session": 5420, "phase": "training", "gpu": "4"}
{"step": 5440, "total": 24000, "loss": 0.1347791627049446, "mixture_probability": 0.0, "actual_mixture": 0.0, "gradient_norm": 2.759641408920288, "pid": 4089415, "elapsed_this_session_seconds": 2835.4438001699746, "steps_this_session": 5440, "phase": "training", "gpu": "4"}
{"step": 5460, "total": 24000, "loss": 0.10119864158332348, "mixture_probability": 0.0, "actual_mixture": 0.0, "gradient_norm": 2.0065534114837646, "pid": 4089415, "elapsed_this_session_seconds": 2845.133577460423, "steps_this_session": 5460, "phase": "training", "gpu": "4"}
{"step": 5480, "total": 24000, "loss": 0.12360019981861115, "mixture_probability": 0.0, "actual_mixture": 0.0, "gradient_norm": 1.974555253982544, "pid": 4089415, "elapsed_this_session_seconds": 2855.102630522102, "steps_this_session": 5480, "phase": "training", "gpu": "4"}
{"step": 5500, "total": 24000, "loss": 0.11608332395553589, "mixture_probability": 0.0, "actual_mixture": 0.0, "gradient_norm": 1.8422366380691528, "pid": 4089415, "elapsed_this_session_seconds": 2861.800462814048, "steps_this_session": 5500, "phase": "training", "gpu": "4"}
{"step": 5520, "total": 24000, "loss": 0.09916498512029648, "mixture_probability": 0.0, "actual_mixture": 0.0, "gradient_norm": 1.9877591133117676, "pid": 4089415, "elapsed_this_session_seconds": 2871.1751756649464, "steps_this_session": 5520, "phase": "training", "gpu": "4"}
{"step": 5540, "total": 24000, "loss": 0.14953289180994034, "mixture_probability": 0.0, "actual_mixture": 0.0, "gradient_norm": 2.4124464988708496, "pid": 4089415, "elapsed_this_session_seconds": 2880.005215642974, "steps_this_session": 5540, "phase": "training", "gpu": "4"}
{"step": 5560, "total": 24000, "loss": 0.1312827207148075, "mixture_probability": 0.0, "actual_mixture": 0.0, "gradient_norm": 2.556147336959839, "pid": 4089415, "elapsed_this_session_seconds": 2888.675414771773, "steps_this_session": 5560, "phase": "training", "gpu": "4"}
{"step": 5580, "total": 24000, "loss": 0.11064062267541885, "mixture_probability": 0.0, "actual_mixture": 0.0, "gradient_norm": 2.1643786430358887, "pid": 4089415, "elapsed_this_session_seconds": 2898.193789003417, "steps_this_session": 5580, "phase": "training", "gpu": "4"}
{"step": 5600, "total": 24000, "loss": 0.12609636597335339, "mixture_probability": 0.0, "actual_mixture": 0.0, "gradient_norm": 2.3684704303741455, "pid": 4089415, "elapsed_this_session_seconds": 2903.6357470136136, "steps_this_session": 5600, "phase": "training", "gpu": "4"}
{"step": 5620, "total": 24000, "loss": 0.08805130608379841, "mixture_probability": 0.0, "actual_mixture": 0.0, "gradient_norm": 2.346909523010254, "pid": 4089415, "elapsed_this_session_seconds": 2912.259598441422, "steps_this_session": 5620, "phase": "training", "gpu": "4"}
{"step": 5640, "total": 24000, "loss": 0.15836726129055023, "mixture_probability": 0.0, "actual_mixture": 0.0, "gradient_norm": 3.166498899459839, "pid": 4089415, "elapsed_this_session_seconds": 2920.801991580054, "steps_this_session": 5640, "phase": "training", "gpu": "4"}
{"step": 5660, "total": 24000, "loss": 0.15552318841218948, "mixture_probability": 0.0, "actual_mixture": 0.0, "gradient_norm": 4.576130390167236, "pid": 4089415, "elapsed_this_session_seconds": 2929.2139297332615, "steps_this_session": 5660, "phase": "training", "gpu": "4"}
{"step": 5680, "total": 24000, "loss": 0.1270603910088539, "mixture_probability": 0.0, "actual_mixture": 0.0, "gradient_norm": 2.269174337387085, "pid": 4089415, "elapsed_this_session_seconds": 2936.8649463308975, "steps_this_session": 5680, "phase": "training", "gpu": "4"}
{"step": 5700, "total": 24000, "loss": 0.1119685061275959, "mixture_probability": 0.0, "actual_mixture": 0.0, "gradient_norm": 1.9482340812683105, "pid": 4089415, "elapsed_this_session_seconds": 2943.4962449194863, "steps_this_session": 5700, "phase": "training", "gpu": "4"}
{"step": 5720, "total": 24000, "loss": 0.10137775354087353, "mixture_probability": 0.0, "actual_mixture": 0.0, "gradient_norm": 2.7114837169647217, "pid": 4089415, "elapsed_this_session_seconds": 2950.558641038835, "steps_this_session": 5720, "phase": "training", "gpu": "4"}
{"step": 5740, "total": 24000, "loss": 0.13750920072197914, "mixture_probability": 0.0, "actual_mixture": 0.0, "gradient_norm": 2.4009883403778076, "pid": 4089415, "elapsed_this_session_seconds": 2957.5665905177593, "steps_this_session": 5740, "phase": "training", "gpu": "4"}
{"step": 5760, "total": 24000, "loss": 0.1565854251384735, "mixture_probability": 0.0, "actual_mixture": 0.0, "gradient_norm": 3.287130355834961, "pid": 4089415, "elapsed_this_session_seconds": 2964.700680296868, "steps_this_session": 5760, "phase": "training", "gpu": "4"}
{"step": 5780, "total": 24000, "loss": 0.09788566268980503, "mixture_probability": 0.0, "actual_mixture": 0.0, "gradient_norm": 2.0818090438842773, "pid": 4089415, "elapsed_this_session_seconds": 2971.772317172028, "steps_this_session": 5780, "phase": "training", "gpu": "4"}
{"step": 5800, "total": 24000, "loss": 0.10867522284388542, "mixture_probability": 0.0, "actual_mixture": 0.0, "gradient_norm": 2.3242995738983154, "pid": 4089415, "elapsed_this_session_seconds": 2978.9269616818056, "steps_this_session": 5800, "phase": "training", "gpu": "4"}
{"step": 5820, "total": 24000, "loss": 0.10979952849447727, "mixture_probability": 0.0, "actual_mixture": 0.0, "gradient_norm": 2.8701114654541016, "pid": 4089415, "elapsed_this_session_seconds": 2986.117304192856, "steps_this_session": 5820, "phase": "training", "gpu": "4"}
{"step": 5840, "total": 24000, "loss": 0.12217349372804165, "mixture_probability": 0.0, "actual_mixture": 0.0, "gradient_norm": 2.184715509414673, "pid": 4089415, "elapsed_this_session_seconds": 2993.261571510695, "steps_this_session": 5840, "phase": "training", "gpu": "4"}
{"step": 5860, "total": 24000, "loss": 0.13168219476938248, "mixture_probability": 0.0, "actual_mixture": 0.0, "gradient_norm": 2.5179691314697266, "pid": 4089415, "elapsed_this_session_seconds": 3015.4831214109436, "steps_this_session": 5860, "phase": "training", "gpu": "4"}
{"step": 5880, "total": 24000, "loss": 0.10358597710728645, "mixture_probability": 0.0, "actual_mixture": 0.0, "gradient_norm": 2.0430009365081787, "pid": 4089415, "elapsed_this_session_seconds": 3035.4409450925887, "steps_this_session": 5880, "phase": "training", "gpu": "4"}
{"step": 5900, "total": 24000, "loss": 0.12111671268939972, "mixture_probability": 0.0, "actual_mixture": 0.0, "gradient_norm": 2.0884604454040527, "pid": 4089415, "elapsed_this_session_seconds": 3055.411892442964, "steps_this_session": 5900, "phase": "training", "gpu": "4"}
{"step": 5920, "total": 24000, "loss": 0.10543325170874596, "mixture_probability": 0.0, "actual_mixture": 0.0, "gradient_norm": 2.7402782440185547, "pid": 4089415, "elapsed_this_session_seconds": 3062.078039326705, "steps_this_session": 5920, "phase": "training", "gpu": "4"}
{"step": 5940, "total": 24000, "loss": 0.11457910016179085, "mixture_probability": 0.0, "actual_mixture": 0.0, "gradient_norm": 1.912392497062683, "pid": 4089415, "elapsed_this_session_seconds": 3069.52015236672, "steps_this_session": 5940, "phase": "training", "gpu": "4"}
{"step": 5960, "total": 24000, "loss": 0.1237313337624073, "mixture_probability": 0.0, "actual_mixture": 0.0, "gradient_norm": 2.2820374965667725, "pid": 4089415, "elapsed_this_session_seconds": 3079.098458196968, "steps_this_session": 5960, "phase": "training", "gpu": "4"}
{"step": 5980, "total": 24000, "loss": 0.09462622366845608, "mixture_probability": 0.0, "actual_mixture": 0.0, "gradient_norm": 1.9851614236831665, "pid": 4089415, "elapsed_this_session_seconds": 3088.703004475683, "steps_this_session": 5980, "phase": "training", "gpu": "4"}
{"step": 6000, "total": 24000, "loss": 0.12110640294849873, "mixture_probability": 0.0, "actual_mixture": 0.0, "gradient_norm": 2.421579360961914, "pid": 4089415, "elapsed_this_session_seconds": 3098.223150926642, "steps_this_session": 6000, "phase": "training", "gpu": "4"}
{"step": 6020, "total": 24000, "loss": 0.0787852592766285, "mixture_probability": 0.0, "actual_mixture": 0.0, "gradient_norm": 1.737267255783081, "pid": 4089415, "elapsed_this_session_seconds": 3213.864134960808, "steps_this_session": 6020, "phase": "training", "gpu": "4"}
{"step": 6040, "total": 24000, "loss": 0.1022581197321415, "mixture_probability": 0.0, "actual_mixture": 0.0, "gradient_norm": 1.9917519092559814, "pid": 4089415, "elapsed_this_session_seconds": 3221.4641432464123, "steps_this_session": 6040, "phase": "training", "gpu": "4"}
{"step": 6060, "total": 24000, "loss": 0.09779457189142704, "mixture_probability": 0.0, "actual_mixture": 0.0, "gradient_norm": 2.314368724822998, "pid": 4089415, "elapsed_this_session_seconds": 3229.5433005867526, "steps_this_session": 6060, "phase": "training", "gpu": "4"}
{"step": 6080, "total": 24000, "loss": 0.11585403606295586, "mixture_probability": 0.0, "actual_mixture": 0.0, "gradient_norm": 2.5228872299194336, "pid": 4089415, "elapsed_this_session_seconds": 3237.1431905357167, "steps_this_session": 6080, "phase": "training", "gpu": "4"}
{"step": 6100, "total": 24000, "loss": 0.11872770264744759, "mixture_probability": 0.0, "actual_mixture": 0.0, "gradient_norm": 2.0724358558654785, "pid": 4089415, "elapsed_this_session_seconds": 3244.761989071034, "steps_this_session": 6100, "phase": "training", "gpu": "4"}
{"step": 6120, "total": 24000, "loss": 0.17953066527843475, "mixture_probability": 0.0, "actual_mixture": 0.0, "gradient_norm": 7.008663654327393, "pid": 4089415, "elapsed_this_session_seconds": 3252.317607955076, "steps_this_session": 6120, "phase": "training", "gpu": "4"}
{"step": 6140, "total": 24000, "loss": 0.10857195593416691, "mixture_probability": 0.0, "actual_mixture": 0.0, "gradient_norm": 2.67240571975708, "pid": 4089415, "elapsed_this_session_seconds": 3259.8216135129333, "steps_this_session": 6140, "phase": "training", "gpu": "4"}
{"step": 6160, "total": 24000, "loss": 0.11022534407675266, "mixture_probability": 0.0, "actual_mixture": 0.0, "gradient_norm": 2.19584321975708, "pid": 4089415, "elapsed_this_session_seconds": 3267.32172678411, "steps_this_session": 6160, "phase": "training", "gpu": "4"}
{"step": 6180, "total": 24000, "loss": 0.095696572214365, "mixture_probability": 0.0, "actual_mixture": 0.0, "gradient_norm": 2.2324626445770264, "pid": 4089415, "elapsed_this_session_seconds": 3275.1243020668626, "steps_this_session": 6180, "phase": "training", "gpu": "4"}
{"step": 6200, "total": 24000, "loss": 0.08952574245631695, "mixture_probability": 0.0, "actual_mixture": 0.0, "gradient_norm": 1.9244598150253296, "pid": 4089415, "elapsed_this_session_seconds": 3282.5648153750226, "steps_this_session": 6200, "phase": "training", "gpu": "4"}
{"step": 6220, "total": 24000, "loss": 0.1293600108474493, "mixture_probability": 0.0, "actual_mixture": 0.0, "gradient_norm": 2.538180351257324, "pid": 4089415, "elapsed_this_session_seconds": 3290.0817066058517, "steps_this_session": 6220, "phase": "training", "gpu": "4"}
{"step": 6240, "total": 24000, "loss": 0.2989795207977295, "mixture_probability": 0.0, "actual_mixture": 0.0, "gradient_norm": 3.0765063762664795, "pid": 4089415, "elapsed_this_session_seconds": 3297.541058011353, "steps_this_session": 6240, "phase": "training", "gpu": "4"}
{"step": 6260, "total": 24000, "loss": 0.10924649238586426, "mixture_probability": 0.0, "actual_mixture": 0.0, "gradient_norm": 2.4009618759155273, "pid": 4089415, "elapsed_this_session_seconds": 3304.9712255951017, "steps_this_session": 6260, "phase": "training", "gpu": "4"}
{"step": 6280, "total": 24000, "loss": 0.10020452551543713, "mixture_probability": 0.0, "actual_mixture": 0.0, "gradient_norm": 1.9544241428375244, "pid": 4089415, "elapsed_this_session_seconds": 3313.0403864029795, "steps_this_session": 6280, "phase": "training", "gpu": "4"}
{"step": 6300, "total": 24000, "loss": 0.10116188041865826, "mixture_probability": 0.0, "actual_mixture": 0.0, "gradient_norm": 2.1126890182495117, "pid": 4089415, "elapsed_this_session_seconds": 3320.44039534498, "steps_this_session": 6300, "phase": "training", "gpu": "4"}
{"step": 6320, "total": 24000, "loss": 0.13985241949558258, "mixture_probability": 0.0, "actual_mixture": 0.0, "gradient_norm": 4.069822311401367, "pid": 4089415, "elapsed_this_session_seconds": 3327.860725163482, "steps_this_session": 6320, "phase": "training", "gpu": "4"}
{"step": 6340, "total": 24000, "loss": 0.11270952969789505, "mixture_probability": 0.0, "actual_mixture": 0.0, "gradient_norm": 2.50750470161438, "pid": 4089415, "elapsed_this_session_seconds": 3335.2411831533536, "steps_this_session": 6340, "phase": "training", "gpu": "4"}
{"step": 6360, "total": 24000, "loss": 0.10576089471578598, "mixture_probability": 0.0, "actual_mixture": 0.0, "gradient_norm": 1.8957480192184448, "pid": 4089415, "elapsed_this_session_seconds": 3342.651740306057, "steps_this_session": 6360, "phase": "training", "gpu": "4"}
{"step": 6380, "total": 24000, "loss": 0.11371216550469398, "mixture_probability": 0.0, "actual_mixture": 0.0, "gradient_norm": 2.2303173542022705, "pid": 4089415, "elapsed_this_session_seconds": 3350.094257255085, "steps_this_session": 6380, "phase": "training", "gpu": "4"}
{"step": 6400, "total": 24000, "loss": 0.10579394176602364, "mixture_probability": 0.0, "actual_mixture": 0.0, "gradient_norm": 2.2142062187194824, "pid": 4089415, "elapsed_this_session_seconds": 3357.5010686302558, "steps_this_session": 6400, "phase": "training", "gpu": "4"}
{"step": 6420, "total": 24000, "loss": 0.09993216767907143, "mixture_probability": 0.0, "actual_mixture": 0.0, "gradient_norm": 2.1756999492645264, "pid": 4089415, "elapsed_this_session_seconds": 3364.9396036658436, "steps_this_session": 6420, "phase": "training", "gpu": "4"}
{"step": 6440, "total": 24000, "loss": 0.19587931595742702, "mixture_probability": 0.0, "actual_mixture": 0.0, "gradient_norm": 4.322644233703613, "pid": 4089415, "elapsed_this_session_seconds": 3386.916012720205, "steps_this_session": 6440, "phase": "training", "gpu": "4"}
{"step": 6460, "total": 24000, "loss": 0.12895198538899422, "mixture_probability": 0.0, "actual_mixture": 0.0, "gradient_norm": 2.226374387741089, "pid": 4089415, "elapsed_this_session_seconds": 3407.5327657191083, "steps_this_session": 6460, "phase": "training", "gpu": "4"}
{"step": 6480, "total": 24000, "loss": 0.22421734035015106, "mixture_probability": 0.0, "actual_mixture": 0.0, "gradient_norm": 2.22063946723938, "pid": 4089415, "elapsed_this_session_seconds": 3414.2545107258484, "steps_this_session": 6480, "phase": "training", "gpu": "4"}
{"step": 6500, "total": 24000, "loss": 0.1271132118999958, "mixture_probability": 0.0, "actual_mixture": 0.0, "gradient_norm": 1.99777090549469, "pid": 4089415, "elapsed_this_session_seconds": 3422.313435314223, "steps_this_session": 6500, "phase": "training", "gpu": "4"}
{"step": 6520, "total": 24000, "loss": 0.1009791549295187, "mixture_probability": 0.0, "actual_mixture": 0.0, "gradient_norm": 2.269322395324707, "pid": 4089415, "elapsed_this_session_seconds": 3431.9308960577473, "steps_this_session": 6520, "phase": "training", "gpu": "4"}
{"step": 6540, "total": 24000, "loss": 0.1062714196741581, "mixture_probability": 0.0, "actual_mixture": 0.0, "gradient_norm": 2.050626039505005, "pid": 4089415, "elapsed_this_session_seconds": 3441.620944350958, "steps_this_session": 6540, "phase": "training", "gpu": "4"}
{"step": 6560, "total": 24000, "loss": 0.10345652885735035, "mixture_probability": 0.0, "actual_mixture": 0.0, "gradient_norm": 1.9562630653381348, "pid": 4089415, "elapsed_this_session_seconds": 3451.7344993343577, "steps_this_session": 6560, "phase": "training", "gpu": "4"}
{"step": 6580, "total": 24000, "loss": 0.12420803308486938, "mixture_probability": 0.0, "actual_mixture": 0.0, "gradient_norm": 1.9495491981506348, "pid": 4089415, "elapsed_this_session_seconds": 3457.8824780797586, "steps_this_session": 6580, "phase": "training", "gpu": "4"}
{"step": 6600, "total": 24000, "loss": 0.0828382633626461, "mixture_probability": 0.0, "actual_mixture": 0.0, "gradient_norm": 2.226156234741211, "pid": 4089415, "elapsed_this_session_seconds": 3466.9447700362653, "steps_this_session": 6600, "phase": "training", "gpu": "4"}
{"step": 6620, "total": 24000, "loss": 0.11335694044828415, "mixture_probability": 0.0, "actual_mixture": 0.0, "gradient_norm": 2.1201419830322266, "pid": 4089415, "elapsed_this_session_seconds": 3475.786809993908, "steps_this_session": 6620, "phase": "training", "gpu": "4"}
{"step": 6640, "total": 24000, "loss": 0.1435615010559559, "mixture_probability": 0.0, "actual_mixture": 0.0, "gradient_norm": 2.81441068649292, "pid": 4089415, "elapsed_this_session_seconds": 3484.4817199977115, "steps_this_session": 6640, "phase": "training", "gpu": "4"}
{"step": 6660, "total": 24000, "loss": 0.09637314453721046, "mixture_probability": 0.0, "actual_mixture": 0.0, "gradient_norm": 2.2987327575683594, "pid": 4089415, "elapsed_this_session_seconds": 3493.997224058956, "steps_this_session": 6660, "phase": "training", "gpu": "4"}
{"step": 6680, "total": 24000, "loss": 0.09370587393641472, "mixture_probability": 0.0, "actual_mixture": 0.0, "gradient_norm": 1.6507221460342407, "pid": 4089415, "elapsed_this_session_seconds": 3499.371528621763, "steps_this_session": 6680, "phase": "training", "gpu": "4"}
{"step": 6700, "total": 24000, "loss": 0.10638569295406342, "mixture_probability": 0.0, "actual_mixture": 0.0, "gradient_norm": 2.342801332473755, "pid": 4089415, "elapsed_this_session_seconds": 3508.0115144904703, "steps_this_session": 6700, "phase": "training", "gpu": "4"}
{"step": 6720, "total": 24000, "loss": 0.10484316758811474, "mixture_probability": 0.0, "actual_mixture": 0.0, "gradient_norm": 1.993016242980957, "pid": 4089415, "elapsed_this_session_seconds": 3516.4387609632686, "steps_this_session": 6720, "phase": "training", "gpu": "4"}
{"step": 6740, "total": 24000, "loss": 0.16963778249919415, "mixture_probability": 0.0, "actual_mixture": 0.0, "gradient_norm": 3.174172878265381, "pid": 4089415, "elapsed_this_session_seconds": 3525.2001769114286, "steps_this_session": 6740, "phase": "training", "gpu": "4"}
{"step": 6760, "total": 24000, "loss": 0.12270781397819519, "mixture_probability": 0.0, "actual_mixture": 0.0, "gradient_norm": 1.8953773975372314, "pid": 4089415, "elapsed_this_session_seconds": 3533.2922851080075, "steps_this_session": 6760, "phase": "training", "gpu": "4"}
{"step": 6780, "total": 24000, "loss": 0.11041335202753544, "mixture_probability": 0.0, "actual_mixture": 0.0, "gradient_norm": 2.4413254261016846, "pid": 4089415, "elapsed_this_session_seconds": 3541.704308995977, "steps_this_session": 6780, "phase": "training", "gpu": "4"}
{"step": 6800, "total": 24000, "loss": 0.08427339605987072, "mixture_probability": 0.0, "actual_mixture": 0.0, "gradient_norm": 2.008556365966797, "pid": 4089415, "elapsed_this_session_seconds": 3549.3927398193628, "steps_this_session": 6800, "phase": "training", "gpu": "4"}
{"step": 6820, "total": 24000, "loss": 0.1092035062611103, "mixture_probability": 0.0, "actual_mixture": 0.0, "gradient_norm": 2.217163562774658, "pid": 4089415, "elapsed_this_session_seconds": 3557.047472340986, "steps_this_session": 6820, "phase": "training", "gpu": "4"}
{"step": 6840, "total": 24000, "loss": 0.09408538974821568, "mixture_probability": 0.0, "actual_mixture": 0.0, "gradient_norm": 1.8931591510772705, "pid": 4089415, "elapsed_this_session_seconds": 3564.6174102136865, "steps_this_session": 6840, "phase": "training", "gpu": "4"}
{"step": 6860, "total": 24000, "loss": 0.08648006618022919, "mixture_probability": 0.0, "actual_mixture": 0.0, "gradient_norm": 1.8994717597961426, "pid": 4089415, "elapsed_this_session_seconds": 3572.2827510964125, "steps_this_session": 6860, "phase": "training", "gpu": "4"}
{"step": 6880, "total": 24000, "loss": 0.15026986971497536, "mixture_probability": 0.0, "actual_mixture": 0.0, "gradient_norm": 2.983889579772949, "pid": 4089415, "elapsed_this_session_seconds": 3580.2930753631517, "steps_this_session": 6880, "phase": "training", "gpu": "4"}
{"step": 6900, "total": 24000, "loss": 0.11684027686715126, "mixture_probability": 0.0, "actual_mixture": 0.0, "gradient_norm": 2.212247371673584, "pid": 4089415, "elapsed_this_session_seconds": 3587.831417646259, "steps_this_session": 6900, "phase": "training", "gpu": "4"}
{"step": 6920, "total": 24000, "loss": 0.11496003344655037, "mixture_probability": 0.0, "actual_mixture": 0.0, "gradient_norm": 2.2545249462127686, "pid": 4089415, "elapsed_this_session_seconds": 3595.4270317703485, "steps_this_session": 6920, "phase": "training", "gpu": "4"}
{"step": 6940, "total": 24000, "loss": 0.09630733542144299, "mixture_probability": 0.0, "actual_mixture": 0.0, "gradient_norm": 2.7624077796936035, "pid": 4089415, "elapsed_this_session_seconds": 3603.1571327624843, "steps_this_session": 6940, "phase": "training", "gpu": "4"}
{"step": 6960, "total": 24000, "loss": 0.11581678315997124, "mixture_probability": 0.0, "actual_mixture": 0.0, "gradient_norm": 2.1251354217529297, "pid": 4089415, "elapsed_this_session_seconds": 3610.8032391546294, "steps_this_session": 6960, "phase": "training", "gpu": "4"}
{"step": 6980, "total": 24000, "loss": 0.1682588141411543, "mixture_probability": 0.0, "actual_mixture": 0.0, "gradient_norm": 2.6533520221710205, "pid": 4089415, "elapsed_this_session_seconds": 3618.451417303644, "steps_this_session": 6980, "phase": "training", "gpu": "4"}
{"step": 7000, "total": 24000, "loss": 0.11452402547001839, "mixture_probability": 0.0, "actual_mixture": 0.0, "gradient_norm": 2.1949803829193115, "pid": 4089415, "elapsed_this_session_seconds": 3626.502417688258, "steps_this_session": 7000, "phase": "training", "gpu": "4"}
{"step": 7020, "total": 24000, "loss": 0.09835897386074066, "mixture_probability": 0.0, "actual_mixture": 0.0, "gradient_norm": 2.02567982673645, "pid": 4089415, "elapsed_this_session_seconds": 3634.1003190474585, "steps_this_session": 7020, "phase": "training", "gpu": "4"}
{"step": 7040, "total": 24000, "loss": 0.11662457883358002, "mixture_probability": 0.0, "actual_mixture": 0.0, "gradient_norm": 2.2353076934814453, "pid": 4089415, "elapsed_this_session_seconds": 3641.7363580372185, "steps_this_session": 7040, "phase": "training", "gpu": "4"}
{"step": 7060, "total": 24000, "loss": 0.09019459784030914, "mixture_probability": 0.0, "actual_mixture": 0.0, "gradient_norm": 2.0800299644470215, "pid": 4089415, "elapsed_this_session_seconds": 3649.3459047907963, "steps_this_session": 7060, "phase": "training", "gpu": "4"}
{"step": 7080, "total": 24000, "loss": 0.0848408117890358, "mixture_probability": 0.0, "actual_mixture": 0.0, "gradient_norm": 2.194380521774292, "pid": 4089415, "elapsed_this_session_seconds": 3657.0421214085072, "steps_this_session": 7080, "phase": "training", "gpu": "4"}
{"step": 7100, "total": 24000, "loss": 0.10338532365858555, "mixture_probability": 0.0, "actual_mixture": 0.0, "gradient_norm": 2.0541298389434814, "pid": 4089415, "elapsed_this_session_seconds": 3664.6681290464476, "steps_this_session": 7100, "phase": "training", "gpu": "4"}
{"step": 7120, "total": 24000, "loss": 0.0935062151402235, "mixture_probability": 0.0, "actual_mixture": 0.0, "gradient_norm": 2.1637721061706543, "pid": 4089415, "elapsed_this_session_seconds": 3672.3727371776477, "steps_this_session": 7120, "phase": "training", "gpu": "4"}
{"step": 7140, "total": 24000, "loss": 0.09983057528734207, "mixture_probability": 0.0, "actual_mixture": 0.0, "gradient_norm": 2.3119540214538574, "pid": 4089415, "elapsed_this_session_seconds": 3679.4250665362924, "steps_this_session": 7140, "phase": "training", "gpu": "4"}
{"step": 7160, "total": 24000, "loss": 0.08078220672905445, "mixture_probability": 0.0, "actual_mixture": 0.0, "gradient_norm": 1.814081072807312, "pid": 4089415, "elapsed_this_session_seconds": 3686.428849702701, "steps_this_session": 7160, "phase": "training", "gpu": "4"}
{"step": 7180, "total": 24000, "loss": 0.10690135136246681, "mixture_probability": 0.0, "actual_mixture": 0.0, "gradient_norm": 2.1577606201171875, "pid": 4089415, "elapsed_this_session_seconds": 3693.4199891723692, "steps_this_session": 7180, "phase": "training", "gpu": "4"}
{"step": 7200, "total": 24000, "loss": 0.12974928319454193, "mixture_probability": 0.0, "actual_mixture": 0.0, "gradient_norm": 2.728511095046997, "pid": 4089415, "elapsed_this_session_seconds": 3700.550570511259, "steps_this_session": 7200, "phase": "training", "gpu": "4"}
{"step": 7220, "total": 24000, "loss": 0.14131926745176315, "mixture_probability": 0.0, "actual_mixture": 0.0, "gradient_norm": 2.3694450855255127, "pid": 4089415, "elapsed_this_session_seconds": 3707.7051697364077, "steps_this_session": 7220, "phase": "training", "gpu": "4"}
{"step": 7240, "total": 24000, "loss": 0.1195164080709219, "mixture_probability": 0.0, "actual_mixture": 0.0, "gradient_norm": 2.6534857749938965, "pid": 4089415, "elapsed_this_session_seconds": 3715.4109356962144, "steps_this_session": 7240, "phase": "training", "gpu": "4"}
{"step": 7260, "total": 24000, "loss": 0.09416557475924492, "mixture_probability": 0.0, "actual_mixture": 0.0, "gradient_norm": 1.8639808893203735, "pid": 4089415, "elapsed_this_session_seconds": 3722.9501154664904, "steps_this_session": 7260, "phase": "training", "gpu": "4"}
{"step": 7280, "total": 24000, "loss": 0.14664839953184128, "mixture_probability": 0.0, "actual_mixture": 0.0, "gradient_norm": 2.5723843574523926, "pid": 4089415, "elapsed_this_session_seconds": 3730.6648888196796, "steps_this_session": 7280, "phase": "training", "gpu": "4"}
{"step": 7300, "total": 24000, "loss": 0.13902967795729637, "mixture_probability": 0.0, "actual_mixture": 0.0, "gradient_norm": 2.428537607192993, "pid": 4089415, "elapsed_this_session_seconds": 3738.298348543234, "steps_this_session": 7300, "phase": "training", "gpu": "4"}
{"step": 7320, "total": 24000, "loss": 0.13845708593726158, "mixture_probability": 0.0, "actual_mixture": 0.0, "gradient_norm": 2.6315953731536865, "pid": 4089415, "elapsed_this_session_seconds": 3745.9372682459652, "steps_this_session": 7320, "phase": "training", "gpu": "4"}
{"step": 7340, "total": 24000, "loss": 0.0889641735702753, "mixture_probability": 0.0, "actual_mixture": 0.0, "gradient_norm": 2.00270938873291, "pid": 4089415, "elapsed_this_session_seconds": 3754.16436028108, "steps_this_session": 7340, "phase": "training", "gpu": "4"}
{"step": 7360, "total": 24000, "loss": 0.08190548792481422, "mixture_probability": 0.0, "actual_mixture": 0.0, "gradient_norm": 2.0616557598114014, "pid": 4089415, "elapsed_this_session_seconds": 3761.6220216546208, "steps_this_session": 7360, "phase": "training", "gpu": "4"}
{"step": 7380, "total": 24000, "loss": 0.10383671522140503, "mixture_probability": 0.0, "actual_mixture": 0.0, "gradient_norm": 2.214174747467041, "pid": 4089415, "elapsed_this_session_seconds": 3769.386381879449, "steps_this_session": 7380, "phase": "training", "gpu": "4"}
{"step": 7400, "total": 24000, "loss": 0.10635416954755783, "mixture_probability": 0.0, "actual_mixture": 0.0, "gradient_norm": 2.471928596496582, "pid": 4089415, "elapsed_this_session_seconds": 3776.9716226393357, "steps_this_session": 7400, "phase": "training", "gpu": "4"}
{"step": 7420, "total": 24000, "loss": 0.09983065351843834, "mixture_probability": 0.0, "actual_mixture": 0.0, "gradient_norm": 2.0627100467681885, "pid": 4089415, "elapsed_this_session_seconds": 3784.4580197818577, "steps_this_session": 7420, "phase": "training", "gpu": "4"}
{"step": 7440, "total": 24000, "loss": 0.09168419241905212, "mixture_probability": 0.0, "actual_mixture": 0.0, "gradient_norm": 1.6176191568374634, "pid": 4089415, "elapsed_this_session_seconds": 3791.999950926751, "steps_this_session": 7440, "phase": "training", "gpu": "4"}
{"step": 7460, "total": 24000, "loss": 0.1113770492374897, "mixture_probability": 0.0, "actual_mixture": 0.0, "gradient_norm": 2.37485671043396, "pid": 4089415, "elapsed_this_session_seconds": 3799.95879456494, "steps_this_session": 7460, "phase": "training", "gpu": "4"}
{"step": 7480, "total": 24000, "loss": 0.09206065908074379, "mixture_probability": 0.0, "actual_mixture": 0.0, "gradient_norm": 1.8916511535644531, "pid": 4089415, "elapsed_this_session_seconds": 3816.8388345260173, "steps_this_session": 7480, "phase": "training", "gpu": "4"}
{"step": 7500, "total": 24000, "loss": 0.12441260926425457, "mixture_probability": 0.0, "actual_mixture": 0.0, "gradient_norm": 2.7369091510772705, "pid": 4089415, "elapsed_this_session_seconds": 3838.450582869351, "steps_this_session": 7500, "phase": "training", "gpu": "4"}
{"step": 7520, "total": 24000, "loss": 0.09233120456337929, "mixture_probability": 0.0, "actual_mixture": 0.0, "gradient_norm": 2.053842544555664, "pid": 4089415, "elapsed_this_session_seconds": 3849.0929055400193, "steps_this_session": 7520, "phase": "training", "gpu": "4"}
{"step": 7540, "total": 24000, "loss": 0.11601699143648148, "mixture_probability": 0.0, "actual_mixture": 0.0, "gradient_norm": 2.405243396759033, "pid": 4089415, "elapsed_this_session_seconds": 3856.04700127244, "steps_this_session": 7540, "phase": "training", "gpu": "4"}
{"step": 7560, "total": 24000, "loss": 0.12101847492158413, "mixture_probability": 0.0, "actual_mixture": 0.0, "gradient_norm": 2.2543396949768066, "pid": 4089415, "elapsed_this_session_seconds": 3865.0102587500587, "steps_this_session": 7560, "phase": "training", "gpu": "4"}
{"step": 7580, "total": 24000, "loss": 0.0938174445182085, "mixture_probability": 0.0, "actual_mixture": 0.0, "gradient_norm": 2.0510036945343018, "pid": 4089415, "elapsed_this_session_seconds": 3874.9464251240715, "steps_this_session": 7580, "phase": "training", "gpu": "4"}
{"step": 7600, "total": 24000, "loss": 0.0874299630522728, "mixture_probability": 0.0, "actual_mixture": 0.0, "gradient_norm": 2.0574116706848145, "pid": 4089415, "elapsed_this_session_seconds": 3884.4913027537987, "steps_this_session": 7600, "phase": "training", "gpu": "4"}
{"step": 7620, "total": 24000, "loss": 0.09521769545972347, "mixture_probability": 0.0, "actual_mixture": 0.0, "gradient_norm": 2.1202940940856934, "pid": 4089415, "elapsed_this_session_seconds": 3892.3203975623474, "steps_this_session": 7620, "phase": "training", "gpu": "4"}
{"step": 7640, "total": 24000, "loss": 0.09190436452627182, "mixture_probability": 0.0, "actual_mixture": 0.0, "gradient_norm": 1.6503136157989502, "pid": 4089415, "elapsed_this_session_seconds": 3901.423945603892, "steps_this_session": 7640, "phase": "training", "gpu": "4"}
{"step": 7660, "total": 24000, "loss": 0.08190742880105972, "mixture_probability": 0.0, "actual_mixture": 0.0, "gradient_norm": 1.8228938579559326, "pid": 4089415, "elapsed_this_session_seconds": 3911.231945781037, "steps_this_session": 7660, "phase": "training", "gpu": "4"}
{"step": 7680, "total": 24000, "loss": 0.09741902723908424, "mixture_probability": 0.0, "actual_mixture": 0.0, "gradient_norm": 1.7660287618637085, "pid": 4089415, "elapsed_this_session_seconds": 3919.8971751276404, "steps_this_session": 7680, "phase": "training", "gpu": "4"}
{"step": 7700, "total": 24000, "loss": 0.08942731283605099, "mixture_probability": 0.0, "actual_mixture": 0.0, "gradient_norm": 1.914891004562378, "pid": 4089415, "elapsed_this_session_seconds": 3928.2243754798546, "steps_this_session": 7700, "phase": "training", "gpu": "4"}
{"step": 7720, "total": 24000, "loss": 0.11670892499387264, "mixture_probability": 0.0, "actual_mixture": 0.0, "gradient_norm": 2.2305705547332764, "pid": 4089415, "elapsed_this_session_seconds": 3937.711436559446, "steps_this_session": 7720, "phase": "training", "gpu": "4"}
{"step": 7740, "total": 24000, "loss": 0.08324728161096573, "mixture_probability": 0.0, "actual_mixture": 0.0, "gradient_norm": 1.6215108633041382, "pid": 4089415, "elapsed_this_session_seconds": 3947.0276276543736, "steps_this_session": 7740, "phase": "training", "gpu": "4"}
{"step": 7760, "total": 24000, "loss": 0.1499373409897089, "mixture_probability": 0.0, "actual_mixture": 0.0, "gradient_norm": 2.995821952819824, "pid": 4089415, "elapsed_this_session_seconds": 3955.789735134691, "steps_this_session": 7760, "phase": "training", "gpu": "4"}
{"step": 7780, "total": 24000, "loss": 0.10445775836706161, "mixture_probability": 0.0, "actual_mixture": 0.0, "gradient_norm": 2.435811996459961, "pid": 4089415, "elapsed_this_session_seconds": 3964.3358836388215, "steps_this_session": 7780, "phase": "training", "gpu": "4"}
{"step": 7800, "total": 24000, "loss": 0.11148419044911861, "mixture_probability": 0.0, "actual_mixture": 0.0, "gradient_norm": 2.021547317504883, "pid": 4089415, "elapsed_this_session_seconds": 3972.8176629142836, "steps_this_session": 7800, "phase": "training", "gpu": "4"}
{"step": 7820, "total": 24000, "loss": 0.16519464179873466, "mixture_probability": 0.0, "actual_mixture": 0.0, "gradient_norm": 3.6185107231140137, "pid": 4089415, "elapsed_this_session_seconds": 3981.5139101939276, "steps_this_session": 7820, "phase": "training", "gpu": "4"}
{"step": 7840, "total": 24000, "loss": 0.08759159408509731, "mixture_probability": 0.0, "actual_mixture": 0.0, "gradient_norm": 1.9909080266952515, "pid": 4089415, "elapsed_this_session_seconds": 3989.9042766541243, "steps_this_session": 7840, "phase": "training", "gpu": "4"}
{"step": 7860, "total": 24000, "loss": 0.10103083029389381, "mixture_probability": 0.0, "actual_mixture": 0.0, "gradient_norm": 2.6429104804992676, "pid": 4089415, "elapsed_this_session_seconds": 3998.2387347053736, "steps_this_session": 7860, "phase": "training", "gpu": "4"}
{"step": 7880, "total": 24000, "loss": 0.09813737124204636, "mixture_probability": 0.0, "actual_mixture": 0.0, "gradient_norm": 2.5458993911743164, "pid": 4089415, "elapsed_this_session_seconds": 4006.2827873183414, "steps_this_session": 7880, "phase": "training", "gpu": "4"}
{"step": 7900, "total": 24000, "loss": 0.2242165207862854, "mixture_probability": 0.0, "actual_mixture": 0.0, "gradient_norm": 2.8014988899230957, "pid": 4089415, "elapsed_this_session_seconds": 4014.6465450702235, "steps_this_session": 7900, "phase": "training", "gpu": "4"}
{"step": 7920, "total": 24000, "loss": 0.09830726683139801, "mixture_probability": 0.0, "actual_mixture": 0.0, "gradient_norm": 1.7299485206604004, "pid": 4089415, "elapsed_this_session_seconds": 4022.794666756876, "steps_this_session": 7920, "phase": "training", "gpu": "4"}
{"step": 7940, "total": 24000, "loss": 0.11488201655447483, "mixture_probability": 0.0, "actual_mixture": 0.0, "gradient_norm": 2.548537492752075, "pid": 4089415, "elapsed_this_session_seconds": 4031.3166666040197, "steps_this_session": 7940, "phase": "training", "gpu": "4"}
{"step": 7960, "total": 24000, "loss": 0.20706579834222794, "mixture_probability": 0.0, "actual_mixture": 0.0, "gradient_norm": 3.1468820571899414, "pid": 4089415, "elapsed_this_session_seconds": 4052.2512633800507, "steps_this_session": 7960, "phase": "training", "gpu": "4"}
{"step": 7980, "total": 24000, "loss": 0.08928301371634007, "mixture_probability": 0.0, "actual_mixture": 0.0, "gradient_norm": 2.1466662883758545, "pid": 4089415, "elapsed_this_session_seconds": 4075.114150054753, "steps_this_session": 7980, "phase": "training", "gpu": "4"}
{"step": 8000, "total": 24000, "loss": 0.0995602160692215, "mixture_probability": 0.0, "actual_mixture": 0.0, "gradient_norm": 2.0364668369293213, "pid": 4089415, "elapsed_this_session_seconds": 4085.9812134690583, "steps_this_session": 8000, "phase": "training", "gpu": "4"}
{"step": 8020, "total": 24000, "loss": 0.11445444077253342, "mixture_probability": 0.0, "actual_mixture": 0.0, "gradient_norm": 1.9541231393814087, "pid": 4089415, "elapsed_this_session_seconds": 4265.733545186929, "steps_this_session": 8020, "phase": "training", "gpu": "4"}
{"step": 8040, "total": 24000, "loss": 0.1096858624368906, "mixture_probability": 0.0, "actual_mixture": 0.0, "gradient_norm": 2.050847053527832, "pid": 4089415, "elapsed_this_session_seconds": 4275.732504487038, "steps_this_session": 8040, "phase": "training", "gpu": "4"}
{"step": 8060, "total": 24000, "loss": 0.10233003459870815, "mixture_probability": 0.0, "actual_mixture": 0.0, "gradient_norm": 2.5826306343078613, "pid": 4089415, "elapsed_this_session_seconds": 4286.581377343275, "steps_this_session": 8060, "phase": "training", "gpu": "4"}
{"step": 8080, "total": 24000, "loss": 0.10143650881946087, "mixture_probability": 0.0, "actual_mixture": 0.0, "gradient_norm": 2.0144331455230713, "pid": 4089415, "elapsed_this_session_seconds": 4297.437457553111, "steps_this_session": 8080, "phase": "training", "gpu": "4"}
{"step": 8100, "total": 24000, "loss": 0.08508859016001225, "mixture_probability": 0.0, "actual_mixture": 0.0, "gradient_norm": 1.7631120681762695, "pid": 4089415, "elapsed_this_session_seconds": 4310.001862109639, "steps_this_session": 8100, "phase": "training", "gpu": "4"}
{"step": 8120, "total": 24000, "loss": 0.10491405613720417, "mixture_probability": 0.0, "actual_mixture": 0.0, "gradient_norm": 1.8846346139907837, "pid": 4089415, "elapsed_this_session_seconds": 4317.703727387823, "steps_this_session": 8120, "phase": "training", "gpu": "4"}
{"step": 8140, "total": 24000, "loss": 0.12728542275726795, "mixture_probability": 0.0, "actual_mixture": 0.0, "gradient_norm": 2.333043098449707, "pid": 4089415, "elapsed_this_session_seconds": 4330.088359588757, "steps_this_session": 8140, "phase": "training", "gpu": "4"}
{"step": 8160, "total": 24000, "loss": 0.2009164411574602, "mixture_probability": 0.0, "actual_mixture": 0.0, "gradient_norm": 3.0655441284179688, "pid": 4089415, "elapsed_this_session_seconds": 4340.883649779484, "steps_this_session": 8160, "phase": "training", "gpu": "4"}
{"step": 8180, "total": 24000, "loss": 0.11380020529031754, "mixture_probability": 0.0, "actual_mixture": 0.0, "gradient_norm": 2.1588377952575684, "pid": 4089415, "elapsed_this_session_seconds": 4349.9238072671, "steps_this_session": 8180, "phase": "training", "gpu": "4"}
{"step": 8200, "total": 24000, "loss": 0.08980933949351311, "mixture_probability": 0.0, "actual_mixture": 0.0, "gradient_norm": 2.116083860397339, "pid": 4089415, "elapsed_this_session_seconds": 4360.695625510998, "steps_this_session": 8200, "phase": "training", "gpu": "4"}
{"step": 8220, "total": 24000, "loss": 0.08950110152363777, "mixture_probability": 0.0, "actual_mixture": 0.0, "gradient_norm": 1.7196792364120483, "pid": 4089415, "elapsed_this_session_seconds": 4369.792227553204, "steps_this_session": 8220, "phase": "training", "gpu": "4"}
{"step": 8240, "total": 24000, "loss": 0.07888036593794823, "mixture_probability": 0.0, "actual_mixture": 0.0, "gradient_norm": 1.747626543045044, "pid": 4089415, "elapsed_this_session_seconds": 4380.47981424164, "steps_this_session": 8240, "phase": "training", "gpu": "4"}
{"step": 8260, "total": 24000, "loss": 0.1334091629832983, "mixture_probability": 0.0, "actual_mixture": 0.0, "gradient_norm": 2.016695022583008, "pid": 4089415, "elapsed_this_session_seconds": 4387.784742161632, "steps_this_session": 8260, "phase": "training", "gpu": "4"}
{"step": 8280, "total": 24000, "loss": 0.08674825355410576, "mixture_probability": 0.0, "actual_mixture": 0.0, "gradient_norm": 1.7288086414337158, "pid": 4089415, "elapsed_this_session_seconds": 4398.91710578464, "steps_this_session": 8280, "phase": "training", "gpu": "4"}
{"step": 8300, "total": 24000, "loss": 0.14105140790343285, "mixture_probability": 0.0, "actual_mixture": 0.0, "gradient_norm": 2.800499677658081, "pid": 4089415, "elapsed_this_session_seconds": 4409.536528719589, "steps_this_session": 8300, "phase": "training", "gpu": "4"}
{"step": 8320, "total": 24000, "loss": 0.08918697945773602, "mixture_probability": 0.0, "actual_mixture": 0.0, "gradient_norm": 1.9218790531158447, "pid": 4089415, "elapsed_this_session_seconds": 4420.036960756406, "steps_this_session": 8320, "phase": "training", "gpu": "4"}
{"step": 8340, "total": 24000, "loss": 0.10271171107888222, "mixture_probability": 0.0, "actual_mixture": 0.0, "gradient_norm": 1.8199987411499023, "pid": 4089415, "elapsed_this_session_seconds": 4430.413740423508, "steps_this_session": 8340, "phase": "training", "gpu": "4"}
{"step": 8360, "total": 24000, "loss": 0.08611267991364002, "mixture_probability": 0.0, "actual_mixture": 0.0, "gradient_norm": 1.5592821836471558, "pid": 4089415, "elapsed_this_session_seconds": 4441.1926212524995, "steps_this_session": 8360, "phase": "training", "gpu": "4"}
{"step": 8380, "total": 24000, "loss": 0.10417428612709045, "mixture_probability": 0.0, "actual_mixture": 0.0, "gradient_norm": 2.572882652282715, "pid": 4089415, "elapsed_this_session_seconds": 4451.501945901662, "steps_this_session": 8380, "phase": "training", "gpu": "4"}
{"step": 8400, "total": 24000, "loss": 0.09105408005416393, "mixture_probability": 0.0, "actual_mixture": 0.0, "gradient_norm": 1.8751354217529297, "pid": 4089415, "elapsed_this_session_seconds": 4461.9040526924655, "steps_this_session": 8400, "phase": "training", "gpu": "4"}
{"step": 8420, "total": 24000, "loss": 0.09007058292627335, "mixture_probability": 0.0, "actual_mixture": 0.0, "gradient_norm": 2.125180959701538, "pid": 4089415, "elapsed_this_session_seconds": 4472.150086600333, "steps_this_session": 8420, "phase": "training", "gpu": "4"}
{"step": 8440, "total": 24000, "loss": 0.08391371555626392, "mixture_probability": 0.0, "actual_mixture": 0.0, "gradient_norm": 1.867828369140625, "pid": 4089415, "elapsed_this_session_seconds": 4482.388833196834, "steps_this_session": 8440, "phase": "training", "gpu": "4"}
{"step": 8460, "total": 24000, "loss": 0.12368994019925594, "mixture_probability": 0.0, "actual_mixture": 0.0, "gradient_norm": 2.5328054428100586, "pid": 4089415, "elapsed_this_session_seconds": 4493.884593700059, "steps_this_session": 8460, "phase": "training", "gpu": "4"}
{"step": 8480, "total": 24000, "loss": 0.1186794601380825, "mixture_probability": 0.0, "actual_mixture": 0.0, "gradient_norm": 2.2548744678497314, "pid": 4089415, "elapsed_this_session_seconds": 4520.443886935711, "steps_this_session": 8480, "phase": "training", "gpu": "4"}
{"step": 8500, "total": 24000, "loss": 0.10204396024346352, "mixture_probability": 0.0, "actual_mixture": 0.0, "gradient_norm": 2.05290150642395, "pid": 4089415, "elapsed_this_session_seconds": 4544.664031102322, "steps_this_session": 8500, "phase": "training", "gpu": "4"}
{"step": 8520, "total": 24000, "loss": 0.08865462429821491, "mixture_probability": 0.0, "actual_mixture": 0.0, "gradient_norm": 2.1566882133483887, "pid": 4089415, "elapsed_this_session_seconds": 4559.5280333971605, "steps_this_session": 8520, "phase": "training", "gpu": "4"}
{"step": 8540, "total": 24000, "loss": 0.09767454117536545, "mixture_probability": 0.0, "actual_mixture": 0.0, "gradient_norm": 2.3529648780822754, "pid": 4089415, "elapsed_this_session_seconds": 4567.846204517409, "steps_this_session": 8540, "phase": "training", "gpu": "4"}
{"step": 8560, "total": 24000, "loss": 0.11232755146920681, "mixture_probability": 0.0, "actual_mixture": 0.0, "gradient_norm": 2.518735885620117, "pid": 4089415, "elapsed_this_session_seconds": 4579.3753975797445, "steps_this_session": 8560, "phase": "training", "gpu": "4"}
{"step": 8580, "total": 24000, "loss": 0.08466026000678539, "mixture_probability": 0.0, "actual_mixture": 0.0, "gradient_norm": 1.827558994293213, "pid": 4089415, "elapsed_this_session_seconds": 4591.403159476817, "steps_this_session": 8580, "phase": "training", "gpu": "4"}
{"step": 8600, "total": 24000, "loss": 0.08318963088095188, "mixture_probability": 0.0, "actual_mixture": 0.0, "gradient_norm": 1.4241060018539429, "pid": 4089415, "elapsed_this_session_seconds": 4603.049067880958, "steps_this_session": 8600, "phase": "training", "gpu": "4"}
{"step": 8620, "total": 24000, "loss": 0.10119920037686825, "mixture_probability": 0.0, "actual_mixture": 0.0, "gradient_norm": 2.5895369052886963, "pid": 4089415, "elapsed_this_session_seconds": 4616.620498119853, "steps_this_session": 8620, "phase": "training", "gpu": "4"}
{"step": 8640, "total": 24000, "loss": 0.08896847069263458, "mixture_probability": 0.0, "actual_mixture": 0.0, "gradient_norm": 2.2630906105041504, "pid": 4089415, "elapsed_this_session_seconds": 4627.891433713958, "steps_this_session": 8640, "phase": "training", "gpu": "4"}
{"step": 8660, "total": 24000, "loss": 0.14547344110906124, "mixture_probability": 0.0, "actual_mixture": 0.0, "gradient_norm": 2.4999051094055176, "pid": 4089415, "elapsed_this_session_seconds": 4642.456851345487, "steps_this_session": 8660, "phase": "training", "gpu": "4"}
{"step": 8680, "total": 24000, "loss": 0.0894427839666605, "mixture_probability": 0.0, "actual_mixture": 0.0, "gradient_norm": 2.227463722229004, "pid": 4089415, "elapsed_this_session_seconds": 4651.988328414969, "steps_this_session": 8680, "phase": "training", "gpu": "4"}
{"step": 8700, "total": 24000, "loss": 0.09365841373801231, "mixture_probability": 0.0, "actual_mixture": 0.0, "gradient_norm": 2.0856752395629883, "pid": 4089415, "elapsed_this_session_seconds": 4664.65653238073, "steps_this_session": 8700, "phase": "training", "gpu": "4"}
{"step": 8720, "total": 24000, "loss": 0.08643382415175438, "mixture_probability": 0.0, "actual_mixture": 0.0, "gradient_norm": 1.9313334226608276, "pid": 4089415, "elapsed_this_session_seconds": 4674.447305297479, "steps_this_session": 8720, "phase": "training", "gpu": "4"}
{"step": 8740, "total": 24000, "loss": 0.11304980702698231, "mixture_probability": 0.0, "actual_mixture": 0.0, "gradient_norm": 3.560948133468628, "pid": 4089415, "elapsed_this_session_seconds": 4686.118460282683, "steps_this_session": 8740, "phase": "training", "gpu": "4"}
{"step": 8760, "total": 24000, "loss": 0.1656217761337757, "mixture_probability": 0.0, "actual_mixture": 0.0, "gradient_norm": 2.9191012382507324, "pid": 4089415, "elapsed_this_session_seconds": 4695.497201520018, "steps_this_session": 8760, "phase": "training", "gpu": "4"}
{"step": 8780, "total": 24000, "loss": 0.1694930214434862, "mixture_probability": 0.0, "actual_mixture": 0.0, "gradient_norm": 2.537367105484009, "pid": 4089415, "elapsed_this_session_seconds": 4706.872012875974, "steps_this_session": 8780, "phase": "training", "gpu": "4"}
{"step": 8800, "total": 24000, "loss": 0.11609619297087193, "mixture_probability": 0.0, "actual_mixture": 0.0, "gradient_norm": 2.1813182830810547, "pid": 4089415, "elapsed_this_session_seconds": 4713.992610937916, "steps_this_session": 8800, "phase": "training", "gpu": "4"}
{"step": 8820, "total": 24000, "loss": 0.08429309725761414, "mixture_probability": 0.0, "actual_mixture": 0.0, "gradient_norm": 1.8966277837753296, "pid": 4089415, "elapsed_this_session_seconds": 4724.789915393107, "steps_this_session": 8820, "phase": "training", "gpu": "4"}
{"step": 8840, "total": 24000, "loss": 0.11149564199149609, "mixture_probability": 0.0, "actual_mixture": 0.0, "gradient_norm": 2.207569122314453, "pid": 4089415, "elapsed_this_session_seconds": 4734.663041265681, "steps_this_session": 8840, "phase": "training", "gpu": "4"}
{"step": 8860, "total": 24000, "loss": 0.08765751123428345, "mixture_probability": 0.0, "actual_mixture": 0.0, "gradient_norm": 1.8528637886047363, "pid": 4089415, "elapsed_this_session_seconds": 4742.167300853878, "steps_this_session": 8860, "phase": "training", "gpu": "4"}
{"step": 8880, "total": 24000, "loss": 0.09342817403376102, "mixture_probability": 0.0, "actual_mixture": 0.0, "gradient_norm": 2.011497974395752, "pid": 4089415, "elapsed_this_session_seconds": 4752.16378004849, "steps_this_session": 8880, "phase": "training", "gpu": "4"}
{"step": 8900, "total": 24000, "loss": 0.09881535172462463, "mixture_probability": 0.0, "actual_mixture": 0.0, "gradient_norm": 2.0802862644195557, "pid": 4089415, "elapsed_this_session_seconds": 4762.3953106040135, "steps_this_session": 8900, "phase": "training", "gpu": "4"}
{"step": 8920, "total": 24000, "loss": 0.09367186203598976, "mixture_probability": 0.0, "actual_mixture": 0.0, "gradient_norm": 2.086843252182007, "pid": 4089415, "elapsed_this_session_seconds": 4769.76759903878, "steps_this_session": 8920, "phase": "training", "gpu": "4"}
{"step": 8940, "total": 24000, "loss": 0.0870987270027399, "mixture_probability": 0.0, "actual_mixture": 0.0, "gradient_norm": 1.5880024433135986, "pid": 4089415, "elapsed_this_session_seconds": 4779.766480439343, "steps_this_session": 8940, "phase": "training", "gpu": "4"}
{"step": 8960, "total": 24000, "loss": 0.10191243514418602, "mixture_probability": 0.0, "actual_mixture": 0.0, "gradient_norm": 1.9817194938659668, "pid": 4089415, "elapsed_this_session_seconds": 4789.68992513977, "steps_this_session": 8960, "phase": "training", "gpu": "4"}
{"step": 8980, "total": 24000, "loss": 0.07606577128171921, "mixture_probability": 0.0, "actual_mixture": 0.0, "gradient_norm": 1.7184944152832031, "pid": 4089415, "elapsed_this_session_seconds": 4796.691516886465, "steps_this_session": 8980, "phase": "training", "gpu": "4"}
{"step": 9000, "total": 24000, "loss": 0.08694628067314625, "mixture_probability": 0.0, "actual_mixture": 0.0, "gradient_norm": 2.1190829277038574, "pid": 4089415, "elapsed_this_session_seconds": 4806.804249325767, "steps_this_session": 9000, "phase": "training", "gpu": "4"}
{"step": 9020, "total": 24000, "loss": 0.10806050896644592, "mixture_probability": 0.0, "actual_mixture": 0.0, "gradient_norm": 2.024286985397339, "pid": 4089415, "elapsed_this_session_seconds": 4816.838531955145, "steps_this_session": 9020, "phase": "training", "gpu": "4"}
{"step": 9040, "total": 24000, "loss": 0.08576475642621517, "mixture_probability": 0.0, "actual_mixture": 0.0, "gradient_norm": 2.03572416305542, "pid": 4089415, "elapsed_this_session_seconds": 4823.272084975615, "steps_this_session": 9040, "phase": "training", "gpu": "4"}
{"step": 9060, "total": 24000, "loss": 0.08600847236812115, "mixture_probability": 0.0, "actual_mixture": 0.0, "gradient_norm": 1.9259605407714844, "pid": 4089415, "elapsed_this_session_seconds": 4833.278507117182, "steps_this_session": 9060, "phase": "training", "gpu": "4"}
{"step": 9080, "total": 24000, "loss": 0.08320786617696285, "mixture_probability": 0.0, "actual_mixture": 0.0, "gradient_norm": 1.7046529054641724, "pid": 4089415, "elapsed_this_session_seconds": 4843.465431747027, "steps_this_session": 9080, "phase": "training", "gpu": "4"}
{"step": 9100, "total": 24000, "loss": 0.11151813715696335, "mixture_probability": 0.0, "actual_mixture": 0.0, "gradient_norm": 1.6027113199234009, "pid": 4089415, "elapsed_this_session_seconds": 4849.861014770344, "steps_this_session": 9100, "phase": "training", "gpu": "4"}
{"step": 9120, "total": 24000, "loss": 0.1054213996976614, "mixture_probability": 0.0, "actual_mixture": 0.0, "gradient_norm": 1.755954384803772, "pid": 4089415, "elapsed_this_session_seconds": 4860.034640396945, "steps_this_session": 9120, "phase": "training", "gpu": "4"}
{"step": 9140, "total": 24000, "loss": 0.16847590543329716, "mixture_probability": 0.0, "actual_mixture": 0.0, "gradient_norm": 2.4250407218933105, "pid": 4089415, "elapsed_this_session_seconds": 4870.168586652726, "steps_this_session": 9140, "phase": "training", "gpu": "4"}
{"step": 9160, "total": 24000, "loss": 0.08368381671607494, "mixture_probability": 0.0, "actual_mixture": 0.0, "gradient_norm": 1.8287543058395386, "pid": 4089415, "elapsed_this_session_seconds": 4875.876747453585, "steps_this_session": 9160, "phase": "training", "gpu": "4"}
{"step": 9180, "total": 24000, "loss": 0.17205261439085007, "mixture_probability": 0.0, "actual_mixture": 0.0, "gradient_norm": 2.766016721725464, "pid": 4089415, "elapsed_this_session_seconds": 4884.854800364003, "steps_this_session": 9180, "phase": "training", "gpu": "4"}
{"step": 9200, "total": 24000, "loss": 0.07201425265520811, "mixture_probability": 0.0, "actual_mixture": 0.0, "gradient_norm": 1.5526491403579712, "pid": 4089415, "elapsed_this_session_seconds": 4894.117310062051, "steps_this_session": 9200, "phase": "training", "gpu": "4"}
{"step": 9220, "total": 24000, "loss": 0.11332660168409348, "mixture_probability": 0.0, "actual_mixture": 0.0, "gradient_norm": 1.9193059206008911, "pid": 4089415, "elapsed_this_session_seconds": 4901.412849584594, "steps_this_session": 9220, "phase": "training", "gpu": "4"}
{"step": 9240, "total": 24000, "loss": 0.0796800758689642, "mixture_probability": 0.0, "actual_mixture": 0.0, "gradient_norm": 1.469797134399414, "pid": 4089415, "elapsed_this_session_seconds": 4909.045246860012, "steps_this_session": 9240, "phase": "training", "gpu": "4"}
{"step": 9260, "total": 24000, "loss": 0.0798118319362402, "mixture_probability": 0.0, "actual_mixture": 0.0, "gradient_norm": 2.0660312175750732, "pid": 4089415, "elapsed_this_session_seconds": 4918.335718561895, "steps_this_session": 9260, "phase": "training", "gpu": "4"}
{"step": 9280, "total": 24000, "loss": 0.1498328261077404, "mixture_probability": 0.0, "actual_mixture": 0.0, "gradient_norm": 3.505758285522461, "pid": 4089415, "elapsed_this_session_seconds": 4926.841218364425, "steps_this_session": 9280, "phase": "training", "gpu": "4"}
{"step": 9300, "total": 24000, "loss": 0.10275979712605476, "mixture_probability": 0.0, "actual_mixture": 0.0, "gradient_norm": 2.04067063331604, "pid": 4089415, "elapsed_this_session_seconds": 4934.505183568224, "steps_this_session": 9300, "phase": "training", "gpu": "4"}
{"step": 9320, "total": 24000, "loss": 0.1208481453359127, "mixture_probability": 0.0, "actual_mixture": 0.0, "gradient_norm": 2.5420193672180176, "pid": 4089415, "elapsed_this_session_seconds": 4941.888795682229, "steps_this_session": 9320, "phase": "training", "gpu": "4"}
{"step": 9340, "total": 24000, "loss": 0.08012792840600014, "mixture_probability": 0.0, "actual_mixture": 0.0, "gradient_norm": 1.678739070892334, "pid": 4089415, "elapsed_this_session_seconds": 4950.852413379587, "steps_this_session": 9340, "phase": "training", "gpu": "4"}
{"step": 9360, "total": 24000, "loss": 0.12362204678356647, "mixture_probability": 0.0, "actual_mixture": 0.0, "gradient_norm": 2.0148332118988037, "pid": 4089415, "elapsed_this_session_seconds": 4959.420642501675, "steps_this_session": 9360, "phase": "training", "gpu": "4"}
{"step": 9380, "total": 24000, "loss": 0.08107984438538551, "mixture_probability": 0.0, "actual_mixture": 0.0, "gradient_norm": 1.5213207006454468, "pid": 4089415, "elapsed_this_session_seconds": 4967.293614022434, "steps_this_session": 9380, "phase": "training", "gpu": "4"}
{"step": 9400, "total": 24000, "loss": 0.09120208956301212, "mixture_probability": 0.0, "actual_mixture": 0.0, "gradient_norm": 1.5799312591552734, "pid": 4089415, "elapsed_this_session_seconds": 4974.487069992349, "steps_this_session": 9400, "phase": "training", "gpu": "4"}
{"step": 9420, "total": 24000, "loss": 0.08517328836023808, "mixture_probability": 0.0, "actual_mixture": 0.0, "gradient_norm": 1.9951790571212769, "pid": 4089415, "elapsed_this_session_seconds": 4983.19656539429, "steps_this_session": 9420, "phase": "training", "gpu": "4"}
{"step": 9440, "total": 24000, "loss": 0.09785285219550133, "mixture_probability": 0.0, "actual_mixture": 0.0, "gradient_norm": 1.8471500873565674, "pid": 4089415, "elapsed_this_session_seconds": 4991.358515060507, "steps_this_session": 9440, "phase": "training", "gpu": "4"}
{"step": 9460, "total": 24000, "loss": 0.10616398230195045, "mixture_probability": 0.0, "actual_mixture": 0.0, "gradient_norm": 2.0950090885162354, "pid": 4089415, "elapsed_this_session_seconds": 5000.118376364, "steps_this_session": 9460, "phase": "training", "gpu": "4"}
{"step": 9480, "total": 24000, "loss": 0.10310348495841026, "mixture_probability": 0.0, "actual_mixture": 0.0, "gradient_norm": 1.7828633785247803, "pid": 4089415, "elapsed_this_session_seconds": 5006.052638376132, "steps_this_session": 9480, "phase": "training", "gpu": "4"}
{"step": 9500, "total": 24000, "loss": 0.08311403263360262, "mixture_probability": 0.0, "actual_mixture": 0.0, "gradient_norm": 1.6090285778045654, "pid": 4089415, "elapsed_this_session_seconds": 5014.02394089289, "steps_this_session": 9500, "phase": "training", "gpu": "4"}
{"step": 9520, "total": 24000, "loss": 0.10619902983307838, "mixture_probability": 0.0, "actual_mixture": 0.0, "gradient_norm": 1.7932186126708984, "pid": 4089415, "elapsed_this_session_seconds": 5022.270973345265, "steps_this_session": 9520, "phase": "training", "gpu": "4"}
{"step": 9540, "total": 24000, "loss": 0.09120055101811886, "mixture_probability": 0.0, "actual_mixture": 0.0, "gradient_norm": 1.8282138109207153, "pid": 4089415, "elapsed_this_session_seconds": 5030.454162845388, "steps_this_session": 9540, "phase": "training", "gpu": "4"}
{"step": 9560, "total": 24000, "loss": 0.07713337428867817, "mixture_probability": 0.0, "actual_mixture": 0.0, "gradient_norm": 1.803337812423706, "pid": 4089415, "elapsed_this_session_seconds": 5039.35420044139, "steps_this_session": 9560, "phase": "training", "gpu": "4"}
{"step": 9580, "total": 24000, "loss": 0.08388052135705948, "mixture_probability": 0.0, "actual_mixture": 0.0, "gradient_norm": 1.6775214672088623, "pid": 4089415, "elapsed_this_session_seconds": 5044.588631925173, "steps_this_session": 9580, "phase": "training", "gpu": "4"}
{"step": 9600, "total": 24000, "loss": 0.09362227283418179, "mixture_probability": 0.0, "actual_mixture": 0.0, "gradient_norm": 2.2563250064849854, "pid": 4089415, "elapsed_this_session_seconds": 5052.692185092717, "steps_this_session": 9600, "phase": "training", "gpu": "4"}
{"step": 9620, "total": 24000, "loss": 0.10441412590444088, "mixture_probability": 0.0, "actual_mixture": 0.0, "gradient_norm": 2.1534693241119385, "pid": 4089415, "elapsed_this_session_seconds": 5060.97497141175, "steps_this_session": 9620, "phase": "training", "gpu": "4"}
{"step": 9640, "total": 24000, "loss": 0.10082185827195644, "mixture_probability": 0.0, "actual_mixture": 0.0, "gradient_norm": 1.9163118600845337, "pid": 4089415, "elapsed_this_session_seconds": 5069.0984216649085, "steps_this_session": 9640, "phase": "training", "gpu": "4"}
{"step": 9660, "total": 24000, "loss": 0.10030478797852993, "mixture_probability": 0.0, "actual_mixture": 0.0, "gradient_norm": 1.8352910280227661, "pid": 4089415, "elapsed_this_session_seconds": 5077.31714663282, "steps_this_session": 9660, "phase": "training", "gpu": "4"}
{"step": 9680, "total": 24000, "loss": 0.10389661975204945, "mixture_probability": 0.0, "actual_mixture": 0.0, "gradient_norm": 2.1993629932403564, "pid": 4089415, "elapsed_this_session_seconds": 5083.395391464233, "steps_this_session": 9680, "phase": "training", "gpu": "4"}
{"step": 9700, "total": 24000, "loss": 0.1033699419349432, "mixture_probability": 0.0, "actual_mixture": 0.0, "gradient_norm": 2.132798433303833, "pid": 4089415, "elapsed_this_session_seconds": 5091.242807091214, "steps_this_session": 9700, "phase": "training", "gpu": "4"}
{"step": 9720, "total": 24000, "loss": 0.08217278495430946, "mixture_probability": 0.0, "actual_mixture": 0.0, "gradient_norm": 1.911686897277832, "pid": 4089415, "elapsed_this_session_seconds": 5099.222385363653, "steps_this_session": 9720, "phase": "training", "gpu": "4"}
{"step": 9740, "total": 24000, "loss": 0.09594277665019035, "mixture_probability": 0.0, "actual_mixture": 0.0, "gradient_norm": 2.2633283138275146, "pid": 4089415, "elapsed_this_session_seconds": 5107.398201987147, "steps_this_session": 9740, "phase": "training", "gpu": "4"}
{"step": 9760, "total": 24000, "loss": 0.08140853233635426, "mixture_probability": 0.0, "actual_mixture": 0.0, "gradient_norm": 1.6833503246307373, "pid": 4089415, "elapsed_this_session_seconds": 5115.000722507015, "steps_this_session": 9760, "phase": "training", "gpu": "4"}
{"step": 9780, "total": 24000, "loss": 0.07377575524151325, "mixture_probability": 0.0, "actual_mixture": 0.0, "gradient_norm": 1.63974130153656, "pid": 4089415, "elapsed_this_session_seconds": 5123.477187440731, "steps_this_session": 9780, "phase": "training", "gpu": "4"}
{"step": 9800, "total": 24000, "loss": 0.11880196258425713, "mixture_probability": 0.0, "actual_mixture": 0.0, "gradient_norm": 2.1621100902557373, "pid": 4089415, "elapsed_this_session_seconds": 5131.081797854975, "steps_this_session": 9800, "phase": "training", "gpu": "4"}
{"step": 9820, "total": 24000, "loss": 0.09606236405670643, "mixture_probability": 0.0, "actual_mixture": 0.0, "gradient_norm": 2.1310791969299316, "pid": 4089415, "elapsed_this_session_seconds": 5138.6682782284915, "steps_this_session": 9820, "phase": "training", "gpu": "4"}
{"step": 9840, "total": 24000, "loss": 0.16408668272197247, "mixture_probability": 0.0, "actual_mixture": 0.0, "gradient_norm": 2.7754831314086914, "pid": 4089415, "elapsed_this_session_seconds": 5146.244097086601, "steps_this_session": 9840, "phase": "training", "gpu": "4"}
{"step": 9860, "total": 24000, "loss": 0.19797572493553162, "mixture_probability": 0.0, "actual_mixture": 0.0, "gradient_norm": 10.061635971069336, "pid": 4089415, "elapsed_this_session_seconds": 5153.7991248276085, "steps_this_session": 9860, "phase": "training", "gpu": "4"}
{"step": 9880, "total": 24000, "loss": 0.0750854006037116, "mixture_probability": 0.0, "actual_mixture": 0.0, "gradient_norm": 1.7318341732025146, "pid": 4089415, "elapsed_this_session_seconds": 5161.6507226694375, "steps_this_session": 9880, "phase": "training", "gpu": "4"}
{"step": 9900, "total": 24000, "loss": 0.11903575994074345, "mixture_probability": 0.0, "actual_mixture": 0.0, "gradient_norm": 12.598247528076172, "pid": 4089415, "elapsed_this_session_seconds": 5169.222638242878, "steps_this_session": 9900, "phase": "training", "gpu": "4"}
{"step": 9920, "total": 24000, "loss": 0.10578122921288013, "mixture_probability": 0.0, "actual_mixture": 0.0, "gradient_norm": 2.0375306606292725, "pid": 4089415, "elapsed_this_session_seconds": 5176.680569192395, "steps_this_session": 9920, "phase": "training", "gpu": "4"}
{"step": 9940, "total": 24000, "loss": 0.07186045590788126, "mixture_probability": 0.0, "actual_mixture": 0.0, "gradient_norm": 1.5531643629074097, "pid": 4089415, "elapsed_this_session_seconds": 5184.120572463609, "steps_this_session": 9940, "phase": "training", "gpu": "4"}
{"step": 9960, "total": 24000, "loss": 0.12112503312528133, "mixture_probability": 0.0, "actual_mixture": 0.0, "gradient_norm": 2.3021140098571777, "pid": 4089415, "elapsed_this_session_seconds": 5191.491013118997, "steps_this_session": 9960, "phase": "training", "gpu": "4"}
{"step": 9980, "total": 24000, "loss": 0.08464652858674526, "mixture_probability": 0.0, "actual_mixture": 0.0, "gradient_norm": 1.825819492340088, "pid": 4089415, "elapsed_this_session_seconds": 5199.491808828898, "steps_this_session": 9980, "phase": "training", "gpu": "4"}
{"step": 10000, "total": 24000, "loss": 0.09713472798466682, "mixture_probability": 0.0, "actual_mixture": 0.0, "gradient_norm": 1.8002748489379883, "pid": 4089415, "elapsed_this_session_seconds": 5206.877608144656, "steps_this_session": 10000, "phase": "training", "gpu": "4"}
{"step": 10020, "total": 24000, "loss": 0.08399093337357044, "mixture_probability": 0.0, "actual_mixture": 0.0, "gradient_norm": 1.8533161878585815, "pid": 4089415, "elapsed_this_session_seconds": 5359.89290886838, "steps_this_session": 10020, "phase": "training", "gpu": "4"}
{"step": 10040, "total": 24000, "loss": 0.09280901588499546, "mixture_probability": 0.0, "actual_mixture": 0.0, "gradient_norm": 2.0066282749176025, "pid": 4089415, "elapsed_this_session_seconds": 5367.1921175392345, "steps_this_session": 10040, "phase": "training", "gpu": "4"}
{"step": 10060, "total": 24000, "loss": 0.08290276303887367, "mixture_probability": 0.0, "actual_mixture": 0.0, "gradient_norm": 1.7438222169876099, "pid": 4089415, "elapsed_this_session_seconds": 5376.593841779977, "steps_this_session": 10060, "phase": "training", "gpu": "4"}
{"step": 10080, "total": 24000, "loss": 0.0749285127967596, "mixture_probability": 0.0, "actual_mixture": 0.0, "gradient_norm": 1.557427167892456, "pid": 4089415, "elapsed_this_session_seconds": 5385.726049210876, "steps_this_session": 10080, "phase": "training", "gpu": "4"}
{"step": 10100, "total": 24000, "loss": 0.10196744278073311, "mixture_probability": 0.0, "actual_mixture": 0.0, "gradient_norm": 1.7006226778030396, "pid": 4089415, "elapsed_this_session_seconds": 5394.744261365384, "steps_this_session": 10100, "phase": "training", "gpu": "4"}
{"step": 10120, "total": 24000, "loss": 0.07961760554462671, "mixture_probability": 0.0, "actual_mixture": 0.0, "gradient_norm": 1.7962054014205933, "pid": 4089415, "elapsed_this_session_seconds": 5402.119875186123, "steps_this_session": 10120, "phase": "training", "gpu": "4"}
{"step": 10140, "total": 24000, "loss": 0.06631186045706272, "mixture_probability": 0.0, "actual_mixture": 0.0, "gradient_norm": 1.7284191846847534, "pid": 4089415, "elapsed_this_session_seconds": 5410.3398205358535, "steps_this_session": 10140, "phase": "training", "gpu": "4"}
{"step": 10160, "total": 24000, "loss": 0.06482892204076052, "mixture_probability": 0.0, "actual_mixture": 0.0, "gradient_norm": 1.37506902217865, "pid": 4089415, "elapsed_this_session_seconds": 5419.434289322235, "steps_this_session": 10160, "phase": "training", "gpu": "4"}
{"step": 10180, "total": 24000, "loss": 0.08892258442938328, "mixture_probability": 0.0, "actual_mixture": 0.0, "gradient_norm": 1.6975929737091064, "pid": 4089415, "elapsed_this_session_seconds": 5428.36636863742, "steps_this_session": 10180, "phase": "training", "gpu": "4"}
{"step": 10200, "total": 24000, "loss": 0.11246179044246674, "mixture_probability": 0.0, "actual_mixture": 0.0, "gradient_norm": 2.119025945663452, "pid": 4089415, "elapsed_this_session_seconds": 5438.013482433744, "steps_this_session": 10200, "phase": "training", "gpu": "4"}
{"step": 10220, "total": 24000, "loss": 0.1368779968470335, "mixture_probability": 0.0, "actual_mixture": 0.0, "gradient_norm": 2.2952942848205566, "pid": 4089415, "elapsed_this_session_seconds": 5443.28886355646, "steps_this_session": 10220, "phase": "training", "gpu": "4"}
{"step": 10240, "total": 24000, "loss": 0.07501884922385216, "mixture_probability": 0.0, "actual_mixture": 0.0, "gradient_norm": 1.8812916278839111, "pid": 4089415, "elapsed_this_session_seconds": 5451.951421641745, "steps_this_session": 10240, "phase": "training", "gpu": "4"}
{"step": 10260, "total": 24000, "loss": 0.06663492601364851, "mixture_probability": 0.0, "actual_mixture": 0.0, "gradient_norm": 1.6586294174194336, "pid": 4089415, "elapsed_this_session_seconds": 5460.603277519345, "steps_this_session": 10260, "phase": "training", "gpu": "4"}
{"step": 10280, "total": 24000, "loss": 0.08847913146018982, "mixture_probability": 0.0, "actual_mixture": 0.0, "gradient_norm": 1.6454309225082397, "pid": 4089415, "elapsed_this_session_seconds": 5469.051481490955, "steps_this_session": 10280, "phase": "training", "gpu": "4"}
{"step": 10300, "total": 24000, "loss": 0.09407687000930309, "mixture_probability": 0.0, "actual_mixture": 0.0, "gradient_norm": 2.403588056564331, "pid": 4089415, "elapsed_this_session_seconds": 5476.148304994218, "steps_this_session": 10300, "phase": "training", "gpu": "4"}
{"step": 10320, "total": 24000, "loss": 0.10319815948605537, "mixture_probability": 0.0, "actual_mixture": 0.0, "gradient_norm": 2.2980477809906006, "pid": 4089415, "elapsed_this_session_seconds": 5483.53415063303, "steps_this_session": 10320, "phase": "training", "gpu": "4"}
{"step": 10340, "total": 24000, "loss": 0.07620892114937305, "mixture_probability": 0.0, "actual_mixture": 0.0, "gradient_norm": 1.3764156103134155, "pid": 4089415, "elapsed_this_session_seconds": 5491.826432673261, "steps_this_session": 10340, "phase": "training", "gpu": "4"}
{"step": 10360, "total": 24000, "loss": 0.09367489628493786, "mixture_probability": 0.0, "actual_mixture": 0.0, "gradient_norm": 1.958599328994751, "pid": 4089415, "elapsed_this_session_seconds": 5500.483314270154, "steps_this_session": 10360, "phase": "training", "gpu": "4"}
{"step": 10380, "total": 24000, "loss": 0.0792285893112421, "mixture_probability": 0.0, "actual_mixture": 0.0, "gradient_norm": 1.7912421226501465, "pid": 4089415, "elapsed_this_session_seconds": 5508.960658427328, "steps_this_session": 10380, "phase": "training", "gpu": "4"}
{"step": 10400, "total": 24000, "loss": 0.10330442246049643, "mixture_probability": 0.0, "actual_mixture": 0.0, "gradient_norm": 2.099586009979248, "pid": 4089415, "elapsed_this_session_seconds": 5517.17990153376, "steps_this_session": 10400, "phase": "training", "gpu": "4"}
{"step": 10420, "total": 24000, "loss": 0.1371350921690464, "mixture_probability": 0.0, "actual_mixture": 0.0, "gradient_norm": 3.22857666015625, "pid": 4089415, "elapsed_this_session_seconds": 5525.638020815328, "steps_this_session": 10420, "phase": "training", "gpu": "4"}
{"step": 10440, "total": 24000, "loss": 0.08658125530928373, "mixture_probability": 0.0, "actual_mixture": 0.0, "gradient_norm": 1.9346071481704712, "pid": 4089415, "elapsed_this_session_seconds": 5540.029137461446, "steps_this_session": 10440, "phase": "training", "gpu": "4"}
{"step": 10460, "total": 24000, "loss": 0.10954089649021626, "mixture_probability": 0.0, "actual_mixture": 0.0, "gradient_norm": 1.905222773551941, "pid": 4089415, "elapsed_this_session_seconds": 5563.404459347948, "steps_this_session": 10460, "phase": "training", "gpu": "4"}
{"step": 10480, "total": 24000, "loss": 0.08795022778213024, "mixture_probability": 0.0, "actual_mixture": 0.0, "gradient_norm": 1.6008987426757812, "pid": 4089415, "elapsed_this_session_seconds": 5584.607696635649, "steps_this_session": 10480, "phase": "training", "gpu": "4"}
{"step": 10500, "total": 24000, "loss": 0.07257507368922234, "mixture_probability": 0.0, "actual_mixture": 0.0, "gradient_norm": 1.759857177734375, "pid": 4089415, "elapsed_this_session_seconds": 5599.215043875389, "steps_this_session": 10500, "phase": "training", "gpu": "4"}
{"step": 10520, "total": 24000, "loss": 0.09160032495856285, "mixture_probability": 0.0, "actual_mixture": 0.0, "gradient_norm": 1.9302316904067993, "pid": 4089415, "elapsed_this_session_seconds": 5605.819962753914, "steps_this_session": 10520, "phase": "training", "gpu": "4"}
{"step": 10540, "total": 24000, "loss": 0.11402100324630737, "mixture_probability": 0.0, "actual_mixture": 0.0, "gradient_norm": 2.3426287174224854, "pid": 4089415, "elapsed_this_session_seconds": 5614.716891144402, "steps_this_session": 10540, "phase": "training", "gpu": "4"}
{"step": 10560, "total": 24000, "loss": 0.09418704081326723, "mixture_probability": 0.0, "actual_mixture": 0.0, "gradient_norm": 1.8418716192245483, "pid": 4089415, "elapsed_this_session_seconds": 5625.311656713486, "steps_this_session": 10560, "phase": "training", "gpu": "4"}
{"step": 10580, "total": 24000, "loss": 0.0925429705530405, "mixture_probability": 0.0, "actual_mixture": 0.0, "gradient_norm": 1.7979662418365479, "pid": 4089415, "elapsed_this_session_seconds": 5634.23914150428, "steps_this_session": 10580, "phase": "training", "gpu": "4"}
{"step": 10600, "total": 24000, "loss": 0.1468560080975294, "mixture_probability": 0.0, "actual_mixture": 0.0, "gradient_norm": 3.6782732009887695, "pid": 4089415, "elapsed_this_session_seconds": 5642.971581002697, "steps_this_session": 10600, "phase": "training", "gpu": "4"}
{"step": 10620, "total": 24000, "loss": 0.0864156037569046, "mixture_probability": 0.0, "actual_mixture": 0.0, "gradient_norm": 2.1450657844543457, "pid": 4089415, "elapsed_this_session_seconds": 5652.861229022965, "steps_this_session": 10620, "phase": "training", "gpu": "4"}
{"step": 10640, "total": 24000, "loss": 0.1341942995786667, "mixture_probability": 0.0, "actual_mixture": 0.0, "gradient_norm": 3.231154680252075, "pid": 4089415, "elapsed_this_session_seconds": 5662.188826991245, "steps_this_session": 10640, "phase": "training", "gpu": "4"}
{"step": 10660, "total": 24000, "loss": 0.08282655663788319, "mixture_probability": 0.0, "actual_mixture": 0.0, "gradient_norm": 1.502681851387024, "pid": 4089415, "elapsed_this_session_seconds": 5669.354138841853, "steps_this_session": 10660, "phase": "training", "gpu": "4"}
{"step": 10680, "total": 24000, "loss": 0.06933214515447617, "mixture_probability": 0.0, "actual_mixture": 0.0, "gradient_norm": 1.546958565711975, "pid": 4089415, "elapsed_this_session_seconds": 5678.055532870814, "steps_this_session": 10680, "phase": "training", "gpu": "4"}
{"step": 10700, "total": 24000, "loss": 0.08130141720175743, "mixture_probability": 0.0, "actual_mixture": 0.0, "gradient_norm": 1.6870123147964478, "pid": 4089415, "elapsed_this_session_seconds": 5687.075475484133, "steps_this_session": 10700, "phase": "training", "gpu": "4"}
{"step": 10720, "total": 24000, "loss": 0.07942212000489235, "mixture_probability": 0.0, "actual_mixture": 0.0, "gradient_norm": 1.557191252708435, "pid": 4089415, "elapsed_this_session_seconds": 5696.194268781692, "steps_this_session": 10720, "phase": "training", "gpu": "4"}
{"step": 10740, "total": 24000, "loss": 0.10968098975718021, "mixture_probability": 0.0, "actual_mixture": 0.0, "gradient_norm": 2.048758029937744, "pid": 4089415, "elapsed_this_session_seconds": 5705.535655783489, "steps_this_session": 10740, "phase": "training", "gpu": "4"}
{"step": 10760, "total": 24000, "loss": 0.07874172367155552, "mixture_probability": 0.0, "actual_mixture": 0.0, "gradient_norm": 1.502702236175537, "pid": 4089415, "elapsed_this_session_seconds": 5711.028208386153, "steps_this_session": 10760, "phase": "training", "gpu": "4"}
{"step": 10780, "total": 24000, "loss": 0.0753933060914278, "mixture_probability": 0.0, "actual_mixture": 0.0, "gradient_norm": 1.6116931438446045, "pid": 4089415, "elapsed_this_session_seconds": 5719.833349148743, "steps_this_session": 10780, "phase": "training", "gpu": "4"}
{"step": 10800, "total": 24000, "loss": 0.07514805067330599, "mixture_probability": 0.0, "actual_mixture": 0.0, "gradient_norm": 1.505967617034912, "pid": 4089415, "elapsed_this_session_seconds": 5728.641140988097, "steps_this_session": 10800, "phase": "training", "gpu": "4"}
{"step": 10820, "total": 24000, "loss": 0.0857452442869544, "mixture_probability": 0.0, "actual_mixture": 0.0, "gradient_norm": 1.7283912897109985, "pid": 4089415, "elapsed_this_session_seconds": 5737.375553231686, "steps_this_session": 10820, "phase": "training", "gpu": "4"}
{"step": 10840, "total": 24000, "loss": 0.09011371806263924, "mixture_probability": 0.0, "actual_mixture": 0.0, "gradient_norm": 1.7599555253982544, "pid": 4089415, "elapsed_this_session_seconds": 5746.225095300935, "steps_this_session": 10840, "phase": "training", "gpu": "4"}
{"step": 10860, "total": 24000, "loss": 0.09433581307530403, "mixture_probability": 0.0, "actual_mixture": 0.0, "gradient_norm": 1.944947361946106, "pid": 4089415, "elapsed_this_session_seconds": 5751.6241767322645, "steps_this_session": 10860, "phase": "training", "gpu": "4"}
{"step": 10880, "total": 24000, "loss": 0.1015609223395586, "mixture_probability": 0.0, "actual_mixture": 0.0, "gradient_norm": 2.4371695518493652, "pid": 4089415, "elapsed_this_session_seconds": 5760.142592552118, "steps_this_session": 10880, "phase": "training", "gpu": "4"}
{"step": 10900, "total": 24000, "loss": 0.08258118107914925, "mixture_probability": 0.0, "actual_mixture": 0.0, "gradient_norm": 1.6593530178070068, "pid": 4089415, "elapsed_this_session_seconds": 5768.496878571808, "steps_this_session": 10900, "phase": "training", "gpu": "4"}
{"step": 10920, "total": 24000, "loss": 0.0898850429803133, "mixture_probability": 0.0, "actual_mixture": 0.0, "gradient_norm": 2.0053625106811523, "pid": 4089415, "elapsed_this_session_seconds": 5776.86185815651, "steps_this_session": 10920, "phase": "training", "gpu": "4"}
{"step": 10940, "total": 24000, "loss": 0.08340270817279816, "mixture_probability": 0.0, "actual_mixture": 0.0, "gradient_norm": 1.5852158069610596, "pid": 4089415, "elapsed_this_session_seconds": 5786.088655329309, "steps_this_session": 10940, "phase": "training", "gpu": "4"}
{"step": 10960, "total": 24000, "loss": 0.1162212323397398, "mixture_probability": 0.0, "actual_mixture": 0.0, "gradient_norm": 3.4627585411071777, "pid": 4089415, "elapsed_this_session_seconds": 5791.180471255444, "steps_this_session": 10960, "phase": "training", "gpu": "4"}
{"step": 10980, "total": 24000, "loss": 0.11511146649718285, "mixture_probability": 0.0, "actual_mixture": 0.0, "gradient_norm": 2.6638972759246826, "pid": 4089415, "elapsed_this_session_seconds": 5799.511200258508, "steps_this_session": 10980, "phase": "training", "gpu": "4"}
{"step": 11000, "total": 24000, "loss": 0.06662847008556128, "mixture_probability": 0.0, "actual_mixture": 0.0, "gradient_norm": 1.973075270652771, "pid": 4089415, "elapsed_this_session_seconds": 5808.07372345496, "steps_this_session": 11000, "phase": "training", "gpu": "4"}
{"step": 11020, "total": 24000, "loss": 0.08441394753754139, "mixture_probability": 0.0, "actual_mixture": 0.0, "gradient_norm": 1.8763668537139893, "pid": 4089415, "elapsed_this_session_seconds": 5816.606783953495, "steps_this_session": 11020, "phase": "training", "gpu": "4"}
{"step": 11040, "total": 24000, "loss": 0.09464157372713089, "mixture_probability": 0.0, "actual_mixture": 0.0, "gradient_norm": 1.8205305337905884, "pid": 4089415, "elapsed_this_session_seconds": 5825.431343638338, "steps_this_session": 11040, "phase": "training", "gpu": "4"}
{"step": 11060, "total": 24000, "loss": 0.06970706675201654, "mixture_probability": 0.0, "actual_mixture": 0.0, "gradient_norm": 1.8139464855194092, "pid": 4089415, "elapsed_this_session_seconds": 5831.124055922963, "steps_this_session": 11060, "phase": "training", "gpu": "4"}
{"step": 11080, "total": 24000, "loss": 0.07025255635380745, "mixture_probability": 0.0, "actual_mixture": 0.0, "gradient_norm": 1.8773561716079712, "pid": 4089415, "elapsed_this_session_seconds": 5839.43313977588, "steps_this_session": 11080, "phase": "training", "gpu": "4"}
{"step": 11100, "total": 24000, "loss": 0.09780958481132984, "mixture_probability": 0.0, "actual_mixture": 0.0, "gradient_norm": 1.8081715106964111, "pid": 4089415, "elapsed_this_session_seconds": 5847.842599669471, "steps_this_session": 11100, "phase": "training", "gpu": "4"}
{"step": 11120, "total": 24000, "loss": 0.11026138998568058, "mixture_probability": 0.0, "actual_mixture": 0.0, "gradient_norm": 2.033250093460083, "pid": 4089415, "elapsed_this_session_seconds": 5856.37785901688, "steps_this_session": 11120, "phase": "training", "gpu": "4"}
{"step": 11140, "total": 24000, "loss": 0.09123737551271915, "mixture_probability": 0.0, "actual_mixture": 0.0, "gradient_norm": 1.884482502937317, "pid": 4089415, "elapsed_this_session_seconds": 5864.88430384174, "steps_this_session": 11140, "phase": "training", "gpu": "4"}
{"step": 11160, "total": 24000, "loss": 0.07830511778593063, "mixture_probability": 0.0, "actual_mixture": 0.0, "gradient_norm": 1.7297362089157104, "pid": 4089415, "elapsed_this_session_seconds": 5871.2102165762335, "steps_this_session": 11160, "phase": "training", "gpu": "4"}
{"step": 11180, "total": 24000, "loss": 0.0682004876434803, "mixture_probability": 0.0, "actual_mixture": 0.0, "gradient_norm": 1.8748942613601685, "pid": 4089415, "elapsed_this_session_seconds": 5878.83949007839, "steps_this_session": 11180, "phase": "training", "gpu": "4"}
{"step": 11200, "total": 24000, "loss": 0.08927412889897823, "mixture_probability": 0.0, "actual_mixture": 0.0, "gradient_norm": 1.808870792388916, "pid": 4089415, "elapsed_this_session_seconds": 5887.3877710253, "steps_this_session": 11200, "phase": "training", "gpu": "4"}
{"step": 11220, "total": 24000, "loss": 0.09490670263767242, "mixture_probability": 0.0, "actual_mixture": 0.0, "gradient_norm": 2.523325204849243, "pid": 4089415, "elapsed_this_session_seconds": 5895.620236822404, "steps_this_session": 11220, "phase": "training", "gpu": "4"}
{"step": 11240, "total": 24000, "loss": 0.0709648821502924, "mixture_probability": 0.0, "actual_mixture": 0.0, "gradient_norm": 1.6901558637619019, "pid": 4089415, "elapsed_this_session_seconds": 5904.077286705375, "steps_this_session": 11240, "phase": "training", "gpu": "4"}
{"step": 11260, "total": 24000, "loss": 0.10428117774426937, "mixture_probability": 0.0, "actual_mixture": 0.0, "gradient_norm": 1.9340358972549438, "pid": 4089415, "elapsed_this_session_seconds": 5911.329127509147, "steps_this_session": 11260, "phase": "training", "gpu": "4"}
{"step": 11280, "total": 24000, "loss": 0.07745910808444023, "mixture_probability": 0.0, "actual_mixture": 0.0, "gradient_norm": 1.8064677715301514, "pid": 4089415, "elapsed_this_session_seconds": 5918.885582502, "steps_this_session": 11280, "phase": "training", "gpu": "4"}
{"step": 11300, "total": 24000, "loss": 0.08867193944752216, "mixture_probability": 0.0, "actual_mixture": 0.0, "gradient_norm": 2.2265782356262207, "pid": 4089415, "elapsed_this_session_seconds": 5926.346418889239, "steps_this_session": 11300, "phase": "training", "gpu": "4"}
{"step": 11320, "total": 24000, "loss": 0.09784497134387493, "mixture_probability": 0.0, "actual_mixture": 0.0, "gradient_norm": 1.784649133682251, "pid": 4089415, "elapsed_this_session_seconds": 5933.787237123586, "steps_this_session": 11320, "phase": "training", "gpu": "4"}
{"step": 11340, "total": 24000, "loss": 0.073744872584939, "mixture_probability": 0.0, "actual_mixture": 0.0, "gradient_norm": 1.3770225048065186, "pid": 4089415, "elapsed_this_session_seconds": 5941.219464151189, "steps_this_session": 11340, "phase": "training", "gpu": "4"}
{"step": 11360, "total": 24000, "loss": 0.07288817409425974, "mixture_probability": 0.0, "actual_mixture": 0.0, "gradient_norm": 1.5399562120437622, "pid": 4089415, "elapsed_this_session_seconds": 5948.631892749108, "steps_this_session": 11360, "phase": "training", "gpu": "4"}
{"step": 11380, "total": 24000, "loss": 0.09115241654217243, "mixture_probability": 0.0, "actual_mixture": 0.0, "gradient_norm": 1.6866339445114136, "pid": 4089415, "elapsed_this_session_seconds": 5956.511007278226, "steps_this_session": 11380, "phase": "training", "gpu": "4"}
{"step": 11400, "total": 24000, "loss": 0.08583678491413593, "mixture_probability": 0.0, "actual_mixture": 0.0, "gradient_norm": 1.7509044408798218, "pid": 4089415, "elapsed_this_session_seconds": 5963.930976388976, "steps_this_session": 11400, "phase": "training", "gpu": "4"}
{"step": 11420, "total": 24000, "loss": 0.07903880625963211, "mixture_probability": 0.0, "actual_mixture": 0.0, "gradient_norm": 1.69495689868927, "pid": 4089415, "elapsed_this_session_seconds": 5971.370337397791, "steps_this_session": 11420, "phase": "training", "gpu": "4"}
{"step": 11440, "total": 24000, "loss": 0.2215052004903555, "mixture_probability": 0.0, "actual_mixture": 0.0, "gradient_norm": 6.680079936981201, "pid": 4089415, "elapsed_this_session_seconds": 5978.769658317789, "steps_this_session": 11440, "phase": "training", "gpu": "4"}
{"step": 11460, "total": 24000, "loss": 0.15518715605139732, "mixture_probability": 0.0, "actual_mixture": 0.0, "gradient_norm": 2.9075117111206055, "pid": 4089415, "elapsed_this_session_seconds": 5986.188814084046, "steps_this_session": 11460, "phase": "training", "gpu": "4"}
{"step": 11480, "total": 24000, "loss": 0.0769784115254879, "mixture_probability": 0.0, "actual_mixture": 0.0, "gradient_norm": 1.6718131303787231, "pid": 4089415, "elapsed_this_session_seconds": 5994.044867792167, "steps_this_session": 11480, "phase": "training", "gpu": "4"}
{"step": 11500, "total": 24000, "loss": 0.0671421205624938, "mixture_probability": 0.0, "actual_mixture": 0.0, "gradient_norm": 1.428473711013794, "pid": 4089415, "elapsed_this_session_seconds": 6001.519388073124, "steps_this_session": 11500, "phase": "training", "gpu": "4"}
{"step": 11520, "total": 24000, "loss": 0.08452234975993633, "mixture_probability": 0.0, "actual_mixture": 0.0, "gradient_norm": 1.5123848915100098, "pid": 4089415, "elapsed_this_session_seconds": 6008.994204189628, "steps_this_session": 11520, "phase": "training", "gpu": "4"}
{"step": 11540, "total": 24000, "loss": 0.08887188136577606, "mixture_probability": 0.0, "actual_mixture": 0.0, "gradient_norm": 1.814863920211792, "pid": 4089415, "elapsed_this_session_seconds": 6016.5372385131195, "steps_this_session": 11540, "phase": "training", "gpu": "4"}
{"step": 11560, "total": 24000, "loss": 0.07330205757170916, "mixture_probability": 0.0, "actual_mixture": 0.0, "gradient_norm": 1.7092657089233398, "pid": 4089415, "elapsed_this_session_seconds": 6023.990917486139, "steps_this_session": 11560, "phase": "training", "gpu": "4"}
{"step": 11580, "total": 24000, "loss": 0.063682003878057, "mixture_probability": 0.0, "actual_mixture": 0.0, "gradient_norm": 1.3819637298583984, "pid": 4089415, "elapsed_this_session_seconds": 6031.466577099636, "steps_this_session": 11580, "phase": "training", "gpu": "4"}
{"step": 11600, "total": 24000, "loss": 0.06980131566524506, "mixture_probability": 0.0, "actual_mixture": 0.0, "gradient_norm": 1.6807492971420288, "pid": 4089415, "elapsed_this_session_seconds": 6039.526737339795, "steps_this_session": 11600, "phase": "training", "gpu": "4"}
{"step": 11620, "total": 24000, "loss": 0.11117261275649071, "mixture_probability": 0.0, "actual_mixture": 0.0, "gradient_norm": 2.6922669410705566, "pid": 4089415, "elapsed_this_session_seconds": 6047.080508674495, "steps_this_session": 11620, "phase": "training", "gpu": "4"}
{"step": 11640, "total": 24000, "loss": 0.09533440507948399, "mixture_probability": 0.0, "actual_mixture": 0.0, "gradient_norm": 2.363770008087158, "pid": 4089415, "elapsed_this_session_seconds": 6054.703847094439, "steps_this_session": 11640, "phase": "training", "gpu": "4"}
{"step": 11660, "total": 24000, "loss": 0.08028728514909744, "mixture_probability": 0.0, "actual_mixture": 0.0, "gradient_norm": 1.6084424257278442, "pid": 4089415, "elapsed_this_session_seconds": 6062.261443761177, "steps_this_session": 11660, "phase": "training", "gpu": "4"}
{"step": 11680, "total": 24000, "loss": 0.07241766154766083, "mixture_probability": 0.0, "actual_mixture": 0.0, "gradient_norm": 1.3522840738296509, "pid": 4089415, "elapsed_this_session_seconds": 6069.9187868312, "steps_this_session": 11680, "phase": "training", "gpu": "4"}
{"step": 11700, "total": 24000, "loss": 0.0639378372579813, "mixture_probability": 0.0, "actual_mixture": 0.0, "gradient_norm": 1.5405986309051514, "pid": 4089415, "elapsed_this_session_seconds": 6077.940189180896, "steps_this_session": 11700, "phase": "training", "gpu": "4"}
{"step": 11720, "total": 24000, "loss": 0.07072182185947895, "mixture_probability": 0.0, "actual_mixture": 0.0, "gradient_norm": 1.7830849885940552, "pid": 4089415, "elapsed_this_session_seconds": 6085.554137717001, "steps_this_session": 11720, "phase": "training", "gpu": "4"}
{"step": 11740, "total": 24000, "loss": 0.0994397234171629, "mixture_probability": 0.0, "actual_mixture": 0.0, "gradient_norm": 2.1477084159851074, "pid": 4089415, "elapsed_this_session_seconds": 6093.191128154285, "steps_this_session": 11740, "phase": "training", "gpu": "4"}
{"step": 11760, "total": 24000, "loss": 0.08474919013679028, "mixture_probability": 0.0, "actual_mixture": 0.0, "gradient_norm": 1.509756326675415, "pid": 4089415, "elapsed_this_session_seconds": 6100.874975254759, "steps_this_session": 11760, "phase": "training", "gpu": "4"}
{"step": 11780, "total": 24000, "loss": 0.09889109339565039, "mixture_probability": 0.0, "actual_mixture": 0.0, "gradient_norm": 1.7099990844726562, "pid": 4089415, "elapsed_this_session_seconds": 6108.561853777617, "steps_this_session": 11780, "phase": "training", "gpu": "4"}
{"step": 11800, "total": 24000, "loss": 0.09297196194529533, "mixture_probability": 0.0, "actual_mixture": 0.0, "gradient_norm": 1.7540361881256104, "pid": 4089415, "elapsed_this_session_seconds": 6116.629555139691, "steps_this_session": 11800, "phase": "training", "gpu": "4"}
{"step": 11820, "total": 24000, "loss": 0.08960876241326332, "mixture_probability": 0.0, "actual_mixture": 0.0, "gradient_norm": 1.8179130554199219, "pid": 4089415, "elapsed_this_session_seconds": 6124.318576581776, "steps_this_session": 11820, "phase": "training", "gpu": "4"}
{"step": 11840, "total": 24000, "loss": 0.08546474855393171, "mixture_probability": 0.0, "actual_mixture": 0.0, "gradient_norm": 1.5981581211090088, "pid": 4089415, "elapsed_this_session_seconds": 6131.989680944011, "steps_this_session": 11840, "phase": "training", "gpu": "4"}
{"step": 11860, "total": 24000, "loss": 0.08569086343050003, "mixture_probability": 0.0, "actual_mixture": 0.0, "gradient_norm": 1.9467151165008545, "pid": 4089415, "elapsed_this_session_seconds": 6139.65217038244, "steps_this_session": 11860, "phase": "training", "gpu": "4"}
{"step": 11880, "total": 24000, "loss": 0.07314048428088427, "mixture_probability": 0.0, "actual_mixture": 0.0, "gradient_norm": 1.6345418691635132, "pid": 4089415, "elapsed_this_session_seconds": 6147.305226536468, "steps_this_session": 11880, "phase": "training", "gpu": "4"}
{"step": 11900, "total": 24000, "loss": 0.0864845048636198, "mixture_probability": 0.0, "actual_mixture": 0.0, "gradient_norm": 1.9337944984436035, "pid": 4089415, "elapsed_this_session_seconds": 6154.930561223067, "steps_this_session": 11900, "phase": "training", "gpu": "4"}
{"step": 11920, "total": 24000, "loss": 0.08547914773225784, "mixture_probability": 0.0, "actual_mixture": 0.0, "gradient_norm": 1.8075579404830933, "pid": 4089415, "elapsed_this_session_seconds": 6163.011297729798, "steps_this_session": 11920, "phase": "training", "gpu": "4"}
{"step": 11940, "total": 24000, "loss": 0.10444717109203339, "mixture_probability": 0.0, "actual_mixture": 0.0, "gradient_norm": 2.000603199005127, "pid": 4089415, "elapsed_this_session_seconds": 6170.640881772153, "steps_this_session": 11940, "phase": "training", "gpu": "4"}
{"step": 11960, "total": 24000, "loss": 0.07814503088593483, "mixture_probability": 0.0, "actual_mixture": 0.0, "gradient_norm": 1.4770305156707764, "pid": 4089415, "elapsed_this_session_seconds": 6178.153088133782, "steps_this_session": 11960, "phase": "training", "gpu": "4"}
{"step": 11980, "total": 24000, "loss": 0.08747890591621399, "mixture_probability": 0.0, "actual_mixture": 0.0, "gradient_norm": 1.609884262084961, "pid": 4089415, "elapsed_this_session_seconds": 6185.595259703696, "steps_this_session": 11980, "phase": "training", "gpu": "4"}
{"step": 12000, "total": 24000, "loss": 0.0775062944740057, "mixture_probability": 0.0, "actual_mixture": 0.0, "gradient_norm": 1.7030271291732788, "pid": 4089415, "elapsed_this_session_seconds": 6193.085120544769, "steps_this_session": 12000, "phase": "training", "gpu": "4"}
{"step": 12020, "total": 24000, "loss": 0.07953030336648226, "mixture_probability": 0.0, "actual_mixture": 0.0, "gradient_norm": 1.533046007156372, "pid": 4089415, "elapsed_this_session_seconds": 6298.2504665944725, "steps_this_session": 12020, "phase": "training", "gpu": "4"}
{"step": 12040, "total": 24000, "loss": 0.09506343863904476, "mixture_probability": 0.0, "actual_mixture": 0.0, "gradient_norm": 2.2220983505249023, "pid": 4089415, "elapsed_this_session_seconds": 6305.81868736539, "steps_this_session": 12040, "phase": "training", "gpu": "4"}
{"step": 12060, "total": 24000, "loss": 0.10049583576619625, "mixture_probability": 0.0, "actual_mixture": 0.0, "gradient_norm": 1.6640719175338745, "pid": 4089415, "elapsed_this_session_seconds": 6313.381747107953, "steps_this_session": 12060, "phase": "training", "gpu": "4"}
{"step": 12080, "total": 24000, "loss": 0.13362683355808258, "mixture_probability": 0.0, "actual_mixture": 0.0, "gradient_norm": 2.0834546089172363, "pid": 4089415, "elapsed_this_session_seconds": 6320.971389733255, "steps_this_session": 12080, "phase": "training", "gpu": "4"}
{"step": 12100, "total": 24000, "loss": 0.09008470177650452, "mixture_probability": 0.0, "actual_mixture": 0.0, "gradient_norm": 1.7958070039749146, "pid": 4089415, "elapsed_this_session_seconds": 6328.568162340671, "steps_this_session": 12100, "phase": "training", "gpu": "4"}
{"step": 12120, "total": 24000, "loss": 0.08146314322948456, "mixture_probability": 0.0, "actual_mixture": 0.0, "gradient_norm": 1.8835961818695068, "pid": 4089415, "elapsed_this_session_seconds": 6336.305087426677, "steps_this_session": 12120, "phase": "training", "gpu": "4"}
{"step": 12140, "total": 24000, "loss": 0.06558438297361135, "mixture_probability": 0.0, "actual_mixture": 0.0, "gradient_norm": 1.3321318626403809, "pid": 4089415, "elapsed_this_session_seconds": 6343.93291568663, "steps_this_session": 12140, "phase": "training", "gpu": "4"}
{"step": 12160, "total": 24000, "loss": 0.06629834324121475, "mixture_probability": 0.0, "actual_mixture": 0.0, "gradient_norm": 1.682671070098877, "pid": 4089415, "elapsed_this_session_seconds": 6351.642240696587, "steps_this_session": 12160, "phase": "training", "gpu": "4"}
{"step": 12180, "total": 24000, "loss": 0.06708930619060993, "mixture_probability": 0.0, "actual_mixture": 0.0, "gradient_norm": 1.7638435363769531, "pid": 4089415, "elapsed_this_session_seconds": 6359.221446870826, "steps_this_session": 12180, "phase": "training", "gpu": "4"}
{"step": 12200, "total": 24000, "loss": 0.09763713739812374, "mixture_probability": 0.0, "actual_mixture": 0.0, "gradient_norm": 1.5883375406265259, "pid": 4089415, "elapsed_this_session_seconds": 6366.85556221474, "steps_this_session": 12200, "phase": "training", "gpu": "4"}
{"step": 12220, "total": 24000, "loss": 0.07510970532894135, "mixture_probability": 0.0, "actual_mixture": 0.0, "gradient_norm": 1.8446022272109985, "pid": 4089415, "elapsed_this_session_seconds": 6375.94003732875, "steps_this_session": 12220, "phase": "training", "gpu": "4"}
{"step": 12240, "total": 24000, "loss": 0.07360722962766886, "mixture_probability": 0.0, "actual_mixture": 0.0, "gradient_norm": 1.3989015817642212, "pid": 4089415, "elapsed_this_session_seconds": 6400.308961558156, "steps_this_session": 12240, "phase": "training", "gpu": "4"}
{"step": 12260, "total": 24000, "loss": 0.07796010188758373, "mixture_probability": 0.0, "actual_mixture": 0.0, "gradient_norm": 1.5508979558944702, "pid": 4089415, "elapsed_this_session_seconds": 6419.971836321056, "steps_this_session": 12260, "phase": "training", "gpu": "4"}
{"step": 12280, "total": 24000, "loss": 0.0763257835060358, "mixture_probability": 0.0, "actual_mixture": 0.0, "gradient_norm": 1.6740998029708862, "pid": 4089415, "elapsed_this_session_seconds": 6439.795481804758, "steps_this_session": 12280, "phase": "training", "gpu": "4"}
{"step": 12300, "total": 24000, "loss": 0.08656295016407967, "mixture_probability": 0.0, "actual_mixture": 0.0, "gradient_norm": 1.8718104362487793, "pid": 4089415, "elapsed_this_session_seconds": 6456.2708142763, "steps_this_session": 12300, "phase": "training", "gpu": "4"}
{"step": 12320, "total": 24000, "loss": 0.08158415369689465, "mixture_probability": 0.0, "actual_mixture": 0.0, "gradient_norm": 1.7468841075897217, "pid": 4089415, "elapsed_this_session_seconds": 6461.861786086112, "steps_this_session": 12320, "phase": "training", "gpu": "4"}
{"step": 12340, "total": 24000, "loss": 0.0852862074971199, "mixture_probability": 0.0, "actual_mixture": 0.0, "gradient_norm": 1.6600189208984375, "pid": 4089415, "elapsed_this_session_seconds": 6470.114326426759, "steps_this_session": 12340, "phase": "training", "gpu": "4"}
{"step": 12360, "total": 24000, "loss": 0.12414212711155415, "mixture_probability": 0.0, "actual_mixture": 0.0, "gradient_norm": 2.103127956390381, "pid": 4089415, "elapsed_this_session_seconds": 6481.38761167042, "steps_this_session": 12360, "phase": "training", "gpu": "4"}
{"step": 12380, "total": 24000, "loss": 0.09181540459394455, "mixture_probability": 0.0, "actual_mixture": 0.0, "gradient_norm": 1.7543355226516724, "pid": 4089415, "elapsed_this_session_seconds": 6491.728458681144, "steps_this_session": 12380, "phase": "training", "gpu": "4"}
{"step": 12400, "total": 24000, "loss": 0.06948661431670189, "mixture_probability": 0.0, "actual_mixture": 0.0, "gradient_norm": 1.7548213005065918, "pid": 4089415, "elapsed_this_session_seconds": 6501.6407456556335, "steps_this_session": 12400, "phase": "training", "gpu": "4"}
{"step": 12420, "total": 24000, "loss": 0.08461019769310951, "mixture_probability": 0.0, "actual_mixture": 0.0, "gradient_norm": 2.069092035293579, "pid": 4089415, "elapsed_this_session_seconds": 6512.889566254802, "steps_this_session": 12420, "phase": "training", "gpu": "4"}
{"step": 12440, "total": 24000, "loss": 0.09290849976241589, "mixture_probability": 0.0, "actual_mixture": 0.0, "gradient_norm": 1.814490556716919, "pid": 4089415, "elapsed_this_session_seconds": 6524.022731858306, "steps_this_session": 12440, "phase": "training", "gpu": "4"}
{"step": 12460, "total": 24000, "loss": 0.07530248910188675, "mixture_probability": 0.0, "actual_mixture": 0.0, "gradient_norm": 1.5883830785751343, "pid": 4089415, "elapsed_this_session_seconds": 6531.951340183616, "steps_this_session": 12460, "phase": "training", "gpu": "4"}
{"step": 12480, "total": 24000, "loss": 0.07714390195906162, "mixture_probability": 0.0, "actual_mixture": 0.0, "gradient_norm": 1.6584253311157227, "pid": 4089415, "elapsed_this_session_seconds": 6543.020304106176, "steps_this_session": 12480, "phase": "training", "gpu": "4"}
{"step": 12500, "total": 24000, "loss": 0.06620154902338982, "mixture_probability": 0.0, "actual_mixture": 0.0, "gradient_norm": 1.3913490772247314, "pid": 4089415, "elapsed_this_session_seconds": 6553.678953561932, "steps_this_session": 12500, "phase": "training", "gpu": "4"}
{"step": 12520, "total": 24000, "loss": 0.07722854800522327, "mixture_probability": 0.0, "actual_mixture": 0.0, "gradient_norm": 1.5583654642105103, "pid": 4089415, "elapsed_this_session_seconds": 6561.90387213137, "steps_this_session": 12520, "phase": "training", "gpu": "4"}
{"step": 12540, "total": 24000, "loss": 0.06336227059364319, "mixture_probability": 0.0, "actual_mixture": 0.0, "gradient_norm": 1.509000301361084, "pid": 4089415, "elapsed_this_session_seconds": 6571.883230978623, "steps_this_session": 12540, "phase": "training", "gpu": "4"}
{"step": 12560, "total": 24000, "loss": 0.08608249668031931, "mixture_probability": 0.0, "actual_mixture": 0.0, "gradient_norm": 1.548120141029358, "pid": 4089415, "elapsed_this_session_seconds": 6582.101010124199, "steps_this_session": 12560, "phase": "training", "gpu": "4"}
{"step": 12580, "total": 24000, "loss": 0.08510759100317955, "mixture_probability": 0.0, "actual_mixture": 0.0, "gradient_norm": 1.6955503225326538, "pid": 4089415, "elapsed_this_session_seconds": 6592.281007536687, "steps_this_session": 12580, "phase": "training", "gpu": "4"}
{"step": 12600, "total": 24000, "loss": 0.07067492231726646, "mixture_probability": 0.0, "actual_mixture": 0.0, "gradient_norm": 1.5021172761917114, "pid": 4089415, "elapsed_this_session_seconds": 6599.577040478587, "steps_this_session": 12600, "phase": "training", "gpu": "4"}
{"step": 12620, "total": 24000, "loss": 0.06457224301993847, "mixture_probability": 0.0, "actual_mixture": 0.0, "gradient_norm": 1.3034144639968872, "pid": 4089415, "elapsed_this_session_seconds": 6609.385377342813, "steps_this_session": 12620, "phase": "training", "gpu": "4"}
{"step": 12640, "total": 24000, "loss": 0.09295868314802647, "mixture_probability": 0.0, "actual_mixture": 0.0, "gradient_norm": 2.0036511421203613, "pid": 4089415, "elapsed_this_session_seconds": 6619.199438325129, "steps_this_session": 12640, "phase": "training", "gpu": "4"}
{"step": 12660, "total": 24000, "loss": 0.08701928704977036, "mixture_probability": 0.0, "actual_mixture": 0.0, "gradient_norm": 1.6616287231445312, "pid": 4089415, "elapsed_this_session_seconds": 6627.9858110314235, "steps_this_session": 12660, "phase": "training", "gpu": "4"}
{"step": 12680, "total": 24000, "loss": 0.10860349051654339, "mixture_probability": 0.0, "actual_mixture": 0.0, "gradient_norm": 1.5014227628707886, "pid": 4089415, "elapsed_this_session_seconds": 6636.2015960281715, "steps_this_session": 12680, "phase": "training", "gpu": "4"}
{"step": 12700, "total": 24000, "loss": 0.09911077469587326, "mixture_probability": 0.0, "actual_mixture": 0.0, "gradient_norm": 1.6879252195358276, "pid": 4089415, "elapsed_this_session_seconds": 6645.699890078977, "steps_this_session": 12700, "phase": "training", "gpu": "4"}
{"step": 12720, "total": 24000, "loss": 0.08898581378161907, "mixture_probability": 0.0, "actual_mixture": 0.0, "gradient_norm": 1.6603076457977295, "pid": 4089415, "elapsed_this_session_seconds": 6655.333416538313, "steps_this_session": 12720, "phase": "training", "gpu": "4"}
{"step": 12740, "total": 24000, "loss": 0.06414681021124125, "mixture_probability": 0.0, "actual_mixture": 0.0, "gradient_norm": 1.6544508934020996, "pid": 4089415, "elapsed_this_session_seconds": 6663.105420337059, "steps_this_session": 12740, "phase": "training", "gpu": "4"}
{"step": 12760, "total": 24000, "loss": 0.08182995021343231, "mixture_probability": 0.0, "actual_mixture": 0.0, "gradient_norm": 2.0870649814605713, "pid": 4089415, "elapsed_this_session_seconds": 6671.489845830016, "steps_this_session": 12760, "phase": "training", "gpu": "4"}
{"step": 12780, "total": 24000, "loss": 0.07523773703724146, "mixture_probability": 0.0, "actual_mixture": 0.0, "gradient_norm": 1.7628941535949707, "pid": 4089415, "elapsed_this_session_seconds": 6680.9915880300105, "steps_this_session": 12780, "phase": "training", "gpu": "4"}
{"step": 12800, "total": 24000, "loss": 0.07357346825301647, "mixture_probability": 0.0, "actual_mixture": 0.0, "gradient_norm": 1.503542184829712, "pid": 4089415, "elapsed_this_session_seconds": 6689.522337569855, "steps_this_session": 12800, "phase": "training", "gpu": "4"}
{"step": 12820, "total": 24000, "loss": 0.08253300189971924, "mixture_probability": 0.0, "actual_mixture": 0.0, "gradient_norm": 1.6546448469161987, "pid": 4089415, "elapsed_this_session_seconds": 6696.90178024862, "steps_this_session": 12820, "phase": "training", "gpu": "4"}
{"step": 12840, "total": 24000, "loss": 0.08217920176684856, "mixture_probability": 0.0, "actual_mixture": 0.0, "gradient_norm": 1.6635044813156128, "pid": 4089415, "elapsed_this_session_seconds": 6706.505150930025, "steps_this_session": 12840, "phase": "training", "gpu": "4"}
{"step": 12860, "total": 24000, "loss": 0.07696530409157276, "mixture_probability": 0.0, "actual_mixture": 0.0, "gradient_norm": 1.5704457759857178, "pid": 4089415, "elapsed_this_session_seconds": 6715.65465435572, "steps_this_session": 12860, "phase": "training", "gpu": "4"}
{"step": 12880, "total": 24000, "loss": 0.06399007420986891, "mixture_probability": 0.0, "actual_mixture": 0.0, "gradient_norm": 1.4437155723571777, "pid": 4089415, "elapsed_this_session_seconds": 6724.640980526805, "steps_this_session": 12880, "phase": "training", "gpu": "4"}
{"step": 12900, "total": 24000, "loss": 0.08414502907544374, "mixture_probability": 0.0, "actual_mixture": 0.0, "gradient_norm": 1.6639835834503174, "pid": 4089415, "elapsed_this_session_seconds": 6734.255073591135, "steps_this_session": 12900, "phase": "training", "gpu": "4"}
{"step": 12920, "total": 24000, "loss": 0.13268126640468836, "mixture_probability": 0.0, "actual_mixture": 0.0, "gradient_norm": 2.1675567626953125, "pid": 4089415, "elapsed_this_session_seconds": 6743.48140686471, "steps_this_session": 12920, "phase": "training", "gpu": "4"}
{"step": 12940, "total": 24000, "loss": 0.08136004768311977, "mixture_probability": 0.0, "actual_mixture": 0.0, "gradient_norm": 1.8578438758850098, "pid": 4089415, "elapsed_this_session_seconds": 6767.058449942619, "steps_this_session": 12940, "phase": "training", "gpu": "4"}
{"step": 12960, "total": 24000, "loss": 0.08466789871454239, "mixture_probability": 0.0, "actual_mixture": 0.0, "gradient_norm": 1.7323169708251953, "pid": 4089415, "elapsed_this_session_seconds": 6789.95807091333, "steps_this_session": 12960, "phase": "training", "gpu": "4"}
{"step": 12980, "total": 24000, "loss": 0.08863375149667263, "mixture_probability": 0.0, "actual_mixture": 0.0, "gradient_norm": 1.7340589761734009, "pid": 4089415, "elapsed_this_session_seconds": 6811.049825309776, "steps_this_session": 12980, "phase": "training", "gpu": "4"}
{"step": 13000, "total": 24000, "loss": 0.07425304502248764, "mixture_probability": 0.0, "actual_mixture": 0.0, "gradient_norm": 2.0192036628723145, "pid": 4089415, "elapsed_this_session_seconds": 6822.438566736877, "steps_this_session": 13000, "phase": "training", "gpu": "4"}
{"step": 13020, "total": 24000, "loss": 0.07535172440111637, "mixture_probability": 0.0, "actual_mixture": 0.0, "gradient_norm": 1.5966118574142456, "pid": 4089415, "elapsed_this_session_seconds": 6829.731278229505, "steps_this_session": 13020, "phase": "training", "gpu": "4"}
{"step": 13040, "total": 24000, "loss": 0.10132113099098206, "mixture_probability": 0.0, "actual_mixture": 0.0, "gradient_norm": 1.9105470180511475, "pid": 4089415, "elapsed_this_session_seconds": 6838.684800823219, "steps_this_session": 13040, "phase": "training", "gpu": "4"}
{"step": 13060, "total": 24000, "loss": 0.0828234888613224, "mixture_probability": 0.0, "actual_mixture": 0.0, "gradient_norm": 1.6195484399795532, "pid": 4089415, "elapsed_this_session_seconds": 6849.289235227741, "steps_this_session": 13060, "phase": "training", "gpu": "4"}
{"step": 13080, "total": 24000, "loss": 0.08208967838436365, "mixture_probability": 0.0, "actual_mixture": 0.0, "gradient_norm": 1.7462201118469238, "pid": 4089415, "elapsed_this_session_seconds": 6857.475470499136, "steps_this_session": 13080, "phase": "training", "gpu": "4"}
{"step": 13100, "total": 24000, "loss": 0.06801262777298689, "mixture_probability": 0.0, "actual_mixture": 0.0, "gradient_norm": 1.5256398916244507, "pid": 4089415, "elapsed_this_session_seconds": 6867.077108753845, "steps_this_session": 13100, "phase": "training", "gpu": "4"}
{"step": 13120, "total": 24000, "loss": 0.09181669447571039, "mixture_probability": 0.0, "actual_mixture": 0.0, "gradient_norm": 1.6439831256866455, "pid": 4089415, "elapsed_this_session_seconds": 6876.858863900416, "steps_this_session": 13120, "phase": "training", "gpu": "4"}
{"step": 13140, "total": 24000, "loss": 0.09302331320941448, "mixture_probability": 0.0, "actual_mixture": 0.0, "gradient_norm": 1.7036025524139404, "pid": 4089415, "elapsed_this_session_seconds": 6887.396372738294, "steps_this_session": 13140, "phase": "training", "gpu": "4"}
{"step": 13160, "total": 24000, "loss": 0.07423341181129217, "mixture_probability": 0.0, "actual_mixture": 0.0, "gradient_norm": 1.7641170024871826, "pid": 4089415, "elapsed_this_session_seconds": 6893.734220121056, "steps_this_session": 13160, "phase": "training", "gpu": "4"}
{"step": 13180, "total": 24000, "loss": 0.06579863000661135, "mixture_probability": 0.0, "actual_mixture": 0.0, "gradient_norm": 1.5584158897399902, "pid": 4089415, "elapsed_this_session_seconds": 6903.125631816685, "steps_this_session": 13180, "phase": "training", "gpu": "4"}
{"step": 13200, "total": 24000, "loss": 0.07358700595796108, "mixture_probability": 0.0, "actual_mixture": 0.0, "gradient_norm": 1.679045557975769, "pid": 4089415, "elapsed_this_session_seconds": 6912.8506163610145, "steps_this_session": 13200, "phase": "training", "gpu": "4"}
{"step": 13220, "total": 24000, "loss": 0.08099859207868576, "mixture_probability": 0.0, "actual_mixture": 0.0, "gradient_norm": 1.6224992275238037, "pid": 4089415, "elapsed_this_session_seconds": 6922.459059967659, "steps_this_session": 13220, "phase": "training", "gpu": "4"}
{"step": 13240, "total": 24000, "loss": 0.06704405322670937, "mixture_probability": 0.0, "actual_mixture": 0.0, "gradient_norm": 1.6544771194458008, "pid": 4089415, "elapsed_this_session_seconds": 6928.351199059747, "steps_this_session": 13240, "phase": "training", "gpu": "4"}
{"step": 13260, "total": 24000, "loss": 0.08262833952903748, "mixture_probability": 0.0, "actual_mixture": 0.0, "gradient_norm": 1.6655102968215942, "pid": 4089415, "elapsed_this_session_seconds": 6937.078970014118, "steps_this_session": 13260, "phase": "training", "gpu": "4"}
{"step": 13280, "total": 24000, "loss": 0.09615829586982727, "mixture_probability": 0.0, "actual_mixture": 0.0, "gradient_norm": 2.159541368484497, "pid": 4089415, "elapsed_this_session_seconds": 6945.911611349322, "steps_this_session": 13280, "phase": "training", "gpu": "4"}
{"step": 13300, "total": 24000, "loss": 0.06958460435271263, "mixture_probability": 0.0, "actual_mixture": 0.0, "gradient_norm": 1.610284686088562, "pid": 4089415, "elapsed_this_session_seconds": 6954.278182222508, "steps_this_session": 13300, "phase": "training", "gpu": "4"}
{"step": 13320, "total": 24000, "loss": 0.09758600033819675, "mixture_probability": 0.0, "actual_mixture": 0.0, "gradient_norm": 2.062059164047241, "pid": 4089415, "elapsed_this_session_seconds": 6963.4286391614005, "steps_this_session": 13320, "phase": "training", "gpu": "4"}
{"step": 13340, "total": 24000, "loss": 0.0737234391272068, "mixture_probability": 0.0, "actual_mixture": 0.0, "gradient_norm": 1.5008511543273926, "pid": 4089415, "elapsed_this_session_seconds": 6968.829400559887, "steps_this_session": 13340, "phase": "training", "gpu": "4"}
{"step": 13360, "total": 24000, "loss": 0.09242412820458412, "mixture_probability": 0.0, "actual_mixture": 0.0, "gradient_norm": 1.9207181930541992, "pid": 4089415, "elapsed_this_session_seconds": 6977.326252497733, "steps_this_session": 13360, "phase": "training", "gpu": "4"}
{"step": 13380, "total": 24000, "loss": 0.08060752972960472, "mixture_probability": 0.0, "actual_mixture": 0.0, "gradient_norm": 1.40476393699646, "pid": 4089415, "elapsed_this_session_seconds": 6985.585066553205, "steps_this_session": 13380, "phase": "training", "gpu": "4"}
{"step": 13400, "total": 24000, "loss": 0.09522907808423042, "mixture_probability": 0.0, "actual_mixture": 0.0, "gradient_norm": 1.995240330696106, "pid": 4089415, "elapsed_this_session_seconds": 6993.921550001949, "steps_this_session": 13400, "phase": "training", "gpu": "4"}
{"step": 13420, "total": 24000, "loss": 0.06900857016444206, "mixture_probability": 0.0, "actual_mixture": 0.0, "gradient_norm": 1.2802561521530151, "pid": 4089415, "elapsed_this_session_seconds": 7000.784271207638, "steps_this_session": 13420, "phase": "training", "gpu": "4"}
{"step": 13440, "total": 24000, "loss": 0.0652137165889144, "mixture_probability": 0.0, "actual_mixture": 0.0, "gradient_norm": 1.384535551071167, "pid": 4089415, "elapsed_this_session_seconds": 7008.301198689267, "steps_this_session": 13440, "phase": "training", "gpu": "4"}
{"step": 13460, "total": 24000, "loss": 0.08183557167649269, "mixture_probability": 0.0, "actual_mixture": 0.0, "gradient_norm": 1.5517289638519287, "pid": 4089415, "elapsed_this_session_seconds": 7016.418129376136, "steps_this_session": 13460, "phase": "training", "gpu": "4"}
{"step": 13480, "total": 24000, "loss": 0.07068905606865883, "mixture_probability": 0.0, "actual_mixture": 0.0, "gradient_norm": 1.5561456680297852, "pid": 4089415, "elapsed_this_session_seconds": 7024.987373885699, "steps_this_session": 13480, "phase": "training", "gpu": "4"}
{"step": 13500, "total": 24000, "loss": 0.10376092419028282, "mixture_probability": 0.0, "actual_mixture": 0.0, "gradient_norm": 1.892807960510254, "pid": 4089415, "elapsed_this_session_seconds": 7033.107400147244, "steps_this_session": 13500, "phase": "training", "gpu": "4"}
{"step": 13520, "total": 24000, "loss": 0.09324822388589382, "mixture_probability": 0.0, "actual_mixture": 0.0, "gradient_norm": 2.0024547576904297, "pid": 4089415, "elapsed_this_session_seconds": 7041.471593705006, "steps_this_session": 13520, "phase": "training", "gpu": "4"}
{"step": 13540, "total": 24000, "loss": 0.06829560734331608, "mixture_probability": 0.0, "actual_mixture": 0.0, "gradient_norm": 1.6621001958847046, "pid": 4089415, "elapsed_this_session_seconds": 7049.466482490301, "steps_this_session": 13540, "phase": "training", "gpu": "4"}
{"step": 13560, "total": 24000, "loss": 0.09349957294762135, "mixture_probability": 0.0, "actual_mixture": 0.0, "gradient_norm": 1.6658951044082642, "pid": 4089415, "elapsed_this_session_seconds": 7057.0782425692305, "steps_this_session": 13560, "phase": "training", "gpu": "4"}
{"step": 13580, "total": 24000, "loss": 0.06550765968859196, "mixture_probability": 0.0, "actual_mixture": 0.0, "gradient_norm": 1.5331801176071167, "pid": 4089415, "elapsed_this_session_seconds": 7064.974377879873, "steps_this_session": 13580, "phase": "training", "gpu": "4"}
{"step": 13600, "total": 24000, "loss": 0.08257099986076355, "mixture_probability": 0.0, "actual_mixture": 0.0, "gradient_norm": 1.5646167993545532, "pid": 4089415, "elapsed_this_session_seconds": 7072.914802038111, "steps_this_session": 13600, "phase": "training", "gpu": "4"}
{"step": 13620, "total": 24000, "loss": 0.0716522578150034, "mixture_probability": 0.0, "actual_mixture": 0.0, "gradient_norm": 1.4268643856048584, "pid": 4089415, "elapsed_this_session_seconds": 7081.0646471604705, "steps_this_session": 13620, "phase": "training", "gpu": "4"}
{"step": 13640, "total": 24000, "loss": 0.07144259661436081, "mixture_probability": 0.0, "actual_mixture": 0.0, "gradient_norm": 1.497351050376892, "pid": 4089415, "elapsed_this_session_seconds": 7089.164850686677, "steps_this_session": 13640, "phase": "training", "gpu": "4"}
{"step": 13660, "total": 24000, "loss": 0.0697205550968647, "mixture_probability": 0.0, "actual_mixture": 0.0, "gradient_norm": 1.7973350286483765, "pid": 4089415, "elapsed_this_session_seconds": 7097.236243773252, "steps_this_session": 13660, "phase": "training", "gpu": "4"}
{"step": 13680, "total": 24000, "loss": 0.07819007150828838, "mixture_probability": 0.0, "actual_mixture": 0.0, "gradient_norm": 1.6166844367980957, "pid": 4089415, "elapsed_this_session_seconds": 7105.589810270816, "steps_this_session": 13680, "phase": "training", "gpu": "4"}
{"step": 13700, "total": 24000, "loss": 0.08745001535862684, "mixture_probability": 0.0, "actual_mixture": 0.0, "gradient_norm": 1.649543285369873, "pid": 4089415, "elapsed_this_session_seconds": 7121.866604060866, "steps_this_session": 13700, "phase": "training", "gpu": "4"}
{"step": 13720, "total": 24000, "loss": 0.0809286143630743, "mixture_probability": 0.0, "actual_mixture": 0.0, "gradient_norm": 1.7826387882232666, "pid": 4089415, "elapsed_this_session_seconds": 7144.625368414447, "steps_this_session": 13720, "phase": "training", "gpu": "4"}
{"step": 13740, "total": 24000, "loss": 0.07396497298032045, "mixture_probability": 0.0, "actual_mixture": 0.0, "gradient_norm": 1.691705584526062, "pid": 4089415, "elapsed_this_session_seconds": 7165.961838285439, "steps_this_session": 13740, "phase": "training", "gpu": "4"}
{"step": 13760, "total": 24000, "loss": 0.07556018885225058, "mixture_probability": 0.0, "actual_mixture": 0.0, "gradient_norm": 1.6964375972747803, "pid": 4089415, "elapsed_this_session_seconds": 7183.750025331974, "steps_this_session": 13760, "phase": "training", "gpu": "4"}
{"step": 13780, "total": 24000, "loss": 0.08328312076628208, "mixture_probability": 0.0, "actual_mixture": 0.0, "gradient_norm": 2.1960432529449463, "pid": 4089415, "elapsed_this_session_seconds": 7189.655756374821, "steps_this_session": 13780, "phase": "training", "gpu": "4"}
{"step": 13800, "total": 24000, "loss": 0.07823255658149719, "mixture_probability": 0.0, "actual_mixture": 0.0, "gradient_norm": 1.607918620109558, "pid": 4089415, "elapsed_this_session_seconds": 7199.291458373889, "steps_this_session": 13800, "phase": "training", "gpu": "4"}
{"step": 13820, "total": 24000, "loss": 0.07235606014728546, "mixture_probability": 0.0, "actual_mixture": 0.0, "gradient_norm": 1.4868000745773315, "pid": 4089415, "elapsed_this_session_seconds": 7212.509393995628, "steps_this_session": 13820, "phase": "training", "gpu": "4"}
{"step": 13840, "total": 24000, "loss": 0.0688075190410018, "mixture_probability": 0.0, "actual_mixture": 0.0, "gradient_norm": 1.4705973863601685, "pid": 4089415, "elapsed_this_session_seconds": 7220.401045249775, "steps_this_session": 13840, "phase": "training", "gpu": "4"}
{"step": 13860, "total": 24000, "loss": 0.08652990870177746, "mixture_probability": 0.0, "actual_mixture": 0.0, "gradient_norm": 2.034560203552246, "pid": 4089415, "elapsed_this_session_seconds": 7232.302277909592, "steps_this_session": 13860, "phase": "training", "gpu": "4"}
{"step": 13880, "total": 24000, "loss": 0.05567107908427715, "mixture_probability": 0.0, "actual_mixture": 0.0, "gradient_norm": 1.425494909286499, "pid": 4089415, "elapsed_this_session_seconds": 7243.37883607205, "steps_this_session": 13880, "phase": "training", "gpu": "4"}
{"step": 13900, "total": 24000, "loss": 0.07580690179020166, "mixture_probability": 0.0, "actual_mixture": 0.0, "gradient_norm": 2.1035408973693848, "pid": 4089415, "elapsed_this_session_seconds": 7251.870877926238, "steps_this_session": 13900, "phase": "training", "gpu": "4"}
{"step": 13920, "total": 24000, "loss": 0.06716981250792742, "mixture_probability": 0.0, "actual_mixture": 0.0, "gradient_norm": 1.4668644666671753, "pid": 4089415, "elapsed_this_session_seconds": 7263.559502807446, "steps_this_session": 13920, "phase": "training", "gpu": "4"}
{"step": 13940, "total": 24000, "loss": 0.06820524204522371, "mixture_probability": 0.0, "actual_mixture": 0.0, "gradient_norm": 1.5769383907318115, "pid": 4089415, "elapsed_this_session_seconds": 7273.65015532542, "steps_this_session": 13940, "phase": "training", "gpu": "4"}
{"step": 13960, "total": 24000, "loss": 0.06867345422506332, "mixture_probability": 0.0, "actual_mixture": 0.0, "gradient_norm": 1.2152812480926514, "pid": 4089415, "elapsed_this_session_seconds": 7281.941914824769, "steps_this_session": 13960, "phase": "training", "gpu": "4"}
{"step": 13980, "total": 24000, "loss": 0.07505526021122932, "mixture_probability": 0.0, "actual_mixture": 0.0, "gradient_norm": 1.8833340406417847, "pid": 4089415, "elapsed_this_session_seconds": 7293.047526817769, "steps_this_session": 13980, "phase": "training", "gpu": "4"}
{"step": 14000, "total": 24000, "loss": 0.06285953428596258, "mixture_probability": 0.0, "actual_mixture": 0.0, "gradient_norm": 1.7213261127471924, "pid": 4089415, "elapsed_this_session_seconds": 7302.830724470317, "steps_this_session": 14000, "phase": "training", "gpu": "4"}
{"step": 14020, "total": 24000, "loss": 0.07965020649135113, "mixture_probability": 0.0, "actual_mixture": 0.0, "gradient_norm": 1.6356661319732666, "pid": 4089415, "elapsed_this_session_seconds": 7421.305436537601, "steps_this_session": 14020, "phase": "training", "gpu": "4"}
{"step": 14040, "total": 24000, "loss": 0.06953571923077106, "mixture_probability": 0.0, "actual_mixture": 0.0, "gradient_norm": 1.3573607206344604, "pid": 4089415, "elapsed_this_session_seconds": 7430.34221350681, "steps_this_session": 14040, "phase": "training", "gpu": "4"}
{"step": 14060, "total": 24000, "loss": 0.08229110017418861, "mixture_probability": 0.0, "actual_mixture": 0.0, "gradient_norm": 1.9061405658721924, "pid": 4089415, "elapsed_this_session_seconds": 7438.3832932040095, "steps_this_session": 14060, "phase": "training", "gpu": "4"}
{"step": 14080, "total": 24000, "loss": 0.06288139056414366, "mixture_probability": 0.0, "actual_mixture": 0.0, "gradient_norm": 1.33762788772583, "pid": 4089415, "elapsed_this_session_seconds": 7446.713011242449, "steps_this_session": 14080, "phase": "training", "gpu": "4"}
{"step": 14100, "total": 24000, "loss": 0.09782510437071323, "mixture_probability": 0.0, "actual_mixture": 0.0, "gradient_norm": 1.78524911403656, "pid": 4089415, "elapsed_this_session_seconds": 7454.789904891513, "steps_this_session": 14100, "phase": "training", "gpu": "4"}
{"step": 14120, "total": 24000, "loss": 0.08518005721271038, "mixture_probability": 0.0, "actual_mixture": 0.0, "gradient_norm": 1.6465351581573486, "pid": 4089415, "elapsed_this_session_seconds": 7474.009477391839, "steps_this_session": 14120, "phase": "training", "gpu": "4"}
{"step": 14140, "total": 24000, "loss": 0.06712808459997177, "mixture_probability": 0.0, "actual_mixture": 0.0, "gradient_norm": 1.4687187671661377, "pid": 4089415, "elapsed_this_session_seconds": 7495.420290726237, "steps_this_session": 14140, "phase": "training", "gpu": "4"}
{"step": 14160, "total": 24000, "loss": 0.07391252368688583, "mixture_probability": 0.0, "actual_mixture": 0.0, "gradient_norm": 3.2424745559692383, "pid": 4089415, "elapsed_this_session_seconds": 7514.485084368847, "steps_this_session": 14160, "phase": "training", "gpu": "4"}
{"step": 14180, "total": 24000, "loss": 0.0787743367254734, "mixture_probability": 0.0, "actual_mixture": 0.0, "gradient_norm": 1.6933679580688477, "pid": 4089415, "elapsed_this_session_seconds": 7519.57516488526, "steps_this_session": 14180, "phase": "training", "gpu": "4"}
{"step": 14200, "total": 24000, "loss": 0.07375966385006905, "mixture_probability": 0.0, "actual_mixture": 0.0, "gradient_norm": 1.6305577754974365, "pid": 4089415, "elapsed_this_session_seconds": 7527.7851644307375, "steps_this_session": 14200, "phase": "training", "gpu": "4"}
{"step": 14220, "total": 24000, "loss": 0.08384928852319717, "mixture_probability": 0.0, "actual_mixture": 0.0, "gradient_norm": 1.721827507019043, "pid": 4089415, "elapsed_this_session_seconds": 7537.668087746017, "steps_this_session": 14220, "phase": "training", "gpu": "4"}
{"step": 14240, "total": 24000, "loss": 0.08264041319489479, "mixture_probability": 0.0, "actual_mixture": 0.0, "gradient_norm": 1.8051096200942993, "pid": 4089415, "elapsed_this_session_seconds": 7547.0658336421475, "steps_this_session": 14240, "phase": "training", "gpu": "4"}
{"step": 14260, "total": 24000, "loss": 0.06976330652832985, "mixture_probability": 0.0, "actual_mixture": 0.0, "gradient_norm": 1.615755558013916, "pid": 4089415, "elapsed_this_session_seconds": 7554.075863457285, "steps_this_session": 14260, "phase": "training", "gpu": "4"}
{"step": 14280, "total": 24000, "loss": 0.06109328009188175, "mixture_probability": 0.0, "actual_mixture": 0.0, "gradient_norm": 1.3352779150009155, "pid": 4089415, "elapsed_this_session_seconds": 7562.749050105922, "steps_this_session": 14280, "phase": "training", "gpu": "4"}
{"step": 14300, "total": 24000, "loss": 0.09892323613166809, "mixture_probability": 0.0, "actual_mixture": 0.0, "gradient_norm": 1.8183517456054688, "pid": 4089415, "elapsed_this_session_seconds": 7572.068319425918, "steps_this_session": 14300, "phase": "training", "gpu": "4"}
{"step": 14320, "total": 24000, "loss": 0.05463128723204136, "mixture_probability": 0.0, "actual_mixture": 0.0, "gradient_norm": 1.3209856748580933, "pid": 4089415, "elapsed_this_session_seconds": 7581.281261651777, "steps_this_session": 14320, "phase": "training", "gpu": "4"}
{"step": 14340, "total": 24000, "loss": 0.07215239852666855, "mixture_probability": 0.0, "actual_mixture": 0.0, "gradient_norm": 1.4908779859542847, "pid": 4089415, "elapsed_this_session_seconds": 7588.900950836949, "steps_this_session": 14340, "phase": "training", "gpu": "4"}
{"step": 14360, "total": 24000, "loss": 0.14302255399525166, "mixture_probability": 0.0, "actual_mixture": 0.0, "gradient_norm": 2.665329694747925, "pid": 4089415, "elapsed_this_session_seconds": 7596.829961689189, "steps_this_session": 14360, "phase": "training", "gpu": "4"}
{"step": 14380, "total": 24000, "loss": 0.0794823169708252, "mixture_probability": 0.0, "actual_mixture": 0.0, "gradient_norm": 1.8686540126800537, "pid": 4089415, "elapsed_this_session_seconds": 7605.698037166148, "steps_this_session": 14380, "phase": "training", "gpu": "4"}
{"step": 14400, "total": 24000, "loss": 0.07075552176684141, "mixture_probability": 0.0, "actual_mixture": 0.0, "gradient_norm": 1.4278690814971924, "pid": 4089415, "elapsed_this_session_seconds": 7614.896792202257, "steps_this_session": 14400, "phase": "training", "gpu": "4"}
{"step": 14420, "total": 24000, "loss": 0.056128399446606636, "mixture_probability": 0.0, "actual_mixture": 0.0, "gradient_norm": 1.2677620649337769, "pid": 4089415, "elapsed_this_session_seconds": 7623.317840592936, "steps_this_session": 14420, "phase": "training", "gpu": "4"}
{"step": 14440, "total": 24000, "loss": 0.09441661834716797, "mixture_probability": 0.0, "actual_mixture": 0.0, "gradient_norm": 1.4191561937332153, "pid": 4089415, "elapsed_this_session_seconds": 7630.2617204692215, "steps_this_session": 14440, "phase": "training", "gpu": "4"}
{"step": 14460, "total": 24000, "loss": 0.06944106332957745, "mixture_probability": 0.0, "actual_mixture": 0.0, "gradient_norm": 1.8046735525131226, "pid": 4089415, "elapsed_this_session_seconds": 7639.372295698151, "steps_this_session": 14460, "phase": "training", "gpu": "4"}
{"step": 14480, "total": 24000, "loss": 0.06504033133387566, "mixture_probability": 0.0, "actual_mixture": 0.0, "gradient_norm": 1.359885573387146, "pid": 4089415, "elapsed_this_session_seconds": 7648.606905059889, "steps_this_session": 14480, "phase": "training", "gpu": "4"}
{"step": 14500, "total": 24000, "loss": 0.07117833942174911, "mixture_probability": 0.0, "actual_mixture": 0.0, "gradient_norm": 1.5172067880630493, "pid": 4089415, "elapsed_this_session_seconds": 7657.7139140358195, "steps_this_session": 14500, "phase": "training", "gpu": "4"}
{"step": 14520, "total": 24000, "loss": 0.06277507822960615, "mixture_probability": 0.0, "actual_mixture": 0.0, "gradient_norm": 1.4469892978668213, "pid": 4089415, "elapsed_this_session_seconds": 7663.580802149139, "steps_this_session": 14520, "phase": "training", "gpu": "4"}
{"step": 14540, "total": 24000, "loss": 0.09782438538968563, "mixture_probability": 0.0, "actual_mixture": 0.0, "gradient_norm": 1.841771125793457, "pid": 4089415, "elapsed_this_session_seconds": 7671.910864753649, "steps_this_session": 14540, "phase": "training", "gpu": "4"}
{"step": 14560, "total": 24000, "loss": 0.0603753924369812, "mixture_probability": 0.0, "actual_mixture": 0.0, "gradient_norm": 1.725350022315979, "pid": 4089415, "elapsed_this_session_seconds": 7680.080930212513, "steps_this_session": 14560, "phase": "training", "gpu": "4"}
{"step": 14580, "total": 24000, "loss": 0.07079373300075531, "mixture_probability": 0.0, "actual_mixture": 0.0, "gradient_norm": 1.4165761470794678, "pid": 4089415, "elapsed_this_session_seconds": 7688.490821371786, "steps_this_session": 14580, "phase": "training", "gpu": "4"}
{"step": 14600, "total": 24000, "loss": 0.061312293633818626, "mixture_probability": 0.0, "actual_mixture": 0.0, "gradient_norm": 1.4188787937164307, "pid": 4089415, "elapsed_this_session_seconds": 7696.566175705753, "steps_this_session": 14600, "phase": "training", "gpu": "4"}
{"step": 14620, "total": 24000, "loss": 0.06628699414432049, "mixture_probability": 0.0, "actual_mixture": 0.0, "gradient_norm": 1.3133184909820557, "pid": 4089415, "elapsed_this_session_seconds": 7703.774117969908, "steps_this_session": 14620, "phase": "training", "gpu": "4"}
{"step": 14640, "total": 24000, "loss": 0.06033838260918856, "mixture_probability": 0.0, "actual_mixture": 0.0, "gradient_norm": 1.1741752624511719, "pid": 4089415, "elapsed_this_session_seconds": 7710.941576312296, "steps_this_session": 14640, "phase": "training", "gpu": "4"}
{"step": 14660, "total": 24000, "loss": 0.06732611171901226, "mixture_probability": 0.0, "actual_mixture": 0.0, "gradient_norm": 1.4686399698257446, "pid": 4089415, "elapsed_this_session_seconds": 7719.16982205119, "steps_this_session": 14660, "phase": "training", "gpu": "4"}
{"step": 14680, "total": 24000, "loss": 0.06510007940232754, "mixture_probability": 0.0, "actual_mixture": 0.0, "gradient_norm": 1.4036049842834473, "pid": 4089415, "elapsed_this_session_seconds": 7727.31685830839, "steps_this_session": 14680, "phase": "training", "gpu": "4"}
{"step": 14700, "total": 24000, "loss": 0.11929820105433464, "mixture_probability": 0.0, "actual_mixture": 0.0, "gradient_norm": 1.8228579759597778, "pid": 4089415, "elapsed_this_session_seconds": 7735.53752680216, "steps_this_session": 14700, "phase": "training", "gpu": "4"}
{"step": 14720, "total": 24000, "loss": 0.08804039098322392, "mixture_probability": 0.0, "actual_mixture": 0.0, "gradient_norm": 1.9686415195465088, "pid": 4089415, "elapsed_this_session_seconds": 7744.162293646485, "steps_this_session": 14720, "phase": "training", "gpu": "4"}
{"step": 14740, "total": 24000, "loss": 0.07692066580057144, "mixture_probability": 0.0, "actual_mixture": 0.0, "gradient_norm": 1.7308515310287476, "pid": 4089415, "elapsed_this_session_seconds": 7749.760518522933, "steps_this_session": 14740, "phase": "training", "gpu": "4"}
{"step": 14760, "total": 24000, "loss": 0.06813002191483974, "mixture_probability": 0.0, "actual_mixture": 0.0, "gradient_norm": 1.369621992111206, "pid": 4089415, "elapsed_this_session_seconds": 7757.965348906815, "steps_this_session": 14760, "phase": "training", "gpu": "4"}
{"step": 14780, "total": 24000, "loss": 0.10817857086658478, "mixture_probability": 0.0, "actual_mixture": 0.0, "gradient_norm": 2.3510549068450928, "pid": 4089415, "elapsed_this_session_seconds": 7765.53006634023, "steps_this_session": 14780, "phase": "training", "gpu": "4"}
{"step": 14800, "total": 24000, "loss": 0.0793649461120367, "mixture_probability": 0.0, "actual_mixture": 0.0, "gradient_norm": 1.643086314201355, "pid": 4089415, "elapsed_this_session_seconds": 7772.97399312444, "steps_this_session": 14800, "phase": "training", "gpu": "4"}
{"step": 14820, "total": 24000, "loss": 0.07017208449542522, "mixture_probability": 0.0, "actual_mixture": 0.0, "gradient_norm": 1.5729647874832153, "pid": 4089415, "elapsed_this_session_seconds": 7780.419852223247, "steps_this_session": 14820, "phase": "training", "gpu": "4"}
{"step": 14840, "total": 24000, "loss": 0.07537391036748886, "mixture_probability": 0.0, "actual_mixture": 0.0, "gradient_norm": 1.5229421854019165, "pid": 4089415, "elapsed_this_session_seconds": 7788.635916978121, "steps_this_session": 14840, "phase": "training", "gpu": "4"}
{"step": 14860, "total": 24000, "loss": 0.0677686519920826, "mixture_probability": 0.0, "actual_mixture": 0.0, "gradient_norm": 1.6556466817855835, "pid": 4089415, "elapsed_this_session_seconds": 7795.851686977781, "steps_this_session": 14860, "phase": "training", "gpu": "4"}
{"step": 14880, "total": 24000, "loss": 0.09065607562661171, "mixture_probability": 0.0, "actual_mixture": 0.0, "gradient_norm": 1.9263662099838257, "pid": 4089415, "elapsed_this_session_seconds": 7803.201680169441, "steps_this_session": 14880, "phase": "training", "gpu": "4"}
{"step": 14900, "total": 24000, "loss": 0.0748060755431652, "mixture_probability": 0.0, "actual_mixture": 0.0, "gradient_norm": 1.7322310209274292, "pid": 4089415, "elapsed_this_session_seconds": 7810.564506568015, "steps_this_session": 14900, "phase": "training", "gpu": "4"}
{"step": 14920, "total": 24000, "loss": 0.07140520960092545, "mixture_probability": 0.0, "actual_mixture": 0.0, "gradient_norm": 1.3869327306747437, "pid": 4089415, "elapsed_this_session_seconds": 7817.974098767154, "steps_this_session": 14920, "phase": "training", "gpu": "4"}
{"step": 14940, "total": 24000, "loss": 0.0729009946808219, "mixture_probability": 0.0, "actual_mixture": 0.0, "gradient_norm": 1.7605775594711304, "pid": 4089415, "elapsed_this_session_seconds": 7825.254118623212, "steps_this_session": 14940, "phase": "training", "gpu": "4"}
{"step": 14960, "total": 24000, "loss": 0.07798726670444012, "mixture_probability": 0.0, "actual_mixture": 0.0, "gradient_norm": 1.7193635702133179, "pid": 4089415, "elapsed_this_session_seconds": 7832.919545696117, "steps_this_session": 14960, "phase": "training", "gpu": "4"}
{"step": 14980, "total": 24000, "loss": 0.07377554848790169, "mixture_probability": 0.0, "actual_mixture": 0.0, "gradient_norm": 1.4495729207992554, "pid": 4089415, "elapsed_this_session_seconds": 7840.1224669395015, "steps_this_session": 14980, "phase": "training", "gpu": "4"}
{"step": 15000, "total": 24000, "loss": 0.07265117950737476, "mixture_probability": 0.0, "actual_mixture": 0.0, "gradient_norm": 1.5796594619750977, "pid": 4089415, "elapsed_this_session_seconds": 7847.260384202935, "steps_this_session": 15000, "phase": "training", "gpu": "4"}
{"step": 15020, "total": 24000, "loss": 0.06713893823325634, "mixture_probability": 0.0, "actual_mixture": 0.0, "gradient_norm": 1.2482213973999023, "pid": 4089415, "elapsed_this_session_seconds": 7854.392783580348, "steps_this_session": 15020, "phase": "training", "gpu": "4"}
{"step": 15040, "total": 24000, "loss": 0.06257243920117617, "mixture_probability": 0.0, "actual_mixture": 0.0, "gradient_norm": 1.4041517972946167, "pid": 4089415, "elapsed_this_session_seconds": 7861.499268265441, "steps_this_session": 15040, "phase": "training", "gpu": "4"}
{"step": 15060, "total": 24000, "loss": 0.09523400664329529, "mixture_probability": 0.0, "actual_mixture": 0.0, "gradient_norm": 1.7186827659606934, "pid": 4089415, "elapsed_this_session_seconds": 7868.626237183809, "steps_this_session": 15060, "phase": "training", "gpu": "4"}
{"step": 15080, "total": 24000, "loss": 0.06622478272765875, "mixture_probability": 0.0, "actual_mixture": 0.0, "gradient_norm": 1.3967419862747192, "pid": 4089415, "elapsed_this_session_seconds": 7876.3416881086305, "steps_this_session": 15080, "phase": "training", "gpu": "4"}
{"step": 15100, "total": 24000, "loss": 0.07720050681382418, "mixture_probability": 0.0, "actual_mixture": 0.0, "gradient_norm": 1.6215782165527344, "pid": 4089415, "elapsed_this_session_seconds": 7883.534629072994, "steps_this_session": 15100, "phase": "training", "gpu": "4"}
{"step": 15120, "total": 24000, "loss": 0.09943377133458853, "mixture_probability": 0.0, "actual_mixture": 0.0, "gradient_norm": 1.9340234994888306, "pid": 4089415, "elapsed_this_session_seconds": 7890.689074148424, "steps_this_session": 15120, "phase": "training", "gpu": "4"}
{"step": 15140, "total": 24000, "loss": 0.05977102741599083, "mixture_probability": 0.0, "actual_mixture": 0.0, "gradient_norm": 1.3925937414169312, "pid": 4089415, "elapsed_this_session_seconds": 7897.8533817520365, "steps_this_session": 15140, "phase": "training", "gpu": "4"}
{"step": 15160, "total": 24000, "loss": 0.061225512996315956, "mixture_probability": 0.0, "actual_mixture": 0.0, "gradient_norm": 1.6873042583465576, "pid": 4089415, "elapsed_this_session_seconds": 7905.187179002911, "steps_this_session": 15160, "phase": "training", "gpu": "4"}
{"step": 15180, "total": 24000, "loss": 0.08211837336421013, "mixture_probability": 0.0, "actual_mixture": 0.0, "gradient_norm": 1.7907865047454834, "pid": 4089415, "elapsed_this_session_seconds": 7912.726599263027, "steps_this_session": 15180, "phase": "training", "gpu": "4"}
{"step": 15200, "total": 24000, "loss": 0.09394289553165436, "mixture_probability": 0.0, "actual_mixture": 0.0, "gradient_norm": 1.9716180562973022, "pid": 4089415, "elapsed_this_session_seconds": 7920.6114823957905, "steps_this_session": 15200, "phase": "training", "gpu": "4"}
{"step": 15220, "total": 24000, "loss": 0.0650040851905942, "mixture_probability": 0.0, "actual_mixture": 0.0, "gradient_norm": 1.446157693862915, "pid": 4089415, "elapsed_this_session_seconds": 7928.061629072763, "steps_this_session": 15220, "phase": "training", "gpu": "4"}
{"step": 15240, "total": 24000, "loss": 0.05925113894045353, "mixture_probability": 0.0, "actual_mixture": 0.0, "gradient_norm": 1.3082157373428345, "pid": 4089415, "elapsed_this_session_seconds": 7935.503897010349, "steps_this_session": 15240, "phase": "training", "gpu": "4"}
{"step": 15260, "total": 24000, "loss": 0.07199585810303688, "mixture_probability": 0.0, "actual_mixture": 0.0, "gradient_norm": 1.5619252920150757, "pid": 4089415, "elapsed_this_session_seconds": 7942.94888899941, "steps_this_session": 15260, "phase": "training", "gpu": "4"}
{"step": 15280, "total": 24000, "loss": 0.06692157033830881, "mixture_probability": 0.0, "actual_mixture": 0.0, "gradient_norm": 1.7900336980819702, "pid": 4089415, "elapsed_this_session_seconds": 7950.078944361769, "steps_this_session": 15280, "phase": "training", "gpu": "4"}
{"step": 15300, "total": 24000, "loss": 0.05406337045133114, "mixture_probability": 0.0, "actual_mixture": 0.0, "gradient_norm": 1.4890470504760742, "pid": 4089415, "elapsed_this_session_seconds": 7957.42488461826, "steps_this_session": 15300, "phase": "training", "gpu": "4"}
{"step": 15320, "total": 24000, "loss": 0.07350928522646427, "mixture_probability": 0.0, "actual_mixture": 0.0, "gradient_norm": 1.743945598602295, "pid": 4089415, "elapsed_this_session_seconds": 7965.248143979348, "steps_this_session": 15320, "phase": "training", "gpu": "4"}
{"step": 15340, "total": 24000, "loss": 0.0606922022998333, "mixture_probability": 0.0, "actual_mixture": 0.0, "gradient_norm": 1.2643272876739502, "pid": 4089415, "elapsed_this_session_seconds": 7972.616089466028, "steps_this_session": 15340, "phase": "training", "gpu": "4"}
{"step": 15360, "total": 24000, "loss": 0.06488486658781767, "mixture_probability": 0.0, "actual_mixture": 0.0, "gradient_norm": 1.3376306295394897, "pid": 4089415, "elapsed_this_session_seconds": 7979.931726134382, "steps_this_session": 15360, "phase": "training", "gpu": "4"}
{"step": 15380, "total": 24000, "loss": 0.23077978752553463, "mixture_probability": 0.0, "actual_mixture": 0.0, "gradient_norm": 6.28792667388916, "pid": 4089415, "elapsed_this_session_seconds": 7987.351701784879, "steps_this_session": 15380, "phase": "training", "gpu": "4"}
{"step": 15400, "total": 24000, "loss": 0.06356403604149818, "mixture_probability": 0.0, "actual_mixture": 0.0, "gradient_norm": 1.6964499950408936, "pid": 4089415, "elapsed_this_session_seconds": 7994.783375194296, "steps_this_session": 15400, "phase": "training", "gpu": "4"}
{"step": 15420, "total": 24000, "loss": 0.06096520647406578, "mixture_probability": 0.0, "actual_mixture": 0.0, "gradient_norm": 1.341651201248169, "pid": 4089415, "elapsed_this_session_seconds": 8002.165480014868, "steps_this_session": 15420, "phase": "training", "gpu": "4"}
{"step": 15440, "total": 24000, "loss": 0.08041201252490282, "mixture_probability": 0.0, "actual_mixture": 0.0, "gradient_norm": 1.5373485088348389, "pid": 4089415, "elapsed_this_session_seconds": 8009.805963478051, "steps_this_session": 15440, "phase": "training", "gpu": "4"}
{"step": 15460, "total": 24000, "loss": 0.08037620969116688, "mixture_probability": 0.0, "actual_mixture": 0.0, "gradient_norm": 1.8371394872665405, "pid": 4089415, "elapsed_this_session_seconds": 8017.051036668941, "steps_this_session": 15460, "phase": "training", "gpu": "4"}
{"step": 15480, "total": 24000, "loss": 0.07225956488400698, "mixture_probability": 0.0, "actual_mixture": 0.0, "gradient_norm": 1.5195022821426392, "pid": 4089415, "elapsed_this_session_seconds": 8024.314995751716, "steps_this_session": 15480, "phase": "training", "gpu": "4"}
{"step": 15500, "total": 24000, "loss": 0.07506892178207636, "mixture_probability": 0.0, "actual_mixture": 0.0, "gradient_norm": 1.3561402559280396, "pid": 4089415, "elapsed_this_session_seconds": 8031.572045180947, "steps_this_session": 15500, "phase": "training", "gpu": "4"}
{"step": 15520, "total": 24000, "loss": 0.06412394065409899, "mixture_probability": 0.0, "actual_mixture": 0.0, "gradient_norm": 1.295846939086914, "pid": 4089415, "elapsed_this_session_seconds": 8038.695996817201, "steps_this_session": 15520, "phase": "training", "gpu": "4"}
{"step": 15540, "total": 24000, "loss": 0.0837348410859704, "mixture_probability": 0.0, "actual_mixture": 0.0, "gradient_norm": 1.810211420059204, "pid": 4089415, "elapsed_this_session_seconds": 8045.842710588127, "steps_this_session": 15540, "phase": "training", "gpu": "4"}
{"step": 15560, "total": 24000, "loss": 0.05623288452625275, "mixture_probability": 0.0, "actual_mixture": 0.0, "gradient_norm": 1.3661861419677734, "pid": 4089415, "elapsed_this_session_seconds": 8053.4795811939985, "steps_this_session": 15560, "phase": "training", "gpu": "4"}
{"step": 15580, "total": 24000, "loss": 0.06453962810337543, "mixture_probability": 0.0, "actual_mixture": 0.0, "gradient_norm": 1.2702794075012207, "pid": 4089415, "elapsed_this_session_seconds": 8060.627597969025, "steps_this_session": 15580, "phase": "training", "gpu": "4"}
{"step": 15600, "total": 24000, "loss": 0.07801112625747919, "mixture_probability": 0.0, "actual_mixture": 0.0, "gradient_norm": 1.7151854038238525, "pid": 4089415, "elapsed_this_session_seconds": 8067.82914698869, "steps_this_session": 15600, "phase": "training", "gpu": "4"}
{"step": 15620, "total": 24000, "loss": 0.08019301295280457, "mixture_probability": 0.0, "actual_mixture": 0.0, "gradient_norm": 1.8694177865982056, "pid": 4089415, "elapsed_this_session_seconds": 8075.128673276864, "steps_this_session": 15620, "phase": "training", "gpu": "4"}
{"step": 15640, "total": 24000, "loss": 0.06519485730677843, "mixture_probability": 0.0, "actual_mixture": 0.0, "gradient_norm": 1.5949044227600098, "pid": 4089415, "elapsed_this_session_seconds": 8082.419962039217, "steps_this_session": 15640, "phase": "training", "gpu": "4"}
{"step": 15660, "total": 24000, "loss": 0.05886620096862316, "mixture_probability": 0.0, "actual_mixture": 0.0, "gradient_norm": 1.4759403467178345, "pid": 4089415, "elapsed_this_session_seconds": 8089.7230065613985, "steps_this_session": 15660, "phase": "training", "gpu": "4"}
{"step": 15680, "total": 24000, "loss": 0.09596274606883526, "mixture_probability": 0.0, "actual_mixture": 0.0, "gradient_norm": 1.9521929025650024, "pid": 4089415, "elapsed_this_session_seconds": 8097.44097126741, "steps_this_session": 15680, "phase": "training", "gpu": "4"}
{"step": 15700, "total": 24000, "loss": 0.08855846524238586, "mixture_probability": 0.0, "actual_mixture": 0.0, "gradient_norm": 1.4917795658111572, "pid": 4089415, "elapsed_this_session_seconds": 8104.695932530798, "steps_this_session": 15700, "phase": "training", "gpu": "4"}
{"step": 15720, "total": 24000, "loss": 0.06638920959085226, "mixture_probability": 0.0, "actual_mixture": 0.0, "gradient_norm": 1.3620011806488037, "pid": 4089415, "elapsed_this_session_seconds": 8112.045431072824, "steps_this_session": 15720, "phase": "training", "gpu": "4"}
{"step": 15740, "total": 24000, "loss": 0.056686846539378166, "mixture_probability": 0.0, "actual_mixture": 0.0, "gradient_norm": 1.431142807006836, "pid": 4089415, "elapsed_this_session_seconds": 8119.366872385144, "steps_this_session": 15740, "phase": "training", "gpu": "4"}
{"step": 15760, "total": 24000, "loss": 0.06372966896742582, "mixture_probability": 0.0, "actual_mixture": 0.0, "gradient_norm": 1.539768934249878, "pid": 4089415, "elapsed_this_session_seconds": 8126.739738457836, "steps_this_session": 15760, "phase": "training", "gpu": "4"}
{"step": 15780, "total": 24000, "loss": 0.06901273876428604, "mixture_probability": 0.0, "actual_mixture": 0.0, "gradient_norm": 1.459499478340149, "pid": 4089415, "elapsed_this_session_seconds": 8134.707130547613, "steps_this_session": 15780, "phase": "training", "gpu": "4"}
{"step": 15800, "total": 24000, "loss": 0.1351640671491623, "mixture_probability": 0.0, "actual_mixture": 0.0, "gradient_norm": 1.9486876726150513, "pid": 4089415, "elapsed_this_session_seconds": 8141.99243659433, "steps_this_session": 15800, "phase": "training", "gpu": "4"}
{"step": 15820, "total": 24000, "loss": 0.06759422179311514, "mixture_probability": 0.0, "actual_mixture": 0.0, "gradient_norm": 1.4061228036880493, "pid": 4089415, "elapsed_this_session_seconds": 8149.225729324855, "steps_this_session": 15820, "phase": "training", "gpu": "4"}
{"step": 15840, "total": 24000, "loss": 0.08061832748353481, "mixture_probability": 0.0, "actual_mixture": 0.0, "gradient_norm": 1.4842020273208618, "pid": 4089415, "elapsed_this_session_seconds": 8156.550113421865, "steps_this_session": 15840, "phase": "training", "gpu": "4"}
{"step": 15860, "total": 24000, "loss": 0.4110679840669036, "mixture_probability": 0.0, "actual_mixture": 0.0, "gradient_norm": 4.913824081420898, "pid": 4089415, "elapsed_this_session_seconds": 8163.842056023888, "steps_this_session": 15860, "phase": "training", "gpu": "4"}
{"step": 15880, "total": 24000, "loss": 0.07226639799773693, "mixture_probability": 0.0, "actual_mixture": 0.0, "gradient_norm": 1.495369791984558, "pid": 4089415, "elapsed_this_session_seconds": 8171.344158918597, "steps_this_session": 15880, "phase": "training", "gpu": "4"}
{"step": 15900, "total": 24000, "loss": 0.05448974948376417, "mixture_probability": 0.0, "actual_mixture": 0.0, "gradient_norm": 1.4300237894058228, "pid": 4089415, "elapsed_this_session_seconds": 8178.95741206035, "steps_this_session": 15900, "phase": "training", "gpu": "4"}
{"step": 15920, "total": 24000, "loss": 0.07077878527343273, "mixture_probability": 0.0, "actual_mixture": 0.0, "gradient_norm": 1.4587311744689941, "pid": 4089415, "elapsed_this_session_seconds": 8196.680335219018, "steps_this_session": 15920, "phase": "training", "gpu": "4"}
{"step": 15940, "total": 24000, "loss": 0.06704628560692072, "mixture_probability": 0.0, "actual_mixture": 0.0, "gradient_norm": 1.6333954334259033, "pid": 4089415, "elapsed_this_session_seconds": 8217.575832972303, "steps_this_session": 15940, "phase": "training", "gpu": "4"}
{"step": 15960, "total": 24000, "loss": 0.05737685319036245, "mixture_probability": 0.0, "actual_mixture": 0.0, "gradient_norm": 1.1780716180801392, "pid": 4089415, "elapsed_this_session_seconds": 8238.083082487807, "steps_this_session": 15960, "phase": "training", "gpu": "4"}
{"step": 15980, "total": 24000, "loss": 0.08182126842439175, "mixture_probability": 0.0, "actual_mixture": 0.0, "gradient_norm": 1.744639277458191, "pid": 4089415, "elapsed_this_session_seconds": 8252.984237832017, "steps_this_session": 15980, "phase": "training", "gpu": "4"}
{"step": 16000, "total": 24000, "loss": 0.06778637040406466, "mixture_probability": 0.0, "actual_mixture": 0.0, "gradient_norm": 1.3493729829788208, "pid": 4089415, "elapsed_this_session_seconds": 8258.798084027134, "steps_this_session": 16000, "phase": "training", "gpu": "4"}
{"step": 16020, "total": 24000, "loss": 0.0747981695458293, "mixture_probability": 0.0, "actual_mixture": 0.0, "gradient_norm": 1.808083415031433, "pid": 4089415, "elapsed_this_session_seconds": 8372.96155002527, "steps_this_session": 16020, "phase": "training", "gpu": "4"}
{"step": 16040, "total": 24000, "loss": 0.06011078506708145, "mixture_probability": 0.0, "actual_mixture": 0.0, "gradient_norm": 1.4211528301239014, "pid": 4089415, "elapsed_this_session_seconds": 8380.271387693472, "steps_this_session": 16040, "phase": "training", "gpu": "4"}
{"step": 16060, "total": 24000, "loss": 0.06509709917008877, "mixture_probability": 0.0, "actual_mixture": 0.0, "gradient_norm": 1.4399645328521729, "pid": 4089415, "elapsed_this_session_seconds": 8389.03222973086, "steps_this_session": 16060, "phase": "training", "gpu": "4"}
{"step": 16080, "total": 24000, "loss": 0.06861069984734058, "mixture_probability": 0.0, "actual_mixture": 0.0, "gradient_norm": 1.439296841621399, "pid": 4089415, "elapsed_this_session_seconds": 8397.971298564225, "steps_this_session": 16080, "phase": "training", "gpu": "4"}
{"step": 16100, "total": 24000, "loss": 0.0684098256751895, "mixture_probability": 0.0, "actual_mixture": 0.0, "gradient_norm": 1.5160309076309204, "pid": 4089415, "elapsed_this_session_seconds": 8406.75431101583, "steps_this_session": 16100, "phase": "training", "gpu": "4"}
{"step": 16120, "total": 24000, "loss": 0.07511371187865734, "mixture_probability": 0.0, "actual_mixture": 0.0, "gradient_norm": 1.5998568534851074, "pid": 4089415, "elapsed_this_session_seconds": 8415.660661687143, "steps_this_session": 16120, "phase": "training", "gpu": "4"}
{"step": 16140, "total": 24000, "loss": 0.06074615474790335, "mixture_probability": 0.0, "actual_mixture": 0.0, "gradient_norm": 1.5545549392700195, "pid": 4089415, "elapsed_this_session_seconds": 8424.249187375419, "steps_this_session": 16140, "phase": "training", "gpu": "4"}
{"step": 16160, "total": 24000, "loss": 0.051816572435200214, "mixture_probability": 0.0, "actual_mixture": 0.0, "gradient_norm": 1.45259428024292, "pid": 4089415, "elapsed_this_session_seconds": 8443.044854552485, "steps_this_session": 16160, "phase": "training", "gpu": "4"}
{"step": 16180, "total": 24000, "loss": 0.055930059403181076, "mixture_probability": 0.0, "actual_mixture": 0.0, "gradient_norm": 1.1817305088043213, "pid": 4089415, "elapsed_this_session_seconds": 8465.329122048803, "steps_this_session": 16180, "phase": "training", "gpu": "4"}
{"step": 16200, "total": 24000, "loss": 0.059688969515264034, "mixture_probability": 0.0, "actual_mixture": 0.0, "gradient_norm": 1.3519190549850464, "pid": 4089415, "elapsed_this_session_seconds": 8485.148772409186, "steps_this_session": 16200, "phase": "training", "gpu": "4"}
{"step": 16220, "total": 24000, "loss": 0.06776600331068039, "mixture_probability": 0.0, "actual_mixture": 0.0, "gradient_norm": 1.400825023651123, "pid": 4089415, "elapsed_this_session_seconds": 8491.214669681154, "steps_this_session": 16220, "phase": "training", "gpu": "4"}
{"step": 16240, "total": 24000, "loss": 0.08266216795891523, "mixture_probability": 0.0, "actual_mixture": 0.0, "gradient_norm": 1.7412621974945068, "pid": 4089415, "elapsed_this_session_seconds": 8501.612306772731, "steps_this_session": 16240, "phase": "training", "gpu": "4"}
{"step": 16260, "total": 24000, "loss": 0.08137399796396494, "mixture_probability": 0.0, "actual_mixture": 0.0, "gradient_norm": 1.740027666091919, "pid": 4089415, "elapsed_this_session_seconds": 8511.806255606003, "steps_this_session": 16260, "phase": "training", "gpu": "4"}
{"step": 16280, "total": 24000, "loss": 0.06579168606549501, "mixture_probability": 0.0, "actual_mixture": 0.0, "gradient_norm": 1.3374615907669067, "pid": 4089415, "elapsed_this_session_seconds": 8521.345845921896, "steps_this_session": 16280, "phase": "training", "gpu": "4"}
{"step": 16300, "total": 24000, "loss": 0.062281886115670204, "mixture_probability": 0.0, "actual_mixture": 0.0, "gradient_norm": 1.109758973121643, "pid": 4089415, "elapsed_this_session_seconds": 8527.748056622222, "steps_this_session": 16300, "phase": "training", "gpu": "4"}
{"step": 16320, "total": 24000, "loss": 0.08033245243132114, "mixture_probability": 0.0, "actual_mixture": 0.0, "gradient_norm": 1.816995620727539, "pid": 4089415, "elapsed_this_session_seconds": 8536.747722400352, "steps_this_session": 16320, "phase": "training", "gpu": "4"}
{"step": 16340, "total": 24000, "loss": 0.07280298508703709, "mixture_probability": 0.0, "actual_mixture": 0.0, "gradient_norm": 1.4247421026229858, "pid": 4089415, "elapsed_this_session_seconds": 8545.748838772997, "steps_this_session": 16340, "phase": "training", "gpu": "4"}
{"step": 16360, "total": 24000, "loss": 0.05986331030726433, "mixture_probability": 0.0, "actual_mixture": 0.0, "gradient_norm": 1.3645497560501099, "pid": 4089415, "elapsed_this_session_seconds": 8554.550187965855, "steps_this_session": 16360, "phase": "training", "gpu": "4"}
{"step": 16380, "total": 24000, "loss": 0.06114841438829899, "mixture_probability": 0.0, "actual_mixture": 0.0, "gradient_norm": 1.391698956489563, "pid": 4089415, "elapsed_this_session_seconds": 8563.334860924631, "steps_this_session": 16380, "phase": "training", "gpu": "4"}
{"step": 16400, "total": 24000, "loss": 0.120290357619524, "mixture_probability": 0.0, "actual_mixture": 0.0, "gradient_norm": 1.883357286453247, "pid": 4089415, "elapsed_this_session_seconds": 8569.595216811635, "steps_this_session": 16400, "phase": "training", "gpu": "4"}
{"step": 16420, "total": 24000, "loss": 0.0604647733271122, "mixture_probability": 0.0, "actual_mixture": 0.0, "gradient_norm": 1.3285741806030273, "pid": 4089415, "elapsed_this_session_seconds": 8578.359053906053, "steps_this_session": 16420, "phase": "training", "gpu": "4"}
{"step": 16440, "total": 24000, "loss": 0.07315648812800646, "mixture_probability": 0.0, "actual_mixture": 0.0, "gradient_norm": 1.4864743947982788, "pid": 4089415, "elapsed_this_session_seconds": 8586.871385822073, "steps_this_session": 16440, "phase": "training", "gpu": "4"}
{"step": 16460, "total": 24000, "loss": 0.09578405320644379, "mixture_probability": 0.0, "actual_mixture": 0.0, "gradient_norm": 1.7062159776687622, "pid": 4089415, "elapsed_this_session_seconds": 8596.047235487029, "steps_this_session": 16460, "phase": "training", "gpu": "4"}
{"step": 16480, "total": 24000, "loss": 0.07183340936899185, "mixture_probability": 0.0, "actual_mixture": 0.0, "gradient_norm": 1.573043704032898, "pid": 4089415, "elapsed_this_session_seconds": 8602.057600831613, "steps_this_session": 16480, "phase": "training", "gpu": "4"}
{"step": 16500, "total": 24000, "loss": 0.06474306527525187, "mixture_probability": 0.0, "actual_mixture": 0.0, "gradient_norm": 1.2053453922271729, "pid": 4089415, "elapsed_this_session_seconds": 8610.424401952885, "steps_this_session": 16500, "phase": "training", "gpu": "4"}
{"step": 16520, "total": 24000, "loss": 0.06957060657441616, "mixture_probability": 0.0, "actual_mixture": 0.0, "gradient_norm": 1.5992431640625, "pid": 4089415, "elapsed_this_session_seconds": 8619.2355418792, "steps_this_session": 16520, "phase": "training", "gpu": "4"}
{"step": 16540, "total": 24000, "loss": 0.051748087629675865, "mixture_probability": 0.0, "actual_mixture": 0.0, "gradient_norm": 1.107438325881958, "pid": 4089415, "elapsed_this_session_seconds": 8628.001625903882, "steps_this_session": 16540, "phase": "training", "gpu": "4"}
{"step": 16560, "total": 24000, "loss": 0.06913815438747406, "mixture_probability": 0.0, "actual_mixture": 0.0, "gradient_norm": 1.3068974018096924, "pid": 4089415, "elapsed_this_session_seconds": 8636.67250591889, "steps_this_session": 16560, "phase": "training", "gpu": "4"}
{"step": 16580, "total": 24000, "loss": 0.05965769663453102, "mixture_probability": 0.0, "actual_mixture": 0.0, "gradient_norm": 1.1987123489379883, "pid": 4089415, "elapsed_this_session_seconds": 8645.29829467088, "steps_this_session": 16580, "phase": "training", "gpu": "4"}
{"step": 16600, "total": 24000, "loss": 0.07407556381076574, "mixture_probability": 0.0, "actual_mixture": 0.0, "gradient_norm": 1.5498619079589844, "pid": 4089415, "elapsed_this_session_seconds": 8654.052700948901, "steps_this_session": 16600, "phase": "training", "gpu": "4"}
{"step": 16620, "total": 24000, "loss": 0.07858028449118137, "mixture_probability": 0.0, "actual_mixture": 0.0, "gradient_norm": 1.529470443725586, "pid": 4089415, "elapsed_this_session_seconds": 8672.404993862845, "steps_this_session": 16620, "phase": "training", "gpu": "4"}
{"step": 16640, "total": 24000, "loss": 0.08402630686759949, "mixture_probability": 0.0, "actual_mixture": 0.0, "gradient_norm": 1.5569889545440674, "pid": 4089415, "elapsed_this_session_seconds": 8692.641270624474, "steps_this_session": 16640, "phase": "training", "gpu": "4"}
{"step": 16660, "total": 24000, "loss": 0.07877485640347004, "mixture_probability": 0.0, "actual_mixture": 0.0, "gradient_norm": 1.3507161140441895, "pid": 4089415, "elapsed_this_session_seconds": 8703.992858459242, "steps_this_session": 16660, "phase": "training", "gpu": "4"}
{"step": 16680, "total": 24000, "loss": 0.05849165841937065, "mixture_probability": 0.0, "actual_mixture": 0.0, "gradient_norm": 1.2917327880859375, "pid": 4089415, "elapsed_this_session_seconds": 8710.64068842493, "steps_this_session": 16680, "phase": "training", "gpu": "4"}
{"step": 16700, "total": 24000, "loss": 0.10369088780134916, "mixture_probability": 0.0, "actual_mixture": 0.0, "gradient_norm": 1.593939185142517, "pid": 4089415, "elapsed_this_session_seconds": 8718.851374947466, "steps_this_session": 16700, "phase": "training", "gpu": "4"}
{"step": 16720, "total": 24000, "loss": 0.08928661979734898, "mixture_probability": 0.0, "actual_mixture": 0.0, "gradient_norm": 1.955797791481018, "pid": 4089415, "elapsed_this_session_seconds": 8728.15369031392, "steps_this_session": 16720, "phase": "training", "gpu": "4"}
{"step": 16740, "total": 24000, "loss": 0.10229523945599794, "mixture_probability": 0.0, "actual_mixture": 0.0, "gradient_norm": 1.7523406744003296, "pid": 4089415, "elapsed_this_session_seconds": 8737.538390952162, "steps_this_session": 16740, "phase": "training", "gpu": "4"}
{"step": 16760, "total": 24000, "loss": 0.09564945008605719, "mixture_probability": 0.0, "actual_mixture": 0.0, "gradient_norm": 1.9405385255813599, "pid": 4089415, "elapsed_this_session_seconds": 8745.83348151017, "steps_this_session": 16760, "phase": "training", "gpu": "4"}
{"step": 16780, "total": 24000, "loss": 0.06518365256488323, "mixture_probability": 0.0, "actual_mixture": 0.0, "gradient_norm": 1.362582802772522, "pid": 4089415, "elapsed_this_session_seconds": 8752.851811241359, "steps_this_session": 16780, "phase": "training", "gpu": "4"}
{"step": 16800, "total": 24000, "loss": 0.054466244764626026, "mixture_probability": 0.0, "actual_mixture": 0.0, "gradient_norm": 1.2097994089126587, "pid": 4089415, "elapsed_this_session_seconds": 8761.777939592488, "steps_this_session": 16800, "phase": "training", "gpu": "4"}
{"step": 16820, "total": 24000, "loss": 0.05350050237029791, "mixture_probability": 0.0, "actual_mixture": 0.0, "gradient_norm": 1.043410062789917, "pid": 4089415, "elapsed_this_session_seconds": 8770.86372330226, "steps_this_session": 16820, "phase": "training", "gpu": "4"}
{"step": 16840, "total": 24000, "loss": 0.06374184228479862, "mixture_probability": 0.0, "actual_mixture": 0.0, "gradient_norm": 1.2600640058517456, "pid": 4089415, "elapsed_this_session_seconds": 8779.584533063695, "steps_this_session": 16840, "phase": "training", "gpu": "4"}
{"step": 16860, "total": 24000, "loss": 0.061610955744981766, "mixture_probability": 0.0, "actual_mixture": 0.0, "gradient_norm": 1.355731725692749, "pid": 4089415, "elapsed_this_session_seconds": 8788.288711754605, "steps_this_session": 16860, "phase": "training", "gpu": "4"}
{"step": 16880, "total": 24000, "loss": 0.04781231749802828, "mixture_probability": 0.0, "actual_mixture": 0.0, "gradient_norm": 1.0356807708740234, "pid": 4089415, "elapsed_this_session_seconds": 8794.58330807928, "steps_this_session": 16880, "phase": "training", "gpu": "4"}
{"step": 16900, "total": 24000, "loss": 0.0679506603628397, "mixture_probability": 0.0, "actual_mixture": 0.0, "gradient_norm": 1.25412917137146, "pid": 4089415, "elapsed_this_session_seconds": 8803.093599163927, "steps_this_session": 16900, "phase": "training", "gpu": "4"}
{"step": 16920, "total": 24000, "loss": 0.08672899752855301, "mixture_probability": 0.0, "actual_mixture": 0.0, "gradient_norm": 1.729533076286316, "pid": 4089415, "elapsed_this_session_seconds": 8811.88074308075, "steps_this_session": 16920, "phase": "training", "gpu": "4"}
{"step": 16940, "total": 24000, "loss": 0.06836813036352396, "mixture_probability": 0.0, "actual_mixture": 0.0, "gradient_norm": 1.384671926498413, "pid": 4089415, "elapsed_this_session_seconds": 8820.360987990163, "steps_this_session": 16940, "phase": "training", "gpu": "4"}
{"step": 16960, "total": 24000, "loss": 0.08882111310958862, "mixture_probability": 0.0, "actual_mixture": 0.0, "gradient_norm": 1.4352028369903564, "pid": 4089415, "elapsed_this_session_seconds": 8829.609072476625, "steps_this_session": 16960, "phase": "training", "gpu": "4"}
{"step": 16980, "total": 24000, "loss": 0.05133898928761482, "mixture_probability": 0.0, "actual_mixture": 0.0, "gradient_norm": 1.4074960947036743, "pid": 4089415, "elapsed_this_session_seconds": 8835.090439064428, "steps_this_session": 16980, "phase": "training", "gpu": "4"}
{"step": 17000, "total": 24000, "loss": 0.05917727667838335, "mixture_probability": 0.0, "actual_mixture": 0.0, "gradient_norm": 1.1729780435562134, "pid": 4089415, "elapsed_this_session_seconds": 8843.758242995478, "steps_this_session": 17000, "phase": "training", "gpu": "4"}
{"step": 17020, "total": 24000, "loss": 0.1814089510589838, "mixture_probability": 0.0, "actual_mixture": 0.0, "gradient_norm": 3.2450387477874756, "pid": 4089415, "elapsed_this_session_seconds": 8852.008721431717, "steps_this_session": 17020, "phase": "training", "gpu": "4"}
{"step": 17040, "total": 24000, "loss": 0.06791153270751238, "mixture_probability": 0.0, "actual_mixture": 0.0, "gradient_norm": 1.5294101238250732, "pid": 4089415, "elapsed_this_session_seconds": 8860.502205760218, "steps_this_session": 17040, "phase": "training", "gpu": "4"}
{"step": 17060, "total": 24000, "loss": 0.05141960736364126, "mixture_probability": 0.0, "actual_mixture": 0.0, "gradient_norm": 0.9492509961128235, "pid": 4089415, "elapsed_this_session_seconds": 8868.938131856732, "steps_this_session": 17060, "phase": "training", "gpu": "4"}
{"step": 17080, "total": 24000, "loss": 0.06274896673858166, "mixture_probability": 0.0, "actual_mixture": 0.0, "gradient_norm": 1.3246769905090332, "pid": 4089415, "elapsed_this_session_seconds": 8875.774879928678, "steps_this_session": 17080, "phase": "training", "gpu": "4"}
{"step": 17100, "total": 24000, "loss": 0.05870683118700981, "mixture_probability": 0.0, "actual_mixture": 0.0, "gradient_norm": 1.0986956357955933, "pid": 4089415, "elapsed_this_session_seconds": 8883.440482588485, "steps_this_session": 17100, "phase": "training", "gpu": "4"}
{"step": 17120, "total": 24000, "loss": 0.07583274599164724, "mixture_probability": 0.0, "actual_mixture": 0.0, "gradient_norm": 1.3579514026641846, "pid": 4089415, "elapsed_this_session_seconds": 8891.942689985968, "steps_this_session": 17120, "phase": "training", "gpu": "4"}
{"step": 17140, "total": 24000, "loss": 0.06613701023161411, "mixture_probability": 0.0, "actual_mixture": 0.0, "gradient_norm": 1.3608309030532837, "pid": 4089415, "elapsed_this_session_seconds": 8900.073797381483, "steps_this_session": 17140, "phase": "training", "gpu": "4"}
{"step": 17160, "total": 24000, "loss": 0.05830041691660881, "mixture_probability": 0.0, "actual_mixture": 0.0, "gradient_norm": 1.4326550960540771, "pid": 4089415, "elapsed_this_session_seconds": 8908.122995248996, "steps_this_session": 17160, "phase": "training", "gpu": "4"}
{"step": 17180, "total": 24000, "loss": 0.055128518491983414, "mixture_probability": 0.0, "actual_mixture": 0.0, "gradient_norm": 1.3223724365234375, "pid": 4089415, "elapsed_this_session_seconds": 8916.429863095284, "steps_this_session": 17180, "phase": "training", "gpu": "4"}
{"step": 17200, "total": 24000, "loss": 0.10048573091626167, "mixture_probability": 0.0, "actual_mixture": 0.0, "gradient_norm": 2.05126953125, "pid": 4089415, "elapsed_this_session_seconds": 8922.595343902707, "steps_this_session": 17200, "phase": "training", "gpu": "4"}
{"step": 17220, "total": 24000, "loss": 0.049110149033367634, "mixture_probability": 0.0, "actual_mixture": 0.0, "gradient_norm": 0.9045194387435913, "pid": 4089415, "elapsed_this_session_seconds": 8930.912922234274, "steps_this_session": 17220, "phase": "training", "gpu": "4"}
{"step": 17240, "total": 24000, "loss": 0.048843989148736, "mixture_probability": 0.0, "actual_mixture": 0.0, "gradient_norm": 1.0996124744415283, "pid": 4089415, "elapsed_this_session_seconds": 8939.203552769497, "steps_this_session": 17240, "phase": "training", "gpu": "4"}
{"step": 17260, "total": 24000, "loss": 0.06109102815389633, "mixture_probability": 0.0, "actual_mixture": 0.0, "gradient_norm": 1.564457893371582, "pid": 4089415, "elapsed_this_session_seconds": 8947.27092331741, "steps_this_session": 17260, "phase": "training", "gpu": "4"}
{"step": 17280, "total": 24000, "loss": 0.06572870537638664, "mixture_probability": 0.0, "actual_mixture": 0.0, "gradient_norm": 1.3221181631088257, "pid": 4089415, "elapsed_this_session_seconds": 8954.351167311892, "steps_this_session": 17280, "phase": "training", "gpu": "4"}
{"step": 17300, "total": 24000, "loss": 0.06366333924233913, "mixture_probability": 0.0, "actual_mixture": 0.0, "gradient_norm": 1.4352461099624634, "pid": 4089415, "elapsed_this_session_seconds": 8961.672395789996, "steps_this_session": 17300, "phase": "training", "gpu": "4"}
{"step": 17320, "total": 24000, "loss": 0.07517938688397408, "mixture_probability": 0.0, "actual_mixture": 0.0, "gradient_norm": 1.549147367477417, "pid": 4089415, "elapsed_this_session_seconds": 8969.783580657095, "steps_this_session": 17320, "phase": "training", "gpu": "4"}
{"step": 17340, "total": 24000, "loss": 0.06823672354221344, "mixture_probability": 0.0, "actual_mixture": 0.0, "gradient_norm": 1.4835035800933838, "pid": 4089415, "elapsed_this_session_seconds": 8978.249534728006, "steps_this_session": 17340, "phase": "training", "gpu": "4"}
{"step": 17360, "total": 24000, "loss": 0.06245583947747946, "mixture_probability": 0.0, "actual_mixture": 0.0, "gradient_norm": 2.0307605266571045, "pid": 4089415, "elapsed_this_session_seconds": 8986.443089858629, "steps_this_session": 17360, "phase": "training", "gpu": "4"}
{"step": 17380, "total": 24000, "loss": 0.06535516679286957, "mixture_probability": 0.0, "actual_mixture": 0.0, "gradient_norm": 1.3843281269073486, "pid": 4089415, "elapsed_this_session_seconds": 8994.598480706103, "steps_this_session": 17380, "phase": "training", "gpu": "4"}
{"step": 17400, "total": 24000, "loss": 0.06729787774384022, "mixture_probability": 0.0, "actual_mixture": 0.0, "gradient_norm": 1.310490608215332, "pid": 4089415, "elapsed_this_session_seconds": 9002.841438555159, "steps_this_session": 17400, "phase": "training", "gpu": "4"}
{"step": 17420, "total": 24000, "loss": 0.06897053122520447, "mixture_probability": 0.0, "actual_mixture": 0.0, "gradient_norm": 1.3834483623504639, "pid": 4089415, "elapsed_this_session_seconds": 9011.012816868722, "steps_this_session": 17420, "phase": "training", "gpu": "4"}
{"step": 17440, "total": 24000, "loss": 0.06945738382637501, "mixture_probability": 0.0, "actual_mixture": 0.0, "gradient_norm": 1.5829130411148071, "pid": 4089415, "elapsed_this_session_seconds": 9019.4180837702, "steps_this_session": 17440, "phase": "training", "gpu": "4"}
{"step": 17460, "total": 24000, "loss": 0.0549833569675684, "mixture_probability": 0.0, "actual_mixture": 0.0, "gradient_norm": 1.2059581279754639, "pid": 4089415, "elapsed_this_session_seconds": 9027.333927649073, "steps_this_session": 17460, "phase": "training", "gpu": "4"}
{"step": 17480, "total": 24000, "loss": 0.06822899915277958, "mixture_probability": 0.0, "actual_mixture": 0.0, "gradient_norm": 1.5149176120758057, "pid": 4089415, "elapsed_this_session_seconds": 9035.701392272487, "steps_this_session": 17480, "phase": "training", "gpu": "4"}
{"step": 17500, "total": 24000, "loss": 0.07063016295433044, "mixture_probability": 0.0, "actual_mixture": 0.0, "gradient_norm": 1.3663012981414795, "pid": 4089415, "elapsed_this_session_seconds": 9043.851841622032, "steps_this_session": 17500, "phase": "training", "gpu": "4"}
{"step": 17520, "total": 24000, "loss": 0.05713370069861412, "mixture_probability": 0.0, "actual_mixture": 0.0, "gradient_norm": 1.2346652746200562, "pid": 4089415, "elapsed_this_session_seconds": 9052.02168978192, "steps_this_session": 17520, "phase": "training", "gpu": "4"}
{"step": 17540, "total": 24000, "loss": 0.05203086789697409, "mixture_probability": 0.0, "actual_mixture": 0.0, "gradient_norm": 1.0043188333511353, "pid": 4089415, "elapsed_this_session_seconds": 9060.37862715777, "steps_this_session": 17540, "phase": "training", "gpu": "4"}
{"step": 17560, "total": 24000, "loss": 0.07652865909039974, "mixture_probability": 0.0, "actual_mixture": 0.0, "gradient_norm": 1.39748215675354, "pid": 4089415, "elapsed_this_session_seconds": 9070.324599971995, "steps_this_session": 17560, "phase": "training", "gpu": "4"}
{"step": 17580, "total": 24000, "loss": 0.05924491677433252, "mixture_probability": 0.0, "actual_mixture": 0.0, "gradient_norm": 1.5209522247314453, "pid": 4089415, "elapsed_this_session_seconds": 9094.832184053957, "steps_this_session": 17580, "phase": "training", "gpu": "4"}
{"step": 17600, "total": 24000, "loss": 0.05978604964911938, "mixture_probability": 0.0, "actual_mixture": 0.0, "gradient_norm": 1.5273420810699463, "pid": 4089415, "elapsed_this_session_seconds": 9116.286122019403, "steps_this_session": 17600, "phase": "training", "gpu": "4"}
{"step": 17620, "total": 24000, "loss": 0.060479117557406425, "mixture_probability": 0.0, "actual_mixture": 0.0, "gradient_norm": 1.2324105501174927, "pid": 4089415, "elapsed_this_session_seconds": 9136.020776882768, "steps_this_session": 17620, "phase": "training", "gpu": "4"}
{"step": 17640, "total": 24000, "loss": 0.052918143570423126, "mixture_probability": 0.0, "actual_mixture": 0.0, "gradient_norm": 1.3175873756408691, "pid": 4089415, "elapsed_this_session_seconds": 9141.715942322277, "steps_this_session": 17640, "phase": "training", "gpu": "4"}
{"step": 17660, "total": 24000, "loss": 0.06635396555066109, "mixture_probability": 0.0, "actual_mixture": 0.0, "gradient_norm": 1.6967743635177612, "pid": 4089415, "elapsed_this_session_seconds": 9152.63506842032, "steps_this_session": 17660, "phase": "training", "gpu": "4"}
{"step": 17680, "total": 24000, "loss": 0.10270105674862862, "mixture_probability": 0.0, "actual_mixture": 0.0, "gradient_norm": 1.5335910320281982, "pid": 4089415, "elapsed_this_session_seconds": 9165.118160655722, "steps_this_session": 17680, "phase": "training", "gpu": "4"}
{"step": 17700, "total": 24000, "loss": 0.08602747693657875, "mixture_probability": 0.0, "actual_mixture": 0.0, "gradient_norm": 1.5778303146362305, "pid": 4089415, "elapsed_this_session_seconds": 9173.44730248116, "steps_this_session": 17700, "phase": "training", "gpu": "4"}
{"step": 17720, "total": 24000, "loss": 0.06791692972183228, "mixture_probability": 0.0, "actual_mixture": 0.0, "gradient_norm": 1.3483296632766724, "pid": 4089415, "elapsed_this_session_seconds": 9184.454330760986, "steps_this_session": 17720, "phase": "training", "gpu": "4"}
{"step": 17740, "total": 24000, "loss": 0.08518455363810062, "mixture_probability": 0.0, "actual_mixture": 0.0, "gradient_norm": 1.5750834941864014, "pid": 4089415, "elapsed_this_session_seconds": 9195.013539566658, "steps_this_session": 17740, "phase": "training", "gpu": "4"}
{"step": 17760, "total": 24000, "loss": 0.047448571771383286, "mixture_probability": 0.0, "actual_mixture": 0.0, "gradient_norm": 1.0565561056137085, "pid": 4089415, "elapsed_this_session_seconds": 9203.563501805067, "steps_this_session": 17760, "phase": "training", "gpu": "4"}
{"step": 17780, "total": 24000, "loss": 0.06271927058696747, "mixture_probability": 0.0, "actual_mixture": 0.0, "gradient_norm": 1.6778507232666016, "pid": 4089415, "elapsed_this_session_seconds": 9214.376321346499, "steps_this_session": 17780, "phase": "training", "gpu": "4"}
{"step": 17800, "total": 24000, "loss": 0.055692510679364204, "mixture_probability": 0.0, "actual_mixture": 0.0, "gradient_norm": 1.335827112197876, "pid": 4089415, "elapsed_this_session_seconds": 9224.247168607078, "steps_this_session": 17800, "phase": "training", "gpu": "4"}
{"step": 17820, "total": 24000, "loss": 0.07421899400651455, "mixture_probability": 0.0, "actual_mixture": 0.0, "gradient_norm": 1.5982751846313477, "pid": 4089415, "elapsed_this_session_seconds": 9232.538515457883, "steps_this_session": 17820, "phase": "training", "gpu": "4"}
{"step": 17840, "total": 24000, "loss": 0.06796975061297417, "mixture_probability": 0.0, "actual_mixture": 0.0, "gradient_norm": 1.3687822818756104, "pid": 4089415, "elapsed_this_session_seconds": 9243.862165672705, "steps_this_session": 17840, "phase": "training", "gpu": "4"}
{"step": 17860, "total": 24000, "loss": 0.04853276256471872, "mixture_probability": 0.0, "actual_mixture": 0.0, "gradient_norm": 1.0736521482467651, "pid": 4089415, "elapsed_this_session_seconds": 9250.752132166177, "steps_this_session": 17860, "phase": "training", "gpu": "4"}
{"step": 17880, "total": 24000, "loss": 0.06234015058726072, "mixture_probability": 0.0, "actual_mixture": 0.0, "gradient_norm": 1.1589453220367432, "pid": 4089415, "elapsed_this_session_seconds": 9260.91437207535, "steps_this_session": 17880, "phase": "training", "gpu": "4"}
{"step": 17900, "total": 24000, "loss": 0.07211390882730484, "mixture_probability": 0.0, "actual_mixture": 0.0, "gradient_norm": 1.4681551456451416, "pid": 4089415, "elapsed_this_session_seconds": 9271.382052036002, "steps_this_session": 17900, "phase": "training", "gpu": "4"}
{"step": 17920, "total": 24000, "loss": 0.09013805352151394, "mixture_probability": 0.0, "actual_mixture": 0.0, "gradient_norm": 1.4245755672454834, "pid": 4089415, "elapsed_this_session_seconds": 9281.453278470784, "steps_this_session": 17920, "phase": "training", "gpu": "4"}
{"step": 17940, "total": 24000, "loss": 0.08079731278121471, "mixture_probability": 0.0, "actual_mixture": 0.0, "gradient_norm": 1.3788751363754272, "pid": 4089415, "elapsed_this_session_seconds": 9291.645612193272, "steps_this_session": 17940, "phase": "training", "gpu": "4"}
{"step": 17960, "total": 24000, "loss": 0.08565110340714455, "mixture_probability": 0.0, "actual_mixture": 0.0, "gradient_norm": 2.2009763717651367, "pid": 4089415, "elapsed_this_session_seconds": 9302.660927277058, "steps_this_session": 17960, "phase": "training", "gpu": "4"}
{"step": 17980, "total": 24000, "loss": 0.06610477156937122, "mixture_probability": 0.0, "actual_mixture": 0.0, "gradient_norm": 1.3237274885177612, "pid": 4089415, "elapsed_this_session_seconds": 9326.171344739385, "steps_this_session": 17980, "phase": "training", "gpu": "4"}
{"step": 18000, "total": 24000, "loss": 0.05406377650797367, "mixture_probability": 0.0, "actual_mixture": 0.0, "gradient_norm": 1.2591108083724976, "pid": 4089415, "elapsed_this_session_seconds": 9351.154898904264, "steps_this_session": 18000, "phase": "training", "gpu": "4"}
{"step": 18020, "total": 24000, "loss": 0.0527229867875576, "mixture_probability": 0.0, "actual_mixture": 0.0, "gradient_norm": 1.1754814386367798, "pid": 4089415, "elapsed_this_session_seconds": 9491.07285214495, "steps_this_session": 18020, "phase": "training", "gpu": "4"}
{"step": 18040, "total": 24000, "loss": 0.06756929494440556, "mixture_probability": 0.0, "actual_mixture": 0.0, "gradient_norm": 1.4470131397247314, "pid": 4089415, "elapsed_this_session_seconds": 9498.22397397738, "steps_this_session": 18040, "phase": "training", "gpu": "4"}
{"step": 18060, "total": 24000, "loss": 0.08488477766513824, "mixture_probability": 0.0, "actual_mixture": 0.0, "gradient_norm": 1.639782190322876, "pid": 4089415, "elapsed_this_session_seconds": 9507.942464727908, "steps_this_session": 18060, "phase": "training", "gpu": "4"}
{"step": 18080, "total": 24000, "loss": 0.061219326220452785, "mixture_probability": 0.0, "actual_mixture": 0.0, "gradient_norm": 1.3892195224761963, "pid": 4089415, "elapsed_this_session_seconds": 9518.245368532836, "steps_this_session": 18080, "phase": "training", "gpu": "4"}
{"step": 18100, "total": 24000, "loss": 0.07036607153713703, "mixture_probability": 0.0, "actual_mixture": 0.0, "gradient_norm": 1.3882944583892822, "pid": 4089415, "elapsed_this_session_seconds": 9525.029801434837, "steps_this_session": 18100, "phase": "training", "gpu": "4"}
{"step": 18120, "total": 24000, "loss": 0.11388346087187529, "mixture_probability": 0.0, "actual_mixture": 0.0, "gradient_norm": 2.24088454246521, "pid": 4089415, "elapsed_this_session_seconds": 9534.68195732776, "steps_this_session": 18120, "phase": "training", "gpu": "4"}
{"step": 18140, "total": 24000, "loss": 0.08475651871412992, "mixture_probability": 0.0, "actual_mixture": 0.0, "gradient_norm": 1.4857168197631836, "pid": 4089415, "elapsed_this_session_seconds": 9544.529869832098, "steps_this_session": 18140, "phase": "training", "gpu": "4"}
{"step": 18160, "total": 24000, "loss": 0.07662662118673325, "mixture_probability": 0.0, "actual_mixture": 0.0, "gradient_norm": 1.369972586631775, "pid": 4089415, "elapsed_this_session_seconds": 9551.737128634937, "steps_this_session": 18160, "phase": "training", "gpu": "4"}
{"step": 18180, "total": 24000, "loss": 0.06031495612114668, "mixture_probability": 0.0, "actual_mixture": 0.0, "gradient_norm": 1.5496587753295898, "pid": 4089415, "elapsed_this_session_seconds": 9560.875184692442, "steps_this_session": 18180, "phase": "training", "gpu": "4"}
{"step": 18200, "total": 24000, "loss": 0.061614736914634705, "mixture_probability": 0.0, "actual_mixture": 0.0, "gradient_norm": 1.398140788078308, "pid": 4089415, "elapsed_this_session_seconds": 9570.69245021604, "steps_this_session": 18200, "phase": "training", "gpu": "4"}
{"step": 18220, "total": 24000, "loss": 0.06162573862820864, "mixture_probability": 0.0, "actual_mixture": 0.0, "gradient_norm": 1.5136061906814575, "pid": 4089415, "elapsed_this_session_seconds": 9577.456890333444, "steps_this_session": 18220, "phase": "training", "gpu": "4"}
{"step": 18240, "total": 24000, "loss": 0.06429775059223175, "mixture_probability": 0.0, "actual_mixture": 0.0, "gradient_norm": 1.1696850061416626, "pid": 4089415, "elapsed_this_session_seconds": 9585.879743608646, "steps_this_session": 18240, "phase": "training", "gpu": "4"}
{"step": 18260, "total": 24000, "loss": 0.055752797052264214, "mixture_probability": 0.0, "actual_mixture": 0.0, "gradient_norm": 1.1545783281326294, "pid": 4089415, "elapsed_this_session_seconds": 9594.432917715982, "steps_this_session": 18260, "phase": "training", "gpu": "4"}
{"step": 18280, "total": 24000, "loss": 0.06874497979879379, "mixture_probability": 0.0, "actual_mixture": 0.0, "gradient_norm": 1.5018805265426636, "pid": 4089415, "elapsed_this_session_seconds": 9602.578142634593, "steps_this_session": 18280, "phase": "training", "gpu": "4"}
{"step": 18300, "total": 24000, "loss": 0.08676774799823761, "mixture_probability": 0.0, "actual_mixture": 0.0, "gradient_norm": 1.382041335105896, "pid": 4089415, "elapsed_this_session_seconds": 9610.729669502936, "steps_this_session": 18300, "phase": "training", "gpu": "4"}
{"step": 18320, "total": 24000, "loss": 0.06474095489829779, "mixture_probability": 0.0, "actual_mixture": 0.0, "gradient_norm": 1.3994660377502441, "pid": 4089415, "elapsed_this_session_seconds": 9619.560483750887, "steps_this_session": 18320, "phase": "training", "gpu": "4"}
{"step": 18340, "total": 24000, "loss": 0.06121845915913582, "mixture_probability": 0.0, "actual_mixture": 0.0, "gradient_norm": 1.2528648376464844, "pid": 4089415, "elapsed_this_session_seconds": 9627.805713088252, "steps_this_session": 18340, "phase": "training", "gpu": "4"}
{"step": 18360, "total": 24000, "loss": 0.05982577707618475, "mixture_probability": 0.0, "actual_mixture": 0.0, "gradient_norm": 1.160239577293396, "pid": 4089415, "elapsed_this_session_seconds": 9648.08306775242, "steps_this_session": 18360, "phase": "training", "gpu": "4"}
{"step": 18380, "total": 24000, "loss": 0.07267691567540169, "mixture_probability": 0.0, "actual_mixture": 0.0, "gradient_norm": 1.4526581764221191, "pid": 4089415, "elapsed_this_session_seconds": 9669.595357549377, "steps_this_session": 18380, "phase": "training", "gpu": "4"}
{"step": 18400, "total": 24000, "loss": 0.07195633091032505, "mixture_probability": 0.0, "actual_mixture": 0.0, "gradient_norm": 1.636168122291565, "pid": 4089415, "elapsed_this_session_seconds": 9682.850866138004, "steps_this_session": 18400, "phase": "training", "gpu": "4"}
{"step": 18420, "total": 24000, "loss": 0.06834740564227104, "mixture_probability": 0.0, "actual_mixture": 0.0, "gradient_norm": 1.401485800743103, "pid": 4089415, "elapsed_this_session_seconds": 9689.513798263855, "steps_this_session": 18420, "phase": "training", "gpu": "4"}
{"step": 18440, "total": 24000, "loss": 0.06043261103332043, "mixture_probability": 0.0, "actual_mixture": 0.0, "gradient_norm": 1.3300533294677734, "pid": 4089415, "elapsed_this_session_seconds": 9698.884779783897, "steps_this_session": 18440, "phase": "training", "gpu": "4"}
{"step": 18460, "total": 24000, "loss": 0.07229333557188511, "mixture_probability": 0.0, "actual_mixture": 0.0, "gradient_norm": 1.558242678642273, "pid": 4089415, "elapsed_this_session_seconds": 9708.826010833494, "steps_this_session": 18460, "phase": "training", "gpu": "4"}
{"step": 18480, "total": 24000, "loss": 0.06141986325383186, "mixture_probability": 0.0, "actual_mixture": 0.0, "gradient_norm": 1.4196419715881348, "pid": 4089415, "elapsed_this_session_seconds": 9718.221212793142, "steps_this_session": 18480, "phase": "training", "gpu": "4"}
{"step": 18500, "total": 24000, "loss": 0.0669684186577797, "mixture_probability": 0.0, "actual_mixture": 0.0, "gradient_norm": 1.4583168029785156, "pid": 4089415, "elapsed_this_session_seconds": 9725.615858981386, "steps_this_session": 18500, "phase": "training", "gpu": "4"}
{"step": 18520, "total": 24000, "loss": 0.05742182582616806, "mixture_probability": 0.0, "actual_mixture": 0.0, "gradient_norm": 1.0220876932144165, "pid": 4089415, "elapsed_this_session_seconds": 9735.325952789746, "steps_this_session": 18520, "phase": "training", "gpu": "4"}
{"step": 18540, "total": 24000, "loss": 0.06534278020262718, "mixture_probability": 0.0, "actual_mixture": 0.0, "gradient_norm": 1.3224098682403564, "pid": 4089415, "elapsed_this_session_seconds": 9744.725936516188, "steps_this_session": 18540, "phase": "training", "gpu": "4"}
{"step": 18560, "total": 24000, "loss": 0.07528184447437525, "mixture_probability": 0.0, "actual_mixture": 0.0, "gradient_norm": 1.4259624481201172, "pid": 4089415, "elapsed_this_session_seconds": 9754.274276926182, "steps_this_session": 18560, "phase": "training", "gpu": "4"}
{"step": 18580, "total": 24000, "loss": 0.07706810720264912, "mixture_probability": 0.0, "actual_mixture": 0.0, "gradient_norm": 1.395938515663147, "pid": 4089415, "elapsed_this_session_seconds": 9761.48796282988, "steps_this_session": 18580, "phase": "training", "gpu": "4"}
{"step": 18600, "total": 24000, "loss": 0.05110451951622963, "mixture_probability": 0.0, "actual_mixture": 0.0, "gradient_norm": 0.9687971472740173, "pid": 4089415, "elapsed_this_session_seconds": 9770.63288377691, "steps_this_session": 18600, "phase": "training", "gpu": "4"}
{"step": 18620, "total": 24000, "loss": 0.06475106254220009, "mixture_probability": 0.0, "actual_mixture": 0.0, "gradient_norm": 1.1839920282363892, "pid": 4089415, "elapsed_this_session_seconds": 9780.763510607183, "steps_this_session": 18620, "phase": "training", "gpu": "4"}
{"step": 18640, "total": 24000, "loss": 0.0601983442902565, "mixture_probability": 0.0, "actual_mixture": 0.0, "gradient_norm": 1.3084039688110352, "pid": 4089415, "elapsed_this_session_seconds": 9786.627468471415, "steps_this_session": 18640, "phase": "training", "gpu": "4"}
{"step": 18660, "total": 24000, "loss": 0.05150724481791258, "mixture_probability": 0.0, "actual_mixture": 0.0, "gradient_norm": 1.0036324262619019, "pid": 4089415, "elapsed_this_session_seconds": 9796.112008820288, "steps_this_session": 18660, "phase": "training", "gpu": "4"}
{"step": 18680, "total": 24000, "loss": 0.05541433207690716, "mixture_probability": 0.0, "actual_mixture": 0.0, "gradient_norm": 1.3333600759506226, "pid": 4089415, "elapsed_this_session_seconds": 9804.780968114734, "steps_this_session": 18680, "phase": "training", "gpu": "4"}
{"step": 18700, "total": 24000, "loss": 0.07044886518269777, "mixture_probability": 0.0, "actual_mixture": 0.0, "gradient_norm": 1.486183762550354, "pid": 4089415, "elapsed_this_session_seconds": 9813.709220509045, "steps_this_session": 18700, "phase": "training", "gpu": "4"}
{"step": 18720, "total": 24000, "loss": 0.07305005472153425, "mixture_probability": 0.0, "actual_mixture": 0.0, "gradient_norm": 1.655612587928772, "pid": 4089415, "elapsed_this_session_seconds": 9822.620886500925, "steps_this_session": 18720, "phase": "training", "gpu": "4"}
{"step": 18740, "total": 24000, "loss": 0.06502782180905342, "mixture_probability": 0.0, "actual_mixture": 0.0, "gradient_norm": 1.2730376720428467, "pid": 4089415, "elapsed_this_session_seconds": 9831.630353139713, "steps_this_session": 18740, "phase": "training", "gpu": "4"}
{"step": 18760, "total": 24000, "loss": 0.08569297753274441, "mixture_probability": 0.0, "actual_mixture": 0.0, "gradient_norm": 1.8071794509887695, "pid": 4089415, "elapsed_this_session_seconds": 9840.39487269707, "steps_this_session": 18760, "phase": "training", "gpu": "4"}
{"step": 18780, "total": 24000, "loss": 0.05942044127732515, "mixture_probability": 0.0, "actual_mixture": 0.0, "gradient_norm": 1.1675729751586914, "pid": 4089415, "elapsed_this_session_seconds": 9862.086902571842, "steps_this_session": 18780, "phase": "training", "gpu": "4"}
{"step": 18800, "total": 24000, "loss": 0.04940912965685129, "mixture_probability": 0.0, "actual_mixture": 0.0, "gradient_norm": 0.9636629223823547, "pid": 4089415, "elapsed_this_session_seconds": 9885.18285989575, "steps_this_session": 18800, "phase": "training", "gpu": "4"}
{"step": 18820, "total": 24000, "loss": 0.055241966620087624, "mixture_probability": 0.0, "actual_mixture": 0.0, "gradient_norm": 1.1850230693817139, "pid": 4089415, "elapsed_this_session_seconds": 9895.886422626674, "steps_this_session": 18820, "phase": "training", "gpu": "4"}
{"step": 18840, "total": 24000, "loss": 0.09738102741539478, "mixture_probability": 0.0, "actual_mixture": 0.0, "gradient_norm": 2.2103333473205566, "pid": 4089415, "elapsed_this_session_seconds": 9903.185333316214, "steps_this_session": 18840, "phase": "training", "gpu": "4"}
{"step": 18860, "total": 24000, "loss": 0.0537950461730361, "mixture_probability": 0.0, "actual_mixture": 0.0, "gradient_norm": 1.2006995677947998, "pid": 4089415, "elapsed_this_session_seconds": 9912.080248930492, "steps_this_session": 18860, "phase": "training", "gpu": "4"}
{"step": 18880, "total": 24000, "loss": 0.04729297384619713, "mixture_probability": 0.0, "actual_mixture": 0.0, "gradient_norm": 1.0747342109680176, "pid": 4089415, "elapsed_this_session_seconds": 9922.2018384533, "steps_this_session": 18880, "phase": "training", "gpu": "4"}
{"step": 18900, "total": 24000, "loss": 0.06584542617201805, "mixture_probability": 0.0, "actual_mixture": 0.0, "gradient_norm": 1.2919670343399048, "pid": 4089415, "elapsed_this_session_seconds": 9931.15203903988, "steps_this_session": 18900, "phase": "training", "gpu": "4"}
{"step": 18920, "total": 24000, "loss": 0.09815359674394131, "mixture_probability": 0.0, "actual_mixture": 0.0, "gradient_norm": 2.6724977493286133, "pid": 4089415, "elapsed_this_session_seconds": 9938.795714298263, "steps_this_session": 18920, "phase": "training", "gpu": "4"}
{"step": 18940, "total": 24000, "loss": 0.057080830447375774, "mixture_probability": 0.0, "actual_mixture": 0.0, "gradient_norm": 1.1157004833221436, "pid": 4089415, "elapsed_this_session_seconds": 9947.851912098005, "steps_this_session": 18940, "phase": "training", "gpu": "4"}
{"step": 18960, "total": 24000, "loss": 0.0804640268906951, "mixture_probability": 0.0, "actual_mixture": 0.0, "gradient_norm": 1.7787141799926758, "pid": 4089415, "elapsed_this_session_seconds": 9956.949219156057, "steps_this_session": 18960, "phase": "training", "gpu": "4"}
{"step": 18980, "total": 24000, "loss": 0.08817800134420395, "mixture_probability": 0.0, "actual_mixture": 0.0, "gradient_norm": 1.7057054042816162, "pid": 4089415, "elapsed_this_session_seconds": 9965.97034112271, "steps_this_session": 18980, "phase": "training", "gpu": "4"}
{"step": 19000, "total": 24000, "loss": 0.062133931554853916, "mixture_probability": 0.0, "actual_mixture": 0.0, "gradient_norm": 1.3187309503555298, "pid": 4089415, "elapsed_this_session_seconds": 9973.162260142155, "steps_this_session": 19000, "phase": "training", "gpu": "4"}
{"step": 19020, "total": 24000, "loss": 0.0656206039711833, "mixture_probability": 0.0, "actual_mixture": 0.0, "gradient_norm": 1.2538045644760132, "pid": 4089415, "elapsed_this_session_seconds": 9981.985845488496, "steps_this_session": 19020, "phase": "training", "gpu": "4"}
{"step": 19040, "total": 24000, "loss": 0.07165450230240822, "mixture_probability": 0.0, "actual_mixture": 0.0, "gradient_norm": 1.389375925064087, "pid": 4089415, "elapsed_this_session_seconds": 9990.903081431054, "steps_this_session": 19040, "phase": "training", "gpu": "4"}
{"step": 19060, "total": 24000, "loss": 0.05487808585166931, "mixture_probability": 0.0, "actual_mixture": 0.0, "gradient_norm": 1.243838906288147, "pid": 4089415, "elapsed_this_session_seconds": 10000.243086904287, "steps_this_session": 19060, "phase": "training", "gpu": "4"}
{"step": 19080, "total": 24000, "loss": 0.08037493750452995, "mixture_probability": 0.0, "actual_mixture": 0.0, "gradient_norm": 1.713519811630249, "pid": 4089415, "elapsed_this_session_seconds": 10005.686548960395, "steps_this_session": 19080, "phase": "training", "gpu": "4"}
{"step": 19100, "total": 24000, "loss": 0.06084680184721947, "mixture_probability": 0.0, "actual_mixture": 0.0, "gradient_norm": 1.0735515356063843, "pid": 4089415, "elapsed_this_session_seconds": 10014.49516455736, "steps_this_session": 19100, "phase": "training", "gpu": "4"}
{"step": 19120, "total": 24000, "loss": 0.06787346489727497, "mixture_probability": 0.0, "actual_mixture": 0.0, "gradient_norm": 1.33052659034729, "pid": 4089415, "elapsed_this_session_seconds": 10023.191123745404, "steps_this_session": 19120, "phase": "training", "gpu": "4"}
{"step": 19140, "total": 24000, "loss": 0.06587749440222979, "mixture_probability": 0.0, "actual_mixture": 0.0, "gradient_norm": 1.3074997663497925, "pid": 4089415, "elapsed_this_session_seconds": 10032.227331912145, "steps_this_session": 19140, "phase": "training", "gpu": "4"}
{"step": 19160, "total": 24000, "loss": 0.05374800320714712, "mixture_probability": 0.0, "actual_mixture": 0.0, "gradient_norm": 1.128860592842102, "pid": 4089415, "elapsed_this_session_seconds": 10039.182536766864, "steps_this_session": 19160, "phase": "training", "gpu": "4"}
{"step": 19180, "total": 24000, "loss": 0.0539542967453599, "mixture_probability": 0.0, "actual_mixture": 0.0, "gradient_norm": 1.164454698562622, "pid": 4089415, "elapsed_this_session_seconds": 10047.06939484179, "steps_this_session": 19180, "phase": "training", "gpu": "4"}
{"step": 19200, "total": 24000, "loss": 0.05753101781010628, "mixture_probability": 0.0, "actual_mixture": 0.0, "gradient_norm": 1.334777593612671, "pid": 4089415, "elapsed_this_session_seconds": 10056.021343695931, "steps_this_session": 19200, "phase": "training", "gpu": "4"}
{"step": 19220, "total": 24000, "loss": 0.056558758020401, "mixture_probability": 0.0, "actual_mixture": 0.0, "gradient_norm": 1.122766137123108, "pid": 4089415, "elapsed_this_session_seconds": 10064.392576895654, "steps_this_session": 19220, "phase": "training", "gpu": "4"}
{"step": 19240, "total": 24000, "loss": 0.06064486689865589, "mixture_probability": 0.0, "actual_mixture": 0.0, "gradient_norm": 1.2212202548980713, "pid": 4089415, "elapsed_this_session_seconds": 10072.397302581929, "steps_this_session": 19240, "phase": "training", "gpu": "4"}
{"step": 19260, "total": 24000, "loss": 0.08981913141906261, "mixture_probability": 0.0, "actual_mixture": 0.0, "gradient_norm": 3.8047730922698975, "pid": 4089415, "elapsed_this_session_seconds": 10078.974837472662, "steps_this_session": 19260, "phase": "training", "gpu": "4"}
{"step": 19280, "total": 24000, "loss": 0.06022730655968189, "mixture_probability": 0.0, "actual_mixture": 0.0, "gradient_norm": 1.1591957807540894, "pid": 4089415, "elapsed_this_session_seconds": 10087.330623809248, "steps_this_session": 19280, "phase": "training", "gpu": "4"}
{"step": 19300, "total": 24000, "loss": 0.05660060327500105, "mixture_probability": 0.0, "actual_mixture": 0.0, "gradient_norm": 1.2792341709136963, "pid": 4089415, "elapsed_this_session_seconds": 10095.912753563374, "steps_this_session": 19300, "phase": "training", "gpu": "4"}
{"step": 19320, "total": 24000, "loss": 0.06123687885701656, "mixture_probability": 0.0, "actual_mixture": 0.0, "gradient_norm": 1.181415319442749, "pid": 4089415, "elapsed_this_session_seconds": 10104.982342476957, "steps_this_session": 19320, "phase": "training", "gpu": "4"}
{"step": 19340, "total": 24000, "loss": 0.05788916163146496, "mixture_probability": 0.0, "actual_mixture": 0.0, "gradient_norm": 1.3953098058700562, "pid": 4089415, "elapsed_this_session_seconds": 10110.494956433773, "steps_this_session": 19340, "phase": "training", "gpu": "4"}
{"step": 19360, "total": 24000, "loss": 0.05140966549515724, "mixture_probability": 0.0, "actual_mixture": 0.0, "gradient_norm": 1.2038960456848145, "pid": 4089415, "elapsed_this_session_seconds": 10118.387284484692, "steps_this_session": 19360, "phase": "training", "gpu": "4"}
{"step": 19380, "total": 24000, "loss": 0.0650228327140212, "mixture_probability": 0.0, "actual_mixture": 0.0, "gradient_norm": 1.4295477867126465, "pid": 4089415, "elapsed_this_session_seconds": 10126.458517785184, "steps_this_session": 19380, "phase": "training", "gpu": "4"}
{"step": 19400, "total": 24000, "loss": 0.057042445987463, "mixture_probability": 0.0, "actual_mixture": 0.0, "gradient_norm": 1.2615816593170166, "pid": 4089415, "elapsed_this_session_seconds": 10134.809607927687, "steps_this_session": 19400, "phase": "training", "gpu": "4"}
{"step": 19420, "total": 24000, "loss": 0.07978177536278963, "mixture_probability": 0.0, "actual_mixture": 0.0, "gradient_norm": 1.2419792413711548, "pid": 4089415, "elapsed_this_session_seconds": 10142.451936425641, "steps_this_session": 19420, "phase": "training", "gpu": "4"}
{"step": 19440, "total": 24000, "loss": 0.06084270589053631, "mixture_probability": 0.0, "actual_mixture": 0.0, "gradient_norm": 1.3280565738677979, "pid": 4089415, "elapsed_this_session_seconds": 10149.783376497217, "steps_this_session": 19440, "phase": "training", "gpu": "4"}
{"step": 19460, "total": 24000, "loss": 0.06829160079360008, "mixture_probability": 0.0, "actual_mixture": 0.0, "gradient_norm": 1.4303618669509888, "pid": 4089415, "elapsed_this_session_seconds": 10155.259698653594, "steps_this_session": 19460, "phase": "training", "gpu": "4"}
{"step": 19480, "total": 24000, "loss": 0.07529006991535425, "mixture_probability": 0.0, "actual_mixture": 0.0, "gradient_norm": 1.4261819124221802, "pid": 4089415, "elapsed_this_session_seconds": 10162.972048347816, "steps_this_session": 19480, "phase": "training", "gpu": "4"}
{"step": 19500, "total": 24000, "loss": 0.07300627790391445, "mixture_probability": 0.0, "actual_mixture": 0.0, "gradient_norm": 1.6866363286972046, "pid": 4089415, "elapsed_this_session_seconds": 10170.995777112432, "steps_this_session": 19500, "phase": "training", "gpu": "4"}
{"step": 19520, "total": 24000, "loss": 0.06378713250160217, "mixture_probability": 0.0, "actual_mixture": 0.0, "gradient_norm": 1.3966598510742188, "pid": 4089415, "elapsed_this_session_seconds": 10178.768093730323, "steps_this_session": 19520, "phase": "training", "gpu": "4"}
{"step": 19540, "total": 24000, "loss": 0.05895175598561764, "mixture_probability": 0.0, "actual_mixture": 0.0, "gradient_norm": 1.2388057708740234, "pid": 4089415, "elapsed_this_session_seconds": 10185.697448840365, "steps_this_session": 19540, "phase": "training", "gpu": "4"}
{"step": 19560, "total": 24000, "loss": 0.05505615472793579, "mixture_probability": 0.0, "actual_mixture": 0.0, "gradient_norm": 1.220529556274414, "pid": 4089415, "elapsed_this_session_seconds": 10192.20602121763, "steps_this_session": 19560, "phase": "training", "gpu": "4"}
{"step": 19580, "total": 24000, "loss": 0.08144835382699966, "mixture_probability": 0.0, "actual_mixture": 0.0, "gradient_norm": 1.6246609687805176, "pid": 4089415, "elapsed_this_session_seconds": 10200.007814923301, "steps_this_session": 19580, "phase": "training", "gpu": "4"}
{"step": 19600, "total": 24000, "loss": 0.08849443402141333, "mixture_probability": 0.0, "actual_mixture": 0.0, "gradient_norm": 1.4219677448272705, "pid": 4089415, "elapsed_this_session_seconds": 10207.833831945434, "steps_this_session": 19600, "phase": "training", "gpu": "4"}
{"step": 19620, "total": 24000, "loss": 0.06306307949125767, "mixture_probability": 0.0, "actual_mixture": 0.0, "gradient_norm": 1.181654691696167, "pid": 4089415, "elapsed_this_session_seconds": 10215.686390553601, "steps_this_session": 19620, "phase": "training", "gpu": "4"}
{"step": 19640, "total": 24000, "loss": 0.062200273387134075, "mixture_probability": 0.0, "actual_mixture": 0.0, "gradient_norm": 1.3013360500335693, "pid": 4089415, "elapsed_this_session_seconds": 10223.467739520594, "steps_this_session": 19640, "phase": "training", "gpu": "4"}
{"step": 19660, "total": 24000, "loss": 0.06876321509480476, "mixture_probability": 0.0, "actual_mixture": 0.0, "gradient_norm": 1.332195520401001, "pid": 4089415, "elapsed_this_session_seconds": 10231.236116698943, "steps_this_session": 19660, "phase": "training", "gpu": "4"}
{"step": 19680, "total": 24000, "loss": 0.0727812284603715, "mixture_probability": 0.0, "actual_mixture": 0.0, "gradient_norm": 1.6874921321868896, "pid": 4089415, "elapsed_this_session_seconds": 10239.36232964322, "steps_this_session": 19680, "phase": "training", "gpu": "4"}
{"step": 19700, "total": 24000, "loss": 0.05729912035167217, "mixture_probability": 0.0, "actual_mixture": 0.0, "gradient_norm": 1.2795652151107788, "pid": 4089415, "elapsed_this_session_seconds": 10254.660186639987, "steps_this_session": 19700, "phase": "training", "gpu": "4"}
{"step": 19720, "total": 24000, "loss": 0.05820457451045513, "mixture_probability": 0.0, "actual_mixture": 0.0, "gradient_norm": 1.1100304126739502, "pid": 4089415, "elapsed_this_session_seconds": 10276.456136079505, "steps_this_session": 19720, "phase": "training", "gpu": "4"}
{"step": 19740, "total": 24000, "loss": 0.0574343204498291, "mixture_probability": 0.0, "actual_mixture": 0.0, "gradient_norm": 1.3354188203811646, "pid": 4089415, "elapsed_this_session_seconds": 10297.642664246261, "steps_this_session": 19740, "phase": "training", "gpu": "4"}
{"step": 19760, "total": 24000, "loss": 0.07784426212310791, "mixture_probability": 0.0, "actual_mixture": 0.0, "gradient_norm": 1.7771674394607544, "pid": 4089415, "elapsed_this_session_seconds": 10303.008080005646, "steps_this_session": 19760, "phase": "training", "gpu": "4"}
{"step": 19780, "total": 24000, "loss": 0.05047251936048269, "mixture_probability": 0.0, "actual_mixture": 0.0, "gradient_norm": 1.0093815326690674, "pid": 4089415, "elapsed_this_session_seconds": 10310.629903325811, "steps_this_session": 19780, "phase": "training", "gpu": "4"}
{"step": 19800, "total": 24000, "loss": 0.08357099257409573, "mixture_probability": 0.0, "actual_mixture": 0.0, "gradient_norm": 1.6414917707443237, "pid": 4089415, "elapsed_this_session_seconds": 10320.27272056602, "steps_this_session": 19800, "phase": "training", "gpu": "4"}
{"step": 19820, "total": 24000, "loss": 0.05337832123041153, "mixture_probability": 0.0, "actual_mixture": 0.0, "gradient_norm": 1.012535810470581, "pid": 4089415, "elapsed_this_session_seconds": 10330.061169979163, "steps_this_session": 19820, "phase": "training", "gpu": "4"}
{"step": 19840, "total": 24000, "loss": 0.09925363399088383, "mixture_probability": 0.0, "actual_mixture": 0.0, "gradient_norm": 1.721102237701416, "pid": 4089415, "elapsed_this_session_seconds": 10337.560598817654, "steps_this_session": 19840, "phase": "training", "gpu": "4"}
{"step": 19860, "total": 24000, "loss": 0.06984656117856503, "mixture_probability": 0.0, "actual_mixture": 0.0, "gradient_norm": 1.3482475280761719, "pid": 4089415, "elapsed_this_session_seconds": 10346.141500319354, "steps_this_session": 19860, "phase": "training", "gpu": "4"}
{"step": 19880, "total": 24000, "loss": 0.057756245136260986, "mixture_probability": 0.0, "actual_mixture": 0.0, "gradient_norm": 1.1688868999481201, "pid": 4089415, "elapsed_this_session_seconds": 10355.541274370626, "steps_this_session": 19880, "phase": "training", "gpu": "4"}
{"step": 19900, "total": 24000, "loss": 0.06926865689456463, "mixture_probability": 0.0, "actual_mixture": 0.0, "gradient_norm": 1.438573956489563, "pid": 4089415, "elapsed_this_session_seconds": 10365.205386621878, "steps_this_session": 19900, "phase": "training", "gpu": "4"}
{"step": 19920, "total": 24000, "loss": 0.06535055954009295, "mixture_probability": 0.0, "actual_mixture": 0.0, "gradient_norm": 1.4630460739135742, "pid": 4089415, "elapsed_this_session_seconds": 10372.428943607956, "steps_this_session": 19920, "phase": "training", "gpu": "4"}
{"step": 19940, "total": 24000, "loss": 0.05412411876022816, "mixture_probability": 0.0, "actual_mixture": 0.0, "gradient_norm": 1.2170580625534058, "pid": 4089415, "elapsed_this_session_seconds": 10380.508091808297, "steps_this_session": 19940, "phase": "training", "gpu": "4"}
{"step": 19960, "total": 24000, "loss": 0.05044781696051359, "mixture_probability": 0.0, "actual_mixture": 0.0, "gradient_norm": 1.063621997833252, "pid": 4089415, "elapsed_this_session_seconds": 10389.977859880775, "steps_this_session": 19960, "phase": "training", "gpu": "4"}
{"step": 19980, "total": 24000, "loss": 0.059223029762506485, "mixture_probability": 0.0, "actual_mixture": 0.0, "gradient_norm": 1.3296613693237305, "pid": 4089415, "elapsed_this_session_seconds": 10399.189889067784, "steps_this_session": 19980, "phase": "training", "gpu": "4"}
{"step": 20000, "total": 24000, "loss": 0.052857425063848495, "mixture_probability": 0.0, "actual_mixture": 0.0, "gradient_norm": 1.0624001026153564, "pid": 4089415, "elapsed_this_session_seconds": 10406.87826267071, "steps_this_session": 20000, "phase": "training", "gpu": "4"}
{"step": 20020, "total": 24000, "loss": 0.05243732035160065, "mixture_probability": 0.0, "actual_mixture": 0.0, "gradient_norm": 1.143493413925171, "pid": 4089415, "elapsed_this_session_seconds": 10518.54007606022, "steps_this_session": 20020, "phase": "training", "gpu": "4"}
{"step": 20040, "total": 24000, "loss": 0.057721990160644054, "mixture_probability": 0.0, "actual_mixture": 0.0, "gradient_norm": 1.0674458742141724, "pid": 4089415, "elapsed_this_session_seconds": 10526.028830121271, "steps_this_session": 20040, "phase": "training", "gpu": "4"}
{"step": 20060, "total": 24000, "loss": 0.06205309182405472, "mixture_probability": 0.0, "actual_mixture": 0.0, "gradient_norm": 1.21170973777771, "pid": 4089415, "elapsed_this_session_seconds": 10533.693529312499, "steps_this_session": 20060, "phase": "training", "gpu": "4"}
{"step": 20080, "total": 24000, "loss": 0.056439442560076714, "mixture_probability": 0.0, "actual_mixture": 0.0, "gradient_norm": 1.137709140777588, "pid": 4089415, "elapsed_this_session_seconds": 10541.17475823965, "steps_this_session": 20080, "phase": "training", "gpu": "4"}
{"step": 20100, "total": 24000, "loss": 0.06133514828979969, "mixture_probability": 0.0, "actual_mixture": 0.0, "gradient_norm": 1.396602749824524, "pid": 4089415, "elapsed_this_session_seconds": 10548.224016885273, "steps_this_session": 20100, "phase": "training", "gpu": "4"}
{"step": 20120, "total": 24000, "loss": 0.07866102829575539, "mixture_probability": 0.0, "actual_mixture": 0.0, "gradient_norm": 1.6370664834976196, "pid": 4089415, "elapsed_this_session_seconds": 10553.78151979763, "steps_this_session": 20120, "phase": "training", "gpu": "4"}
{"step": 20140, "total": 24000, "loss": 0.051619499921798706, "mixture_probability": 0.0, "actual_mixture": 0.0, "gradient_norm": 1.2044477462768555, "pid": 4089415, "elapsed_this_session_seconds": 10561.35856347438, "steps_this_session": 20140, "phase": "training", "gpu": "4"}
{"step": 20160, "total": 24000, "loss": 0.06265451852232218, "mixture_probability": 0.0, "actual_mixture": 0.0, "gradient_norm": 1.3271541595458984, "pid": 4089415, "elapsed_this_session_seconds": 10569.341315144673, "steps_this_session": 20160, "phase": "training", "gpu": "4"}
{"step": 20180, "total": 24000, "loss": 0.050830584950745106, "mixture_probability": 0.0, "actual_mixture": 0.0, "gradient_norm": 1.023048996925354, "pid": 4089415, "elapsed_this_session_seconds": 10577.58662533667, "steps_this_session": 20180, "phase": "training", "gpu": "4"}
{"step": 20200, "total": 24000, "loss": 0.05797627009451389, "mixture_probability": 0.0, "actual_mixture": 0.0, "gradient_norm": 1.2834185361862183, "pid": 4089415, "elapsed_this_session_seconds": 10585.6713755792, "steps_this_session": 20200, "phase": "training", "gpu": "4"}
{"step": 20220, "total": 24000, "loss": 0.06363720260560513, "mixture_probability": 0.0, "actual_mixture": 0.0, "gradient_norm": 1.2943822145462036, "pid": 4089415, "elapsed_this_session_seconds": 10593.785972912796, "steps_this_session": 20220, "phase": "training", "gpu": "4"}
{"step": 20240, "total": 24000, "loss": 0.09141575451940298, "mixture_probability": 0.0, "actual_mixture": 0.0, "gradient_norm": 1.539720058441162, "pid": 4089415, "elapsed_this_session_seconds": 10601.766940775327, "steps_this_session": 20240, "phase": "training", "gpu": "4"}
{"step": 20260, "total": 24000, "loss": 0.059899856336414814, "mixture_probability": 0.0, "actual_mixture": 0.0, "gradient_norm": 1.2670433521270752, "pid": 4089415, "elapsed_this_session_seconds": 10616.560247041285, "steps_this_session": 20260, "phase": "training", "gpu": "4"}
{"step": 20280, "total": 24000, "loss": 0.052374123595654964, "mixture_probability": 0.0, "actual_mixture": 0.0, "gradient_norm": 1.0893417596817017, "pid": 4089415, "elapsed_this_session_seconds": 10638.672998755239, "steps_this_session": 20280, "phase": "training", "gpu": "4"}
{"step": 20300, "total": 24000, "loss": 0.06337092723697424, "mixture_probability": 0.0, "actual_mixture": 0.0, "gradient_norm": 1.26353120803833, "pid": 4089415, "elapsed_this_session_seconds": 10655.864094856195, "steps_this_session": 20300, "phase": "training", "gpu": "4"}
{"step": 20320, "total": 24000, "loss": 0.05494194570928812, "mixture_probability": 0.0, "actual_mixture": 0.0, "gradient_norm": 1.1156046390533447, "pid": 4089415, "elapsed_this_session_seconds": 10661.961836753413, "steps_this_session": 20320, "phase": "training", "gpu": "4"}
{"step": 20340, "total": 24000, "loss": 0.09850095957517624, "mixture_probability": 0.0, "actual_mixture": 0.0, "gradient_norm": 2.166529655456543, "pid": 4089415, "elapsed_this_session_seconds": 10670.763421367854, "steps_this_session": 20340, "phase": "training", "gpu": "4"}
{"step": 20360, "total": 24000, "loss": 0.05030297767370939, "mixture_probability": 0.0, "actual_mixture": 0.0, "gradient_norm": 1.0911718606948853, "pid": 4089415, "elapsed_this_session_seconds": 10680.839752180502, "steps_this_session": 20360, "phase": "training", "gpu": "4"}
{"step": 20380, "total": 24000, "loss": 0.05582151282578707, "mixture_probability": 0.0, "actual_mixture": 0.0, "gradient_norm": 1.1062599420547485, "pid": 4089415, "elapsed_this_session_seconds": 10690.530721092597, "steps_this_session": 20380, "phase": "training", "gpu": "4"}
{"step": 20400, "total": 24000, "loss": 0.05592718068510294, "mixture_probability": 0.0, "actual_mixture": 0.0, "gradient_norm": 1.3863158226013184, "pid": 4089415, "elapsed_this_session_seconds": 10697.448604024947, "steps_this_session": 20400, "phase": "training", "gpu": "4"}
{"step": 20420, "total": 24000, "loss": 0.06666491739451885, "mixture_probability": 0.0, "actual_mixture": 0.0, "gradient_norm": 1.3567544221878052, "pid": 4089415, "elapsed_this_session_seconds": 10706.923234190792, "steps_this_session": 20420, "phase": "training", "gpu": "4"}
{"step": 20440, "total": 24000, "loss": 0.058330039493739605, "mixture_probability": 0.0, "actual_mixture": 0.0, "gradient_norm": 1.1052876710891724, "pid": 4089415, "elapsed_this_session_seconds": 10716.736865169369, "steps_this_session": 20440, "phase": "training", "gpu": "4"}
{"step": 20460, "total": 24000, "loss": 0.06087371986359358, "mixture_probability": 0.0, "actual_mixture": 0.0, "gradient_norm": 1.3813955783843994, "pid": 4089415, "elapsed_this_session_seconds": 10726.287704573944, "steps_this_session": 20460, "phase": "training", "gpu": "4"}
{"step": 20480, "total": 24000, "loss": 0.060684082098305225, "mixture_probability": 0.0, "actual_mixture": 0.0, "gradient_norm": 1.3138201236724854, "pid": 4089415, "elapsed_this_session_seconds": 10733.030188693665, "steps_this_session": 20480, "phase": "training", "gpu": "4"}
{"step": 20500, "total": 24000, "loss": 0.05182433221489191, "mixture_probability": 0.0, "actual_mixture": 0.0, "gradient_norm": 1.0265476703643799, "pid": 4089415, "elapsed_this_session_seconds": 10742.323766673915, "steps_this_session": 20500, "phase": "training", "gpu": "4"}
{"step": 20520, "total": 24000, "loss": 0.05774083826690912, "mixture_probability": 0.0, "actual_mixture": 0.0, "gradient_norm": 1.0622119903564453, "pid": 4089415, "elapsed_this_session_seconds": 10751.719818119891, "steps_this_session": 20520, "phase": "training", "gpu": "4"}
{"step": 20540, "total": 24000, "loss": 0.05824810080230236, "mixture_probability": 0.0, "actual_mixture": 0.0, "gradient_norm": 1.2220792770385742, "pid": 4089415, "elapsed_this_session_seconds": 10761.814447106794, "steps_this_session": 20540, "phase": "training", "gpu": "4"}
{"step": 20560, "total": 24000, "loss": 0.04688915517181158, "mixture_probability": 0.0, "actual_mixture": 0.0, "gradient_norm": 0.9972652792930603, "pid": 4089415, "elapsed_this_session_seconds": 10768.912618554197, "steps_this_session": 20560, "phase": "training", "gpu": "4"}
{"step": 20580, "total": 24000, "loss": 0.05568402260541916, "mixture_probability": 0.0, "actual_mixture": 0.0, "gradient_norm": 1.1335203647613525, "pid": 4089415, "elapsed_this_session_seconds": 10778.118543733843, "steps_this_session": 20580, "phase": "training", "gpu": "4"}
{"step": 20600, "total": 24000, "loss": 0.05469733290374279, "mixture_probability": 0.0, "actual_mixture": 0.0, "gradient_norm": 1.1834545135498047, "pid": 4089415, "elapsed_this_session_seconds": 10787.543015330099, "steps_this_session": 20600, "phase": "training", "gpu": "4"}
{"step": 20620, "total": 24000, "loss": 0.054345511831343174, "mixture_probability": 0.0, "actual_mixture": 0.0, "gradient_norm": 1.0300052165985107, "pid": 4089415, "elapsed_this_session_seconds": 10796.96818046365, "steps_this_session": 20620, "phase": "training", "gpu": "4"}
{"step": 20640, "total": 24000, "loss": 0.045797280967235565, "mixture_probability": 0.0, "actual_mixture": 0.0, "gradient_norm": 0.8800860047340393, "pid": 4089415, "elapsed_this_session_seconds": 10804.233023404144, "steps_this_session": 20640, "phase": "training", "gpu": "4"}
{"step": 20660, "total": 24000, "loss": 0.1010305741801858, "mixture_probability": 0.0, "actual_mixture": 0.0, "gradient_norm": 1.7684670686721802, "pid": 4089415, "elapsed_this_session_seconds": 10813.508681033738, "steps_this_session": 20660, "phase": "training", "gpu": "4"}
{"step": 20680, "total": 24000, "loss": 0.052397346124053, "mixture_probability": 0.0, "actual_mixture": 0.0, "gradient_norm": 1.2533209323883057, "pid": 4089415, "elapsed_this_session_seconds": 10823.357365635224, "steps_this_session": 20680, "phase": "training", "gpu": "4"}
{"step": 20700, "total": 24000, "loss": 0.05433138459920883, "mixture_probability": 0.0, "actual_mixture": 0.0, "gradient_norm": 1.3067725896835327, "pid": 4089415, "elapsed_this_session_seconds": 10829.35750947427, "steps_this_session": 20700, "phase": "training", "gpu": "4"}
{"step": 20720, "total": 24000, "loss": 0.0620705159381032, "mixture_probability": 0.0, "actual_mixture": 0.0, "gradient_norm": 1.1175419092178345, "pid": 4089415, "elapsed_this_session_seconds": 10838.639541559853, "steps_this_session": 20720, "phase": "training", "gpu": "4"}
{"step": 20740, "total": 24000, "loss": 0.07226583920419216, "mixture_probability": 0.0, "actual_mixture": 0.0, "gradient_norm": 1.6958084106445312, "pid": 4089415, "elapsed_this_session_seconds": 10847.012665245682, "steps_this_session": 20740, "phase": "training", "gpu": "4"}
{"step": 20760, "total": 24000, "loss": 0.04836804885417223, "mixture_probability": 0.0, "actual_mixture": 0.0, "gradient_norm": 1.0626213550567627, "pid": 4089415, "elapsed_this_session_seconds": 10854.879342248663, "steps_this_session": 20760, "phase": "training", "gpu": "4"}
{"step": 20780, "total": 24000, "loss": 0.07674523815512657, "mixture_probability": 0.0, "actual_mixture": 0.0, "gradient_norm": 1.7924933433532715, "pid": 4089415, "elapsed_this_session_seconds": 10862.601562339813, "steps_this_session": 20780, "phase": "training", "gpu": "4"}
{"step": 20800, "total": 24000, "loss": 0.05046511720865965, "mixture_probability": 0.0, "actual_mixture": 0.0, "gradient_norm": 1.0589845180511475, "pid": 4089415, "elapsed_this_session_seconds": 10870.268980153836, "steps_this_session": 20800, "phase": "training", "gpu": "4"}
{"step": 20820, "total": 24000, "loss": 0.07723189517855644, "mixture_probability": 0.0, "actual_mixture": 0.0, "gradient_norm": 1.8420805931091309, "pid": 4089415, "elapsed_this_session_seconds": 10877.936296370812, "steps_this_session": 20820, "phase": "training", "gpu": "4"}
{"step": 20840, "total": 24000, "loss": 0.06267058476805687, "mixture_probability": 0.0, "actual_mixture": 0.0, "gradient_norm": 1.1873712539672852, "pid": 4089415, "elapsed_this_session_seconds": 10889.633106550202, "steps_this_session": 20840, "phase": "training", "gpu": "4"}
{"step": 20860, "total": 24000, "loss": 0.04587485454976559, "mixture_probability": 0.0, "actual_mixture": 0.0, "gradient_norm": 1.019767165184021, "pid": 4089415, "elapsed_this_session_seconds": 10910.76850452181, "steps_this_session": 20860, "phase": "training", "gpu": "4"}
{"step": 20880, "total": 24000, "loss": 0.054617988876998425, "mixture_probability": 0.0, "actual_mixture": 0.0, "gradient_norm": 1.165716528892517, "pid": 4089415, "elapsed_this_session_seconds": 10930.92708046548, "steps_this_session": 20880, "phase": "training", "gpu": "4"}
{"step": 20900, "total": 24000, "loss": 0.07158088870346546, "mixture_probability": 0.0, "actual_mixture": 0.0, "gradient_norm": 1.2121731042861938, "pid": 4089415, "elapsed_this_session_seconds": 10940.823215279728, "steps_this_session": 20900, "phase": "training", "gpu": "4"}
{"step": 20920, "total": 24000, "loss": 0.05105195194482803, "mixture_probability": 0.0, "actual_mixture": 0.0, "gradient_norm": 1.1133527755737305, "pid": 4089415, "elapsed_this_session_seconds": 10947.799111515284, "steps_this_session": 20920, "phase": "training", "gpu": "4"}
{"step": 20940, "total": 24000, "loss": 0.05027530249208212, "mixture_probability": 0.0, "actual_mixture": 0.0, "gradient_norm": 1.2374060153961182, "pid": 4089415, "elapsed_this_session_seconds": 10956.903162982315, "steps_this_session": 20940, "phase": "training", "gpu": "4"}
{"step": 20960, "total": 24000, "loss": 0.07057506311684847, "mixture_probability": 0.0, "actual_mixture": 0.0, "gradient_norm": 1.4208557605743408, "pid": 4089415, "elapsed_this_session_seconds": 10966.502734273672, "steps_this_session": 20960, "phase": "training", "gpu": "4"}
{"step": 20980, "total": 24000, "loss": 0.06145339086651802, "mixture_probability": 0.0, "actual_mixture": 0.0, "gradient_norm": 1.21286141872406, "pid": 4089415, "elapsed_this_session_seconds": 10975.88891526591, "steps_this_session": 20980, "phase": "training", "gpu": "4"}
{"step": 21000, "total": 24000, "loss": 0.06327874027192593, "mixture_probability": 0.0, "actual_mixture": 0.0, "gradient_norm": 1.1552644968032837, "pid": 4089415, "elapsed_this_session_seconds": 10983.920214809477, "steps_this_session": 21000, "phase": "training", "gpu": "4"}
{"step": 21020, "total": 24000, "loss": 0.0646818382665515, "mixture_probability": 0.0, "actual_mixture": 0.0, "gradient_norm": 1.2314740419387817, "pid": 4089415, "elapsed_this_session_seconds": 10992.389453552663, "steps_this_session": 21020, "phase": "training", "gpu": "4"}
{"step": 21040, "total": 24000, "loss": 0.058111825957894325, "mixture_probability": 0.0, "actual_mixture": 0.0, "gradient_norm": 1.1419932842254639, "pid": 4089415, "elapsed_this_session_seconds": 11001.467048327439, "steps_this_session": 21040, "phase": "training", "gpu": "4"}
{"step": 21060, "total": 24000, "loss": 0.061657254584133625, "mixture_probability": 0.0, "actual_mixture": 0.0, "gradient_norm": 1.1125930547714233, "pid": 4089415, "elapsed_this_session_seconds": 11010.519031086937, "steps_this_session": 21060, "phase": "training", "gpu": "4"}
{"step": 21080, "total": 24000, "loss": 0.058217963203787804, "mixture_probability": 0.0, "actual_mixture": 0.0, "gradient_norm": 1.0558732748031616, "pid": 4089415, "elapsed_this_session_seconds": 11019.395477760583, "steps_this_session": 21080, "phase": "training", "gpu": "4"}
{"step": 21100, "total": 24000, "loss": 0.062104239128530025, "mixture_probability": 0.0, "actual_mixture": 0.0, "gradient_norm": 1.2629536390304565, "pid": 4089415, "elapsed_this_session_seconds": 11026.457079947926, "steps_this_session": 21100, "phase": "training", "gpu": "4"}
{"step": 21120, "total": 24000, "loss": 0.05841259565204382, "mixture_probability": 0.0, "actual_mixture": 0.0, "gradient_norm": 1.155319094657898, "pid": 4089415, "elapsed_this_session_seconds": 11034.57819632627, "steps_this_session": 21120, "phase": "training", "gpu": "4"}
{"step": 21140, "total": 24000, "loss": 0.06616413407027721, "mixture_probability": 0.0, "actual_mixture": 0.0, "gradient_norm": 1.3227869272232056, "pid": 4089415, "elapsed_this_session_seconds": 11043.007645576261, "steps_this_session": 21140, "phase": "training", "gpu": "4"}
{"step": 21160, "total": 24000, "loss": 0.08630752936005592, "mixture_probability": 0.0, "actual_mixture": 0.0, "gradient_norm": 1.649449348449707, "pid": 4089415, "elapsed_this_session_seconds": 11051.729592733085, "steps_this_session": 21160, "phase": "training", "gpu": "4"}
{"step": 21180, "total": 24000, "loss": 0.05589899327605963, "mixture_probability": 0.0, "actual_mixture": 0.0, "gradient_norm": 1.1517163515090942, "pid": 4089415, "elapsed_this_session_seconds": 11060.333417989314, "steps_this_session": 21180, "phase": "training", "gpu": "4"}
{"step": 21200, "total": 24000, "loss": 0.07034030277282, "mixture_probability": 0.0, "actual_mixture": 0.0, "gradient_norm": 1.391014575958252, "pid": 4089415, "elapsed_this_session_seconds": 11067.991279723123, "steps_this_session": 21200, "phase": "training", "gpu": "4"}
{"step": 21220, "total": 24000, "loss": 0.06386409979313612, "mixture_probability": 0.0, "actual_mixture": 0.0, "gradient_norm": 1.3126530647277832, "pid": 4089415, "elapsed_this_session_seconds": 11075.309157880023, "steps_this_session": 21220, "phase": "training", "gpu": "4"}
{"step": 21240, "total": 24000, "loss": 0.05390175897628069, "mixture_probability": 0.0, "actual_mixture": 0.0, "gradient_norm": 1.1283156871795654, "pid": 4089415, "elapsed_this_session_seconds": 11083.94782148581, "steps_this_session": 21240, "phase": "training", "gpu": "4"}
{"step": 21260, "total": 24000, "loss": 0.05119944550096989, "mixture_probability": 0.0, "actual_mixture": 0.0, "gradient_norm": 1.0914924144744873, "pid": 4089415, "elapsed_this_session_seconds": 11092.428954388946, "steps_this_session": 21260, "phase": "training", "gpu": "4"}
{"step": 21280, "total": 24000, "loss": 0.04992635175585747, "mixture_probability": 0.0, "actual_mixture": 0.0, "gradient_norm": 1.01787531375885, "pid": 4089415, "elapsed_this_session_seconds": 11101.043557493947, "steps_this_session": 21280, "phase": "training", "gpu": "4"}
{"step": 21300, "total": 24000, "loss": 0.0714592868462205, "mixture_probability": 0.0, "actual_mixture": 0.0, "gradient_norm": 1.4329814910888672, "pid": 4089415, "elapsed_this_session_seconds": 11108.797538082115, "steps_this_session": 21300, "phase": "training", "gpu": "4"}
{"step": 21320, "total": 24000, "loss": 0.05528176762163639, "mixture_probability": 0.0, "actual_mixture": 0.0, "gradient_norm": 1.0537307262420654, "pid": 4089415, "elapsed_this_session_seconds": 11115.65391038172, "steps_this_session": 21320, "phase": "training", "gpu": "4"}
{"step": 21340, "total": 24000, "loss": 0.05348712392151356, "mixture_probability": 0.0, "actual_mixture": 0.0, "gradient_norm": 1.1181321144104004, "pid": 4089415, "elapsed_this_session_seconds": 11123.790246792138, "steps_this_session": 21340, "phase": "training", "gpu": "4"}
{"step": 21360, "total": 24000, "loss": 0.06772842723876238, "mixture_probability": 0.0, "actual_mixture": 0.0, "gradient_norm": 1.7157038450241089, "pid": 4089415, "elapsed_this_session_seconds": 11132.298416335136, "steps_this_session": 21360, "phase": "training", "gpu": "4"}
{"step": 21380, "total": 24000, "loss": 0.05816312972456217, "mixture_probability": 0.0, "actual_mixture": 0.0, "gradient_norm": 1.1144027709960938, "pid": 4089415, "elapsed_this_session_seconds": 11140.670748607256, "steps_this_session": 21380, "phase": "training", "gpu": "4"}
{"step": 21400, "total": 24000, "loss": 0.04912823438644409, "mixture_probability": 0.0, "actual_mixture": 0.0, "gradient_norm": 1.091001272201538, "pid": 4089415, "elapsed_this_session_seconds": 11149.423007458448, "steps_this_session": 21400, "phase": "training", "gpu": "4"}
{"step": 21420, "total": 24000, "loss": 0.062165698036551476, "mixture_probability": 0.0, "actual_mixture": 0.0, "gradient_norm": 1.1922098398208618, "pid": 4089415, "elapsed_this_session_seconds": 11157.060589425266, "steps_this_session": 21420, "phase": "training", "gpu": "4"}
{"step": 21440, "total": 24000, "loss": 0.06578054372221231, "mixture_probability": 0.0, "actual_mixture": 0.0, "gradient_norm": 1.137931227684021, "pid": 4089415, "elapsed_this_session_seconds": 11164.726982233115, "steps_this_session": 21440, "phase": "training", "gpu": "4"}
{"step": 21460, "total": 24000, "loss": 0.05951716564595699, "mixture_probability": 0.0, "actual_mixture": 0.0, "gradient_norm": 1.006499171257019, "pid": 4089415, "elapsed_this_session_seconds": 11172.775923375972, "steps_this_session": 21460, "phase": "training", "gpu": "4"}
{"step": 21480, "total": 24000, "loss": 0.05841701477766037, "mixture_probability": 0.0, "actual_mixture": 0.0, "gradient_norm": 1.1081147193908691, "pid": 4089415, "elapsed_this_session_seconds": 11180.512348621152, "steps_this_session": 21480, "phase": "training", "gpu": "4"}
{"step": 21500, "total": 24000, "loss": 0.04908847901970148, "mixture_probability": 0.0, "actual_mixture": 0.0, "gradient_norm": 1.0827686786651611, "pid": 4089415, "elapsed_this_session_seconds": 11188.249944696203, "steps_this_session": 21500, "phase": "training", "gpu": "4"}
{"step": 21520, "total": 24000, "loss": 0.05470663774758577, "mixture_probability": 0.0, "actual_mixture": 0.0, "gradient_norm": 1.1055893898010254, "pid": 4089415, "elapsed_this_session_seconds": 11196.371649975888, "steps_this_session": 21520, "phase": "training", "gpu": "4"}
{"step": 21540, "total": 24000, "loss": 0.07075062301009893, "mixture_probability": 0.0, "actual_mixture": 0.0, "gradient_norm": 1.1927869319915771, "pid": 4089415, "elapsed_this_session_seconds": 11204.084727231413, "steps_this_session": 21540, "phase": "training", "gpu": "4"}
{"step": 21560, "total": 24000, "loss": 0.051931397058069706, "mixture_probability": 0.0, "actual_mixture": 0.0, "gradient_norm": 1.048513412475586, "pid": 4089415, "elapsed_this_session_seconds": 11211.766424206086, "steps_this_session": 21560, "phase": "training", "gpu": "4"}
{"step": 21580, "total": 24000, "loss": 0.062112098559737206, "mixture_probability": 0.0, "actual_mixture": 0.0, "gradient_norm": 1.1020069122314453, "pid": 4089415, "elapsed_this_session_seconds": 11219.537856009789, "steps_this_session": 21580, "phase": "training", "gpu": "4"}
{"step": 21600, "total": 24000, "loss": 0.06895219907164574, "mixture_probability": 0.0, "actual_mixture": 0.0, "gradient_norm": 1.3867214918136597, "pid": 4089415, "elapsed_this_session_seconds": 11227.329411324114, "steps_this_session": 21600, "phase": "training", "gpu": "4"}
{"step": 21620, "total": 24000, "loss": 0.05246180482208729, "mixture_probability": 0.0, "actual_mixture": 0.0, "gradient_norm": 1.3335942029953003, "pid": 4089415, "elapsed_this_session_seconds": 11235.384835861623, "steps_this_session": 21620, "phase": "training", "gpu": "4"}
{"step": 21640, "total": 24000, "loss": 0.042291547171771526, "mixture_probability": 0.0, "actual_mixture": 0.0, "gradient_norm": 1.0041756629943848, "pid": 4089415, "elapsed_this_session_seconds": 11243.065771499649, "steps_this_session": 21640, "phase": "training", "gpu": "4"}
{"step": 21660, "total": 24000, "loss": 0.05255159828811884, "mixture_probability": 0.0, "actual_mixture": 0.0, "gradient_norm": 1.1373553276062012, "pid": 4089415, "elapsed_this_session_seconds": 11250.842398916371, "steps_this_session": 21660, "phase": "training", "gpu": "4"}
{"step": 21680, "total": 24000, "loss": 0.05748173128813505, "mixture_probability": 0.0, "actual_mixture": 0.0, "gradient_norm": 1.2324957847595215, "pid": 4089415, "elapsed_this_session_seconds": 11258.581686093472, "steps_this_session": 21680, "phase": "training", "gpu": "4"}
{"step": 21700, "total": 24000, "loss": 0.06121947709470987, "mixture_probability": 0.0, "actual_mixture": 0.0, "gradient_norm": 1.2775927782058716, "pid": 4089415, "elapsed_this_session_seconds": 11266.378340766765, "steps_this_session": 21700, "phase": "training", "gpu": "4"}
{"step": 21720, "total": 24000, "loss": 0.061575811356306076, "mixture_probability": 0.0, "actual_mixture": 0.0, "gradient_norm": 1.3493821620941162, "pid": 4089415, "elapsed_this_session_seconds": 11274.176223945804, "steps_this_session": 21720, "phase": "training", "gpu": "4"}
{"step": 21740, "total": 24000, "loss": 0.046374629251658916, "mixture_probability": 0.0, "actual_mixture": 0.0, "gradient_norm": 1.0942014455795288, "pid": 4089415, "elapsed_this_session_seconds": 11282.311080517247, "steps_this_session": 21740, "phase": "training", "gpu": "4"}
{"step": 21760, "total": 24000, "loss": 0.05926619376987219, "mixture_probability": 0.0, "actual_mixture": 0.0, "gradient_norm": 1.4303916692733765, "pid": 4089415, "elapsed_this_session_seconds": 11290.025350815617, "steps_this_session": 21760, "phase": "training", "gpu": "4"}
{"step": 21780, "total": 24000, "loss": 0.05686070676892996, "mixture_probability": 0.0, "actual_mixture": 0.0, "gradient_norm": 1.1013051271438599, "pid": 4089415, "elapsed_this_session_seconds": 11297.722516502254, "steps_this_session": 21780, "phase": "training", "gpu": "4"}
{"step": 21800, "total": 24000, "loss": 0.0776901263743639, "mixture_probability": 0.0, "actual_mixture": 0.0, "gradient_norm": 1.4820876121520996, "pid": 4089415, "elapsed_this_session_seconds": 11305.419383410364, "steps_this_session": 21800, "phase": "training", "gpu": "4"}
{"step": 21820, "total": 24000, "loss": 0.057423957623541355, "mixture_probability": 0.0, "actual_mixture": 0.0, "gradient_norm": 1.28562331199646, "pid": 4089415, "elapsed_this_session_seconds": 11313.121173987165, "steps_this_session": 21820, "phase": "training", "gpu": "4"}
{"step": 21840, "total": 24000, "loss": 0.07770753465592861, "mixture_probability": 0.0, "actual_mixture": 0.0, "gradient_norm": 1.5129379034042358, "pid": 4089415, "elapsed_this_session_seconds": 11320.903890624642, "steps_this_session": 21840, "phase": "training", "gpu": "4"}
{"step": 21860, "total": 24000, "loss": 0.06246627867221832, "mixture_probability": 0.0, "actual_mixture": 0.0, "gradient_norm": 1.4277621507644653, "pid": 4089415, "elapsed_this_session_seconds": 11328.951229734346, "steps_this_session": 21860, "phase": "training", "gpu": "4"}
{"step": 21880, "total": 24000, "loss": 0.10063674673438072, "mixture_probability": 0.0, "actual_mixture": 0.0, "gradient_norm": 1.702341914176941, "pid": 4089415, "elapsed_this_session_seconds": 11336.786278248765, "steps_this_session": 21880, "phase": "training", "gpu": "4"}
{"step": 21900, "total": 24000, "loss": 0.05854971334338188, "mixture_probability": 0.0, "actual_mixture": 0.0, "gradient_norm": 1.2739217281341553, "pid": 4089415, "elapsed_this_session_seconds": 11344.558016203344, "steps_this_session": 21900, "phase": "training", "gpu": "4"}
{"step": 21920, "total": 24000, "loss": 0.055170489475131035, "mixture_probability": 0.0, "actual_mixture": 0.0, "gradient_norm": 1.0376070737838745, "pid": 4089415, "elapsed_this_session_seconds": 11352.296094074845, "steps_this_session": 21920, "phase": "training", "gpu": "4"}
{"step": 21940, "total": 24000, "loss": 0.06835179962217808, "mixture_probability": 0.0, "actual_mixture": 0.0, "gradient_norm": 1.3988574743270874, "pid": 4089415, "elapsed_this_session_seconds": 11360.070410169661, "steps_this_session": 21940, "phase": "training", "gpu": "4"}
{"step": 21960, "total": 24000, "loss": 0.07443932071328163, "mixture_probability": 0.0, "actual_mixture": 0.0, "gradient_norm": 1.4983675479888916, "pid": 4089415, "elapsed_this_session_seconds": 11368.160649448633, "steps_this_session": 21960, "phase": "training", "gpu": "4"}
{"step": 21980, "total": 24000, "loss": 0.060042137280106544, "mixture_probability": 0.0, "actual_mixture": 0.0, "gradient_norm": 1.1914987564086914, "pid": 4089415, "elapsed_this_session_seconds": 11375.854987635277, "steps_this_session": 21980, "phase": "training", "gpu": "4"}
{"step": 22000, "total": 24000, "loss": 0.062242007814347744, "mixture_probability": 0.0, "actual_mixture": 0.0, "gradient_norm": 1.185876727104187, "pid": 4089415, "elapsed_this_session_seconds": 11383.454944383353, "steps_this_session": 22000, "phase": "training", "gpu": "4"}
{"step": 22020, "total": 24000, "loss": 0.05783127620816231, "mixture_probability": 0.0, "actual_mixture": 0.0, "gradient_norm": 1.582634449005127, "pid": 4089415, "elapsed_this_session_seconds": 11491.589720685966, "steps_this_session": 22020, "phase": "training", "gpu": "4"}
{"step": 22040, "total": 24000, "loss": 0.05361605994403362, "mixture_probability": 0.0, "actual_mixture": 0.0, "gradient_norm": 1.2472296953201294, "pid": 4089415, "elapsed_this_session_seconds": 11499.67163734883, "steps_this_session": 22040, "phase": "training", "gpu": "4"}
{"step": 22060, "total": 24000, "loss": 0.05701243504881859, "mixture_probability": 0.0, "actual_mixture": 0.0, "gradient_norm": 1.280775547027588, "pid": 4089415, "elapsed_this_session_seconds": 11507.373157383874, "steps_this_session": 22060, "phase": "training", "gpu": "4"}
{"step": 22080, "total": 24000, "loss": 0.05786797218024731, "mixture_probability": 0.0, "actual_mixture": 0.0, "gradient_norm": 1.4987138509750366, "pid": 4089415, "elapsed_this_session_seconds": 11515.03769003041, "steps_this_session": 22080, "phase": "training", "gpu": "4"}
{"step": 22100, "total": 24000, "loss": 0.07265042141079903, "mixture_probability": 0.0, "actual_mixture": 0.0, "gradient_norm": 1.3960111141204834, "pid": 4089415, "elapsed_this_session_seconds": 11522.666471665725, "steps_this_session": 22100, "phase": "training", "gpu": "4"}
{"step": 22120, "total": 24000, "loss": 0.046500302851200104, "mixture_probability": 0.0, "actual_mixture": 0.0, "gradient_norm": 1.0103249549865723, "pid": 4089415, "elapsed_this_session_seconds": 11530.314332336187, "steps_this_session": 22120, "phase": "training", "gpu": "4"}
{"step": 22140, "total": 24000, "loss": 0.051064725033938885, "mixture_probability": 0.0, "actual_mixture": 0.0, "gradient_norm": 0.9843019247055054, "pid": 4089415, "elapsed_this_session_seconds": 11538.145671619102, "steps_this_session": 22140, "phase": "training", "gpu": "4"}
{"step": 22160, "total": 24000, "loss": 0.05646221060305834, "mixture_probability": 0.0, "actual_mixture": 0.0, "gradient_norm": 1.2077436447143555, "pid": 4089415, "elapsed_this_session_seconds": 11545.691242027096, "steps_this_session": 22160, "phase": "training", "gpu": "4"}
{"step": 22180, "total": 24000, "loss": 0.062357173301279545, "mixture_probability": 0.0, "actual_mixture": 0.0, "gradient_norm": 1.2207555770874023, "pid": 4089415, "elapsed_this_session_seconds": 11553.257514088415, "steps_this_session": 22180, "phase": "training", "gpu": "4"}
{"step": 22200, "total": 24000, "loss": 0.05966743640601635, "mixture_probability": 0.0, "actual_mixture": 0.0, "gradient_norm": 1.1534274816513062, "pid": 4089415, "elapsed_this_session_seconds": 11560.872537267394, "steps_this_session": 22200, "phase": "training", "gpu": "4"}
{"step": 22220, "total": 24000, "loss": 0.049716660752892494, "mixture_probability": 0.0, "actual_mixture": 0.0, "gradient_norm": 1.1333638429641724, "pid": 4089415, "elapsed_this_session_seconds": 11568.47368393559, "steps_this_session": 22220, "phase": "training", "gpu": "4"}
{"step": 22240, "total": 24000, "loss": 0.06005947384983301, "mixture_probability": 0.0, "actual_mixture": 0.0, "gradient_norm": 1.185396432876587, "pid": 4089415, "elapsed_this_session_seconds": 11576.131496799178, "steps_this_session": 22240, "phase": "training", "gpu": "4"}
{"step": 22260, "total": 24000, "loss": 0.04590893629938364, "mixture_probability": 0.0, "actual_mixture": 0.0, "gradient_norm": 0.9977474212646484, "pid": 4089415, "elapsed_this_session_seconds": 11583.684967694804, "steps_this_session": 22260, "phase": "training", "gpu": "4"}
{"step": 22280, "total": 24000, "loss": 0.0510520376265049, "mixture_probability": 0.0, "actual_mixture": 0.0, "gradient_norm": 1.2914741039276123, "pid": 4089415, "elapsed_this_session_seconds": 11591.353485351428, "steps_this_session": 22280, "phase": "training", "gpu": "4"}
{"step": 22300, "total": 24000, "loss": 0.0710867727175355, "mixture_probability": 0.0, "actual_mixture": 0.0, "gradient_norm": 1.4645161628723145, "pid": 4089415, "elapsed_this_session_seconds": 11598.959001089446, "steps_this_session": 22300, "phase": "training", "gpu": "4"}
{"step": 22320, "total": 24000, "loss": 0.05635937303304672, "mixture_probability": 0.0, "actual_mixture": 0.0, "gradient_norm": 1.3476746082305908, "pid": 4089415, "elapsed_this_session_seconds": 11606.642483253963, "steps_this_session": 22320, "phase": "training", "gpu": "4"}
{"step": 22340, "total": 24000, "loss": 0.05754259508103132, "mixture_probability": 0.0, "actual_mixture": 0.0, "gradient_norm": 1.1031948328018188, "pid": 4089415, "elapsed_this_session_seconds": 11614.196846900508, "steps_this_session": 22340, "phase": "training", "gpu": "4"}
{"step": 22360, "total": 24000, "loss": 0.05536302458494902, "mixture_probability": 0.0, "actual_mixture": 0.0, "gradient_norm": 1.2709417343139648, "pid": 4089415, "elapsed_this_session_seconds": 11621.738992159255, "steps_this_session": 22360, "phase": "training", "gpu": "4"}
{"step": 22380, "total": 24000, "loss": 0.052598186768591404, "mixture_probability": 0.0, "actual_mixture": 0.0, "gradient_norm": 0.9736036658287048, "pid": 4089415, "elapsed_this_session_seconds": 11628.860128552653, "steps_this_session": 22380, "phase": "training", "gpu": "4"}
{"step": 22400, "total": 24000, "loss": 0.09847259148955345, "mixture_probability": 0.0, "actual_mixture": 0.0, "gradient_norm": 1.9789313077926636, "pid": 4089415, "elapsed_this_session_seconds": 11635.76768650487, "steps_this_session": 22400, "phase": "training", "gpu": "4"}
{"step": 22420, "total": 24000, "loss": 0.06743231322616339, "mixture_probability": 0.0, "actual_mixture": 0.0, "gradient_norm": 1.420358419418335, "pid": 4089415, "elapsed_this_session_seconds": 11642.762758669443, "steps_this_session": 22420, "phase": "training", "gpu": "4"}
{"step": 22440, "total": 24000, "loss": 0.050674295984208584, "mixture_probability": 0.0, "actual_mixture": 0.0, "gradient_norm": 1.1129734516143799, "pid": 4089415, "elapsed_this_session_seconds": 11658.972956996411, "steps_this_session": 22440, "phase": "training", "gpu": "4"}
{"step": 22460, "total": 24000, "loss": 0.04274650476872921, "mixture_probability": 0.0, "actual_mixture": 0.0, "gradient_norm": 0.9988831281661987, "pid": 4089415, "elapsed_this_session_seconds": 11683.140097111464, "steps_this_session": 22460, "phase": "training", "gpu": "4"}
{"step": 22480, "total": 24000, "loss": 0.047427305951714516, "mixture_probability": 0.0, "actual_mixture": 0.0, "gradient_norm": 0.9933077096939087, "pid": 4089415, "elapsed_this_session_seconds": 11705.849433439784, "steps_this_session": 22480, "phase": "training", "gpu": "4"}
{"step": 22500, "total": 24000, "loss": 0.05020000506192446, "mixture_probability": 0.0, "actual_mixture": 0.0, "gradient_norm": 1.210371971130371, "pid": 4089415, "elapsed_this_session_seconds": 11728.828163661063, "steps_this_session": 22500, "phase": "training", "gpu": "4"}
{"step": 22520, "total": 24000, "loss": 0.061504142358899117, "mixture_probability": 0.0, "actual_mixture": 0.0, "gradient_norm": 1.2021100521087646, "pid": 4089415, "elapsed_this_session_seconds": 11736.104005703703, "steps_this_session": 22520, "phase": "training", "gpu": "4"}
{"step": 22540, "total": 24000, "loss": 0.07371444907039404, "mixture_probability": 0.0, "actual_mixture": 0.0, "gradient_norm": 1.7223389148712158, "pid": 4089415, "elapsed_this_session_seconds": 11742.772006948479, "steps_this_session": 22540, "phase": "training", "gpu": "4"}
{"step": 22560, "total": 24000, "loss": 0.07214444875717163, "mixture_probability": 0.0, "actual_mixture": 0.0, "gradient_norm": 1.4923503398895264, "pid": 4089415, "elapsed_this_session_seconds": 11750.842911623418, "steps_this_session": 22560, "phase": "training", "gpu": "4"}
{"step": 22580, "total": 24000, "loss": 0.057672793976962566, "mixture_probability": 0.0, "actual_mixture": 0.0, "gradient_norm": 1.056814193725586, "pid": 4089415, "elapsed_this_session_seconds": 11760.979830943048, "steps_this_session": 22580, "phase": "training", "gpu": "4"}
{"step": 22600, "total": 24000, "loss": 0.05077085271477699, "mixture_probability": 0.0, "actual_mixture": 0.0, "gradient_norm": 1.0519100427627563, "pid": 4089415, "elapsed_this_session_seconds": 11770.790611557662, "steps_this_session": 22600, "phase": "training", "gpu": "4"}
{"step": 22620, "total": 24000, "loss": 0.048972584307193756, "mixture_probability": 0.0, "actual_mixture": 0.0, "gradient_norm": 1.0760009288787842, "pid": 4089415, "elapsed_this_session_seconds": 11779.154130782932, "steps_this_session": 22620, "phase": "training", "gpu": "4"}
{"step": 22640, "total": 24000, "loss": 0.05305696092545986, "mixture_probability": 0.0, "actual_mixture": 0.0, "gradient_norm": 1.320135235786438, "pid": 4089415, "elapsed_this_session_seconds": 11789.978962603025, "steps_this_session": 22640, "phase": "training", "gpu": "4"}
{"step": 22660, "total": 24000, "loss": 0.06375708058476448, "mixture_probability": 0.0, "actual_mixture": 0.0, "gradient_norm": 1.395757794380188, "pid": 4089415, "elapsed_this_session_seconds": 11800.095296993852, "steps_this_session": 22660, "phase": "training", "gpu": "4"}
{"step": 22680, "total": 24000, "loss": 0.05804594047367573, "mixture_probability": 0.0, "actual_mixture": 0.0, "gradient_norm": 1.0544044971466064, "pid": 4089415, "elapsed_this_session_seconds": 11808.348670708016, "steps_this_session": 22680, "phase": "training", "gpu": "4"}
{"step": 22700, "total": 24000, "loss": 0.07032947801053524, "mixture_probability": 0.0, "actual_mixture": 0.0, "gradient_norm": 1.3801285028457642, "pid": 4089415, "elapsed_this_session_seconds": 11817.038680990227, "steps_this_session": 22700, "phase": "training", "gpu": "4"}
{"step": 22720, "total": 24000, "loss": 0.04944997746497393, "mixture_probability": 0.0, "actual_mixture": 0.0, "gradient_norm": 0.961198627948761, "pid": 4089415, "elapsed_this_session_seconds": 11826.84131843131, "steps_this_session": 22720, "phase": "training", "gpu": "4"}
{"step": 22740, "total": 24000, "loss": 0.06474621035158634, "mixture_probability": 0.0, "actual_mixture": 0.0, "gradient_norm": 1.2078471183776855, "pid": 4089415, "elapsed_this_session_seconds": 11835.975175461732, "steps_this_session": 22740, "phase": "training", "gpu": "4"}
{"step": 22760, "total": 24000, "loss": 0.08924956060945988, "mixture_probability": 0.0, "actual_mixture": 0.0, "gradient_norm": 1.761872410774231, "pid": 4089415, "elapsed_this_session_seconds": 11843.868884306401, "steps_this_session": 22760, "phase": "training", "gpu": "4"}
{"step": 22780, "total": 24000, "loss": 0.051956113427877426, "mixture_probability": 0.0, "actual_mixture": 0.0, "gradient_norm": 1.292772650718689, "pid": 4089415, "elapsed_this_session_seconds": 11851.442779165693, "steps_this_session": 22780, "phase": "training", "gpu": "4"}
{"step": 22800, "total": 24000, "loss": 0.06330196186900139, "mixture_probability": 0.0, "actual_mixture": 0.0, "gradient_norm": 1.355823278427124, "pid": 4089415, "elapsed_this_session_seconds": 11860.588917481713, "steps_this_session": 22800, "phase": "training", "gpu": "4"}
{"step": 22820, "total": 24000, "loss": 0.0555765749886632, "mixture_probability": 0.0, "actual_mixture": 0.0, "gradient_norm": 1.150079607963562, "pid": 4089415, "elapsed_this_session_seconds": 11869.495656779967, "steps_this_session": 22820, "phase": "training", "gpu": "4"}
{"step": 22840, "total": 24000, "loss": 0.07720659300684929, "mixture_probability": 0.0, "actual_mixture": 0.0, "gradient_norm": 1.4223932027816772, "pid": 4089415, "elapsed_this_session_seconds": 11878.078153177164, "steps_this_session": 22840, "phase": "training", "gpu": "4"}
{"step": 22860, "total": 24000, "loss": 0.04817965626716614, "mixture_probability": 0.0, "actual_mixture": 0.0, "gradient_norm": 1.047792673110962, "pid": 4089415, "elapsed_this_session_seconds": 11884.187176821753, "steps_this_session": 22860, "phase": "training", "gpu": "4"}
{"step": 22880, "total": 24000, "loss": 0.05456196144223213, "mixture_probability": 0.0, "actual_mixture": 0.0, "gradient_norm": 1.004677176475525, "pid": 4089415, "elapsed_this_session_seconds": 11893.196096853353, "steps_this_session": 22880, "phase": "training", "gpu": "4"}
{"step": 22900, "total": 24000, "loss": 0.04492664337158203, "mixture_probability": 0.0, "actual_mixture": 0.0, "gradient_norm": 0.9445668458938599, "pid": 4089415, "elapsed_this_session_seconds": 11901.655495652929, "steps_this_session": 22900, "phase": "training", "gpu": "4"}
{"step": 22920, "total": 24000, "loss": 0.10770151019096375, "mixture_probability": 0.0, "actual_mixture": 0.0, "gradient_norm": 2.032653570175171, "pid": 4089415, "elapsed_this_session_seconds": 11911.005945842713, "steps_this_session": 22920, "phase": "training", "gpu": "4"}
{"step": 22940, "total": 24000, "loss": 0.06045938190072775, "mixture_probability": 0.0, "actual_mixture": 0.0, "gradient_norm": 1.1097897291183472, "pid": 4089415, "elapsed_this_session_seconds": 11916.655337965116, "steps_this_session": 22940, "phase": "training", "gpu": "4"}
{"step": 22960, "total": 24000, "loss": 0.05556735582649708, "mixture_probability": 0.0, "actual_mixture": 0.0, "gradient_norm": 1.1748439073562622, "pid": 4089415, "elapsed_this_session_seconds": 11924.962342860177, "steps_this_session": 22960, "phase": "training", "gpu": "4"}
{"step": 22980, "total": 24000, "loss": 0.05484481155872345, "mixture_probability": 0.0, "actual_mixture": 0.0, "gradient_norm": 1.0781707763671875, "pid": 4089415, "elapsed_this_session_seconds": 11933.841008822434, "steps_this_session": 22980, "phase": "training", "gpu": "4"}
{"step": 23000, "total": 24000, "loss": 0.0721808671951294, "mixture_probability": 0.0, "actual_mixture": 0.0, "gradient_norm": 1.4157898426055908, "pid": 4089415, "elapsed_this_session_seconds": 11941.76192131918, "steps_this_session": 23000, "phase": "training", "gpu": "4"}
{"step": 23020, "total": 24000, "loss": 0.07174105104058981, "mixture_probability": 0.0, "actual_mixture": 0.0, "gradient_norm": 1.6245278120040894, "pid": 4089415, "elapsed_this_session_seconds": 11946.900396473706, "steps_this_session": 23020, "phase": "training", "gpu": "4"}
{"step": 23040, "total": 24000, "loss": 0.05147520359605551, "mixture_probability": 0.0, "actual_mixture": 0.0, "gradient_norm": 1.1745485067367554, "pid": 4089415, "elapsed_this_session_seconds": 11954.851717079058, "steps_this_session": 23040, "phase": "training", "gpu": "4"}
{"step": 23060, "total": 24000, "loss": 0.06866931635886431, "mixture_probability": 0.0, "actual_mixture": 0.0, "gradient_norm": 1.3720794916152954, "pid": 4089415, "elapsed_this_session_seconds": 11962.538432663307, "steps_this_session": 23060, "phase": "training", "gpu": "4"}
{"step": 23080, "total": 24000, "loss": 0.0654073553159833, "mixture_probability": 0.0, "actual_mixture": 0.0, "gradient_norm": 1.2957494258880615, "pid": 4089415, "elapsed_this_session_seconds": 11970.352486317046, "steps_this_session": 23080, "phase": "training", "gpu": "4"}
{"step": 23100, "total": 24000, "loss": 0.06351324077695608, "mixture_probability": 0.0, "actual_mixture": 0.0, "gradient_norm": 1.2882720232009888, "pid": 4089415, "elapsed_this_session_seconds": 11978.063119655475, "steps_this_session": 23100, "phase": "training", "gpu": "4"}
{"step": 23120, "total": 24000, "loss": 0.059455400332808495, "mixture_probability": 0.0, "actual_mixture": 0.0, "gradient_norm": 1.3276712894439697, "pid": 4089415, "elapsed_this_session_seconds": 11985.605096207932, "steps_this_session": 23120, "phase": "training", "gpu": "4"}
{"step": 23140, "total": 24000, "loss": 0.08578315563499928, "mixture_probability": 0.0, "actual_mixture": 0.0, "gradient_norm": 1.4830724000930786, "pid": 4089415, "elapsed_this_session_seconds": 11993.54262045212, "steps_this_session": 23140, "phase": "training", "gpu": "4"}
{"step": 23160, "total": 24000, "loss": 0.08220019191503525, "mixture_probability": 0.0, "actual_mixture": 0.0, "gradient_norm": 1.6073158979415894, "pid": 4089415, "elapsed_this_session_seconds": 12001.47913310118, "steps_this_session": 23160, "phase": "training", "gpu": "4"}
{"step": 23180, "total": 24000, "loss": 0.04862053133547306, "mixture_probability": 0.0, "actual_mixture": 0.0, "gradient_norm": 0.949040412902832, "pid": 4089415, "elapsed_this_session_seconds": 12024.636610733345, "steps_this_session": 23180, "phase": "training", "gpu": "4"}
{"step": 23200, "total": 24000, "loss": 0.2000684840604663, "mixture_probability": 0.0, "actual_mixture": 0.0, "gradient_norm": 4.1810407638549805, "pid": 4089415, "elapsed_this_session_seconds": 12042.919297009706, "steps_this_session": 23200, "phase": "training", "gpu": "4"}
{"step": 23220, "total": 24000, "loss": 0.0766772897914052, "mixture_probability": 0.0, "actual_mixture": 0.0, "gradient_norm": 1.3552132844924927, "pid": 4089415, "elapsed_this_session_seconds": 12048.405316488817, "steps_this_session": 23220, "phase": "training", "gpu": "4"}
{"step": 23240, "total": 24000, "loss": 0.057835827581584454, "mixture_probability": 0.0, "actual_mixture": 0.0, "gradient_norm": 1.1787294149398804, "pid": 4089415, "elapsed_this_session_seconds": 12056.626166276634, "steps_this_session": 23240, "phase": "training", "gpu": "4"}
{"step": 23260, "total": 24000, "loss": 0.08309381175786257, "mixture_probability": 0.0, "actual_mixture": 0.0, "gradient_norm": 1.4996603727340698, "pid": 4089415, "elapsed_this_session_seconds": 12066.990190460347, "steps_this_session": 23260, "phase": "training", "gpu": "4"}
{"step": 23280, "total": 24000, "loss": 0.05508618149906397, "mixture_probability": 0.0, "actual_mixture": 0.0, "gradient_norm": 1.459474802017212, "pid": 4089415, "elapsed_this_session_seconds": 12077.890525131486, "steps_this_session": 23280, "phase": "training", "gpu": "4"}
{"step": 23300, "total": 24000, "loss": 0.6086697550490499, "mixture_probability": 0.0, "actual_mixture": 0.0, "gradient_norm": 9.685112953186035, "pid": 4089415, "elapsed_this_session_seconds": 12084.459416929632, "steps_this_session": 23300, "phase": "training", "gpu": "4"}
{"step": 23320, "total": 24000, "loss": 0.05918439198285341, "mixture_probability": 0.0, "actual_mixture": 0.0, "gradient_norm": 1.363977313041687, "pid": 4089415, "elapsed_this_session_seconds": 12094.334192142822, "steps_this_session": 23320, "phase": "training", "gpu": "4"}
{"step": 23340, "total": 24000, "loss": 0.06033431924879551, "mixture_probability": 0.0, "actual_mixture": 0.0, "gradient_norm": 1.259074091911316, "pid": 4089415, "elapsed_this_session_seconds": 12103.964178577997, "steps_this_session": 23340, "phase": "training", "gpu": "4"}
{"step": 23360, "total": 24000, "loss": 0.06735447328537703, "mixture_probability": 0.0, "actual_mixture": 0.0, "gradient_norm": 1.2386208772659302, "pid": 4089415, "elapsed_this_session_seconds": 12110.831581062637, "steps_this_session": 23360, "phase": "training", "gpu": "4"}
{"step": 23380, "total": 24000, "loss": 0.055001418106257915, "mixture_probability": 0.0, "actual_mixture": 0.0, "gradient_norm": 1.1936999559402466, "pid": 4089415, "elapsed_this_session_seconds": 12119.97046974115, "steps_this_session": 23380, "phase": "training", "gpu": "4"}
{"step": 23400, "total": 24000, "loss": 0.05340976919978857, "mixture_probability": 0.0, "actual_mixture": 0.0, "gradient_norm": 1.207903504371643, "pid": 4089415, "elapsed_this_session_seconds": 12129.287888658233, "steps_this_session": 23400, "phase": "training", "gpu": "4"}
{"step": 23420, "total": 24000, "loss": 0.04931264743208885, "mixture_probability": 0.0, "actual_mixture": 0.0, "gradient_norm": 0.9637612700462341, "pid": 4089415, "elapsed_this_session_seconds": 12138.501845997758, "steps_this_session": 23420, "phase": "training", "gpu": "4"}
{"step": 23440, "total": 24000, "loss": 0.05819705128669739, "mixture_probability": 0.0, "actual_mixture": 0.0, "gradient_norm": 1.0638880729675293, "pid": 4089415, "elapsed_this_session_seconds": 12148.084173704498, "steps_this_session": 23440, "phase": "training", "gpu": "4"}
{"step": 23460, "total": 24000, "loss": 0.052503363229334354, "mixture_probability": 0.0, "actual_mixture": 0.0, "gradient_norm": 1.1325862407684326, "pid": 4089415, "elapsed_this_session_seconds": 12157.307678371668, "steps_this_session": 23460, "phase": "training", "gpu": "4"}
{"step": 23480, "total": 24000, "loss": 0.05251564737409353, "mixture_probability": 0.0, "actual_mixture": 0.0, "gradient_norm": 1.0003342628479004, "pid": 4089415, "elapsed_this_session_seconds": 12168.471035202965, "steps_this_session": 23480, "phase": "training", "gpu": "4"}
{"step": 23500, "total": 24000, "loss": 0.05569853726774454, "mixture_probability": 0.0, "actual_mixture": 0.0, "gradient_norm": 1.333423376083374, "pid": 4089415, "elapsed_this_session_seconds": 12193.205265565775, "steps_this_session": 23500, "phase": "training", "gpu": "4"}
{"step": 23520, "total": 24000, "loss": 0.05411171168088913, "mixture_probability": 0.0, "actual_mixture": 0.0, "gradient_norm": 1.1081809997558594, "pid": 4089415, "elapsed_this_session_seconds": 12215.3757916186, "steps_this_session": 23520, "phase": "training", "gpu": "4"}
{"step": 23540, "total": 24000, "loss": 0.076984160579741, "mixture_probability": 0.0, "actual_mixture": 0.0, "gradient_norm": 1.4709486961364746, "pid": 4089415, "elapsed_this_session_seconds": 12220.911610049196, "steps_this_session": 23540, "phase": "training", "gpu": "4"}
{"step": 23560, "total": 24000, "loss": 0.07546288892626762, "mixture_probability": 0.0, "actual_mixture": 0.0, "gradient_norm": 1.6004610061645508, "pid": 4089415, "elapsed_this_session_seconds": 12230.84281342011, "steps_this_session": 23560, "phase": "training", "gpu": "4"}
{"step": 23580, "total": 24000, "loss": 0.05945179704576731, "mixture_probability": 0.0, "actual_mixture": 0.0, "gradient_norm": 1.2466498613357544, "pid": 4089415, "elapsed_this_session_seconds": 12242.858014607802, "steps_this_session": 23580, "phase": "training", "gpu": "4"}
{"step": 23600, "total": 24000, "loss": 0.06451292987912893, "mixture_probability": 0.0, "actual_mixture": 0.0, "gradient_norm": 1.2186654806137085, "pid": 4089415, "elapsed_this_session_seconds": 12250.686236603186, "steps_this_session": 23600, "phase": "training", "gpu": "4"}
{"step": 23620, "total": 24000, "loss": 0.04870769567787647, "mixture_probability": 0.0, "actual_mixture": 0.0, "gradient_norm": 1.009916067123413, "pid": 4089415, "elapsed_this_session_seconds": 12262.332131458446, "steps_this_session": 23620, "phase": "training", "gpu": "4"}
{"step": 23640, "total": 24000, "loss": 0.048779637552797794, "mixture_probability": 0.0, "actual_mixture": 0.0, "gradient_norm": 1.2287126779556274, "pid": 4089415, "elapsed_this_session_seconds": 12269.319412318058, "steps_this_session": 23640, "phase": "training", "gpu": "4"}
{"step": 23660, "total": 24000, "loss": 0.06905071344226599, "mixture_probability": 0.0, "actual_mixture": 0.0, "gradient_norm": 1.3823665380477905, "pid": 4089415, "elapsed_this_session_seconds": 12279.20829184074, "steps_this_session": 23660, "phase": "training", "gpu": "4"}
{"step": 23680, "total": 24000, "loss": 0.05346889328211546, "mixture_probability": 0.0, "actual_mixture": 0.0, "gradient_norm": 0.968198299407959, "pid": 4089415, "elapsed_this_session_seconds": 12288.639267638326, "steps_this_session": 23680, "phase": "training", "gpu": "4"}
{"step": 23700, "total": 24000, "loss": 0.06974745355546474, "mixture_probability": 0.0, "actual_mixture": 0.0, "gradient_norm": 1.213351845741272, "pid": 4089415, "elapsed_this_session_seconds": 12298.4570647683, "steps_this_session": 23700, "phase": "training", "gpu": "4"}
{"step": 23720, "total": 24000, "loss": 0.051464181393384933, "mixture_probability": 0.0, "actual_mixture": 0.0, "gradient_norm": 1.1120095252990723, "pid": 4089415, "elapsed_this_session_seconds": 12308.100870025344, "steps_this_session": 23720, "phase": "training", "gpu": "4"}
{"step": 23740, "total": 24000, "loss": 0.04964017029851675, "mixture_probability": 0.0, "actual_mixture": 0.0, "gradient_norm": 0.9115728139877319, "pid": 4089415, "elapsed_this_session_seconds": 12317.645529306494, "steps_this_session": 23740, "phase": "training", "gpu": "4"}
{"step": 23760, "total": 24000, "loss": 0.047811745665967464, "mixture_probability": 0.0, "actual_mixture": 0.0, "gradient_norm": 0.9958733320236206, "pid": 4089415, "elapsed_this_session_seconds": 12331.918706079945, "steps_this_session": 23760, "phase": "training", "gpu": "4"}
{"step": 23780, "total": 24000, "loss": 0.04709632135927677, "mixture_probability": 0.0, "actual_mixture": 0.0, "gradient_norm": 1.0700675249099731, "pid": 4089415, "elapsed_this_session_seconds": 12359.741142150946, "steps_this_session": 23780, "phase": "training", "gpu": "4"}
{"step": 23800, "total": 24000, "loss": 0.07033196277916431, "mixture_probability": 0.0, "actual_mixture": 0.0, "gradient_norm": 1.2867634296417236, "pid": 4089415, "elapsed_this_session_seconds": 12384.50514627248, "steps_this_session": 23800, "phase": "training", "gpu": "4"}
{"step": 23820, "total": 24000, "loss": 0.05937679763883352, "mixture_probability": 0.0, "actual_mixture": 0.0, "gradient_norm": 1.1864639520645142, "pid": 4089415, "elapsed_this_session_seconds": 12407.70982034877, "steps_this_session": 23820, "phase": "training", "gpu": "4"}
{"step": 23840, "total": 24000, "loss": 0.05328150745481253, "mixture_probability": 0.0, "actual_mixture": 0.0, "gradient_norm": 1.1101278066635132, "pid": 4089415, "elapsed_this_session_seconds": 12430.789352805354, "steps_this_session": 23840, "phase": "training", "gpu": "4"}
{"step": 23860, "total": 24000, "loss": 0.04682602174580097, "mixture_probability": 0.0, "actual_mixture": 0.0, "gradient_norm": 0.9693288207054138, "pid": 4089415, "elapsed_this_session_seconds": 12450.897394718602, "steps_this_session": 23860, "phase": "training", "gpu": "4"}
{"step": 23880, "total": 24000, "loss": 0.0562667166814208, "mixture_probability": 0.0, "actual_mixture": 0.0, "gradient_norm": 1.2398414611816406, "pid": 4089415, "elapsed_this_session_seconds": 12456.203765257262, "steps_this_session": 23880, "phase": "training", "gpu": "4"}
{"step": 23900, "total": 24000, "loss": 0.04911278560757637, "mixture_probability": 0.0, "actual_mixture": 0.0, "gradient_norm": 1.1382814645767212, "pid": 4089415, "elapsed_this_session_seconds": 12463.867511549033, "steps_this_session": 23900, "phase": "training", "gpu": "4"}
{"step": 23920, "total": 24000, "loss": 0.06728509441018105, "mixture_probability": 0.0, "actual_mixture": 0.0, "gradient_norm": 1.2989485263824463, "pid": 4089415, "elapsed_this_session_seconds": 12471.925979831256, "steps_this_session": 23920, "phase": "training", "gpu": "4"}
{"step": 23940, "total": 24000, "loss": 0.06033117696642876, "mixture_probability": 0.0, "actual_mixture": 0.0, "gradient_norm": 1.1624038219451904, "pid": 4089415, "elapsed_this_session_seconds": 12480.275746635161, "steps_this_session": 23940, "phase": "training", "gpu": "4"}
{"step": 23960, "total": 24000, "loss": 0.049349852837622166, "mixture_probability": 0.0, "actual_mixture": 0.0, "gradient_norm": 1.2476911544799805, "pid": 4089415, "elapsed_this_session_seconds": 12489.32016979903, "steps_this_session": 23960, "phase": "training", "gpu": "4"}
{"step": 23980, "total": 24000, "loss": 0.06287421844899654, "mixture_probability": 0.0, "actual_mixture": 0.0, "gradient_norm": 1.2462587356567383, "pid": 4089415, "elapsed_this_session_seconds": 12497.085780161433, "steps_this_session": 23980, "phase": "training", "gpu": "4"}
{"step": 24000, "total": 24000, "loss": 0.05319649074226618, "mixture_probability": 0.0, "actual_mixture": 0.0, "gradient_norm": 1.0969605445861816, "pid": 4089415, "elapsed_this_session_seconds": 12505.86726124119, "steps_this_session": 24000, "phase": "training", "gpu": "4"}
