2026-09-30 01:14:33.992 | WARNING  | dataset.smpl_utils:get_smpl:10 - Loading SMPL model: smplx
{"step": 1, "total": 24000, "loss": 1.1361524164676666, "mixture_probability": 0.0, "actual_mixture": 0.0, "gradient_norm": 16.798091888427734, "pid": 4089419, "elapsed_this_session_seconds": 0.8572323173284531, "steps_this_session": 1, "phase": "training", "gpu": "6"}
{"step": 20, "total": 24000, "loss": 0.5727186948060989, "mixture_probability": 0.0, "actual_mixture": 0.0, "gradient_norm": 8.758798599243164, "pid": 4089419, "elapsed_this_session_seconds": 6.483898558653891, "steps_this_session": 20, "phase": "training", "gpu": "6"}
{"step": 40, "total": 24000, "loss": 0.4319082796573639, "mixture_probability": 0.0, "actual_mixture": 0.0, "gradient_norm": 6.684178829193115, "pid": 4089419, "elapsed_this_session_seconds": 15.023741312325, "steps_this_session": 40, "phase": "training", "gpu": "6"}
{"step": 60, "total": 24000, "loss": 0.39601805061101913, "mixture_probability": 0.0, "actual_mixture": 0.0, "gradient_norm": 6.520382881164551, "pid": 4089419, "elapsed_this_session_seconds": 23.260062993504107, "steps_this_session": 60, "phase": "training", "gpu": "6"}
{"step": 80, "total": 24000, "loss": 0.27884842082858086, "mixture_probability": 0.0, "actual_mixture": 0.0, "gradient_norm": 3.954775333404541, "pid": 4089419, "elapsed_this_session_seconds": 31.525867412798107, "steps_this_session": 80, "phase": "training", "gpu": "6"}
{"step": 100, "total": 24000, "loss": 0.3177604675292969, "mixture_probability": 0.0, "actual_mixture": 0.0, "gradient_norm": 5.148259162902832, "pid": 4089419, "elapsed_this_session_seconds": 39.191681403666735, "steps_this_session": 100, "phase": "training", "gpu": "6"}
{"step": 120, "total": 24000, "loss": 0.30966147780418396, "mixture_probability": 0.0, "actual_mixture": 0.0, "gradient_norm": 4.369358539581299, "pid": 4089419, "elapsed_this_session_seconds": 45.22730106860399, "steps_this_session": 120, "phase": "training", "gpu": "6"}
{"step": 140, "total": 24000, "loss": 0.25727037340402603, "mixture_probability": 0.0, "actual_mixture": 0.0, "gradient_norm": 4.826197147369385, "pid": 4089419, "elapsed_this_session_seconds": 53.43897706735879, "steps_this_session": 140, "phase": "training", "gpu": "6"}
{"step": 160, "total": 24000, "loss": 0.2687221094965935, "mixture_probability": 0.0, "actual_mixture": 0.0, "gradient_norm": 3.9133784770965576, "pid": 4089419, "elapsed_this_session_seconds": 61.12605506647378, "steps_this_session": 160, "phase": "training", "gpu": "6"}
{"step": 180, "total": 24000, "loss": 0.269430935382843, "mixture_probability": 0.0, "actual_mixture": 0.0, "gradient_norm": 4.468053340911865, "pid": 4089419, "elapsed_this_session_seconds": 69.16012246347964, "steps_this_session": 180, "phase": "training", "gpu": "6"}
{"step": 200, "total": 24000, "loss": 0.23098792880773544, "mixture_probability": 0.0, "actual_mixture": 0.0, "gradient_norm": 3.5316247940063477, "pid": 4089419, "elapsed_this_session_seconds": 77.30253626219928, "steps_this_session": 200, "phase": "training", "gpu": "6"}
{"step": 220, "total": 24000, "loss": 0.24708973243832588, "mixture_probability": 0.0, "actual_mixture": 0.0, "gradient_norm": 3.5936639308929443, "pid": 4089419, "elapsed_this_session_seconds": 82.57287844456732, "steps_this_session": 220, "phase": "training", "gpu": "6"}
{"step": 240, "total": 24000, "loss": 0.18026601523160934, "mixture_probability": 0.0, "actual_mixture": 0.0, "gradient_norm": 3.5428454875946045, "pid": 4089419, "elapsed_this_session_seconds": 90.73444828949869, "steps_this_session": 240, "phase": "training", "gpu": "6"}
{"step": 260, "total": 24000, "loss": 0.19299985468387604, "mixture_probability": 0.0, "actual_mixture": 0.0, "gradient_norm": 3.299617290496826, "pid": 4089419, "elapsed_this_session_seconds": 98.30904608499259, "steps_this_session": 260, "phase": "training", "gpu": "6"}
{"step": 280, "total": 24000, "loss": 0.21212295815348625, "mixture_probability": 0.0, "actual_mixture": 0.0, "gradient_norm": 3.613025188446045, "pid": 4089419, "elapsed_this_session_seconds": 106.24703079462051, "steps_this_session": 280, "phase": "training", "gpu": "6"}
{"step": 300, "total": 24000, "loss": 0.22742129489779472, "mixture_probability": 0.0, "actual_mixture": 0.0, "gradient_norm": 3.7497968673706055, "pid": 4089419, "elapsed_this_session_seconds": 115.05024869926274, "steps_this_session": 300, "phase": "training", "gpu": "6"}
{"step": 320, "total": 24000, "loss": 0.236953753978014, "mixture_probability": 0.0, "actual_mixture": 0.0, "gradient_norm": 4.221507549285889, "pid": 4089419, "elapsed_this_session_seconds": 119.89021903276443, "steps_this_session": 320, "phase": "training", "gpu": "6"}
{"step": 340, "total": 24000, "loss": 0.23086035251617432, "mixture_probability": 0.0, "actual_mixture": 0.0, "gradient_norm": 4.330819606781006, "pid": 4089419, "elapsed_this_session_seconds": 127.4707056907937, "steps_this_session": 340, "phase": "training", "gpu": "6"}
{"step": 360, "total": 24000, "loss": 0.22692880779504776, "mixture_probability": 0.0, "actual_mixture": 0.0, "gradient_norm": 4.210397720336914, "pid": 4089419, "elapsed_this_session_seconds": 135.3741223141551, "steps_this_session": 360, "phase": "training", "gpu": "6"}
{"step": 380, "total": 24000, "loss": 0.19891764968633652, "mixture_probability": 0.0, "actual_mixture": 0.0, "gradient_norm": 3.405794382095337, "pid": 4089419, "elapsed_this_session_seconds": 142.82862386200577, "steps_this_session": 380, "phase": "training", "gpu": "6"}
{"step": 400, "total": 24000, "loss": 0.2505483701825142, "mixture_probability": 0.0, "actual_mixture": 0.0, "gradient_norm": 4.657871246337891, "pid": 4089419, "elapsed_this_session_seconds": 149.64342448860407, "steps_this_session": 400, "phase": "training", "gpu": "6"}
{"step": 420, "total": 24000, "loss": 0.17264577001333237, "mixture_probability": 0.0, "actual_mixture": 0.0, "gradient_norm": 4.97168493270874, "pid": 4089419, "elapsed_this_session_seconds": 155.95866807270795, "steps_this_session": 420, "phase": "training", "gpu": "6"}
{"step": 440, "total": 24000, "loss": 0.19245467707514763, "mixture_probability": 0.0, "actual_mixture": 0.0, "gradient_norm": 3.290233612060547, "pid": 4089419, "elapsed_this_session_seconds": 163.84729079250246, "steps_this_session": 440, "phase": "training", "gpu": "6"}
{"step": 460, "total": 24000, "loss": 0.25508411414921284, "mixture_probability": 0.0, "actual_mixture": 0.0, "gradient_norm": 4.492453575134277, "pid": 4089419, "elapsed_this_session_seconds": 171.63591566868126, "steps_this_session": 460, "phase": "training", "gpu": "6"}
{"step": 480, "total": 24000, "loss": 0.22456227242946625, "mixture_probability": 0.0, "actual_mixture": 0.0, "gradient_norm": 4.041666507720947, "pid": 4089419, "elapsed_this_session_seconds": 179.60161460377276, "steps_this_session": 480, "phase": "training", "gpu": "6"}
{"step": 500, "total": 24000, "loss": 0.19047871232032776, "mixture_probability": 0.0, "actual_mixture": 0.0, "gradient_norm": 3.672863245010376, "pid": 4089419, "elapsed_this_session_seconds": 187.3789039105177, "steps_this_session": 500, "phase": "training", "gpu": "6"}
{"step": 520, "total": 24000, "loss": 0.19406669214367867, "mixture_probability": 0.0, "actual_mixture": 0.0, "gradient_norm": 3.182870626449585, "pid": 4089419, "elapsed_this_session_seconds": 195.43316903337836, "steps_this_session": 520, "phase": "training", "gpu": "6"}
{"step": 540, "total": 24000, "loss": 0.17014329507946968, "mixture_probability": 0.0, "actual_mixture": 0.0, "gradient_norm": 4.569111347198486, "pid": 4089419, "elapsed_this_session_seconds": 202.85113118216395, "steps_this_session": 540, "phase": "training", "gpu": "6"}
{"step": 560, "total": 24000, "loss": 0.15569014102220535, "mixture_probability": 0.0, "actual_mixture": 0.0, "gradient_norm": 3.7099850177764893, "pid": 4089419, "elapsed_this_session_seconds": 210.62613916955888, "steps_this_session": 560, "phase": "training", "gpu": "6"}
{"step": 580, "total": 24000, "loss": 0.2076093703508377, "mixture_probability": 0.0, "actual_mixture": 0.0, "gradient_norm": 3.944737434387207, "pid": 4089419, "elapsed_this_session_seconds": 231.51385297160596, "steps_this_session": 580, "phase": "training", "gpu": "6"}
{"step": 600, "total": 24000, "loss": 0.22149455547332764, "mixture_probability": 0.0, "actual_mixture": 0.0, "gradient_norm": 4.181026935577393, "pid": 4089419, "elapsed_this_session_seconds": 253.75842077750713, "steps_this_session": 600, "phase": "training", "gpu": "6"}
{"step": 620, "total": 24000, "loss": 0.26587099954485893, "mixture_probability": 0.0, "actual_mixture": 0.0, "gradient_norm": 3.906698703765869, "pid": 4089419, "elapsed_this_session_seconds": 275.31487524230033, "steps_this_session": 620, "phase": "training", "gpu": "6"}
{"step": 640, "total": 24000, "loss": 0.17832419648766518, "mixture_probability": 0.0, "actual_mixture": 0.0, "gradient_norm": 3.689300298690796, "pid": 4089419, "elapsed_this_session_seconds": 294.68603112269193, "steps_this_session": 640, "phase": "training", "gpu": "6"}
{"step": 660, "total": 24000, "loss": 0.23279959335923195, "mixture_probability": 0.0, "actual_mixture": 0.0, "gradient_norm": 4.78559684753418, "pid": 4089419, "elapsed_this_session_seconds": 299.6977308439091, "steps_this_session": 660, "phase": "training", "gpu": "6"}
{"step": 680, "total": 24000, "loss": 0.16347254067659378, "mixture_probability": 0.0, "actual_mixture": 0.0, "gradient_norm": 3.6548759937286377, "pid": 4089419, "elapsed_this_session_seconds": 307.36597483605146, "steps_this_session": 680, "phase": "training", "gpu": "6"}
{"step": 700, "total": 24000, "loss": 0.18296153470873833, "mixture_probability": 0.0, "actual_mixture": 0.0, "gradient_norm": 3.2875306606292725, "pid": 4089419, "elapsed_this_session_seconds": 316.3538956679404, "steps_this_session": 700, "phase": "training", "gpu": "6"}
{"step": 720, "total": 24000, "loss": 0.20846421644091606, "mixture_probability": 0.0, "actual_mixture": 0.0, "gradient_norm": 3.474621534347534, "pid": 4089419, "elapsed_this_session_seconds": 325.1068451991305, "steps_this_session": 720, "phase": "training", "gpu": "6"}
{"step": 740, "total": 24000, "loss": 0.4920584708452225, "mixture_probability": 0.0, "actual_mixture": 0.0, "gradient_norm": 9.350436210632324, "pid": 4089419, "elapsed_this_session_seconds": 334.4594180295244, "steps_this_session": 740, "phase": "training", "gpu": "6"}
{"step": 760, "total": 24000, "loss": 0.19966838136315346, "mixture_probability": 0.0, "actual_mixture": 0.0, "gradient_norm": 4.0378522872924805, "pid": 4089419, "elapsed_this_session_seconds": 340.27753508929163, "steps_this_session": 760, "phase": "training", "gpu": "6"}
{"step": 780, "total": 24000, "loss": 0.22869473695755005, "mixture_probability": 0.0, "actual_mixture": 0.0, "gradient_norm": 4.604938507080078, "pid": 4089419, "elapsed_this_session_seconds": 349.1710098236799, "steps_this_session": 780, "phase": "training", "gpu": "6"}
{"step": 800, "total": 24000, "loss": 0.21504522487521172, "mixture_probability": 0.0, "actual_mixture": 0.0, "gradient_norm": 3.8473384380340576, "pid": 4089419, "elapsed_this_session_seconds": 357.79778877831995, "steps_this_session": 800, "phase": "training", "gpu": "6"}
{"step": 820, "total": 24000, "loss": 0.18553071841597557, "mixture_probability": 0.0, "actual_mixture": 0.0, "gradient_norm": 3.000950813293457, "pid": 4089419, "elapsed_this_session_seconds": 366.3669488495216, "steps_this_session": 820, "phase": "training", "gpu": "6"}
{"step": 840, "total": 24000, "loss": 0.15956003591418266, "mixture_probability": 0.0, "actual_mixture": 0.0, "gradient_norm": 3.1438071727752686, "pid": 4089419, "elapsed_this_session_seconds": 372.0698718363419, "steps_this_session": 840, "phase": "training", "gpu": "6"}
{"step": 860, "total": 24000, "loss": 0.23383083194494247, "mixture_probability": 0.0, "actual_mixture": 0.0, "gradient_norm": 4.027554988861084, "pid": 4089419, "elapsed_this_session_seconds": 380.7098565939814, "steps_this_session": 860, "phase": "training", "gpu": "6"}
{"step": 880, "total": 24000, "loss": 0.1848481371998787, "mixture_probability": 0.0, "actual_mixture": 0.0, "gradient_norm": 3.986905574798584, "pid": 4089419, "elapsed_this_session_seconds": 388.6099866097793, "steps_this_session": 880, "phase": "training", "gpu": "6"}
{"step": 900, "total": 24000, "loss": 0.20283572003245354, "mixture_probability": 0.0, "actual_mixture": 0.0, "gradient_norm": 3.64434552192688, "pid": 4089419, "elapsed_this_session_seconds": 396.6681297728792, "steps_this_session": 900, "phase": "training", "gpu": "6"}
{"step": 920, "total": 24000, "loss": 0.1961948648095131, "mixture_probability": 0.0, "actual_mixture": 0.0, "gradient_norm": 4.574385643005371, "pid": 4089419, "elapsed_this_session_seconds": 405.2151881940663, "steps_this_session": 920, "phase": "training", "gpu": "6"}
{"step": 940, "total": 24000, "loss": 0.20447266846895218, "mixture_probability": 0.0, "actual_mixture": 0.0, "gradient_norm": 3.9588520526885986, "pid": 4089419, "elapsed_this_session_seconds": 414.01423409208655, "steps_this_session": 940, "phase": "training", "gpu": "6"}
{"step": 960, "total": 24000, "loss": 0.23660112544894218, "mixture_probability": 0.0, "actual_mixture": 0.0, "gradient_norm": 4.892871856689453, "pid": 4089419, "elapsed_this_session_seconds": 422.6356978546828, "steps_this_session": 960, "phase": "training", "gpu": "6"}
{"step": 980, "total": 24000, "loss": 0.16367485001683235, "mixture_probability": 0.0, "actual_mixture": 0.0, "gradient_norm": 3.2898612022399902, "pid": 4089419, "elapsed_this_session_seconds": 440.69258237909526, "steps_this_session": 980, "phase": "training", "gpu": "6"}
{"step": 1000, "total": 24000, "loss": 0.23819952458143234, "mixture_probability": 0.0, "actual_mixture": 0.0, "gradient_norm": 3.500680923461914, "pid": 4089419, "elapsed_this_session_seconds": 465.2158972462639, "steps_this_session": 1000, "phase": "training", "gpu": "6"}
{"step": 1020, "total": 24000, "loss": 0.16108081489801407, "mixture_probability": 0.0, "actual_mixture": 0.0, "gradient_norm": 3.314255475997925, "pid": 4089419, "elapsed_this_session_seconds": 488.29865206219256, "steps_this_session": 1020, "phase": "training", "gpu": "6"}
{"step": 1040, "total": 24000, "loss": 0.17507899925112724, "mixture_probability": 0.0, "actual_mixture": 0.0, "gradient_norm": 2.891176462173462, "pid": 4089419, "elapsed_this_session_seconds": 502.3508440712467, "steps_this_session": 1040, "phase": "training", "gpu": "6"}
{"step": 1060, "total": 24000, "loss": 0.17588472738862038, "mixture_probability": 0.0, "actual_mixture": 0.0, "gradient_norm": 2.7590503692626953, "pid": 4089419, "elapsed_this_session_seconds": 509.2003829693422, "steps_this_session": 1060, "phase": "training", "gpu": "6"}
{"step": 1080, "total": 24000, "loss": 0.1715552769601345, "mixture_probability": 0.0, "actual_mixture": 0.0, "gradient_norm": 3.2581629753112793, "pid": 4089419, "elapsed_this_session_seconds": 517.5652961349115, "steps_this_session": 1080, "phase": "training", "gpu": "6"}
{"step": 1100, "total": 24000, "loss": 0.1781928986310959, "mixture_probability": 0.0, "actual_mixture": 0.0, "gradient_norm": 3.740231990814209, "pid": 4089419, "elapsed_this_session_seconds": 527.1964869881049, "steps_this_session": 1100, "phase": "training", "gpu": "6"}
{"step": 1120, "total": 24000, "loss": 0.17541097849607468, "mixture_probability": 0.0, "actual_mixture": 0.0, "gradient_norm": 3.6230924129486084, "pid": 4089419, "elapsed_this_session_seconds": 533.5403198106214, "steps_this_session": 1120, "phase": "training", "gpu": "6"}
{"step": 1140, "total": 24000, "loss": 0.2750265523791313, "mixture_probability": 0.0, "actual_mixture": 0.0, "gradient_norm": 5.452123165130615, "pid": 4089419, "elapsed_this_session_seconds": 543.9750508302823, "steps_this_session": 1140, "phase": "training", "gpu": "6"}
{"step": 1160, "total": 24000, "loss": 0.23492126166820526, "mixture_probability": 0.0, "actual_mixture": 0.0, "gradient_norm": 4.110106468200684, "pid": 4089419, "elapsed_this_session_seconds": 553.7913667177781, "steps_this_session": 1160, "phase": "training", "gpu": "6"}
{"step": 1180, "total": 24000, "loss": 0.19826015457510948, "mixture_probability": 0.0, "actual_mixture": 0.0, "gradient_norm": 4.336084365844727, "pid": 4089419, "elapsed_this_session_seconds": 560.2659363811836, "steps_this_session": 1180, "phase": "training", "gpu": "6"}
{"step": 1200, "total": 24000, "loss": 0.18343394808471203, "mixture_probability": 0.0, "actual_mixture": 0.0, "gradient_norm": 3.353675127029419, "pid": 4089419, "elapsed_this_session_seconds": 570.3170583061874, "steps_this_session": 1200, "phase": "training", "gpu": "6"}
{"step": 1220, "total": 24000, "loss": 0.2107216902077198, "mixture_probability": 0.0, "actual_mixture": 0.0, "gradient_norm": 4.346590995788574, "pid": 4089419, "elapsed_this_session_seconds": 580.1395349381492, "steps_this_session": 1220, "phase": "training", "gpu": "6"}
{"step": 1240, "total": 24000, "loss": 0.1464136429131031, "mixture_probability": 0.0, "actual_mixture": 0.0, "gradient_norm": 3.3739116191864014, "pid": 4089419, "elapsed_this_session_seconds": 586.4043814782053, "steps_this_session": 1240, "phase": "training", "gpu": "6"}
{"step": 1260, "total": 24000, "loss": 0.17501068487763405, "mixture_probability": 0.0, "actual_mixture": 0.0, "gradient_norm": 3.4875783920288086, "pid": 4089419, "elapsed_this_session_seconds": 596.5360420485958, "steps_this_session": 1260, "phase": "training", "gpu": "6"}
{"step": 1280, "total": 24000, "loss": 0.18845831975340843, "mixture_probability": 0.0, "actual_mixture": 0.0, "gradient_norm": 4.2959465980529785, "pid": 4089419, "elapsed_this_session_seconds": 603.4273434095085, "steps_this_session": 1280, "phase": "training", "gpu": "6"}
{"step": 1300, "total": 24000, "loss": 0.23473593592643738, "mixture_probability": 0.0, "actual_mixture": 0.0, "gradient_norm": 3.9238200187683105, "pid": 4089419, "elapsed_this_session_seconds": 612.3371403412893, "steps_this_session": 1300, "phase": "training", "gpu": "6"}
{"step": 1320, "total": 24000, "loss": 0.18284695968031883, "mixture_probability": 0.0, "actual_mixture": 0.0, "gradient_norm": 3.402592658996582, "pid": 4089419, "elapsed_this_session_seconds": 622.2990104127675, "steps_this_session": 1320, "phase": "training", "gpu": "6"}
{"step": 1340, "total": 24000, "loss": 0.19773538783192635, "mixture_probability": 0.0, "actual_mixture": 0.0, "gradient_norm": 4.149059772491455, "pid": 4089419, "elapsed_this_session_seconds": 631.8542920583859, "steps_this_session": 1340, "phase": "training", "gpu": "6"}
{"step": 1360, "total": 24000, "loss": 0.15724165737628937, "mixture_probability": 0.0, "actual_mixture": 0.0, "gradient_norm": 3.9916439056396484, "pid": 4089419, "elapsed_this_session_seconds": 641.1295709209517, "steps_this_session": 1360, "phase": "training", "gpu": "6"}
{"step": 1380, "total": 24000, "loss": 0.18040553107857704, "mixture_probability": 0.0, "actual_mixture": 0.0, "gradient_norm": 2.7714898586273193, "pid": 4089419, "elapsed_this_session_seconds": 650.1486262194812, "steps_this_session": 1380, "phase": "training", "gpu": "6"}
{"step": 1400, "total": 24000, "loss": 0.15587327256798744, "mixture_probability": 0.0, "actual_mixture": 0.0, "gradient_norm": 3.229078769683838, "pid": 4089419, "elapsed_this_session_seconds": 661.7929612835869, "steps_this_session": 1400, "phase": "training", "gpu": "6"}
{"step": 1420, "total": 24000, "loss": 0.1857725977897644, "mixture_probability": 0.0, "actual_mixture": 0.0, "gradient_norm": 3.1798949241638184, "pid": 4089419, "elapsed_this_session_seconds": 687.3213671995327, "steps_this_session": 1420, "phase": "training", "gpu": "6"}
{"step": 1440, "total": 24000, "loss": 0.2637679688632488, "mixture_probability": 0.0, "actual_mixture": 0.0, "gradient_norm": 5.482656478881836, "pid": 4089419, "elapsed_this_session_seconds": 710.003406284377, "steps_this_session": 1440, "phase": "training", "gpu": "6"}
{"step": 1460, "total": 24000, "loss": 0.20281707681715488, "mixture_probability": 0.0, "actual_mixture": 0.0, "gradient_norm": 3.054964303970337, "pid": 4089419, "elapsed_this_session_seconds": 721.1137990942225, "steps_this_session": 1460, "phase": "training", "gpu": "6"}
{"step": 1480, "total": 24000, "loss": 0.30934224277734756, "mixture_probability": 0.0, "actual_mixture": 0.0, "gradient_norm": 5.72230863571167, "pid": 4089419, "elapsed_this_session_seconds": 728.8081164909527, "steps_this_session": 1480, "phase": "training", "gpu": "6"}
{"step": 1500, "total": 24000, "loss": 0.15996386297047138, "mixture_probability": 0.0, "actual_mixture": 0.0, "gradient_norm": 2.7396366596221924, "pid": 4089419, "elapsed_this_session_seconds": 738.9493205016479, "steps_this_session": 1500, "phase": "training", "gpu": "6"}
{"step": 1520, "total": 24000, "loss": 0.16789205186069012, "mixture_probability": 0.0, "actual_mixture": 0.0, "gradient_norm": 4.470535755157471, "pid": 4089419, "elapsed_this_session_seconds": 748.6253419322893, "steps_this_session": 1520, "phase": "training", "gpu": "6"}
{"step": 1540, "total": 24000, "loss": 0.1372639685869217, "mixture_probability": 0.0, "actual_mixture": 0.0, "gradient_norm": 2.879549264907837, "pid": 4089419, "elapsed_this_session_seconds": 756.1841839700937, "steps_this_session": 1540, "phase": "training", "gpu": "6"}
{"step": 1560, "total": 24000, "loss": 0.13523900881409645, "mixture_probability": 0.0, "actual_mixture": 0.0, "gradient_norm": 2.4297428131103516, "pid": 4089419, "elapsed_this_session_seconds": 765.6675089932978, "steps_this_session": 1560, "phase": "training", "gpu": "6"}
{"step": 1580, "total": 24000, "loss": 0.24034903571009636, "mixture_probability": 0.0, "actual_mixture": 0.0, "gradient_norm": 4.113359451293945, "pid": 4089419, "elapsed_this_session_seconds": 775.9394108764827, "steps_this_session": 1580, "phase": "training", "gpu": "6"}
{"step": 1600, "total": 24000, "loss": 0.2532946653664112, "mixture_probability": 0.0, "actual_mixture": 0.0, "gradient_norm": 4.6146721839904785, "pid": 4089419, "elapsed_this_session_seconds": 782.8198921149597, "steps_this_session": 1600, "phase": "training", "gpu": "6"}
{"step": 1620, "total": 24000, "loss": 0.22476869076490402, "mixture_probability": 0.0, "actual_mixture": 0.0, "gradient_norm": 3.913303852081299, "pid": 4089419, "elapsed_this_session_seconds": 792.4151003183797, "steps_this_session": 1620, "phase": "training", "gpu": "6"}
{"step": 1640, "total": 24000, "loss": 0.1756845023483038, "mixture_probability": 0.0, "actual_mixture": 0.0, "gradient_norm": 4.2531280517578125, "pid": 4089419, "elapsed_this_session_seconds": 802.6172666363418, "steps_this_session": 1640, "phase": "training", "gpu": "6"}
{"step": 1660, "total": 24000, "loss": 0.16053470596671104, "mixture_probability": 0.0, "actual_mixture": 0.0, "gradient_norm": 2.5450656414031982, "pid": 4089419, "elapsed_this_session_seconds": 809.8065322227776, "steps_this_session": 1660, "phase": "training", "gpu": "6"}
{"step": 1680, "total": 24000, "loss": 0.16884782537817955, "mixture_probability": 0.0, "actual_mixture": 0.0, "gradient_norm": 3.2799923419952393, "pid": 4089419, "elapsed_this_session_seconds": 819.4402496181428, "steps_this_session": 1680, "phase": "training", "gpu": "6"}
{"step": 1700, "total": 24000, "loss": 0.17722662910819054, "mixture_probability": 0.0, "actual_mixture": 0.0, "gradient_norm": 2.892549753189087, "pid": 4089419, "elapsed_this_session_seconds": 829.3618942275643, "steps_this_session": 1700, "phase": "training", "gpu": "6"}
{"step": 1720, "total": 24000, "loss": 0.1840330772101879, "mixture_probability": 0.0, "actual_mixture": 0.0, "gradient_norm": 3.3691256046295166, "pid": 4089419, "elapsed_this_session_seconds": 836.3040694305673, "steps_this_session": 1720, "phase": "training", "gpu": "6"}
{"step": 1740, "total": 24000, "loss": 0.16345816850662231, "mixture_probability": 0.0, "actual_mixture": 0.0, "gradient_norm": 3.0018858909606934, "pid": 4089419, "elapsed_this_session_seconds": 845.8563573239371, "steps_this_session": 1740, "phase": "training", "gpu": "6"}
{"step": 1760, "total": 24000, "loss": 0.23414289206266403, "mixture_probability": 0.0, "actual_mixture": 0.0, "gradient_norm": 3.928187608718872, "pid": 4089419, "elapsed_this_session_seconds": 855.5432534152642, "steps_this_session": 1760, "phase": "training", "gpu": "6"}
{"step": 1780, "total": 24000, "loss": 0.24249965324997902, "mixture_probability": 0.0, "actual_mixture": 0.0, "gradient_norm": 3.8890738487243652, "pid": 4089419, "elapsed_this_session_seconds": 862.3393335994333, "steps_this_session": 1780, "phase": "training", "gpu": "6"}
{"step": 1800, "total": 24000, "loss": 0.11997147276997566, "mixture_probability": 0.0, "actual_mixture": 0.0, "gradient_norm": 3.14070200920105, "pid": 4089419, "elapsed_this_session_seconds": 871.8952456153929, "steps_this_session": 1800, "phase": "training", "gpu": "6"}
{"step": 1820, "total": 24000, "loss": 0.21224919334053993, "mixture_probability": 0.0, "actual_mixture": 0.0, "gradient_norm": 3.6049644947052, "pid": 4089419, "elapsed_this_session_seconds": 881.924651668407, "steps_this_session": 1820, "phase": "training", "gpu": "6"}
{"step": 1840, "total": 24000, "loss": 0.2083120383322239, "mixture_probability": 0.0, "actual_mixture": 0.0, "gradient_norm": 3.2357399463653564, "pid": 4089419, "elapsed_this_session_seconds": 887.9650836847723, "steps_this_session": 1840, "phase": "training", "gpu": "6"}
{"step": 1860, "total": 24000, "loss": 0.15013781189918518, "mixture_probability": 0.0, "actual_mixture": 0.0, "gradient_norm": 2.72111439704895, "pid": 4089419, "elapsed_this_session_seconds": 896.7835660884157, "steps_this_session": 1860, "phase": "training", "gpu": "6"}
{"step": 1880, "total": 24000, "loss": 0.1499432772397995, "mixture_probability": 0.0, "actual_mixture": 0.0, "gradient_norm": 3.415130138397217, "pid": 4089419, "elapsed_this_session_seconds": 905.582157228142, "steps_this_session": 1880, "phase": "training", "gpu": "6"}
{"step": 1900, "total": 24000, "loss": 0.15769194439053535, "mixture_probability": 0.0, "actual_mixture": 0.0, "gradient_norm": 2.613088846206665, "pid": 4089419, "elapsed_this_session_seconds": 915.0844597546384, "steps_this_session": 1900, "phase": "training", "gpu": "6"}
{"step": 1920, "total": 24000, "loss": 0.15375171229243279, "mixture_probability": 0.0, "actual_mixture": 0.0, "gradient_norm": 3.20990252494812, "pid": 4089419, "elapsed_this_session_seconds": 921.1819744426757, "steps_this_session": 1920, "phase": "training", "gpu": "6"}
{"step": 1940, "total": 24000, "loss": 0.16536699794232845, "mixture_probability": 0.0, "actual_mixture": 0.0, "gradient_norm": 2.486680030822754, "pid": 4089419, "elapsed_this_session_seconds": 929.7642708020285, "steps_this_session": 1940, "phase": "training", "gpu": "6"}
{"step": 1960, "total": 24000, "loss": 0.19194769114255905, "mixture_probability": 0.0, "actual_mixture": 0.0, "gradient_norm": 4.013548374176025, "pid": 4089419, "elapsed_this_session_seconds": 938.3323310846463, "steps_this_session": 1960, "phase": "training", "gpu": "6"}
{"step": 1980, "total": 24000, "loss": 0.15193512476980686, "mixture_probability": 0.0, "actual_mixture": 0.0, "gradient_norm": 2.90680193901062, "pid": 4089419, "elapsed_this_session_seconds": 948.0083342213184, "steps_this_session": 1980, "phase": "training", "gpu": "6"}
{"step": 2000, "total": 24000, "loss": 0.15820852108299732, "mixture_probability": 0.0, "actual_mixture": 0.0, "gradient_norm": 3.2193963527679443, "pid": 4089419, "elapsed_this_session_seconds": 953.6106561161578, "steps_this_session": 2000, "phase": "training", "gpu": "6"}
/gaozt-test1/sxh/EgoRecover/eval/metrics.py:167: RuntimeWarning: invalid value encountered in scalar divide
  scale = np.trace(R.dot(K)) / var1
{"step": 2020, "total": 24000, "loss": 0.22225628793239594, "mixture_probability": 0.0025, "actual_mixture": 0.015625, "gradient_norm": 4.55974817276001, "pid": 4089419, "elapsed_this_session_seconds": 1061.752339671366, "steps_this_session": 2020, "phase": "training", "gpu": "6"}
{"step": 2040, "total": 24000, "loss": 0.14667778089642525, "mixture_probability": 0.005, "actual_mixture": 0.0, "gradient_norm": 2.4292123317718506, "pid": 4089419, "elapsed_this_session_seconds": 1069.9778537964448, "steps_this_session": 2040, "phase": "training", "gpu": "6"}
{"step": 2060, "total": 24000, "loss": 0.1807786449790001, "mixture_probability": 0.0075, "actual_mixture": 0.015625, "gradient_norm": 2.973604202270508, "pid": 4089419, "elapsed_this_session_seconds": 1077.8404025053605, "steps_this_session": 2060, "phase": "training", "gpu": "6"}
{"step": 2080, "total": 24000, "loss": 0.1559421718120575, "mixture_probability": 0.01, "actual_mixture": 0.015625, "gradient_norm": 2.672215461730957, "pid": 4089419, "elapsed_this_session_seconds": 1085.7510457383469, "steps_this_session": 2080, "phase": "training", "gpu": "6"}
{"step": 2100, "total": 24000, "loss": 0.18278371915221214, "mixture_probability": 0.0125, "actual_mixture": 0.0, "gradient_norm": 3.3381054401397705, "pid": 4089419, "elapsed_this_session_seconds": 1091.849937451072, "steps_this_session": 2100, "phase": "training", "gpu": "6"}
{"step": 2120, "total": 24000, "loss": 0.18121062219142914, "mixture_probability": 0.015, "actual_mixture": 0.0, "gradient_norm": 3.545992136001587, "pid": 4089419, "elapsed_this_session_seconds": 1100.1203598277643, "steps_this_session": 2120, "phase": "training", "gpu": "6"}
{"step": 2140, "total": 24000, "loss": 0.19773689284920692, "mixture_probability": 0.0175, "actual_mixture": 0.015625, "gradient_norm": 2.9252231121063232, "pid": 4089419, "elapsed_this_session_seconds": 1107.996419196017, "steps_this_session": 2140, "phase": "training", "gpu": "6"}
{"step": 2160, "total": 24000, "loss": 0.2973520252853632, "mixture_probability": 0.02, "actual_mixture": 0.0, "gradient_norm": 3.49280047416687, "pid": 4089419, "elapsed_this_session_seconds": 1116.0320178121328, "steps_this_session": 2160, "phase": "training", "gpu": "6"}
{"step": 2180, "total": 24000, "loss": 0.15340541675686836, "mixture_probability": 0.0225, "actual_mixture": 0.03125, "gradient_norm": 2.9044690132141113, "pid": 4089419, "elapsed_this_session_seconds": 1124.2145509254187, "steps_this_session": 2180, "phase": "training", "gpu": "6"}
{"step": 2200, "total": 24000, "loss": 0.20217985287308693, "mixture_probability": 0.025, "actual_mixture": 0.03125, "gradient_norm": 3.806455612182617, "pid": 4089419, "elapsed_this_session_seconds": 1129.8613641476259, "steps_this_session": 2200, "phase": "training", "gpu": "6"}
{"step": 2220, "total": 24000, "loss": 0.17534513771533966, "mixture_probability": 0.0275, "actual_mixture": 0.046875, "gradient_norm": 3.2421116828918457, "pid": 4089419, "elapsed_this_session_seconds": 1137.7226830460131, "steps_this_session": 2220, "phase": "training", "gpu": "6"}
{"step": 2240, "total": 24000, "loss": 0.1391567885875702, "mixture_probability": 0.03, "actual_mixture": 0.015625, "gradient_norm": 3.1847455501556396, "pid": 4089419, "elapsed_this_session_seconds": 1145.625957163982, "steps_this_session": 2240, "phase": "training", "gpu": "6"}
{"step": 2260, "total": 24000, "loss": 0.16852223873138428, "mixture_probability": 0.0325, "actual_mixture": 0.015625, "gradient_norm": 3.3996620178222656, "pid": 4089419, "elapsed_this_session_seconds": 1153.5042562996969, "steps_this_session": 2260, "phase": "training", "gpu": "6"}
{"step": 2280, "total": 24000, "loss": 0.22864924371242523, "mixture_probability": 0.035, "actual_mixture": 0.078125, "gradient_norm": 2.829866647720337, "pid": 4089419, "elapsed_this_session_seconds": 1162.4563684789464, "steps_this_session": 2280, "phase": "training", "gpu": "6"}
{"step": 2300, "total": 24000, "loss": 0.31849207915365696, "mixture_probability": 0.0375, "actual_mixture": 0.078125, "gradient_norm": 5.246258735656738, "pid": 4089419, "elapsed_this_session_seconds": 1167.3987959818915, "steps_this_session": 2300, "phase": "training", "gpu": "6"}
{"step": 2320, "total": 24000, "loss": 0.1882408820092678, "mixture_probability": 0.04, "actual_mixture": 0.078125, "gradient_norm": 2.7114686965942383, "pid": 4089419, "elapsed_this_session_seconds": 1175.2209587618709, "steps_this_session": 2320, "phase": "training", "gpu": "6"}
{"step": 2340, "total": 24000, "loss": 0.29235268384218216, "mixture_probability": 0.0425, "actual_mixture": 0.09375, "gradient_norm": 4.933424472808838, "pid": 4089419, "elapsed_this_session_seconds": 1183.1647324590012, "steps_this_session": 2340, "phase": "training", "gpu": "6"}
{"step": 2360, "total": 24000, "loss": 0.32545746490359306, "mixture_probability": 0.045, "actual_mixture": 0.078125, "gradient_norm": 4.508307456970215, "pid": 4089419, "elapsed_this_session_seconds": 1190.7986012920737, "steps_this_session": 2360, "phase": "training", "gpu": "6"}
{"step": 2380, "total": 24000, "loss": 0.17471904680132866, "mixture_probability": 0.0475, "actual_mixture": 0.03125, "gradient_norm": 3.6003754138946533, "pid": 4089419, "elapsed_this_session_seconds": 1198.4022460011765, "steps_this_session": 2380, "phase": "training", "gpu": "6"}
{"step": 2400, "total": 24000, "loss": 0.19315163791179657, "mixture_probability": 0.05, "actual_mixture": 0.015625, "gradient_norm": 2.9095797538757324, "pid": 4089419, "elapsed_this_session_seconds": 1205.9022413147613, "steps_this_session": 2400, "phase": "training", "gpu": "6"}
{"step": 2420, "total": 24000, "loss": 0.16091543063521385, "mixture_probability": 0.0525, "actual_mixture": 0.046875, "gradient_norm": 2.877941131591797, "pid": 4089419, "elapsed_this_session_seconds": 1211.9207700723782, "steps_this_session": 2420, "phase": "training", "gpu": "6"}
{"step": 2440, "total": 24000, "loss": 0.16802793368697166, "mixture_probability": 0.055, "actual_mixture": 0.046875, "gradient_norm": 2.9190988540649414, "pid": 4089419, "elapsed_this_session_seconds": 1219.6918293377385, "steps_this_session": 2440, "phase": "training", "gpu": "6"}
{"step": 2460, "total": 24000, "loss": 0.25868282467126846, "mixture_probability": 0.0575, "actual_mixture": 0.09375, "gradient_norm": 3.573345899581909, "pid": 4089419, "elapsed_this_session_seconds": 1227.3232182338834, "steps_this_session": 2460, "phase": "training", "gpu": "6"}
{"step": 2480, "total": 24000, "loss": 0.1985922008752823, "mixture_probability": 0.06, "actual_mixture": 0.109375, "gradient_norm": 3.1954567432403564, "pid": 4089419, "elapsed_this_session_seconds": 1234.9955592304468, "steps_this_session": 2480, "phase": "training", "gpu": "6"}
{"step": 2500, "total": 24000, "loss": 0.2551424838602543, "mixture_probability": 0.0625, "actual_mixture": 0.09375, "gradient_norm": 4.347613334655762, "pid": 4089419, "elapsed_this_session_seconds": 1242.6535047981888, "steps_this_session": 2500, "phase": "training", "gpu": "6"}
{"step": 2520, "total": 24000, "loss": 0.23130841180682182, "mixture_probability": 0.065, "actual_mixture": 0.03125, "gradient_norm": 3.2125627994537354, "pid": 4089419, "elapsed_this_session_seconds": 1250.1721477974206, "steps_this_session": 2520, "phase": "training", "gpu": "6"}
{"step": 2540, "total": 24000, "loss": 0.28276776149868965, "mixture_probability": 0.0675, "actual_mixture": 0.09375, "gradient_norm": 4.133052825927734, "pid": 4089419, "elapsed_this_session_seconds": 1256.180639822036, "steps_this_session": 2540, "phase": "training", "gpu": "6"}
{"step": 2560, "total": 24000, "loss": 0.23297744616866112, "mixture_probability": 0.07, "actual_mixture": 0.0625, "gradient_norm": 2.8191354274749756, "pid": 4089419, "elapsed_this_session_seconds": 1264.1580194141716, "steps_this_session": 2560, "phase": "training", "gpu": "6"}
{"step": 2580, "total": 24000, "loss": 0.31040069460868835, "mixture_probability": 0.0725, "actual_mixture": 0.078125, "gradient_norm": 4.27834415435791, "pid": 4089419, "elapsed_this_session_seconds": 1271.591781933792, "steps_this_session": 2580, "phase": "training", "gpu": "6"}
{"step": 2600, "total": 24000, "loss": 0.26962507888674736, "mixture_probability": 0.075, "actual_mixture": 0.125, "gradient_norm": 4.003152847290039, "pid": 4089419, "elapsed_this_session_seconds": 1279.1631721267477, "steps_this_session": 2600, "phase": "training", "gpu": "6"}
{"step": 2620, "total": 24000, "loss": 0.17768684402108192, "mixture_probability": 0.0775, "actual_mixture": 0.078125, "gradient_norm": 3.8013720512390137, "pid": 4089419, "elapsed_this_session_seconds": 1286.7175362631679, "steps_this_session": 2620, "phase": "training", "gpu": "6"}
{"step": 2640, "total": 24000, "loss": 0.1741153448820114, "mixture_probability": 0.08, "actual_mixture": 0.03125, "gradient_norm": 2.830364465713501, "pid": 4089419, "elapsed_this_session_seconds": 1294.1156731816009, "steps_this_session": 2640, "phase": "training", "gpu": "6"}
{"step": 2660, "total": 24000, "loss": 0.19081149622797966, "mixture_probability": 0.0825, "actual_mixture": 0.0625, "gradient_norm": 2.9785685539245605, "pid": 4089419, "elapsed_this_session_seconds": 1300.0393097493798, "steps_this_session": 2660, "phase": "training", "gpu": "6"}
{"step": 2680, "total": 24000, "loss": 0.23880144208669662, "mixture_probability": 0.085, "actual_mixture": 0.109375, "gradient_norm": 3.316911220550537, "pid": 4089419, "elapsed_this_session_seconds": 1307.149304855615, "steps_this_session": 2680, "phase": "training", "gpu": "6"}
{"step": 2700, "total": 24000, "loss": 0.2250981256365776, "mixture_probability": 0.0875, "actual_mixture": 0.046875, "gradient_norm": 3.358769178390503, "pid": 4089419, "elapsed_this_session_seconds": 1314.2820314150304, "steps_this_session": 2700, "phase": "training", "gpu": "6"}
{"step": 2720, "total": 24000, "loss": 0.22765307500958443, "mixture_probability": 0.09, "actual_mixture": 0.09375, "gradient_norm": 3.9691543579101562, "pid": 4089419, "elapsed_this_session_seconds": 1321.5231268052012, "steps_this_session": 2720, "phase": "training", "gpu": "6"}
{"step": 2740, "total": 24000, "loss": 0.27116769552230835, "mixture_probability": 0.0925, "actual_mixture": 0.140625, "gradient_norm": 3.5783185958862305, "pid": 4089419, "elapsed_this_session_seconds": 1328.8474828079343, "steps_this_session": 2740, "phase": "training", "gpu": "6"}
{"step": 2760, "total": 24000, "loss": 0.23542515560984612, "mixture_probability": 0.095, "actual_mixture": 0.140625, "gradient_norm": 3.2359085083007812, "pid": 4089419, "elapsed_this_session_seconds": 1336.907438352704, "steps_this_session": 2760, "phase": "training", "gpu": "6"}
{"step": 2780, "total": 24000, "loss": 0.28566156327724457, "mixture_probability": 0.0975, "actual_mixture": 0.09375, "gradient_norm": 4.232759952545166, "pid": 4089419, "elapsed_this_session_seconds": 1344.2902678130195, "steps_this_session": 2780, "phase": "training", "gpu": "6"}
{"step": 2800, "total": 24000, "loss": 0.2824201062321663, "mixture_probability": 0.1, "actual_mixture": 0.078125, "gradient_norm": 4.340852737426758, "pid": 4089419, "elapsed_this_session_seconds": 1351.7009418550879, "steps_this_session": 2800, "phase": "training", "gpu": "6"}
{"step": 2820, "total": 24000, "loss": 0.14570524170994759, "mixture_probability": 0.1025, "actual_mixture": 0.078125, "gradient_norm": 2.533928155899048, "pid": 4089419, "elapsed_this_session_seconds": 1359.0964650716633, "steps_this_session": 2820, "phase": "training", "gpu": "6"}
{"step": 2840, "total": 24000, "loss": 0.21546698361635208, "mixture_probability": 0.105, "actual_mixture": 0.0625, "gradient_norm": 3.0110695362091064, "pid": 4089419, "elapsed_this_session_seconds": 1367.079351295717, "steps_this_session": 2840, "phase": "training", "gpu": "6"}
{"step": 2860, "total": 24000, "loss": 0.20179351419210434, "mixture_probability": 0.1075, "actual_mixture": 0.046875, "gradient_norm": 3.2364447116851807, "pid": 4089419, "elapsed_this_session_seconds": 1374.1677632760257, "steps_this_session": 2860, "phase": "training", "gpu": "6"}
{"step": 2880, "total": 24000, "loss": 0.23695341497659683, "mixture_probability": 0.11, "actual_mixture": 0.140625, "gradient_norm": 2.8471519947052, "pid": 4089419, "elapsed_this_session_seconds": 1381.3361597629264, "steps_this_session": 2880, "phase": "training", "gpu": "6"}
{"step": 2900, "total": 24000, "loss": 0.22582189738750458, "mixture_probability": 0.1125, "actual_mixture": 0.109375, "gradient_norm": 3.3793487548828125, "pid": 4089419, "elapsed_this_session_seconds": 1388.488677260466, "steps_this_session": 2900, "phase": "training", "gpu": "6"}
{"step": 2920, "total": 24000, "loss": 0.2136687971651554, "mixture_probability": 0.115, "actual_mixture": 0.0625, "gradient_norm": 3.717031478881836, "pid": 4089419, "elapsed_this_session_seconds": 1395.6337015852332, "steps_this_session": 2920, "phase": "training", "gpu": "6"}
{"step": 2940, "total": 24000, "loss": 0.2990773729979992, "mixture_probability": 0.1175, "actual_mixture": 0.15625, "gradient_norm": 4.521698951721191, "pid": 4089419, "elapsed_this_session_seconds": 1402.7906632944942, "steps_this_session": 2940, "phase": "training", "gpu": "6"}
{"step": 2960, "total": 24000, "loss": 0.20770934224128723, "mixture_probability": 0.12, "actual_mixture": 0.171875, "gradient_norm": 2.9591429233551025, "pid": 4089419, "elapsed_this_session_seconds": 1409.9815162513405, "steps_this_session": 2960, "phase": "training", "gpu": "6"}
{"step": 2980, "total": 24000, "loss": 0.31791722774505615, "mixture_probability": 0.1225, "actual_mixture": 0.15625, "gradient_norm": 4.308966159820557, "pid": 4089419, "elapsed_this_session_seconds": 1417.2293709572405, "steps_this_session": 2980, "phase": "training", "gpu": "6"}
{"step": 3000, "total": 24000, "loss": 0.38716092333197594, "mixture_probability": 0.125, "actual_mixture": 0.171875, "gradient_norm": 3.9976258277893066, "pid": 4089419, "elapsed_this_session_seconds": 1424.4613068848848, "steps_this_session": 3000, "phase": "training", "gpu": "6"}
{"step": 3020, "total": 24000, "loss": 0.2509656324982643, "mixture_probability": 0.1275, "actual_mixture": 0.09375, "gradient_norm": 3.718430519104004, "pid": 4089419, "elapsed_this_session_seconds": 1446.5252185892314, "steps_this_session": 3020, "phase": "training", "gpu": "6"}
{"step": 3040, "total": 24000, "loss": 0.2305135242640972, "mixture_probability": 0.13, "actual_mixture": 0.09375, "gradient_norm": 4.118068218231201, "pid": 4089419, "elapsed_this_session_seconds": 1466.507930423133, "steps_this_session": 3040, "phase": "training", "gpu": "6"}
{"step": 3060, "total": 24000, "loss": 0.3174036294221878, "mixture_probability": 0.1325, "actual_mixture": 0.21875, "gradient_norm": 3.363618850708008, "pid": 4089419, "elapsed_this_session_seconds": 1483.4044244159013, "steps_this_session": 3060, "phase": "training", "gpu": "6"}
{"step": 3080, "total": 24000, "loss": 0.31127598509192467, "mixture_probability": 0.135, "actual_mixture": 0.15625, "gradient_norm": 3.7466304302215576, "pid": 4089419, "elapsed_this_session_seconds": 1488.6620657825842, "steps_this_session": 3080, "phase": "training", "gpu": "6"}
{"step": 3100, "total": 24000, "loss": 0.16144094988703728, "mixture_probability": 0.1375, "actual_mixture": 0.078125, "gradient_norm": 2.665289878845215, "pid": 4089419, "elapsed_this_session_seconds": 1496.3437534691766, "steps_this_session": 3100, "phase": "training", "gpu": "6"}
{"step": 3120, "total": 24000, "loss": 0.2818440906703472, "mixture_probability": 0.14, "actual_mixture": 0.140625, "gradient_norm": 3.2597646713256836, "pid": 4089419, "elapsed_this_session_seconds": 1505.3825419405475, "steps_this_session": 3120, "phase": "training", "gpu": "6"}
{"step": 3140, "total": 24000, "loss": 0.21260424703359604, "mixture_probability": 0.1425, "actual_mixture": 0.171875, "gradient_norm": 2.7723770141601562, "pid": 4089419, "elapsed_this_session_seconds": 1514.253479580395, "steps_this_session": 3140, "phase": "training", "gpu": "6"}
{"step": 3160, "total": 24000, "loss": 0.21813834086060524, "mixture_probability": 0.145, "actual_mixture": 0.09375, "gradient_norm": 3.3909833431243896, "pid": 4089419, "elapsed_this_session_seconds": 1523.1670582564548, "steps_this_session": 3160, "phase": "training", "gpu": "6"}
{"step": 3180, "total": 24000, "loss": 0.30197621136903763, "mixture_probability": 0.1475, "actual_mixture": 0.125, "gradient_norm": 3.8250226974487305, "pid": 4089419, "elapsed_this_session_seconds": 1530.177102481015, "steps_this_session": 3180, "phase": "training", "gpu": "6"}
{"step": 3200, "total": 24000, "loss": 0.2350771427154541, "mixture_probability": 0.15, "actual_mixture": 0.15625, "gradient_norm": 4.015114784240723, "pid": 4089419, "elapsed_this_session_seconds": 1538.2507800059393, "steps_this_session": 3200, "phase": "training", "gpu": "6"}
{"step": 3220, "total": 24000, "loss": 0.27278295159339905, "mixture_probability": 0.1525, "actual_mixture": 0.171875, "gradient_norm": 3.765634775161743, "pid": 4089419, "elapsed_this_session_seconds": 1546.654937618412, "steps_this_session": 3220, "phase": "training", "gpu": "6"}
{"step": 3240, "total": 24000, "loss": 0.2737213931977749, "mixture_probability": 0.155, "actual_mixture": 0.1875, "gradient_norm": 3.0822060108184814, "pid": 4089419, "elapsed_this_session_seconds": 1555.0891606006771, "steps_this_session": 3240, "phase": "training", "gpu": "6"}
{"step": 3260, "total": 24000, "loss": 0.2591444104909897, "mixture_probability": 0.1575, "actual_mixture": 0.171875, "gradient_norm": 3.2447526454925537, "pid": 4089419, "elapsed_this_session_seconds": 1563.6079255146906, "steps_this_session": 3260, "phase": "training", "gpu": "6"}
{"step": 3280, "total": 24000, "loss": 0.30750684067606926, "mixture_probability": 0.16, "actual_mixture": 0.1875, "gradient_norm": 3.2538626194000244, "pid": 4089419, "elapsed_this_session_seconds": 1571.5336097711697, "steps_this_session": 3280, "phase": "training", "gpu": "6"}
{"step": 3300, "total": 24000, "loss": 0.3037814348936081, "mixture_probability": 0.1625, "actual_mixture": 0.15625, "gradient_norm": 3.69962739944458, "pid": 4089419, "elapsed_this_session_seconds": 1577.9774125544354, "steps_this_session": 3300, "phase": "training", "gpu": "6"}
{"step": 3320, "total": 24000, "loss": 0.2523575834929943, "mixture_probability": 0.165, "actual_mixture": 0.203125, "gradient_norm": 3.2311110496520996, "pid": 4089419, "elapsed_this_session_seconds": 1586.4702608091757, "steps_this_session": 3320, "phase": "training", "gpu": "6"}
{"step": 3340, "total": 24000, "loss": 0.2817213013768196, "mixture_probability": 0.1675, "actual_mixture": 0.109375, "gradient_norm": 3.44699764251709, "pid": 4089419, "elapsed_this_session_seconds": 1594.6073943087831, "steps_this_session": 3340, "phase": "training", "gpu": "6"}
{"step": 3360, "total": 24000, "loss": 0.2083538956940174, "mixture_probability": 0.17, "actual_mixture": 0.125, "gradient_norm": 3.378457546234131, "pid": 4089419, "elapsed_this_session_seconds": 1602.9434575494379, "steps_this_session": 3360, "phase": "training", "gpu": "6"}
{"step": 3380, "total": 24000, "loss": 0.27270060405135155, "mixture_probability": 0.1725, "actual_mixture": 0.171875, "gradient_norm": 3.8523788452148438, "pid": 4089419, "elapsed_this_session_seconds": 1611.2812463492155, "steps_this_session": 3380, "phase": "training", "gpu": "6"}
{"step": 3400, "total": 24000, "loss": 0.2669450230896473, "mixture_probability": 0.175, "actual_mixture": 0.109375, "gradient_norm": 4.357163906097412, "pid": 4089419, "elapsed_this_session_seconds": 1617.7723692692816, "steps_this_session": 3400, "phase": "training", "gpu": "6"}
{"step": 3420, "total": 24000, "loss": 0.2160354144871235, "mixture_probability": 0.1775, "actual_mixture": 0.140625, "gradient_norm": 3.431360960006714, "pid": 4089419, "elapsed_this_session_seconds": 1625.12143867556, "steps_this_session": 3420, "phase": "training", "gpu": "6"}
{"step": 3440, "total": 24000, "loss": 0.2974461503326893, "mixture_probability": 0.18, "actual_mixture": 0.171875, "gradient_norm": 3.297414541244507, "pid": 4089419, "elapsed_this_session_seconds": 1633.3480951180682, "steps_this_session": 3440, "phase": "training", "gpu": "6"}
{"step": 3460, "total": 24000, "loss": 0.3781258091330528, "mixture_probability": 0.1825, "actual_mixture": 0.21875, "gradient_norm": 3.969656229019165, "pid": 4089419, "elapsed_this_session_seconds": 1641.0774900680408, "steps_this_session": 3460, "phase": "training", "gpu": "6"}
{"step": 3480, "total": 24000, "loss": 0.25312328338623047, "mixture_probability": 0.185, "actual_mixture": 0.1875, "gradient_norm": 3.4180948734283447, "pid": 4089419, "elapsed_this_session_seconds": 1649.2133073462173, "steps_this_session": 3480, "phase": "training", "gpu": "6"}
{"step": 3500, "total": 24000, "loss": 0.35020121186971664, "mixture_probability": 0.1875, "actual_mixture": 0.1875, "gradient_norm": 3.7282769680023193, "pid": 4089419, "elapsed_this_session_seconds": 1657.620165636763, "steps_this_session": 3500, "phase": "training", "gpu": "6"}
{"step": 3520, "total": 24000, "loss": 0.3627777434885502, "mixture_probability": 0.19, "actual_mixture": 0.1875, "gradient_norm": 4.379580497741699, "pid": 4089419, "elapsed_this_session_seconds": 1663.106117444113, "steps_this_session": 3520, "phase": "training", "gpu": "6"}
{"step": 3540, "total": 24000, "loss": 0.29098451882600784, "mixture_probability": 0.1925, "actual_mixture": 0.15625, "gradient_norm": 3.6531178951263428, "pid": 4089419, "elapsed_this_session_seconds": 1670.8441715827212, "steps_this_session": 3540, "phase": "training", "gpu": "6"}
{"step": 3560, "total": 24000, "loss": 0.2577224262058735, "mixture_probability": 0.195, "actual_mixture": 0.171875, "gradient_norm": 3.202059268951416, "pid": 4089419, "elapsed_this_session_seconds": 1678.818074745126, "steps_this_session": 3560, "phase": "training", "gpu": "6"}
{"step": 3580, "total": 24000, "loss": 0.18453845009207726, "mixture_probability": 0.1975, "actual_mixture": 0.125, "gradient_norm": 2.736656665802002, "pid": 4089419, "elapsed_this_session_seconds": 1686.7186116119847, "steps_this_session": 3580, "phase": "training", "gpu": "6"}
{"step": 3600, "total": 24000, "loss": 0.2222008854150772, "mixture_probability": 0.2, "actual_mixture": 0.203125, "gradient_norm": 3.407355785369873, "pid": 4089419, "elapsed_this_session_seconds": 1694.3834861340001, "steps_this_session": 3600, "phase": "training", "gpu": "6"}
{"step": 3620, "total": 24000, "loss": 0.27727098017930984, "mixture_probability": 0.2025, "actual_mixture": 0.21875, "gradient_norm": 3.377927541732788, "pid": 4089419, "elapsed_this_session_seconds": 1702.2682737493888, "steps_this_session": 3620, "phase": "training", "gpu": "6"}
{"step": 3640, "total": 24000, "loss": 0.3204623609781265, "mixture_probability": 0.205, "actual_mixture": 0.25, "gradient_norm": 3.4816293716430664, "pid": 4089419, "elapsed_this_session_seconds": 1708.0285739079118, "steps_this_session": 3640, "phase": "training", "gpu": "6"}
{"step": 3660, "total": 24000, "loss": 0.2727110683917999, "mixture_probability": 0.2075, "actual_mixture": 0.171875, "gradient_norm": 3.2761452198028564, "pid": 4089419, "elapsed_this_session_seconds": 1716.036889117211, "steps_this_session": 3660, "phase": "training", "gpu": "6"}
{"step": 3680, "total": 24000, "loss": 0.3742702081799507, "mixture_probability": 0.21, "actual_mixture": 0.234375, "gradient_norm": 4.404419898986816, "pid": 4089419, "elapsed_this_session_seconds": 1723.8720339583233, "steps_this_session": 3680, "phase": "training", "gpu": "6"}
{"step": 3700, "total": 24000, "loss": 0.3292394354939461, "mixture_probability": 0.2125, "actual_mixture": 0.234375, "gradient_norm": 4.8309645652771, "pid": 4089419, "elapsed_this_session_seconds": 1731.5696568833664, "steps_this_session": 3700, "phase": "training", "gpu": "6"}
{"step": 3720, "total": 24000, "loss": 0.3849016800522804, "mixture_probability": 0.215, "actual_mixture": 0.21875, "gradient_norm": 4.327847003936768, "pid": 4089419, "elapsed_this_session_seconds": 1739.0271083610132, "steps_this_session": 3720, "phase": "training", "gpu": "6"}
{"step": 3740, "total": 24000, "loss": 0.4060581736266613, "mixture_probability": 0.2175, "actual_mixture": 0.203125, "gradient_norm": 4.197107315063477, "pid": 4089419, "elapsed_this_session_seconds": 1745.0873200120404, "steps_this_session": 3740, "phase": "training", "gpu": "6"}
{"step": 3760, "total": 24000, "loss": 0.49103882163763046, "mixture_probability": 0.22, "actual_mixture": 0.359375, "gradient_norm": 4.948352813720703, "pid": 4089419, "elapsed_this_session_seconds": 1752.9086745949462, "steps_this_session": 3760, "phase": "training", "gpu": "6"}
{"step": 3780, "total": 24000, "loss": 0.21599848568439484, "mixture_probability": 0.2225, "actual_mixture": 0.125, "gradient_norm": 3.0179598331451416, "pid": 4089419, "elapsed_this_session_seconds": 1760.5317465085536, "steps_this_session": 3780, "phase": "training", "gpu": "6"}
{"step": 3800, "total": 24000, "loss": 0.2599322907626629, "mixture_probability": 0.225, "actual_mixture": 0.265625, "gradient_norm": 3.633877754211426, "pid": 4089419, "elapsed_this_session_seconds": 1768.3133233059198, "steps_this_session": 3800, "phase": "training", "gpu": "6"}
{"step": 3820, "total": 24000, "loss": 0.4049462676048279, "mixture_probability": 0.2275, "actual_mixture": 0.296875, "gradient_norm": 4.113964557647705, "pid": 4089419, "elapsed_this_session_seconds": 1776.1332271927968, "steps_this_session": 3820, "phase": "training", "gpu": "6"}
{"step": 3840, "total": 24000, "loss": 0.43484387174248695, "mixture_probability": 0.23, "actual_mixture": 0.25, "gradient_norm": 6.962422847747803, "pid": 4089419, "elapsed_this_session_seconds": 1783.870050012134, "steps_this_session": 3840, "phase": "training", "gpu": "6"}
{"step": 3860, "total": 24000, "loss": 0.27742379158735275, "mixture_probability": 0.2325, "actual_mixture": 0.21875, "gradient_norm": 4.00576639175415, "pid": 4089419, "elapsed_this_session_seconds": 1791.7469170829281, "steps_this_session": 3860, "phase": "training", "gpu": "6"}
{"step": 3880, "total": 24000, "loss": 0.39350224286317825, "mixture_probability": 0.235, "actual_mixture": 0.328125, "gradient_norm": 4.130969524383545, "pid": 4089419, "elapsed_this_session_seconds": 1799.4458694616333, "steps_this_session": 3880, "phase": "training", "gpu": "6"}
{"step": 3900, "total": 24000, "loss": 0.4106608107686043, "mixture_probability": 0.2375, "actual_mixture": 0.296875, "gradient_norm": 3.884268283843994, "pid": 4089419, "elapsed_this_session_seconds": 1823.0616117687896, "steps_this_session": 3900, "phase": "training", "gpu": "6"}
{"step": 3920, "total": 24000, "loss": 0.40374044701457024, "mixture_probability": 0.24, "actual_mixture": 0.203125, "gradient_norm": 5.136296272277832, "pid": 4089419, "elapsed_this_session_seconds": 1843.7551038432866, "steps_this_session": 3920, "phase": "training", "gpu": "6"}
{"step": 3940, "total": 24000, "loss": 0.26368988305330276, "mixture_probability": 0.2425, "actual_mixture": 0.25, "gradient_norm": 3.3923873901367188, "pid": 4089419, "elapsed_this_session_seconds": 1863.723886396736, "steps_this_session": 3940, "phase": "training", "gpu": "6"}
{"step": 3960, "total": 24000, "loss": 0.3088780418038368, "mixture_probability": 0.245, "actual_mixture": 0.328125, "gradient_norm": 4.251862049102783, "pid": 4089419, "elapsed_this_session_seconds": 1868.9374441038817, "steps_this_session": 3960, "phase": "training", "gpu": "6"}
{"step": 3980, "total": 24000, "loss": 0.3221971467137337, "mixture_probability": 0.2475, "actual_mixture": 0.265625, "gradient_norm": 4.895333290100098, "pid": 4089419, "elapsed_this_session_seconds": 1876.980698749423, "steps_this_session": 3980, "phase": "training", "gpu": "6"}
{"step": 4000, "total": 24000, "loss": 0.38459014892578125, "mixture_probability": 0.25, "actual_mixture": 0.296875, "gradient_norm": 4.971269607543945, "pid": 4089419, "elapsed_this_session_seconds": 1886.9279303103685, "steps_this_session": 4000, "phase": "training", "gpu": "6"}
{"step": 4020, "total": 24000, "loss": 0.311684925109148, "mixture_probability": 0.2525, "actual_mixture": 0.3125, "gradient_norm": 3.1816537380218506, "pid": 4089419, "elapsed_this_session_seconds": 1997.5512540526688, "steps_this_session": 4020, "phase": "training", "gpu": "6"}
{"step": 4040, "total": 24000, "loss": 0.2614734508097172, "mixture_probability": 0.255, "actual_mixture": 0.234375, "gradient_norm": 3.1916537284851074, "pid": 4089419, "elapsed_this_session_seconds": 2005.8884307350963, "steps_this_session": 4040, "phase": "training", "gpu": "6"}
{"step": 4060, "total": 24000, "loss": 0.36577241122722626, "mixture_probability": 0.2575, "actual_mixture": 0.28125, "gradient_norm": 3.6384365558624268, "pid": 4089419, "elapsed_this_session_seconds": 2014.013247671537, "steps_this_session": 4060, "phase": "training", "gpu": "6"}
{"step": 4080, "total": 24000, "loss": 0.2797767259180546, "mixture_probability": 0.26, "actual_mixture": 0.21875, "gradient_norm": 4.129995822906494, "pid": 4089419, "elapsed_this_session_seconds": 2022.8398282360286, "steps_this_session": 4080, "phase": "training", "gpu": "6"}
{"step": 4100, "total": 24000, "loss": 0.3640277683734894, "mixture_probability": 0.2625, "actual_mixture": 0.171875, "gradient_norm": 4.222995281219482, "pid": 4089419, "elapsed_this_session_seconds": 2028.134784379974, "steps_this_session": 4100, "phase": "training", "gpu": "6"}
{"step": 4120, "total": 24000, "loss": 0.2570815309882164, "mixture_probability": 0.265, "actual_mixture": 0.234375, "gradient_norm": 3.6421663761138916, "pid": 4089419, "elapsed_this_session_seconds": 2036.425777669996, "steps_this_session": 4120, "phase": "training", "gpu": "6"}
{"step": 4140, "total": 24000, "loss": 0.3004199415445328, "mixture_probability": 0.2675, "actual_mixture": 0.28125, "gradient_norm": 3.999934673309326, "pid": 4089419, "elapsed_this_session_seconds": 2044.800804994069, "steps_this_session": 4140, "phase": "training", "gpu": "6"}
{"step": 4160, "total": 24000, "loss": 0.42043114826083183, "mixture_probability": 0.27, "actual_mixture": 0.265625, "gradient_norm": 6.064005374908447, "pid": 4089419, "elapsed_this_session_seconds": 2053.1380081977695, "steps_this_session": 4160, "phase": "training", "gpu": "6"}
{"step": 4180, "total": 24000, "loss": 0.3575863540172577, "mixture_probability": 0.2725, "actual_mixture": 0.328125, "gradient_norm": 6.311566352844238, "pid": 4089419, "elapsed_this_session_seconds": 2060.190222614445, "steps_this_session": 4180, "phase": "training", "gpu": "6"}
{"step": 4200, "total": 24000, "loss": 0.36057841777801514, "mixture_probability": 0.275, "actual_mixture": 0.3125, "gradient_norm": 3.5224454402923584, "pid": 4089419, "elapsed_this_session_seconds": 2067.509438398294, "steps_this_session": 4200, "phase": "training", "gpu": "6"}
{"step": 4220, "total": 24000, "loss": 0.3423597849905491, "mixture_probability": 0.2775, "actual_mixture": 0.265625, "gradient_norm": 4.07810640335083, "pid": 4089419, "elapsed_this_session_seconds": 2075.6464428296313, "steps_this_session": 4220, "phase": "training", "gpu": "6"}
{"step": 4240, "total": 24000, "loss": 0.2389310710132122, "mixture_probability": 0.28, "actual_mixture": 0.1875, "gradient_norm": 2.9910693168640137, "pid": 4089419, "elapsed_this_session_seconds": 2084.120650442317, "steps_this_session": 4240, "phase": "training", "gpu": "6"}
{"step": 4260, "total": 24000, "loss": 0.20753085985779762, "mixture_probability": 0.2825, "actual_mixture": 0.234375, "gradient_norm": 3.147824764251709, "pid": 4089419, "elapsed_this_session_seconds": 2092.4558235369623, "steps_this_session": 4260, "phase": "training", "gpu": "6"}
{"step": 4280, "total": 24000, "loss": 0.23988497257232666, "mixture_probability": 0.285, "actual_mixture": 0.265625, "gradient_norm": 2.8041436672210693, "pid": 4089419, "elapsed_this_session_seconds": 2100.8341650143266, "steps_this_session": 4280, "phase": "training", "gpu": "6"}
{"step": 4300, "total": 24000, "loss": 0.27949801087379456, "mixture_probability": 0.2875, "actual_mixture": 0.3125, "gradient_norm": 3.728961706161499, "pid": 4089419, "elapsed_this_session_seconds": 2109.1457639420405, "steps_this_session": 4300, "phase": "training", "gpu": "6"}
{"step": 4320, "total": 24000, "loss": 0.3134615793824196, "mixture_probability": 0.29, "actual_mixture": 0.328125, "gradient_norm": 4.270225524902344, "pid": 4089419, "elapsed_this_session_seconds": 2128.9667376698926, "steps_this_session": 4320, "phase": "training", "gpu": "6"}
{"step": 4340, "total": 24000, "loss": 0.2599019482731819, "mixture_probability": 0.2925, "actual_mixture": 0.265625, "gradient_norm": 3.1622328758239746, "pid": 4089419, "elapsed_this_session_seconds": 2152.213797240518, "steps_this_session": 4340, "phase": "training", "gpu": "6"}
{"step": 4360, "total": 24000, "loss": 0.3609447255730629, "mixture_probability": 0.295, "actual_mixture": 0.296875, "gradient_norm": 3.344698905944824, "pid": 4089419, "elapsed_this_session_seconds": 2174.1195324705914, "steps_this_session": 4360, "phase": "training", "gpu": "6"}
{"step": 4380, "total": 24000, "loss": 0.31438038870692253, "mixture_probability": 0.2975, "actual_mixture": 0.28125, "gradient_norm": 3.6570050716400146, "pid": 4089419, "elapsed_this_session_seconds": 2184.8741640290245, "steps_this_session": 4380, "phase": "training", "gpu": "6"}
{"step": 4400, "total": 24000, "loss": 0.39107587188482285, "mixture_probability": 0.3, "actual_mixture": 0.390625, "gradient_norm": 3.451406955718994, "pid": 4089419, "elapsed_this_session_seconds": 2191.8691306635737, "steps_this_session": 4400, "phase": "training", "gpu": "6"}
{"step": 4420, "total": 24000, "loss": 0.29715361446142197, "mixture_probability": 0.3025, "actual_mixture": 0.25, "gradient_norm": 3.995171308517456, "pid": 4089419, "elapsed_this_session_seconds": 2199.931176284328, "steps_this_session": 4420, "phase": "training", "gpu": "6"}
{"step": 4440, "total": 24000, "loss": 0.3675658702850342, "mixture_probability": 0.305, "actual_mixture": 0.296875, "gradient_norm": 4.032516002655029, "pid": 4089419, "elapsed_this_session_seconds": 2208.4848813964054, "steps_this_session": 4440, "phase": "training", "gpu": "6"}
{"step": 4460, "total": 24000, "loss": 0.39217015355825424, "mixture_probability": 0.3075, "actual_mixture": 0.328125, "gradient_norm": 3.251974105834961, "pid": 4089419, "elapsed_this_session_seconds": 2218.4641755521297, "steps_this_session": 4460, "phase": "training", "gpu": "6"}
{"step": 4480, "total": 24000, "loss": 0.3110341578722, "mixture_probability": 0.31, "actual_mixture": 0.21875, "gradient_norm": 4.555525302886963, "pid": 4089419, "elapsed_this_session_seconds": 2225.017451096326, "steps_this_session": 4480, "phase": "training", "gpu": "6"}
{"step": 4500, "total": 24000, "loss": 0.32277847081422806, "mixture_probability": 0.3125, "actual_mixture": 0.34375, "gradient_norm": 3.441437244415283, "pid": 4089419, "elapsed_this_session_seconds": 2234.2793924668804, "steps_this_session": 4500, "phase": "training", "gpu": "6"}
{"step": 4520, "total": 24000, "loss": 0.4628183916211128, "mixture_probability": 0.315, "actual_mixture": 0.390625, "gradient_norm": 4.323531150817871, "pid": 4089419, "elapsed_this_session_seconds": 2243.717282050289, "steps_this_session": 4520, "phase": "training", "gpu": "6"}
{"step": 4540, "total": 24000, "loss": 0.23892250657081604, "mixture_probability": 0.3175, "actual_mixture": 0.265625, "gradient_norm": 3.2505691051483154, "pid": 4089419, "elapsed_this_session_seconds": 2253.547512042336, "steps_this_session": 4540, "phase": "training", "gpu": "6"}
{"step": 4560, "total": 24000, "loss": 0.28911253064870834, "mixture_probability": 0.32, "actual_mixture": 0.265625, "gradient_norm": 3.252486228942871, "pid": 4089419, "elapsed_this_session_seconds": 2259.7619257783517, "steps_this_session": 4560, "phase": "training", "gpu": "6"}
{"step": 4580, "total": 24000, "loss": 0.44859249144792557, "mixture_probability": 0.3225, "actual_mixture": 0.4375, "gradient_norm": 4.39263391494751, "pid": 4089419, "elapsed_this_session_seconds": 2268.509973756969, "steps_this_session": 4580, "phase": "training", "gpu": "6"}
{"step": 4600, "total": 24000, "loss": 0.26782047003507614, "mixture_probability": 0.325, "actual_mixture": 0.3125, "gradient_norm": 3.4804506301879883, "pid": 4089419, "elapsed_this_session_seconds": 2277.4082835223526, "steps_this_session": 4600, "phase": "training", "gpu": "6"}
{"step": 4620, "total": 24000, "loss": 0.4473475217819214, "mixture_probability": 0.3275, "actual_mixture": 0.40625, "gradient_norm": 3.9794936180114746, "pid": 4089419, "elapsed_this_session_seconds": 2285.7878741025925, "steps_this_session": 4620, "phase": "training", "gpu": "6"}
{"step": 4640, "total": 24000, "loss": 0.34845807775855064, "mixture_probability": 0.33, "actual_mixture": 0.40625, "gradient_norm": 4.144067287445068, "pid": 4089419, "elapsed_this_session_seconds": 2293.009434935637, "steps_this_session": 4640, "phase": "training", "gpu": "6"}
{"step": 4660, "total": 24000, "loss": 0.6563426628708839, "mixture_probability": 0.3325, "actual_mixture": 0.3125, "gradient_norm": 6.385019779205322, "pid": 4089419, "elapsed_this_session_seconds": 2301.6536823315546, "steps_this_session": 4660, "phase": "training", "gpu": "6"}
{"step": 4680, "total": 24000, "loss": 0.29143137484788895, "mixture_probability": 0.335, "actual_mixture": 0.359375, "gradient_norm": 3.343179702758789, "pid": 4089419, "elapsed_this_session_seconds": 2310.058520488441, "steps_this_session": 4680, "phase": "training", "gpu": "6"}
{"step": 4700, "total": 24000, "loss": 0.3351195603609085, "mixture_probability": 0.3375, "actual_mixture": 0.421875, "gradient_norm": 3.707629680633545, "pid": 4089419, "elapsed_this_session_seconds": 2318.03421877604, "steps_this_session": 4700, "phase": "training", "gpu": "6"}
{"step": 4720, "total": 24000, "loss": 0.2664458081126213, "mixture_probability": 0.34, "actual_mixture": 0.3125, "gradient_norm": 3.346745014190674, "pid": 4089419, "elapsed_this_session_seconds": 2325.9734691902995, "steps_this_session": 4720, "phase": "training", "gpu": "6"}
{"step": 4740, "total": 24000, "loss": 0.4004081264138222, "mixture_probability": 0.3425, "actual_mixture": 0.34375, "gradient_norm": 5.39673376083374, "pid": 4089419, "elapsed_this_session_seconds": 2333.7637497466058, "steps_this_session": 4740, "phase": "training", "gpu": "6"}
{"step": 4760, "total": 24000, "loss": 0.25794681161642075, "mixture_probability": 0.345, "actual_mixture": 0.265625, "gradient_norm": 3.2880120277404785, "pid": 4089419, "elapsed_this_session_seconds": 2342.216022632085, "steps_this_session": 4760, "phase": "training", "gpu": "6"}
{"step": 4780, "total": 24000, "loss": 0.3578513488173485, "mixture_probability": 0.3475, "actual_mixture": 0.34375, "gradient_norm": 4.336267948150635, "pid": 4089419, "elapsed_this_session_seconds": 2360.605872587301, "steps_this_session": 4780, "phase": "training", "gpu": "6"}
{"step": 4800, "total": 24000, "loss": 0.30604537576436996, "mixture_probability": 0.35, "actual_mixture": 0.390625, "gradient_norm": 3.3996503353118896, "pid": 4089419, "elapsed_this_session_seconds": 2384.784195797518, "steps_this_session": 4800, "phase": "training", "gpu": "6"}
{"step": 4820, "total": 24000, "loss": 0.2780652493238449, "mixture_probability": 0.3525, "actual_mixture": 0.421875, "gradient_norm": 4.6143083572387695, "pid": 4089419, "elapsed_this_session_seconds": 2406.227230321616, "steps_this_session": 4820, "phase": "training", "gpu": "6"}
{"step": 4840, "total": 24000, "loss": 0.3399956524372101, "mixture_probability": 0.355, "actual_mixture": 0.453125, "gradient_norm": 4.289139747619629, "pid": 4089419, "elapsed_this_session_seconds": 2428.1996441567317, "steps_this_session": 4840, "phase": "training", "gpu": "6"}
{"step": 4860, "total": 24000, "loss": 0.552196592092514, "mixture_probability": 0.3575, "actual_mixture": 0.4375, "gradient_norm": 4.455009937286377, "pid": 4089419, "elapsed_this_session_seconds": 2449.9255113694817, "steps_this_session": 4860, "phase": "training", "gpu": "6"}
{"step": 4880, "total": 24000, "loss": 0.3637838438153267, "mixture_probability": 0.36, "actual_mixture": 0.359375, "gradient_norm": 5.318925380706787, "pid": 4089419, "elapsed_this_session_seconds": 2460.6524596903473, "steps_this_session": 4880, "phase": "training", "gpu": "6"}
{"step": 4900, "total": 24000, "loss": 0.490203320980072, "mixture_probability": 0.3625, "actual_mixture": 0.46875, "gradient_norm": 4.771285057067871, "pid": 4089419, "elapsed_this_session_seconds": 2467.832846496254, "steps_this_session": 4900, "phase": "training", "gpu": "6"}
{"step": 4920, "total": 24000, "loss": 0.3420054726302624, "mixture_probability": 0.365, "actual_mixture": 0.359375, "gradient_norm": 3.695716142654419, "pid": 4089419, "elapsed_this_session_seconds": 2477.730693228543, "steps_this_session": 4920, "phase": "training", "gpu": "6"}
{"step": 4940, "total": 24000, "loss": 0.2924966476857662, "mixture_probability": 0.3675, "actual_mixture": 0.265625, "gradient_norm": 3.7802815437316895, "pid": 4089419, "elapsed_this_session_seconds": 2488.9844025447965, "steps_this_session": 4940, "phase": "training", "gpu": "6"}
{"step": 4960, "total": 24000, "loss": 0.28756893053650856, "mixture_probability": 0.37, "actual_mixture": 0.40625, "gradient_norm": 3.032518148422241, "pid": 4089419, "elapsed_this_session_seconds": 2495.422677698545, "steps_this_session": 4960, "phase": "training", "gpu": "6"}
{"step": 4980, "total": 24000, "loss": 0.38457588851451874, "mixture_probability": 0.3725, "actual_mixture": 0.453125, "gradient_norm": 4.323790550231934, "pid": 4089419, "elapsed_this_session_seconds": 2505.2080240510404, "steps_this_session": 4980, "phase": "training", "gpu": "6"}
{"step": 5000, "total": 24000, "loss": 0.32786785811185837, "mixture_probability": 0.375, "actual_mixture": 0.28125, "gradient_norm": 3.8767125606536865, "pid": 4089419, "elapsed_this_session_seconds": 2515.5856165820733, "steps_this_session": 5000, "phase": "training", "gpu": "6"}
{"step": 5020, "total": 24000, "loss": 0.3854916989803314, "mixture_probability": 0.3775, "actual_mixture": 0.40625, "gradient_norm": 3.434610605239868, "pid": 4089419, "elapsed_this_session_seconds": 2524.402839041315, "steps_this_session": 5020, "phase": "training", "gpu": "6"}
{"step": 5040, "total": 24000, "loss": 0.429103784263134, "mixture_probability": 0.38, "actual_mixture": 0.390625, "gradient_norm": 3.8073418140411377, "pid": 4089419, "elapsed_this_session_seconds": 2531.618117740378, "steps_this_session": 5040, "phase": "training", "gpu": "6"}
{"step": 5060, "total": 24000, "loss": 0.3351977504789829, "mixture_probability": 0.3825, "actual_mixture": 0.296875, "gradient_norm": 3.914778709411621, "pid": 4089419, "elapsed_this_session_seconds": 2541.442030163482, "steps_this_session": 5060, "phase": "training", "gpu": "6"}
{"step": 5080, "total": 24000, "loss": 0.33916081115603447, "mixture_probability": 0.385, "actual_mixture": 0.328125, "gradient_norm": 4.295162677764893, "pid": 4089419, "elapsed_this_session_seconds": 2550.640541463159, "steps_this_session": 5080, "phase": "training", "gpu": "6"}
{"step": 5100, "total": 24000, "loss": 0.2914138063788414, "mixture_probability": 0.3875, "actual_mixture": 0.34375, "gradient_norm": 3.969799280166626, "pid": 4089419, "elapsed_this_session_seconds": 2558.2062274655327, "steps_this_session": 5100, "phase": "training", "gpu": "6"}
{"step": 5120, "total": 24000, "loss": 0.313720278441906, "mixture_probability": 0.39, "actual_mixture": 0.390625, "gradient_norm": 4.337244987487793, "pid": 4089419, "elapsed_this_session_seconds": 2566.859444724396, "steps_this_session": 5120, "phase": "training", "gpu": "6"}
{"step": 5140, "total": 24000, "loss": 0.3470383509993553, "mixture_probability": 0.3925, "actual_mixture": 0.34375, "gradient_norm": 4.054615497589111, "pid": 4089419, "elapsed_this_session_seconds": 2575.3966794181615, "steps_this_session": 5140, "phase": "training", "gpu": "6"}
{"step": 5160, "total": 24000, "loss": 0.37335269153118134, "mixture_probability": 0.395, "actual_mixture": 0.3125, "gradient_norm": 7.326231002807617, "pid": 4089419, "elapsed_this_session_seconds": 2584.4907117504627, "steps_this_session": 5160, "phase": "training", "gpu": "6"}
{"step": 5180, "total": 24000, "loss": 0.37153933197259903, "mixture_probability": 0.3975, "actual_mixture": 0.359375, "gradient_norm": 4.284586429595947, "pid": 4089419, "elapsed_this_session_seconds": 2590.6147969234735, "steps_this_session": 5180, "phase": "training", "gpu": "6"}
{"step": 5200, "total": 24000, "loss": 0.31015143916010857, "mixture_probability": 0.4, "actual_mixture": 0.375, "gradient_norm": 4.422299861907959, "pid": 4089419, "elapsed_this_session_seconds": 2599.758277744055, "steps_this_session": 5200, "phase": "training", "gpu": "6"}
{"step": 5220, "total": 24000, "loss": 0.42212412506341934, "mixture_probability": 0.4025, "actual_mixture": 0.453125, "gradient_norm": 4.355151653289795, "pid": 4089419, "elapsed_this_session_seconds": 2608.3573096012697, "steps_this_session": 5220, "phase": "training", "gpu": "6"}
{"step": 5240, "total": 24000, "loss": 0.32396822422742844, "mixture_probability": 0.405, "actual_mixture": 0.390625, "gradient_norm": 3.382103443145752, "pid": 4089419, "elapsed_this_session_seconds": 2617.286054140888, "steps_this_session": 5240, "phase": "training", "gpu": "6"}
{"step": 5260, "total": 24000, "loss": 0.48373696953058243, "mixture_probability": 0.4075, "actual_mixture": 0.515625, "gradient_norm": 4.636484622955322, "pid": 4089419, "elapsed_this_session_seconds": 2626.819981227629, "steps_this_session": 5260, "phase": "training", "gpu": "6"}
{"step": 5280, "total": 24000, "loss": 0.3681134060025215, "mixture_probability": 0.41, "actual_mixture": 0.515625, "gradient_norm": 4.177679538726807, "pid": 4089419, "elapsed_this_session_seconds": 2635.407744275406, "steps_this_session": 5280, "phase": "training", "gpu": "6"}
{"step": 5300, "total": 24000, "loss": 0.3754878640174866, "mixture_probability": 0.4125, "actual_mixture": 0.4375, "gradient_norm": 3.5911073684692383, "pid": 4089419, "elapsed_this_session_seconds": 2650.682474469766, "steps_this_session": 5300, "phase": "training", "gpu": "6"}
{"step": 5320, "total": 24000, "loss": 0.4208790808916092, "mixture_probability": 0.415, "actual_mixture": 0.46875, "gradient_norm": 4.003946781158447, "pid": 4089419, "elapsed_this_session_seconds": 2675.444410738535, "steps_this_session": 5320, "phase": "training", "gpu": "6"}
{"step": 5340, "total": 24000, "loss": 0.3880434110760689, "mixture_probability": 0.4175, "actual_mixture": 0.375, "gradient_norm": 3.9562408924102783, "pid": 4089419, "elapsed_this_session_seconds": 2698.184704461135, "steps_this_session": 5340, "phase": "training", "gpu": "6"}
{"step": 5360, "total": 24000, "loss": 0.27754541486501694, "mixture_probability": 0.42, "actual_mixture": 0.34375, "gradient_norm": 3.6928298473358154, "pid": 4089419, "elapsed_this_session_seconds": 2710.057695244439, "steps_this_session": 5360, "phase": "training", "gpu": "6"}
{"step": 5380, "total": 24000, "loss": 0.3869435638189316, "mixture_probability": 0.4225, "actual_mixture": 0.46875, "gradient_norm": 4.847546100616455, "pid": 4089419, "elapsed_this_session_seconds": 2716.9429280897602, "steps_this_session": 5380, "phase": "training", "gpu": "6"}
{"step": 5400, "total": 24000, "loss": 0.3450003042817116, "mixture_probability": 0.425, "actual_mixture": 0.46875, "gradient_norm": 3.7370450496673584, "pid": 4089419, "elapsed_this_session_seconds": 2726.3051428636536, "steps_this_session": 5400, "phase": "training", "gpu": "6"}
{"step": 5420, "total": 24000, "loss": 0.48262351378798485, "mixture_probability": 0.4275, "actual_mixture": 0.5, "gradient_norm": 3.7180676460266113, "pid": 4089419, "elapsed_this_session_seconds": 2736.647635688074, "steps_this_session": 5420, "phase": "training", "gpu": "6"}
{"step": 5440, "total": 24000, "loss": 0.29087889567017555, "mixture_probability": 0.43, "actual_mixture": 0.3125, "gradient_norm": 4.360911846160889, "pid": 4089419, "elapsed_this_session_seconds": 2744.119379814714, "steps_this_session": 5440, "phase": "training", "gpu": "6"}
{"step": 5460, "total": 24000, "loss": 0.38011593371629715, "mixture_probability": 0.4325, "actual_mixture": 0.46875, "gradient_norm": 4.648771286010742, "pid": 4089419, "elapsed_this_session_seconds": 2753.4258253201842, "steps_this_session": 5460, "phase": "training", "gpu": "6"}
{"step": 5480, "total": 24000, "loss": 0.3823702558875084, "mixture_probability": 0.435, "actual_mixture": 0.46875, "gradient_norm": 3.8825674057006836, "pid": 4089419, "elapsed_this_session_seconds": 2763.0358391273767, "steps_this_session": 5480, "phase": "training", "gpu": "6"}
{"step": 5500, "total": 24000, "loss": 0.36208024621009827, "mixture_probability": 0.4375, "actual_mixture": 0.375, "gradient_norm": 3.524082660675049, "pid": 4089419, "elapsed_this_session_seconds": 2773.2251254813746, "steps_this_session": 5500, "phase": "training", "gpu": "6"}
{"step": 5520, "total": 24000, "loss": 0.31925124302506447, "mixture_probability": 0.44, "actual_mixture": 0.53125, "gradient_norm": 3.098844289779663, "pid": 4089419, "elapsed_this_session_seconds": 2779.552648187615, "steps_this_session": 5520, "phase": "training", "gpu": "6"}
{"step": 5540, "total": 24000, "loss": 0.40940212458372116, "mixture_probability": 0.4425, "actual_mixture": 0.421875, "gradient_norm": 4.580715656280518, "pid": 4089419, "elapsed_this_session_seconds": 2788.9040459422395, "steps_this_session": 5540, "phase": "training", "gpu": "6"}
{"step": 5560, "total": 24000, "loss": 0.4603000432252884, "mixture_probability": 0.445, "actual_mixture": 0.515625, "gradient_norm": 4.42081356048584, "pid": 4089419, "elapsed_this_session_seconds": 2798.026891087182, "steps_this_session": 5560, "phase": "training", "gpu": "6"}
{"step": 5580, "total": 24000, "loss": 0.35817578434944153, "mixture_probability": 0.4475, "actual_mixture": 0.390625, "gradient_norm": 3.979444980621338, "pid": 4089419, "elapsed_this_session_seconds": 2807.3819687301293, "steps_this_session": 5580, "phase": "training", "gpu": "6"}
{"step": 5600, "total": 24000, "loss": 0.37677959352731705, "mixture_probability": 0.45, "actual_mixture": 0.59375, "gradient_norm": 4.161350727081299, "pid": 4089419, "elapsed_this_session_seconds": 2814.2558813830838, "steps_this_session": 5600, "phase": "training", "gpu": "6"}
{"step": 5620, "total": 24000, "loss": 0.4197107031941414, "mixture_probability": 0.4525, "actual_mixture": 0.53125, "gradient_norm": 3.915830135345459, "pid": 4089419, "elapsed_this_session_seconds": 2823.0670965183526, "steps_this_session": 5620, "phase": "training", "gpu": "6"}
{"step": 5640, "total": 24000, "loss": 0.3583907037973404, "mixture_probability": 0.455, "actual_mixture": 0.375, "gradient_norm": 3.43383526802063, "pid": 4089419, "elapsed_this_session_seconds": 2832.1129821222275, "steps_this_session": 5640, "phase": "training", "gpu": "6"}
{"step": 5660, "total": 24000, "loss": 0.43067626655101776, "mixture_probability": 0.4575, "actual_mixture": 0.375, "gradient_norm": 5.512768745422363, "pid": 4089419, "elapsed_this_session_seconds": 2840.4187184851617, "steps_this_session": 5660, "phase": "training", "gpu": "6"}
{"step": 5680, "total": 24000, "loss": 0.3801470696926117, "mixture_probability": 0.46, "actual_mixture": 0.453125, "gradient_norm": 4.553114414215088, "pid": 4089419, "elapsed_this_session_seconds": 2847.7834973037243, "steps_this_session": 5680, "phase": "training", "gpu": "6"}
{"step": 5700, "total": 24000, "loss": 0.35957544296979904, "mixture_probability": 0.4625, "actual_mixture": 0.453125, "gradient_norm": 3.764751434326172, "pid": 4089419, "elapsed_this_session_seconds": 2856.625681512989, "steps_this_session": 5700, "phase": "training", "gpu": "6"}
{"step": 5720, "total": 24000, "loss": 0.3200250342488289, "mixture_probability": 0.465, "actual_mixture": 0.453125, "gradient_norm": 3.8217391967773438, "pid": 4089419, "elapsed_this_session_seconds": 2865.194622172974, "steps_this_session": 5720, "phase": "training", "gpu": "6"}
{"step": 5740, "total": 24000, "loss": 0.418901689350605, "mixture_probability": 0.4675, "actual_mixture": 0.5, "gradient_norm": 4.03171443939209, "pid": 4089419, "elapsed_this_session_seconds": 2873.166087515652, "steps_this_session": 5740, "phase": "training", "gpu": "6"}
{"step": 5760, "total": 24000, "loss": 0.35561275482177734, "mixture_probability": 0.47, "actual_mixture": 0.359375, "gradient_norm": 4.259263515472412, "pid": 4089419, "elapsed_this_session_seconds": 2879.899207599461, "steps_this_session": 5760, "phase": "training", "gpu": "6"}
{"step": 5780, "total": 24000, "loss": 0.39312486350536346, "mixture_probability": 0.4725, "actual_mixture": 0.453125, "gradient_norm": 4.153809547424316, "pid": 4089419, "elapsed_this_session_seconds": 2888.802020119503, "steps_this_session": 5780, "phase": "training", "gpu": "6"}
{"step": 5800, "total": 24000, "loss": 0.4285132735967636, "mixture_probability": 0.475, "actual_mixture": 0.46875, "gradient_norm": 4.779873371124268, "pid": 4089419, "elapsed_this_session_seconds": 2897.749518174678, "steps_this_session": 5800, "phase": "training", "gpu": "6"}
{"step": 5820, "total": 24000, "loss": 0.4145677909255028, "mixture_probability": 0.4775, "actual_mixture": 0.34375, "gradient_norm": 3.5881495475769043, "pid": 4089419, "elapsed_this_session_seconds": 2905.5796096427366, "steps_this_session": 5820, "phase": "training", "gpu": "6"}
{"step": 5840, "total": 24000, "loss": 0.3397865891456604, "mixture_probability": 0.48, "actual_mixture": 0.46875, "gradient_norm": 3.522700309753418, "pid": 4089419, "elapsed_this_session_seconds": 2912.2329710470513, "steps_this_session": 5840, "phase": "training", "gpu": "6"}
{"step": 5860, "total": 24000, "loss": 0.4233565181493759, "mixture_probability": 0.4825, "actual_mixture": 0.453125, "gradient_norm": 3.7910609245300293, "pid": 4089419, "elapsed_this_session_seconds": 2920.804271183908, "steps_this_session": 5860, "phase": "training", "gpu": "6"}
{"step": 5880, "total": 24000, "loss": 0.3351580947637558, "mixture_probability": 0.485, "actual_mixture": 0.515625, "gradient_norm": 3.857713222503662, "pid": 4089419, "elapsed_this_session_seconds": 2929.588812173344, "steps_this_session": 5880, "phase": "training", "gpu": "6"}
{"step": 5900, "total": 24000, "loss": 0.5336790978908539, "mixture_probability": 0.4875, "actual_mixture": 0.46875, "gradient_norm": 4.5096235275268555, "pid": 4089419, "elapsed_this_session_seconds": 2937.85310345795, "steps_this_session": 5900, "phase": "training", "gpu": "6"}
{"step": 5920, "total": 24000, "loss": 0.34091489762067795, "mixture_probability": 0.49, "actual_mixture": 0.453125, "gradient_norm": 3.1431121826171875, "pid": 4089419, "elapsed_this_session_seconds": 2943.962372123264, "steps_this_session": 5920, "phase": "training", "gpu": "6"}
{"step": 5940, "total": 24000, "loss": 0.40412384644150734, "mixture_probability": 0.4925, "actual_mixture": 0.421875, "gradient_norm": 3.5330371856689453, "pid": 4089419, "elapsed_this_session_seconds": 2952.236930059269, "steps_this_session": 5940, "phase": "training", "gpu": "6"}
{"step": 5960, "total": 24000, "loss": 0.3517286814749241, "mixture_probability": 0.495, "actual_mixture": 0.421875, "gradient_norm": 3.6504127979278564, "pid": 4089419, "elapsed_this_session_seconds": 2961.1345304930583, "steps_this_session": 5960, "phase": "training", "gpu": "6"}
{"step": 5980, "total": 24000, "loss": 0.30602750182151794, "mixture_probability": 0.4975, "actual_mixture": 0.515625, "gradient_norm": 3.488882064819336, "pid": 4089419, "elapsed_this_session_seconds": 2969.7656822241843, "steps_this_session": 5980, "phase": "training", "gpu": "6"}
{"step": 6000, "total": 24000, "loss": 0.4084540866315365, "mixture_probability": 0.5, "actual_mixture": 0.546875, "gradient_norm": 3.9764673709869385, "pid": 4089419, "elapsed_this_session_seconds": 2976.125995242968, "steps_this_session": 6000, "phase": "training", "gpu": "6"}
{"step": 6020, "total": 24000, "loss": 0.38158003240823746, "mixture_probability": 0.5, "actual_mixture": 0.609375, "gradient_norm": 3.5915284156799316, "pid": 4089419, "elapsed_this_session_seconds": 3083.125165289268, "steps_this_session": 6020, "phase": "training", "gpu": "6"}
{"step": 6040, "total": 24000, "loss": 0.3733532801270485, "mixture_probability": 0.5, "actual_mixture": 0.515625, "gradient_norm": 3.5960025787353516, "pid": 4089419, "elapsed_this_session_seconds": 3091.638157173991, "steps_this_session": 6040, "phase": "training", "gpu": "6"}
{"step": 6060, "total": 24000, "loss": 0.3745877221226692, "mixture_probability": 0.5, "actual_mixture": 0.546875, "gradient_norm": 4.29122257232666, "pid": 4089419, "elapsed_this_session_seconds": 3099.6892517106608, "steps_this_session": 6060, "phase": "training", "gpu": "6"}
{"step": 6080, "total": 24000, "loss": 0.4373072609305382, "mixture_probability": 0.5, "actual_mixture": 0.515625, "gradient_norm": 5.643736839294434, "pid": 4089419, "elapsed_this_session_seconds": 3107.877849103883, "steps_this_session": 6080, "phase": "training", "gpu": "6"}
{"step": 6100, "total": 24000, "loss": 0.31849977374076843, "mixture_probability": 0.5, "actual_mixture": 0.421875, "gradient_norm": 3.4735870361328125, "pid": 4089419, "elapsed_this_session_seconds": 3114.5694666607305, "steps_this_session": 6100, "phase": "training", "gpu": "6"}
{"step": 6120, "total": 24000, "loss": 0.3319157436490059, "mixture_probability": 0.5, "actual_mixture": 0.515625, "gradient_norm": 4.873820781707764, "pid": 4089419, "elapsed_this_session_seconds": 3121.5833523580804, "steps_this_session": 6120, "phase": "training", "gpu": "6"}
{"step": 6140, "total": 24000, "loss": 0.3201454393565655, "mixture_probability": 0.5, "actual_mixture": 0.40625, "gradient_norm": 3.461596965789795, "pid": 4089419, "elapsed_this_session_seconds": 3129.786011182703, "steps_this_session": 6140, "phase": "training", "gpu": "6"}
{"step": 6160, "total": 24000, "loss": 0.39531779289245605, "mixture_probability": 0.5, "actual_mixture": 0.484375, "gradient_norm": 3.4582741260528564, "pid": 4089419, "elapsed_this_session_seconds": 3137.8037669267505, "steps_this_session": 6160, "phase": "training", "gpu": "6"}
{"step": 6180, "total": 24000, "loss": 0.39258474856615067, "mixture_probability": 0.5, "actual_mixture": 0.5, "gradient_norm": 4.195301532745361, "pid": 4089419, "elapsed_this_session_seconds": 3145.283930652775, "steps_this_session": 6180, "phase": "training", "gpu": "6"}
{"step": 6200, "total": 24000, "loss": 0.35089751705527306, "mixture_probability": 0.5, "actual_mixture": 0.484375, "gradient_norm": 3.4887285232543945, "pid": 4089419, "elapsed_this_session_seconds": 3153.2903947383165, "steps_this_session": 6200, "phase": "training", "gpu": "6"}
{"step": 6220, "total": 24000, "loss": 0.4271552860736847, "mixture_probability": 0.5, "actual_mixture": 0.578125, "gradient_norm": 4.173532485961914, "pid": 4089419, "elapsed_this_session_seconds": 3160.66301057674, "steps_this_session": 6220, "phase": "training", "gpu": "6"}
{"step": 6240, "total": 24000, "loss": 0.5760112181305885, "mixture_probability": 0.5, "actual_mixture": 0.421875, "gradient_norm": 5.447696685791016, "pid": 4089419, "elapsed_this_session_seconds": 3167.9961229152977, "steps_this_session": 6240, "phase": "training", "gpu": "6"}
{"step": 6260, "total": 24000, "loss": 0.3282840773463249, "mixture_probability": 0.5, "actual_mixture": 0.40625, "gradient_norm": 3.764746904373169, "pid": 4089419, "elapsed_this_session_seconds": 3175.4581117052585, "steps_this_session": 6260, "phase": "training", "gpu": "6"}
{"step": 6280, "total": 24000, "loss": 0.33975040912628174, "mixture_probability": 0.5, "actual_mixture": 0.5, "gradient_norm": 3.2478578090667725, "pid": 4089419, "elapsed_this_session_seconds": 3182.794538362883, "steps_this_session": 6280, "phase": "training", "gpu": "6"}
{"step": 6300, "total": 24000, "loss": 0.4135471135377884, "mixture_probability": 0.5, "actual_mixture": 0.609375, "gradient_norm": 3.927529811859131, "pid": 4089419, "elapsed_this_session_seconds": 3190.3775681480765, "steps_this_session": 6300, "phase": "training", "gpu": "6"}
{"step": 6320, "total": 24000, "loss": 0.46404996514320374, "mixture_probability": 0.5, "actual_mixture": 0.609375, "gradient_norm": 4.025052070617676, "pid": 4089419, "elapsed_this_session_seconds": 3197.6503343125805, "steps_this_session": 6320, "phase": "training", "gpu": "6"}
{"step": 6340, "total": 24000, "loss": 0.39148931577801704, "mixture_probability": 0.5, "actual_mixture": 0.390625, "gradient_norm": 3.6080634593963623, "pid": 4089419, "elapsed_this_session_seconds": 3204.9549997169524, "steps_this_session": 6340, "phase": "training", "gpu": "6"}
{"step": 6360, "total": 24000, "loss": 0.6338785961270332, "mixture_probability": 0.5, "actual_mixture": 0.625, "gradient_norm": 4.88658332824707, "pid": 4089419, "elapsed_this_session_seconds": 3212.29592618905, "steps_this_session": 6360, "phase": "training", "gpu": "6"}
{"step": 6380, "total": 24000, "loss": 0.31797974556684494, "mixture_probability": 0.5, "actual_mixture": 0.40625, "gradient_norm": 3.2461719512939453, "pid": 4089419, "elapsed_this_session_seconds": 3219.5998029839247, "steps_this_session": 6380, "phase": "training", "gpu": "6"}
{"step": 6400, "total": 24000, "loss": 0.3571285083889961, "mixture_probability": 0.5, "actual_mixture": 0.46875, "gradient_norm": 3.51214599609375, "pid": 4089419, "elapsed_this_session_seconds": 3227.4539606133476, "steps_this_session": 6400, "phase": "training", "gpu": "6"}
{"step": 6420, "total": 24000, "loss": 0.31717826426029205, "mixture_probability": 0.5, "actual_mixture": 0.53125, "gradient_norm": 3.703369140625, "pid": 4089419, "elapsed_this_session_seconds": 3234.7892927033827, "steps_this_session": 6420, "phase": "training", "gpu": "6"}
{"step": 6440, "total": 24000, "loss": 0.5165662169456482, "mixture_probability": 0.5, "actual_mixture": 0.53125, "gradient_norm": 8.928352355957031, "pid": 4089419, "elapsed_this_session_seconds": 3242.047813382931, "steps_this_session": 6440, "phase": "training", "gpu": "6"}
{"step": 6460, "total": 24000, "loss": 0.3252141922712326, "mixture_probability": 0.5, "actual_mixture": 0.4375, "gradient_norm": 3.671900987625122, "pid": 4089419, "elapsed_this_session_seconds": 3249.2950226180255, "steps_this_session": 6460, "phase": "training", "gpu": "6"}
{"step": 6480, "total": 24000, "loss": 0.5474608466029167, "mixture_probability": 0.5, "actual_mixture": 0.46875, "gradient_norm": 4.536586284637451, "pid": 4089419, "elapsed_this_session_seconds": 3256.3134838575497, "steps_this_session": 6480, "phase": "training", "gpu": "6"}
{"step": 6500, "total": 24000, "loss": 0.40058544278144836, "mixture_probability": 0.5, "actual_mixture": 0.515625, "gradient_norm": 3.7408640384674072, "pid": 4089419, "elapsed_this_session_seconds": 3263.3401740873232, "steps_this_session": 6500, "phase": "training", "gpu": "6"}
{"step": 6520, "total": 24000, "loss": 0.4903815910220146, "mixture_probability": 0.5, "actual_mixture": 0.5, "gradient_norm": 4.024680137634277, "pid": 4089419, "elapsed_this_session_seconds": 3270.3856435948983, "steps_this_session": 6520, "phase": "training", "gpu": "6"}
{"step": 6540, "total": 24000, "loss": 0.3545708879828453, "mixture_probability": 0.5, "actual_mixture": 0.546875, "gradient_norm": 3.7171077728271484, "pid": 4089419, "elapsed_this_session_seconds": 3285.866444519721, "steps_this_session": 6540, "phase": "training", "gpu": "6"}
{"step": 6560, "total": 24000, "loss": 0.49230436980724335, "mixture_probability": 0.5, "actual_mixture": 0.5, "gradient_norm": 4.954994201660156, "pid": 4089419, "elapsed_this_session_seconds": 3308.443334290758, "steps_this_session": 6560, "phase": "training", "gpu": "6"}
{"step": 6580, "total": 24000, "loss": 0.38753361254930496, "mixture_probability": 0.5, "actual_mixture": 0.515625, "gradient_norm": 3.80985164642334, "pid": 4089419, "elapsed_this_session_seconds": 3328.411791880615, "steps_this_session": 6580, "phase": "training", "gpu": "6"}
{"step": 6600, "total": 24000, "loss": 0.28992142155766487, "mixture_probability": 0.5, "actual_mixture": 0.578125, "gradient_norm": 4.178982734680176, "pid": 4089419, "elapsed_this_session_seconds": 3346.23399914708, "steps_this_session": 6600, "phase": "training", "gpu": "6"}
{"step": 6620, "total": 24000, "loss": 0.37768658995628357, "mixture_probability": 0.5, "actual_mixture": 0.4375, "gradient_norm": 4.459723949432373, "pid": 4089419, "elapsed_this_session_seconds": 3350.525176335126, "steps_this_session": 6620, "phase": "training", "gpu": "6"}
{"step": 6640, "total": 24000, "loss": 0.3771001361310482, "mixture_probability": 0.5, "actual_mixture": 0.484375, "gradient_norm": 3.541259527206421, "pid": 4089419, "elapsed_this_session_seconds": 3357.955648312345, "steps_this_session": 6640, "phase": "training", "gpu": "6"}
{"step": 6660, "total": 24000, "loss": 0.44235584139823914, "mixture_probability": 0.5, "actual_mixture": 0.65625, "gradient_norm": 3.6378114223480225, "pid": 4089419, "elapsed_this_session_seconds": 3367.055027884431, "steps_this_session": 6660, "phase": "training", "gpu": "6"}
{"step": 6680, "total": 24000, "loss": 0.3391020894050598, "mixture_probability": 0.5, "actual_mixture": 0.46875, "gradient_norm": 3.2976768016815186, "pid": 4089419, "elapsed_this_session_seconds": 3375.7816751664504, "steps_this_session": 6680, "phase": "training", "gpu": "6"}
{"step": 6700, "total": 24000, "loss": 0.41740696132183075, "mixture_probability": 0.5, "actual_mixture": 0.5, "gradient_norm": 3.6669516563415527, "pid": 4089419, "elapsed_this_session_seconds": 3384.8364601051435, "steps_this_session": 6700, "phase": "training", "gpu": "6"}
{"step": 6720, "total": 24000, "loss": 0.45402925461530685, "mixture_probability": 0.5, "actual_mixture": 0.46875, "gradient_norm": 4.709073543548584, "pid": 4089419, "elapsed_this_session_seconds": 3390.1835219329223, "steps_this_session": 6720, "phase": "training", "gpu": "6"}
{"step": 6740, "total": 24000, "loss": 0.3788466230034828, "mixture_probability": 0.5, "actual_mixture": 0.625, "gradient_norm": 4.549602508544922, "pid": 4089419, "elapsed_this_session_seconds": 3398.8273229505867, "steps_this_session": 6740, "phase": "training", "gpu": "6"}
{"step": 6760, "total": 24000, "loss": 0.5296246856451035, "mixture_probability": 0.5, "actual_mixture": 0.578125, "gradient_norm": 4.511195182800293, "pid": 4089419, "elapsed_this_session_seconds": 3407.2905526831746, "steps_this_session": 6760, "phase": "training", "gpu": "6"}
{"step": 6780, "total": 24000, "loss": 0.37452494353055954, "mixture_probability": 0.5, "actual_mixture": 0.515625, "gradient_norm": 3.392824172973633, "pid": 4089419, "elapsed_this_session_seconds": 3415.9910386856645, "steps_this_session": 6780, "phase": "training", "gpu": "6"}
{"step": 6800, "total": 24000, "loss": 0.26167672500014305, "mixture_probability": 0.5, "actual_mixture": 0.453125, "gradient_norm": 3.354757070541382, "pid": 4089419, "elapsed_this_session_seconds": 3424.25289611239, "steps_this_session": 6800, "phase": "training", "gpu": "6"}
{"step": 6820, "total": 24000, "loss": 0.333200640976429, "mixture_probability": 0.5, "actual_mixture": 0.421875, "gradient_norm": 3.470937967300415, "pid": 4089419, "elapsed_this_session_seconds": 3429.9553744494915, "steps_this_session": 6820, "phase": "training", "gpu": "6"}
{"step": 6840, "total": 24000, "loss": 0.3539469577372074, "mixture_probability": 0.5, "actual_mixture": 0.515625, "gradient_norm": 3.4516971111297607, "pid": 4089419, "elapsed_this_session_seconds": 3438.813825108111, "steps_this_session": 6840, "phase": "training", "gpu": "6"}
{"step": 6860, "total": 24000, "loss": 0.31643085181713104, "mixture_probability": 0.5, "actual_mixture": 0.53125, "gradient_norm": 4.102817058563232, "pid": 4089419, "elapsed_this_session_seconds": 3447.414352939464, "steps_this_session": 6860, "phase": "training", "gpu": "6"}
{"step": 6880, "total": 24000, "loss": 0.47487837076187134, "mixture_probability": 0.5, "actual_mixture": 0.5, "gradient_norm": 4.429289817810059, "pid": 4089419, "elapsed_this_session_seconds": 3455.8955793725327, "steps_this_session": 6880, "phase": "training", "gpu": "6"}
{"step": 6900, "total": 24000, "loss": 0.34018849954009056, "mixture_probability": 0.5, "actual_mixture": 0.46875, "gradient_norm": 3.3811211585998535, "pid": 4089419, "elapsed_this_session_seconds": 3463.7206957591698, "steps_this_session": 6900, "phase": "training", "gpu": "6"}
{"step": 6920, "total": 24000, "loss": 0.30420800670981407, "mixture_probability": 0.5, "actual_mixture": 0.453125, "gradient_norm": 3.5565860271453857, "pid": 4089419, "elapsed_this_session_seconds": 3470.209403194487, "steps_this_session": 6920, "phase": "training", "gpu": "6"}
{"step": 6940, "total": 24000, "loss": 0.36393488198518753, "mixture_probability": 0.5, "actual_mixture": 0.515625, "gradient_norm": 3.893357038497925, "pid": 4089419, "elapsed_this_session_seconds": 3478.7136640287936, "steps_this_session": 6940, "phase": "training", "gpu": "6"}
{"step": 6960, "total": 24000, "loss": 0.36718691885471344, "mixture_probability": 0.5, "actual_mixture": 0.609375, "gradient_norm": 3.725968837738037, "pid": 4089419, "elapsed_this_session_seconds": 3487.1892227521166, "steps_this_session": 6960, "phase": "training", "gpu": "6"}
{"step": 6980, "total": 24000, "loss": 0.3447205163538456, "mixture_probability": 0.5, "actual_mixture": 0.421875, "gradient_norm": 3.924527645111084, "pid": 4089419, "elapsed_this_session_seconds": 3495.849228250794, "steps_this_session": 6980, "phase": "training", "gpu": "6"}
{"step": 7000, "total": 24000, "loss": 0.3545020669698715, "mixture_probability": 0.5, "actual_mixture": 0.46875, "gradient_norm": 4.0951948165893555, "pid": 4089419, "elapsed_this_session_seconds": 3502.8482831455767, "steps_this_session": 7000, "phase": "training", "gpu": "6"}
{"step": 7020, "total": 24000, "loss": 0.46929771453142166, "mixture_probability": 0.5, "actual_mixture": 0.609375, "gradient_norm": 4.623219966888428, "pid": 4089419, "elapsed_this_session_seconds": 3509.8562717959285, "steps_this_session": 7020, "phase": "training", "gpu": "6"}
{"step": 7040, "total": 24000, "loss": 0.3552207835018635, "mixture_probability": 0.5, "actual_mixture": 0.390625, "gradient_norm": 4.335205554962158, "pid": 4089419, "elapsed_this_session_seconds": 3518.194562108256, "steps_this_session": 7040, "phase": "training", "gpu": "6"}
{"step": 7060, "total": 24000, "loss": 0.29503990709781647, "mixture_probability": 0.5, "actual_mixture": 0.3125, "gradient_norm": 3.6771135330200195, "pid": 4089419, "elapsed_this_session_seconds": 3527.0155470315367, "steps_this_session": 7060, "phase": "training", "gpu": "6"}
{"step": 7080, "total": 24000, "loss": 0.24237476289272308, "mixture_probability": 0.5, "actual_mixture": 0.390625, "gradient_norm": 2.8752996921539307, "pid": 4089419, "elapsed_this_session_seconds": 3531.838040009141, "steps_this_session": 7080, "phase": "training", "gpu": "6"}
{"step": 7100, "total": 24000, "loss": 0.3850133717060089, "mixture_probability": 0.5, "actual_mixture": 0.5625, "gradient_norm": 3.8740074634552, "pid": 4089419, "elapsed_this_session_seconds": 3540.1404485506937, "steps_this_session": 7100, "phase": "training", "gpu": "6"}
{"step": 7120, "total": 24000, "loss": 0.3599476031959057, "mixture_probability": 0.5, "actual_mixture": 0.484375, "gradient_norm": 3.7042269706726074, "pid": 4089419, "elapsed_this_session_seconds": 3548.309464426711, "steps_this_session": 7120, "phase": "training", "gpu": "6"}
{"step": 7140, "total": 24000, "loss": 0.3726903945207596, "mixture_probability": 0.5, "actual_mixture": 0.5, "gradient_norm": 3.526527166366577, "pid": 4089419, "elapsed_this_session_seconds": 3556.85680299066, "steps_this_session": 7140, "phase": "training", "gpu": "6"}
{"step": 7160, "total": 24000, "loss": 0.3256795257329941, "mixture_probability": 0.5, "actual_mixture": 0.484375, "gradient_norm": 3.6009092330932617, "pid": 4089419, "elapsed_this_session_seconds": 3565.2802376411855, "steps_this_session": 7160, "phase": "training", "gpu": "6"}
{"step": 7180, "total": 24000, "loss": 0.4868522062897682, "mixture_probability": 0.5, "actual_mixture": 0.515625, "gradient_norm": 4.164857864379883, "pid": 4089419, "elapsed_this_session_seconds": 3573.3343729004264, "steps_this_session": 7180, "phase": "training", "gpu": "6"}
{"step": 7200, "total": 24000, "loss": 0.4018973857164383, "mixture_probability": 0.5, "actual_mixture": 0.5, "gradient_norm": 3.7551064491271973, "pid": 4089419, "elapsed_this_session_seconds": 3580.535913470201, "steps_this_session": 7200, "phase": "training", "gpu": "6"}
{"step": 7220, "total": 24000, "loss": 0.5626933127641678, "mixture_probability": 0.5, "actual_mixture": 0.671875, "gradient_norm": 4.387602806091309, "pid": 4089419, "elapsed_this_session_seconds": 3587.7972011780366, "steps_this_session": 7220, "phase": "training", "gpu": "6"}
{"step": 7240, "total": 24000, "loss": 0.2923441082239151, "mixture_probability": 0.5, "actual_mixture": 0.390625, "gradient_norm": 3.6835904121398926, "pid": 4089419, "elapsed_this_session_seconds": 3595.1659838361666, "steps_this_session": 7240, "phase": "training", "gpu": "6"}
{"step": 7260, "total": 24000, "loss": 0.3895590826869011, "mixture_probability": 0.5, "actual_mixture": 0.515625, "gradient_norm": 3.6646385192871094, "pid": 4089419, "elapsed_this_session_seconds": 3602.5887422990054, "steps_this_session": 7260, "phase": "training", "gpu": "6"}
{"step": 7280, "total": 24000, "loss": 0.4578375816345215, "mixture_probability": 0.5, "actual_mixture": 0.5, "gradient_norm": 4.4310150146484375, "pid": 4089419, "elapsed_this_session_seconds": 3609.98302621115, "steps_this_session": 7280, "phase": "training", "gpu": "6"}
{"step": 7300, "total": 24000, "loss": 0.3576505109667778, "mixture_probability": 0.5, "actual_mixture": 0.453125, "gradient_norm": 4.574965476989746, "pid": 4089419, "elapsed_this_session_seconds": 3617.3881354685873, "steps_this_session": 7300, "phase": "training", "gpu": "6"}
{"step": 7320, "total": 24000, "loss": 0.416317418217659, "mixture_probability": 0.5, "actual_mixture": 0.515625, "gradient_norm": 4.835214138031006, "pid": 4089419, "elapsed_this_session_seconds": 3624.786436385475, "steps_this_session": 7320, "phase": "training", "gpu": "6"}
{"step": 7340, "total": 24000, "loss": 0.30792776495218277, "mixture_probability": 0.5, "actual_mixture": 0.40625, "gradient_norm": 3.2938809394836426, "pid": 4089419, "elapsed_this_session_seconds": 3634.934798890725, "steps_this_session": 7340, "phase": "training", "gpu": "6"}
{"step": 7360, "total": 24000, "loss": 0.27232927829027176, "mixture_probability": 0.5, "actual_mixture": 0.59375, "gradient_norm": 3.805706262588501, "pid": 4089419, "elapsed_this_session_seconds": 3657.4906667442992, "steps_this_session": 7360, "phase": "training", "gpu": "6"}
{"step": 7380, "total": 24000, "loss": 0.46645834296941757, "mixture_probability": 0.5, "actual_mixture": 0.421875, "gradient_norm": 4.257490158081055, "pid": 4089419, "elapsed_this_session_seconds": 3678.136529424228, "steps_this_session": 7380, "phase": "training", "gpu": "6"}
{"step": 7400, "total": 24000, "loss": 0.4314476139843464, "mixture_probability": 0.5, "actual_mixture": 0.453125, "gradient_norm": 6.3391242027282715, "pid": 4089419, "elapsed_this_session_seconds": 3696.032742991112, "steps_this_session": 7400, "phase": "training", "gpu": "6"}
{"step": 7420, "total": 24000, "loss": 0.26580991223454475, "mixture_probability": 0.5, "actual_mixture": 0.46875, "gradient_norm": 2.9479105472564697, "pid": 4089419, "elapsed_this_session_seconds": 3701.12299585063, "steps_this_session": 7420, "phase": "training", "gpu": "6"}
{"step": 7440, "total": 24000, "loss": 0.3207315281033516, "mixture_probability": 0.5, "actual_mixture": 0.5, "gradient_norm": 3.493760108947754, "pid": 4089419, "elapsed_this_session_seconds": 3709.7866589836776, "steps_this_session": 7440, "phase": "training", "gpu": "6"}
{"step": 7460, "total": 24000, "loss": 0.4893062449991703, "mixture_probability": 0.5, "actual_mixture": 0.515625, "gradient_norm": 4.5307464599609375, "pid": 4089419, "elapsed_this_session_seconds": 3721.3155965842307, "steps_this_session": 7460, "phase": "training", "gpu": "6"}
{"step": 7480, "total": 24000, "loss": 0.4124499559402466, "mixture_probability": 0.5, "actual_mixture": 0.484375, "gradient_norm": 4.679016590118408, "pid": 4089419, "elapsed_this_session_seconds": 3731.3592225424945, "steps_this_session": 7480, "phase": "training", "gpu": "6"}
{"step": 7500, "total": 24000, "loss": 0.4285881221294403, "mixture_probability": 0.5, "actual_mixture": 0.515625, "gradient_norm": 4.006937026977539, "pid": 4089419, "elapsed_this_session_seconds": 3741.527166141197, "steps_this_session": 7500, "phase": "training", "gpu": "6"}
{"step": 7520, "total": 24000, "loss": 0.23443761467933655, "mixture_probability": 0.5, "actual_mixture": 0.390625, "gradient_norm": 3.2388193607330322, "pid": 4089419, "elapsed_this_session_seconds": 3753.4673623684794, "steps_this_session": 7520, "phase": "training", "gpu": "6"}
{"step": 7540, "total": 24000, "loss": 0.42043018341064453, "mixture_probability": 0.5, "actual_mixture": 0.5625, "gradient_norm": 3.8799684047698975, "pid": 4089419, "elapsed_this_session_seconds": 3763.6198177011684, "steps_this_session": 7540, "phase": "training", "gpu": "6"}
{"step": 7560, "total": 24000, "loss": 0.42498889565467834, "mixture_probability": 0.5, "actual_mixture": 0.5625, "gradient_norm": 4.2223381996154785, "pid": 4089419, "elapsed_this_session_seconds": 3772.4655477721244, "steps_this_session": 7560, "phase": "training", "gpu": "6"}
{"step": 7580, "total": 24000, "loss": 0.2774120755493641, "mixture_probability": 0.5, "actual_mixture": 0.5, "gradient_norm": 2.8153436183929443, "pid": 4089419, "elapsed_this_session_seconds": 3783.3480711560696, "steps_this_session": 7580, "phase": "training", "gpu": "6"}
{"step": 7600, "total": 24000, "loss": 0.28901689127087593, "mixture_probability": 0.5, "actual_mixture": 0.390625, "gradient_norm": 3.2321863174438477, "pid": 4089419, "elapsed_this_session_seconds": 3794.6237463420257, "steps_this_session": 7600, "phase": "training", "gpu": "6"}
{"step": 7620, "total": 24000, "loss": 0.2694556899368763, "mixture_probability": 0.5, "actual_mixture": 0.40625, "gradient_norm": 3.228203535079956, "pid": 4089419, "elapsed_this_session_seconds": 3801.672416338697, "steps_this_session": 7620, "phase": "training", "gpu": "6"}
{"step": 7640, "total": 24000, "loss": 0.3344399742782116, "mixture_probability": 0.5, "actual_mixture": 0.546875, "gradient_norm": 4.293668746948242, "pid": 4089419, "elapsed_this_session_seconds": 3811.9913389431313, "steps_this_session": 7640, "phase": "training", "gpu": "6"}
{"step": 7660, "total": 24000, "loss": 0.3761207088828087, "mixture_probability": 0.5, "actual_mixture": 0.484375, "gradient_norm": 4.583456993103027, "pid": 4089419, "elapsed_this_session_seconds": 3822.4027462089434, "steps_this_session": 7660, "phase": "training", "gpu": "6"}
{"step": 7680, "total": 24000, "loss": 0.2921125665307045, "mixture_probability": 0.5, "actual_mixture": 0.5, "gradient_norm": 3.1439898014068604, "pid": 4089419, "elapsed_this_session_seconds": 3830.603984192945, "steps_this_session": 7680, "phase": "training", "gpu": "6"}
{"step": 7700, "total": 24000, "loss": 0.32584886252880096, "mixture_probability": 0.5, "actual_mixture": 0.453125, "gradient_norm": 3.2065391540527344, "pid": 4089419, "elapsed_this_session_seconds": 3839.4755764175206, "steps_this_session": 7700, "phase": "training", "gpu": "6"}
{"step": 7720, "total": 24000, "loss": 0.41069046407938004, "mixture_probability": 0.5, "actual_mixture": 0.546875, "gradient_norm": 4.3779988288879395, "pid": 4089419, "elapsed_this_session_seconds": 3849.4162857923657, "steps_this_session": 7720, "phase": "training", "gpu": "6"}
{"step": 7740, "total": 24000, "loss": 0.3220921568572521, "mixture_probability": 0.5, "actual_mixture": 0.453125, "gradient_norm": 3.2356486320495605, "pid": 4089419, "elapsed_this_session_seconds": 3860.0692013250664, "steps_this_session": 7740, "phase": "training", "gpu": "6"}
{"step": 7760, "total": 24000, "loss": 0.34268561005592346, "mixture_probability": 0.5, "actual_mixture": 0.40625, "gradient_norm": 3.769508123397827, "pid": 4089419, "elapsed_this_session_seconds": 3866.5236745113507, "steps_this_session": 7760, "phase": "training", "gpu": "6"}
{"step": 7780, "total": 24000, "loss": 0.34415189176797867, "mixture_probability": 0.5, "actual_mixture": 0.515625, "gradient_norm": 4.010037422180176, "pid": 4089419, "elapsed_this_session_seconds": 3876.1266405982897, "steps_this_session": 7780, "phase": "training", "gpu": "6"}
{"step": 7800, "total": 24000, "loss": 0.3682958036661148, "mixture_probability": 0.5, "actual_mixture": 0.5, "gradient_norm": 3.8745453357696533, "pid": 4089419, "elapsed_this_session_seconds": 3886.8121580090374, "steps_this_session": 7800, "phase": "training", "gpu": "6"}
{"step": 7820, "total": 24000, "loss": 0.4561842903494835, "mixture_probability": 0.5, "actual_mixture": 0.46875, "gradient_norm": 5.0551228523254395, "pid": 4089419, "elapsed_this_session_seconds": 3892.7220205981284, "steps_this_session": 7820, "phase": "training", "gpu": "6"}
{"step": 7840, "total": 24000, "loss": 0.25272389128804207, "mixture_probability": 0.5, "actual_mixture": 0.40625, "gradient_norm": 2.8200807571411133, "pid": 4089419, "elapsed_this_session_seconds": 3902.2831020755693, "steps_this_session": 7840, "phase": "training", "gpu": "6"}
{"step": 7860, "total": 24000, "loss": 0.453475683927536, "mixture_probability": 0.5, "actual_mixture": 0.421875, "gradient_norm": 5.947960376739502, "pid": 4089419, "elapsed_this_session_seconds": 3911.892598724924, "steps_this_session": 7860, "phase": "training", "gpu": "6"}
{"step": 7880, "total": 24000, "loss": 0.39605046808719635, "mixture_probability": 0.5, "actual_mixture": 0.5625, "gradient_norm": 3.433476448059082, "pid": 4089419, "elapsed_this_session_seconds": 3921.499979383312, "steps_this_session": 7880, "phase": "training", "gpu": "6"}
{"step": 7900, "total": 24000, "loss": 0.5065381526947021, "mixture_probability": 0.5, "actual_mixture": 0.453125, "gradient_norm": 4.430016040802002, "pid": 4089419, "elapsed_this_session_seconds": 3930.870490776375, "steps_this_session": 7900, "phase": "training", "gpu": "6"}
{"step": 7920, "total": 24000, "loss": 0.31410103291273117, "mixture_probability": 0.5, "actual_mixture": 0.40625, "gradient_norm": 3.0325608253479004, "pid": 4089419, "elapsed_this_session_seconds": 3939.4822556506842, "steps_this_session": 7920, "phase": "training", "gpu": "6"}
{"step": 7940, "total": 24000, "loss": 0.45798779278993607, "mixture_probability": 0.5, "actual_mixture": 0.5625, "gradient_norm": 7.11726713180542, "pid": 4089419, "elapsed_this_session_seconds": 3961.5116379084066, "steps_this_session": 7940, "phase": "training", "gpu": "6"}
{"step": 7960, "total": 24000, "loss": 0.5050903782248497, "mixture_probability": 0.5, "actual_mixture": 0.609375, "gradient_norm": 4.6032395362854, "pid": 4089419, "elapsed_this_session_seconds": 3983.6638705432415, "steps_this_session": 7960, "phase": "training", "gpu": "6"}
{"step": 7980, "total": 24000, "loss": 0.33213115483522415, "mixture_probability": 0.5, "actual_mixture": 0.484375, "gradient_norm": 3.5946059226989746, "pid": 4089419, "elapsed_this_session_seconds": 4005.5700322128832, "steps_this_session": 7980, "phase": "training", "gpu": "6"}
{"step": 8000, "total": 24000, "loss": 0.3718084469437599, "mixture_probability": 0.5, "actual_mixture": 0.59375, "gradient_norm": 3.780930995941162, "pid": 4089419, "elapsed_this_session_seconds": 4019.3077460331842, "steps_this_session": 8000, "phase": "training", "gpu": "6"}
{"step": 8020, "total": 24000, "loss": 0.34302332252264023, "mixture_probability": 0.5, "actual_mixture": 0.484375, "gradient_norm": 3.86885929107666, "pid": 4089419, "elapsed_this_session_seconds": 4138.824450752698, "steps_this_session": 8020, "phase": "training", "gpu": "6"}
{"step": 8040, "total": 24000, "loss": 0.5805117189884186, "mixture_probability": 0.5, "actual_mixture": 0.65625, "gradient_norm": 5.01008415222168, "pid": 4089419, "elapsed_this_session_seconds": 4147.762117595412, "steps_this_session": 8040, "phase": "training", "gpu": "6"}
{"step": 8060, "total": 24000, "loss": 0.3381930701434612, "mixture_probability": 0.5, "actual_mixture": 0.4375, "gradient_norm": 3.513392686843872, "pid": 4089419, "elapsed_this_session_seconds": 4156.171572600491, "steps_this_session": 8060, "phase": "training", "gpu": "6"}
{"step": 8080, "total": 24000, "loss": 0.4731355533003807, "mixture_probability": 0.5, "actual_mixture": 0.46875, "gradient_norm": 3.760740041732788, "pid": 4089419, "elapsed_this_session_seconds": 4162.605872978456, "steps_this_session": 8080, "phase": "training", "gpu": "6"}
{"step": 8100, "total": 24000, "loss": 0.3280240185558796, "mixture_probability": 0.5, "actual_mixture": 0.5, "gradient_norm": 3.6211276054382324, "pid": 4089419, "elapsed_this_session_seconds": 4171.400486025028, "steps_this_session": 8100, "phase": "training", "gpu": "6"}
{"step": 8120, "total": 24000, "loss": 0.37461263686418533, "mixture_probability": 0.5, "actual_mixture": 0.578125, "gradient_norm": 3.090688943862915, "pid": 4089419, "elapsed_this_session_seconds": 4180.143170487136, "steps_this_session": 8120, "phase": "training", "gpu": "6"}
{"step": 8140, "total": 24000, "loss": 0.42609722912311554, "mixture_probability": 0.5, "actual_mixture": 0.515625, "gradient_norm": 4.040397644042969, "pid": 4089419, "elapsed_this_session_seconds": 4188.713653699495, "steps_this_session": 8140, "phase": "training", "gpu": "6"}
{"step": 8160, "total": 24000, "loss": 0.49811212718486786, "mixture_probability": 0.5, "actual_mixture": 0.40625, "gradient_norm": 5.263088703155518, "pid": 4089419, "elapsed_this_session_seconds": 4196.263104145415, "steps_this_session": 8160, "phase": "training", "gpu": "6"}
{"step": 8180, "total": 24000, "loss": 0.47563349455595016, "mixture_probability": 0.5, "actual_mixture": 0.421875, "gradient_norm": 5.31585693359375, "pid": 4089419, "elapsed_this_session_seconds": 4203.368448680267, "steps_this_session": 8180, "phase": "training", "gpu": "6"}
{"step": 8200, "total": 24000, "loss": 0.3432740829885006, "mixture_probability": 0.5, "actual_mixture": 0.546875, "gradient_norm": 3.9154720306396484, "pid": 4089419, "elapsed_this_session_seconds": 4211.979796779342, "steps_this_session": 8200, "phase": "training", "gpu": "6"}
{"step": 8220, "total": 24000, "loss": 0.4583130404353142, "mixture_probability": 0.5, "actual_mixture": 0.609375, "gradient_norm": 3.802769899368286, "pid": 4089419, "elapsed_this_session_seconds": 4220.656547573395, "steps_this_session": 8220, "phase": "training", "gpu": "6"}
{"step": 8240, "total": 24000, "loss": 0.33832838013768196, "mixture_probability": 0.5, "actual_mixture": 0.5625, "gradient_norm": 3.892204999923706, "pid": 4089419, "elapsed_this_session_seconds": 4228.840391041711, "steps_this_session": 8240, "phase": "training", "gpu": "6"}
{"step": 8260, "total": 24000, "loss": 0.5079188123345375, "mixture_probability": 0.5, "actual_mixture": 0.578125, "gradient_norm": 4.470901966094971, "pid": 4089419, "elapsed_this_session_seconds": 4235.784569728188, "steps_this_session": 8260, "phase": "training", "gpu": "6"}
{"step": 8280, "total": 24000, "loss": 0.34801820665597916, "mixture_probability": 0.5, "actual_mixture": 0.515625, "gradient_norm": 3.2923061847686768, "pid": 4089419, "elapsed_this_session_seconds": 4243.2817139383405, "steps_this_session": 8280, "phase": "training", "gpu": "6"}
{"step": 8300, "total": 24000, "loss": 0.37552789971232414, "mixture_probability": 0.5, "actual_mixture": 0.40625, "gradient_norm": 3.6105144023895264, "pid": 4089419, "elapsed_this_session_seconds": 4251.362609646283, "steps_this_session": 8300, "phase": "training", "gpu": "6"}
{"step": 8320, "total": 24000, "loss": 0.28291797637939453, "mixture_probability": 0.5, "actual_mixture": 0.515625, "gradient_norm": 3.6565113067626953, "pid": 4089419, "elapsed_this_session_seconds": 4259.034767913632, "steps_this_session": 8320, "phase": "training", "gpu": "6"}
{"step": 8340, "total": 24000, "loss": 0.2786179669201374, "mixture_probability": 0.5, "actual_mixture": 0.453125, "gradient_norm": 3.44022274017334, "pid": 4089419, "elapsed_this_session_seconds": 4266.7476869234815, "steps_this_session": 8340, "phase": "training", "gpu": "6"}
{"step": 8360, "total": 24000, "loss": 0.39610182493925095, "mixture_probability": 0.5, "actual_mixture": 0.515625, "gradient_norm": 3.8061368465423584, "pid": 4089419, "elapsed_this_session_seconds": 4275.348821685649, "steps_this_session": 8360, "phase": "training", "gpu": "6"}
{"step": 8380, "total": 24000, "loss": 0.3828158378601074, "mixture_probability": 0.5, "actual_mixture": 0.53125, "gradient_norm": 3.969773769378662, "pid": 4089419, "elapsed_this_session_seconds": 4283.100962858647, "steps_this_session": 8380, "phase": "training", "gpu": "6"}
{"step": 8400, "total": 24000, "loss": 0.5464000925421715, "mixture_probability": 0.5, "actual_mixture": 0.5625, "gradient_norm": 4.787400722503662, "pid": 4089419, "elapsed_this_session_seconds": 4290.76172694657, "steps_this_session": 8400, "phase": "training", "gpu": "6"}
{"step": 8420, "total": 24000, "loss": 0.37031301110982895, "mixture_probability": 0.5, "actual_mixture": 0.5625, "gradient_norm": 3.3175041675567627, "pid": 4089419, "elapsed_this_session_seconds": 4298.443731067702, "steps_this_session": 8420, "phase": "training", "gpu": "6"}
{"step": 8440, "total": 24000, "loss": 0.36457111686468124, "mixture_probability": 0.5, "actual_mixture": 0.578125, "gradient_norm": 4.274184226989746, "pid": 4089419, "elapsed_this_session_seconds": 4306.16312034335, "steps_this_session": 8440, "phase": "training", "gpu": "6"}
{"step": 8460, "total": 24000, "loss": 0.38309725001454353, "mixture_probability": 0.5, "actual_mixture": 0.453125, "gradient_norm": 4.15146541595459, "pid": 4089419, "elapsed_this_session_seconds": 4314.128403018229, "steps_this_session": 8460, "phase": "training", "gpu": "6"}
{"step": 8480, "total": 24000, "loss": 0.4052268788218498, "mixture_probability": 0.5, "actual_mixture": 0.484375, "gradient_norm": 3.915621757507324, "pid": 4089419, "elapsed_this_session_seconds": 4321.756689775735, "steps_this_session": 8480, "phase": "training", "gpu": "6"}
{"step": 8500, "total": 24000, "loss": 0.3601686954498291, "mixture_probability": 0.5, "actual_mixture": 0.59375, "gradient_norm": 3.7839202880859375, "pid": 4089419, "elapsed_this_session_seconds": 4329.354781593196, "steps_this_session": 8500, "phase": "training", "gpu": "6"}
{"step": 8520, "total": 24000, "loss": 0.301659420132637, "mixture_probability": 0.5, "actual_mixture": 0.421875, "gradient_norm": 3.448561191558838, "pid": 4089419, "elapsed_this_session_seconds": 4336.9472177112475, "steps_this_session": 8520, "phase": "training", "gpu": "6"}
{"step": 8540, "total": 24000, "loss": 0.4184834286570549, "mixture_probability": 0.5, "actual_mixture": 0.46875, "gradient_norm": 3.577280282974243, "pid": 4089419, "elapsed_this_session_seconds": 4344.744433914311, "steps_this_session": 8540, "phase": "training", "gpu": "6"}
{"step": 8560, "total": 24000, "loss": 0.485014371573925, "mixture_probability": 0.5, "actual_mixture": 0.59375, "gradient_norm": 4.513232707977295, "pid": 4089419, "elapsed_this_session_seconds": 4352.669511339627, "steps_this_session": 8560, "phase": "training", "gpu": "6"}
{"step": 8580, "total": 24000, "loss": 0.5038136392831802, "mixture_probability": 0.5, "actual_mixture": 0.5625, "gradient_norm": 4.155515670776367, "pid": 4089419, "elapsed_this_session_seconds": 4360.272223092616, "steps_this_session": 8580, "phase": "training", "gpu": "6"}
{"step": 8600, "total": 24000, "loss": 0.3130345717072487, "mixture_probability": 0.5, "actual_mixture": 0.546875, "gradient_norm": 2.9058594703674316, "pid": 4089419, "elapsed_this_session_seconds": 4367.843366833404, "steps_this_session": 8600, "phase": "training", "gpu": "6"}
{"step": 8620, "total": 24000, "loss": 0.3726683109998703, "mixture_probability": 0.5, "actual_mixture": 0.484375, "gradient_norm": 4.289611339569092, "pid": 4089419, "elapsed_this_session_seconds": 4375.396244538948, "steps_this_session": 8620, "phase": "training", "gpu": "6"}
{"step": 8640, "total": 24000, "loss": 0.3124231547117233, "mixture_probability": 0.5, "actual_mixture": 0.484375, "gradient_norm": 3.0153961181640625, "pid": 4089419, "elapsed_this_session_seconds": 4382.990436478518, "steps_this_session": 8640, "phase": "training", "gpu": "6"}
{"step": 8660, "total": 24000, "loss": 0.3515887074172497, "mixture_probability": 0.5, "actual_mixture": 0.40625, "gradient_norm": 3.14963960647583, "pid": 4089419, "elapsed_this_session_seconds": 4390.989589522593, "steps_this_session": 8660, "phase": "training", "gpu": "6"}
{"step": 8680, "total": 24000, "loss": 0.3840707540512085, "mixture_probability": 0.5, "actual_mixture": 0.46875, "gradient_norm": 4.851687908172607, "pid": 4089419, "elapsed_this_session_seconds": 4398.506221360527, "steps_this_session": 8680, "phase": "training", "gpu": "6"}
{"step": 8700, "total": 24000, "loss": 0.3693934753537178, "mixture_probability": 0.5, "actual_mixture": 0.421875, "gradient_norm": 4.402159214019775, "pid": 4089419, "elapsed_this_session_seconds": 4406.064758513123, "steps_this_session": 8700, "phase": "training", "gpu": "6"}
{"step": 8720, "total": 24000, "loss": 0.3567381650209427, "mixture_probability": 0.5, "actual_mixture": 0.421875, "gradient_norm": 3.755707025527954, "pid": 4089419, "elapsed_this_session_seconds": 4413.64450399857, "steps_this_session": 8720, "phase": "training", "gpu": "6"}
{"step": 8740, "total": 24000, "loss": 0.39710206538438797, "mixture_probability": 0.5, "actual_mixture": 0.453125, "gradient_norm": 10.01475715637207, "pid": 4089419, "elapsed_this_session_seconds": 4421.211925346404, "steps_this_session": 8740, "phase": "training", "gpu": "6"}
{"step": 8760, "total": 24000, "loss": 0.41172587871551514, "mixture_probability": 0.5, "actual_mixture": 0.484375, "gradient_norm": 4.396595478057861, "pid": 4089419, "elapsed_this_session_seconds": 4429.214219447225, "steps_this_session": 8760, "phase": "training", "gpu": "6"}
{"step": 8780, "total": 24000, "loss": 0.4253808706998825, "mixture_probability": 0.5, "actual_mixture": 0.53125, "gradient_norm": 4.010788440704346, "pid": 4089419, "elapsed_this_session_seconds": 4436.933516535908, "steps_this_session": 8780, "phase": "training", "gpu": "6"}
{"step": 8800, "total": 24000, "loss": 0.3002794496715069, "mixture_probability": 0.5, "actual_mixture": 0.40625, "gradient_norm": 4.07310152053833, "pid": 4089419, "elapsed_this_session_seconds": 4444.3247590735555, "steps_this_session": 8800, "phase": "training", "gpu": "6"}
{"step": 8820, "total": 24000, "loss": 0.3125447630882263, "mixture_probability": 0.5, "actual_mixture": 0.4375, "gradient_norm": 8.88644790649414, "pid": 4089419, "elapsed_this_session_seconds": 4451.587098298594, "steps_this_session": 8820, "phase": "training", "gpu": "6"}
{"step": 8840, "total": 24000, "loss": 0.42039569467306137, "mixture_probability": 0.5, "actual_mixture": 0.546875, "gradient_norm": 4.757009983062744, "pid": 4089419, "elapsed_this_session_seconds": 4458.980165343732, "steps_this_session": 8840, "phase": "training", "gpu": "6"}
{"step": 8860, "total": 24000, "loss": 0.3305613696575165, "mixture_probability": 0.5, "actual_mixture": 0.4375, "gradient_norm": 3.70333194732666, "pid": 4089419, "elapsed_this_session_seconds": 4466.413139591925, "steps_this_session": 8860, "phase": "training", "gpu": "6"}
{"step": 8880, "total": 24000, "loss": 0.34020376205444336, "mixture_probability": 0.5, "actual_mixture": 0.46875, "gradient_norm": 3.4305508136749268, "pid": 4089419, "elapsed_this_session_seconds": 4474.372024931014, "steps_this_session": 8880, "phase": "training", "gpu": "6"}
{"step": 8900, "total": 24000, "loss": 0.4226856976747513, "mixture_probability": 0.5, "actual_mixture": 0.46875, "gradient_norm": 3.693753719329834, "pid": 4089419, "elapsed_this_session_seconds": 4481.9140964513645, "steps_this_session": 8900, "phase": "training", "gpu": "6"}
{"step": 8920, "total": 24000, "loss": 0.3663940653204918, "mixture_probability": 0.5, "actual_mixture": 0.578125, "gradient_norm": 4.241455554962158, "pid": 4089419, "elapsed_this_session_seconds": 4489.408109438606, "steps_this_session": 8920, "phase": "training", "gpu": "6"}
{"step": 8940, "total": 24000, "loss": 0.43713827431201935, "mixture_probability": 0.5, "actual_mixture": 0.5, "gradient_norm": 3.676887273788452, "pid": 4089419, "elapsed_this_session_seconds": 4496.913248695433, "steps_this_session": 8940, "phase": "training", "gpu": "6"}
{"step": 8960, "total": 24000, "loss": 0.336246307939291, "mixture_probability": 0.5, "actual_mixture": 0.4375, "gradient_norm": 3.2632031440734863, "pid": 4089419, "elapsed_this_session_seconds": 4504.304622113705, "steps_this_session": 8960, "phase": "training", "gpu": "6"}
{"step": 8980, "total": 24000, "loss": 0.23143799230456352, "mixture_probability": 0.5, "actual_mixture": 0.5625, "gradient_norm": 3.14778995513916, "pid": 4089419, "elapsed_this_session_seconds": 4512.15245610103, "steps_this_session": 8980, "phase": "training", "gpu": "6"}
{"step": 9000, "total": 24000, "loss": 0.3799927830696106, "mixture_probability": 0.5, "actual_mixture": 0.53125, "gradient_norm": 3.662932872772217, "pid": 4089419, "elapsed_this_session_seconds": 4519.557868724689, "steps_this_session": 9000, "phase": "training", "gpu": "6"}
{"step": 9020, "total": 24000, "loss": 0.3280109167098999, "mixture_probability": 0.5, "actual_mixture": 0.5, "gradient_norm": 3.3940370082855225, "pid": 4089419, "elapsed_this_session_seconds": 4526.968437265605, "steps_this_session": 9020, "phase": "training", "gpu": "6"}
{"step": 9040, "total": 24000, "loss": 0.39805372059345245, "mixture_probability": 0.5, "actual_mixture": 0.546875, "gradient_norm": 3.895249128341675, "pid": 4089419, "elapsed_this_session_seconds": 4534.397748499177, "steps_this_session": 9040, "phase": "training", "gpu": "6"}
{"step": 9060, "total": 24000, "loss": 0.38108638674020767, "mixture_probability": 0.5, "actual_mixture": 0.515625, "gradient_norm": 4.453993320465088, "pid": 4089419, "elapsed_this_session_seconds": 4542.511701457202, "steps_this_session": 9060, "phase": "training", "gpu": "6"}
{"step": 9080, "total": 24000, "loss": 0.36228562891483307, "mixture_probability": 0.5, "actual_mixture": 0.390625, "gradient_norm": 3.68485689163208, "pid": 4089419, "elapsed_this_session_seconds": 4550.040476691909, "steps_this_session": 9080, "phase": "training", "gpu": "6"}
{"step": 9100, "total": 24000, "loss": 0.29517862200737, "mixture_probability": 0.5, "actual_mixture": 0.421875, "gradient_norm": 3.200864315032959, "pid": 4089419, "elapsed_this_session_seconds": 4557.523235280067, "steps_this_session": 9100, "phase": "training", "gpu": "6"}
{"step": 9120, "total": 24000, "loss": 0.33601468056440353, "mixture_probability": 0.5, "actual_mixture": 0.53125, "gradient_norm": 3.2510056495666504, "pid": 4089419, "elapsed_this_session_seconds": 4564.99042224139, "steps_this_session": 9120, "phase": "training", "gpu": "6"}
{"step": 9140, "total": 24000, "loss": 0.39061904698610306, "mixture_probability": 0.5, "actual_mixture": 0.515625, "gradient_norm": 3.9072165489196777, "pid": 4089419, "elapsed_this_session_seconds": 4572.571473686025, "steps_this_session": 9140, "phase": "training", "gpu": "6"}
{"step": 9160, "total": 24000, "loss": 0.27691495791077614, "mixture_probability": 0.5, "actual_mixture": 0.453125, "gradient_norm": 3.5398712158203125, "pid": 4089419, "elapsed_this_session_seconds": 4580.118893556297, "steps_this_session": 9160, "phase": "training", "gpu": "6"}
{"step": 9180, "total": 24000, "loss": 0.37091348320245743, "mixture_probability": 0.5, "actual_mixture": 0.421875, "gradient_norm": 3.618025302886963, "pid": 4089419, "elapsed_this_session_seconds": 4587.653425287455, "steps_this_session": 9180, "phase": "training", "gpu": "6"}
{"step": 9200, "total": 24000, "loss": 0.32145651429891586, "mixture_probability": 0.5, "actual_mixture": 0.53125, "gradient_norm": 3.428550958633423, "pid": 4089419, "elapsed_this_session_seconds": 4603.847911985591, "steps_this_session": 9200, "phase": "training", "gpu": "6"}
{"step": 9220, "total": 24000, "loss": 0.3159474581480026, "mixture_probability": 0.5, "actual_mixture": 0.484375, "gradient_norm": 3.5786969661712646, "pid": 4089419, "elapsed_this_session_seconds": 4624.2568405382335, "steps_this_session": 9220, "phase": "training", "gpu": "6"}
{"step": 9240, "total": 24000, "loss": 0.4005941227078438, "mixture_probability": 0.5, "actual_mixture": 0.546875, "gradient_norm": 3.9569969177246094, "pid": 4089419, "elapsed_this_session_seconds": 4632.300836170092, "steps_this_session": 9240, "phase": "training", "gpu": "6"}
{"step": 9260, "total": 24000, "loss": 0.3481808006763458, "mixture_probability": 0.5, "actual_mixture": 0.46875, "gradient_norm": 4.082561492919922, "pid": 4089419, "elapsed_this_session_seconds": 4639.347546907142, "steps_this_session": 9260, "phase": "training", "gpu": "6"}
{"step": 9280, "total": 24000, "loss": 0.4837001636624336, "mixture_probability": 0.5, "actual_mixture": 0.421875, "gradient_norm": 4.9226579666137695, "pid": 4089419, "elapsed_this_session_seconds": 4647.779003214091, "steps_this_session": 9280, "phase": "training", "gpu": "6"}
{"step": 9300, "total": 24000, "loss": 0.427501380443573, "mixture_probability": 0.5, "actual_mixture": 0.46875, "gradient_norm": 4.815690040588379, "pid": 4089419, "elapsed_this_session_seconds": 4657.386443797499, "steps_this_session": 9300, "phase": "training", "gpu": "6"}
{"step": 9320, "total": 24000, "loss": 0.4309832341969013, "mixture_probability": 0.5, "actual_mixture": 0.515625, "gradient_norm": 4.554755210876465, "pid": 4089419, "elapsed_this_session_seconds": 4667.328256599605, "steps_this_session": 9320, "phase": "training", "gpu": "6"}
{"step": 9340, "total": 24000, "loss": 0.28258147835731506, "mixture_probability": 0.5, "actual_mixture": 0.46875, "gradient_norm": 4.191822528839111, "pid": 4089419, "elapsed_this_session_seconds": 4673.332146398723, "steps_this_session": 9340, "phase": "training", "gpu": "6"}
{"step": 9360, "total": 24000, "loss": 0.4313797131180763, "mixture_probability": 0.5, "actual_mixture": 0.484375, "gradient_norm": 3.8570423126220703, "pid": 4089419, "elapsed_this_session_seconds": 4682.604593935423, "steps_this_session": 9360, "phase": "training", "gpu": "6"}
{"step": 9380, "total": 24000, "loss": 0.4220096692442894, "mixture_probability": 0.5, "actual_mixture": 0.4375, "gradient_norm": 3.4274258613586426, "pid": 4089419, "elapsed_this_session_seconds": 4691.713852945715, "steps_this_session": 9380, "phase": "training", "gpu": "6"}
{"step": 9400, "total": 24000, "loss": 0.35268955677747726, "mixture_probability": 0.5, "actual_mixture": 0.4375, "gradient_norm": 3.3141376972198486, "pid": 4089419, "elapsed_this_session_seconds": 4700.84425746277, "steps_this_session": 9400, "phase": "training", "gpu": "6"}
{"step": 9420, "total": 24000, "loss": 0.3092160001397133, "mixture_probability": 0.5, "actual_mixture": 0.375, "gradient_norm": 3.968482494354248, "pid": 4089419, "elapsed_this_session_seconds": 4708.975819930434, "steps_this_session": 9420, "phase": "training", "gpu": "6"}
{"step": 9440, "total": 24000, "loss": 0.3183826506137848, "mixture_probability": 0.5, "actual_mixture": 0.5625, "gradient_norm": 3.5432379245758057, "pid": 4089419, "elapsed_this_session_seconds": 4716.460637301207, "steps_this_session": 9440, "phase": "training", "gpu": "6"}
{"step": 9460, "total": 24000, "loss": 0.3691016808152199, "mixture_probability": 0.5, "actual_mixture": 0.484375, "gradient_norm": 4.149400234222412, "pid": 4089419, "elapsed_this_session_seconds": 4725.250685039908, "steps_this_session": 9460, "phase": "training", "gpu": "6"}
{"step": 9480, "total": 24000, "loss": 0.3812524899840355, "mixture_probability": 0.5, "actual_mixture": 0.515625, "gradient_norm": 3.613996982574463, "pid": 4089419, "elapsed_this_session_seconds": 4734.213766541332, "steps_this_session": 9480, "phase": "training", "gpu": "6"}
{"step": 9500, "total": 24000, "loss": 0.28614911437034607, "mixture_probability": 0.5, "actual_mixture": 0.515625, "gradient_norm": 3.048835277557373, "pid": 4089419, "elapsed_this_session_seconds": 4741.942169037648, "steps_this_session": 9500, "phase": "training", "gpu": "6"}
{"step": 9520, "total": 24000, "loss": 0.42886851727962494, "mixture_probability": 0.5, "actual_mixture": 0.53125, "gradient_norm": 4.0744733810424805, "pid": 4089419, "elapsed_this_session_seconds": 4748.9052723245695, "steps_this_session": 9520, "phase": "training", "gpu": "6"}
{"step": 9540, "total": 24000, "loss": 0.3563518077135086, "mixture_probability": 0.5, "actual_mixture": 0.53125, "gradient_norm": 3.7215399742126465, "pid": 4089419, "elapsed_this_session_seconds": 4757.932729019783, "steps_this_session": 9540, "phase": "training", "gpu": "6"}
{"step": 9560, "total": 24000, "loss": 0.38832202926278114, "mixture_probability": 0.5, "actual_mixture": 0.578125, "gradient_norm": 3.880061388015747, "pid": 4089419, "elapsed_this_session_seconds": 4766.850624876097, "steps_this_session": 9560, "phase": "training", "gpu": "6"}
{"step": 9580, "total": 24000, "loss": 0.28656624630093575, "mixture_probability": 0.5, "actual_mixture": 0.46875, "gradient_norm": 2.9760773181915283, "pid": 4089419, "elapsed_this_session_seconds": 4775.606459601782, "steps_this_session": 9580, "phase": "training", "gpu": "6"}
{"step": 9600, "total": 24000, "loss": 0.3416329175233841, "mixture_probability": 0.5, "actual_mixture": 0.53125, "gradient_norm": 3.612186908721924, "pid": 4089419, "elapsed_this_session_seconds": 4784.227116723545, "steps_this_session": 9600, "phase": "training", "gpu": "6"}
{"step": 9620, "total": 24000, "loss": 0.40843241661787033, "mixture_probability": 0.5, "actual_mixture": 0.515625, "gradient_norm": 5.348612308502197, "pid": 4089419, "elapsed_this_session_seconds": 4792.955740108155, "steps_this_session": 9620, "phase": "training", "gpu": "6"}
{"step": 9640, "total": 24000, "loss": 0.3623202107846737, "mixture_probability": 0.5, "actual_mixture": 0.5, "gradient_norm": 3.9779186248779297, "pid": 4089419, "elapsed_this_session_seconds": 4801.747101834044, "steps_this_session": 9640, "phase": "training", "gpu": "6"}
{"step": 9660, "total": 24000, "loss": 0.3302754685282707, "mixture_probability": 0.5, "actual_mixture": 0.53125, "gradient_norm": 4.015143871307373, "pid": 4089419, "elapsed_this_session_seconds": 4810.329939039424, "steps_this_session": 9660, "phase": "training", "gpu": "6"}
{"step": 9680, "total": 24000, "loss": 0.32520292699337006, "mixture_probability": 0.5, "actual_mixture": 0.46875, "gradient_norm": 3.2445573806762695, "pid": 4089419, "elapsed_this_session_seconds": 4818.992282999679, "steps_this_session": 9680, "phase": "training", "gpu": "6"}
{"step": 9700, "total": 24000, "loss": 0.4095951318740845, "mixture_probability": 0.5, "actual_mixture": 0.5625, "gradient_norm": 3.846407413482666, "pid": 4089419, "elapsed_this_session_seconds": 4827.463463250548, "steps_this_session": 9700, "phase": "training", "gpu": "6"}
{"step": 9720, "total": 24000, "loss": 0.3526824787259102, "mixture_probability": 0.5, "actual_mixture": 0.515625, "gradient_norm": 3.6202504634857178, "pid": 4089419, "elapsed_this_session_seconds": 4836.262960371561, "steps_this_session": 9720, "phase": "training", "gpu": "6"}
{"step": 9740, "total": 24000, "loss": 0.3345246687531471, "mixture_probability": 0.5, "actual_mixture": 0.453125, "gradient_norm": 4.12466287612915, "pid": 4089419, "elapsed_this_session_seconds": 4845.084882136434, "steps_this_session": 9740, "phase": "training", "gpu": "6"}
{"step": 9760, "total": 24000, "loss": 0.3375972956418991, "mixture_probability": 0.5, "actual_mixture": 0.53125, "gradient_norm": 3.8040966987609863, "pid": 4089419, "elapsed_this_session_seconds": 4871.336276825517, "steps_this_session": 9760, "phase": "training", "gpu": "6"}
{"step": 9780, "total": 24000, "loss": 0.25108346715569496, "mixture_probability": 0.5, "actual_mixture": 0.4375, "gradient_norm": 2.8966455459594727, "pid": 4089419, "elapsed_this_session_seconds": 4893.97843139898, "steps_this_session": 9780, "phase": "training", "gpu": "6"}
{"step": 9800, "total": 24000, "loss": 0.3756188675761223, "mixture_probability": 0.5, "actual_mixture": 0.515625, "gradient_norm": 3.6648643016815186, "pid": 4089419, "elapsed_this_session_seconds": 4916.14339099545, "steps_this_session": 9800, "phase": "training", "gpu": "6"}
{"step": 9820, "total": 24000, "loss": 0.3583484813570976, "mixture_probability": 0.5, "actual_mixture": 0.453125, "gradient_norm": 3.408444404602051, "pid": 4089419, "elapsed_this_session_seconds": 4934.750773202628, "steps_this_session": 9820, "phase": "training", "gpu": "6"}
{"step": 9840, "total": 24000, "loss": 0.553060457110405, "mixture_probability": 0.5, "actual_mixture": 0.484375, "gradient_norm": 4.972238540649414, "pid": 4089419, "elapsed_this_session_seconds": 4940.326668312773, "steps_this_session": 9840, "phase": "training", "gpu": "6"}
{"step": 9860, "total": 24000, "loss": 0.3990665376186371, "mixture_probability": 0.5, "actual_mixture": 0.515625, "gradient_norm": 5.143566131591797, "pid": 4089419, "elapsed_this_session_seconds": 4951.572548474185, "steps_this_session": 9860, "phase": "training", "gpu": "6"}
{"step": 9880, "total": 24000, "loss": 0.24185415357351303, "mixture_probability": 0.5, "actual_mixture": 0.46875, "gradient_norm": 3.6874685287475586, "pid": 4089419, "elapsed_this_session_seconds": 4963.151138062589, "steps_this_session": 9880, "phase": "training", "gpu": "6"}
{"step": 9900, "total": 24000, "loss": 0.25232408940792084, "mixture_probability": 0.5, "actual_mixture": 0.5625, "gradient_norm": 7.870795249938965, "pid": 4089419, "elapsed_this_session_seconds": 4974.014609957114, "steps_this_session": 9900, "phase": "training", "gpu": "6"}
{"step": 9920, "total": 24000, "loss": 0.3367474600672722, "mixture_probability": 0.5, "actual_mixture": 0.484375, "gradient_norm": 3.1329309940338135, "pid": 4089419, "elapsed_this_session_seconds": 4987.565797735006, "steps_this_session": 9920, "phase": "training", "gpu": "6"}
{"step": 9940, "total": 24000, "loss": 0.2622806616127491, "mixture_probability": 0.5, "actual_mixture": 0.4375, "gradient_norm": 3.292924642562866, "pid": 4089419, "elapsed_this_session_seconds": 4995.690230348147, "steps_this_session": 9940, "phase": "training", "gpu": "6"}
{"step": 9960, "total": 24000, "loss": 0.40013180673122406, "mixture_probability": 0.5, "actual_mixture": 0.53125, "gradient_norm": 3.775818109512329, "pid": 4089419, "elapsed_this_session_seconds": 5007.666903025471, "steps_this_session": 9960, "phase": "training", "gpu": "6"}
{"step": 9980, "total": 24000, "loss": 0.3498557209968567, "mixture_probability": 0.5, "actual_mixture": 0.453125, "gradient_norm": 4.937283515930176, "pid": 4089419, "elapsed_this_session_seconds": 5018.170921519399, "steps_this_session": 9980, "phase": "training", "gpu": "6"}
{"step": 10000, "total": 24000, "loss": 0.34035202488303185, "mixture_probability": 0.5, "actual_mixture": 0.53125, "gradient_norm": 3.608055353164673, "pid": 4089419, "elapsed_this_session_seconds": 5028.941037856042, "steps_this_session": 10000, "phase": "training", "gpu": "6"}
{"step": 10020, "total": 24000, "loss": 0.3429574891924858, "mixture_probability": 0.5, "actual_mixture": 0.578125, "gradient_norm": 4.014113903045654, "pid": 4089419, "elapsed_this_session_seconds": 5153.6545283049345, "steps_this_session": 10020, "phase": "training", "gpu": "6"}
{"step": 10040, "total": 24000, "loss": 0.3485119491815567, "mixture_probability": 0.5, "actual_mixture": 0.46875, "gradient_norm": 3.6510472297668457, "pid": 4089419, "elapsed_this_session_seconds": 5163.115188076161, "steps_this_session": 10040, "phase": "training", "gpu": "6"}
{"step": 10060, "total": 24000, "loss": 0.28373677283525467, "mixture_probability": 0.5, "actual_mixture": 0.46875, "gradient_norm": 3.2236759662628174, "pid": 4089419, "elapsed_this_session_seconds": 5172.245385721326, "steps_this_session": 10060, "phase": "training", "gpu": "6"}
{"step": 10080, "total": 24000, "loss": 0.28227974101901054, "mixture_probability": 0.5, "actual_mixture": 0.5, "gradient_norm": 2.778193950653076, "pid": 4089419, "elapsed_this_session_seconds": 5180.7205848656595, "steps_this_session": 10080, "phase": "training", "gpu": "6"}
{"step": 10100, "total": 24000, "loss": 0.3365693911910057, "mixture_probability": 0.5, "actual_mixture": 0.53125, "gradient_norm": 3.365666151046753, "pid": 4089419, "elapsed_this_session_seconds": 5188.149224516936, "steps_this_session": 10100, "phase": "training", "gpu": "6"}
{"step": 10120, "total": 24000, "loss": 0.30555230379104614, "mixture_probability": 0.5, "actual_mixture": 0.5, "gradient_norm": 2.842120885848999, "pid": 4089419, "elapsed_this_session_seconds": 5195.617076273076, "steps_this_session": 10120, "phase": "training", "gpu": "6"}
{"step": 10140, "total": 24000, "loss": 0.3242182210087776, "mixture_probability": 0.5, "actual_mixture": 0.53125, "gradient_norm": 4.222090244293213, "pid": 4089419, "elapsed_this_session_seconds": 5203.181017844938, "steps_this_session": 10140, "phase": "training", "gpu": "6"}
{"step": 10160, "total": 24000, "loss": 0.29912151023745537, "mixture_probability": 0.5, "actual_mixture": 0.578125, "gradient_norm": 2.853905439376831, "pid": 4089419, "elapsed_this_session_seconds": 5211.449118316174, "steps_this_session": 10160, "phase": "training", "gpu": "6"}
{"step": 10180, "total": 24000, "loss": 0.43643906712532043, "mixture_probability": 0.5, "actual_mixture": 0.546875, "gradient_norm": 4.397629737854004, "pid": 4089419, "elapsed_this_session_seconds": 5218.8901036651805, "steps_this_session": 10180, "phase": "training", "gpu": "6"}
{"step": 10200, "total": 24000, "loss": 0.3575281761586666, "mixture_probability": 0.5, "actual_mixture": 0.5, "gradient_norm": 3.3956217765808105, "pid": 4089419, "elapsed_this_session_seconds": 5226.430139069445, "steps_this_session": 10200, "phase": "training", "gpu": "6"}
{"step": 10220, "total": 24000, "loss": 0.4525114372372627, "mixture_probability": 0.5, "actual_mixture": 0.46875, "gradient_norm": 5.020920753479004, "pid": 4089419, "elapsed_this_session_seconds": 5233.935314284638, "steps_this_session": 10220, "phase": "training", "gpu": "6"}
{"step": 10240, "total": 24000, "loss": 0.3053080849349499, "mixture_probability": 0.5, "actual_mixture": 0.46875, "gradient_norm": 3.242485523223877, "pid": 4089419, "elapsed_this_session_seconds": 5241.633947740309, "steps_this_session": 10240, "phase": "training", "gpu": "6"}
{"step": 10260, "total": 24000, "loss": 0.3406802788376808, "mixture_probability": 0.5, "actual_mixture": 0.515625, "gradient_norm": 4.442195892333984, "pid": 4089419, "elapsed_this_session_seconds": 5249.14560439717, "steps_this_session": 10260, "phase": "training", "gpu": "6"}
{"step": 10280, "total": 24000, "loss": 0.3511803299188614, "mixture_probability": 0.5, "actual_mixture": 0.5625, "gradient_norm": 3.610991954803467, "pid": 4089419, "elapsed_this_session_seconds": 5256.514070671983, "steps_this_session": 10280, "phase": "training", "gpu": "6"}
{"step": 10300, "total": 24000, "loss": 0.36562035232782364, "mixture_probability": 0.5, "actual_mixture": 0.5, "gradient_norm": 4.0860595703125, "pid": 4089419, "elapsed_this_session_seconds": 5270.177036914974, "steps_this_session": 10300, "phase": "training", "gpu": "6"}
{"step": 10320, "total": 24000, "loss": 0.4040507525205612, "mixture_probability": 0.5, "actual_mixture": 0.53125, "gradient_norm": 3.7527589797973633, "pid": 4089419, "elapsed_this_session_seconds": 5292.084538596682, "steps_this_session": 10320, "phase": "training", "gpu": "6"}
{"step": 10340, "total": 24000, "loss": 0.3363417685031891, "mixture_probability": 0.5, "actual_mixture": 0.484375, "gradient_norm": 3.5624635219573975, "pid": 4089419, "elapsed_this_session_seconds": 5312.408418877982, "steps_this_session": 10340, "phase": "training", "gpu": "6"}
{"step": 10360, "total": 24000, "loss": 0.27109696716070175, "mixture_probability": 0.5, "actual_mixture": 0.515625, "gradient_norm": 3.2816312313079834, "pid": 4089419, "elapsed_this_session_seconds": 5321.585470839404, "steps_this_session": 10360, "phase": "training", "gpu": "6"}
{"step": 10380, "total": 24000, "loss": 0.2558962441980839, "mixture_probability": 0.5, "actual_mixture": 0.421875, "gradient_norm": 2.7116568088531494, "pid": 4089419, "elapsed_this_session_seconds": 5327.8985263621435, "steps_this_session": 10380, "phase": "training", "gpu": "6"}
{"step": 10400, "total": 24000, "loss": 0.3169592022895813, "mixture_probability": 0.5, "actual_mixture": 0.46875, "gradient_norm": 3.738839864730835, "pid": 4089419, "elapsed_this_session_seconds": 5336.346353217028, "steps_this_session": 10400, "phase": "training", "gpu": "6"}
{"step": 10420, "total": 24000, "loss": 0.423851914703846, "mixture_probability": 0.5, "actual_mixture": 0.5625, "gradient_norm": 3.9678590297698975, "pid": 4089419, "elapsed_this_session_seconds": 5345.516959060915, "steps_this_session": 10420, "phase": "training", "gpu": "6"}
{"step": 10440, "total": 24000, "loss": 0.2977178320288658, "mixture_probability": 0.5, "actual_mixture": 0.5625, "gradient_norm": 3.277113676071167, "pid": 4089419, "elapsed_this_session_seconds": 5354.504137435928, "steps_this_session": 10440, "phase": "training", "gpu": "6"}
{"step": 10460, "total": 24000, "loss": 0.3546016588807106, "mixture_probability": 0.5, "actual_mixture": 0.515625, "gradient_norm": 3.663924217224121, "pid": 4089419, "elapsed_this_session_seconds": 5361.778359496035, "steps_this_session": 10460, "phase": "training", "gpu": "6"}
{"step": 10480, "total": 24000, "loss": 0.40870799124240875, "mixture_probability": 0.5, "actual_mixture": 0.453125, "gradient_norm": 3.6339945793151855, "pid": 4089419, "elapsed_this_session_seconds": 5369.740098982118, "steps_this_session": 10480, "phase": "training", "gpu": "6"}
{"step": 10500, "total": 24000, "loss": 0.394496813416481, "mixture_probability": 0.5, "actual_mixture": 0.46875, "gradient_norm": 3.6597676277160645, "pid": 4089419, "elapsed_this_session_seconds": 5378.596298780292, "steps_this_session": 10500, "phase": "training", "gpu": "6"}
{"step": 10520, "total": 24000, "loss": 0.3636277765035629, "mixture_probability": 0.5, "actual_mixture": 0.5, "gradient_norm": 4.12694787979126, "pid": 4089419, "elapsed_this_session_seconds": 5387.035231408663, "steps_this_session": 10520, "phase": "training", "gpu": "6"}
{"step": 10540, "total": 24000, "loss": 0.4010123908519745, "mixture_probability": 0.5, "actual_mixture": 0.546875, "gradient_norm": 3.571139335632324, "pid": 4089419, "elapsed_this_session_seconds": 5396.77665808145, "steps_this_session": 10540, "phase": "training", "gpu": "6"}
{"step": 10560, "total": 24000, "loss": 0.3205765336751938, "mixture_probability": 0.5, "actual_mixture": 0.484375, "gradient_norm": 3.5205318927764893, "pid": 4089419, "elapsed_this_session_seconds": 5402.445840450935, "steps_this_session": 10560, "phase": "training", "gpu": "6"}
{"step": 10580, "total": 24000, "loss": 0.3260575793683529, "mixture_probability": 0.5, "actual_mixture": 0.46875, "gradient_norm": 2.962437152862549, "pid": 4089419, "elapsed_this_session_seconds": 5411.37105014734, "steps_this_session": 10580, "phase": "training", "gpu": "6"}
{"step": 10600, "total": 24000, "loss": 0.3731132671236992, "mixture_probability": 0.5, "actual_mixture": 0.578125, "gradient_norm": 3.8517966270446777, "pid": 4089419, "elapsed_this_session_seconds": 5420.112945849076, "steps_this_session": 10600, "phase": "training", "gpu": "6"}
{"step": 10620, "total": 24000, "loss": 0.35241367667913437, "mixture_probability": 0.5, "actual_mixture": 0.5, "gradient_norm": 3.7525272369384766, "pid": 4089419, "elapsed_this_session_seconds": 5428.915562120266, "steps_this_session": 10620, "phase": "training", "gpu": "6"}
{"step": 10640, "total": 24000, "loss": 0.487217977643013, "mixture_probability": 0.5, "actual_mixture": 0.46875, "gradient_norm": 6.48046875, "pid": 4089419, "elapsed_this_session_seconds": 5437.545311490074, "steps_this_session": 10640, "phase": "training", "gpu": "6"}
{"step": 10660, "total": 24000, "loss": 0.4170173183083534, "mixture_probability": 0.5, "actual_mixture": 0.4375, "gradient_norm": 4.069645881652832, "pid": 4089419, "elapsed_this_session_seconds": 5443.964479072951, "steps_this_session": 10660, "phase": "training", "gpu": "6"}
{"step": 10680, "total": 24000, "loss": 0.2848786935210228, "mixture_probability": 0.5, "actual_mixture": 0.5625, "gradient_norm": 4.09712028503418, "pid": 4089419, "elapsed_this_session_seconds": 5452.4466594439, "steps_this_session": 10680, "phase": "training", "gpu": "6"}
{"step": 10700, "total": 24000, "loss": 0.33531808853149414, "mixture_probability": 0.5, "actual_mixture": 0.53125, "gradient_norm": 3.068843364715576, "pid": 4089419, "elapsed_this_session_seconds": 5460.958937404677, "steps_this_session": 10700, "phase": "training", "gpu": "6"}
{"step": 10720, "total": 24000, "loss": 0.23345350846648216, "mixture_probability": 0.5, "actual_mixture": 0.4375, "gradient_norm": 3.2672438621520996, "pid": 4089419, "elapsed_this_session_seconds": 5471.050485688262, "steps_this_session": 10720, "phase": "training", "gpu": "6"}
{"step": 10740, "total": 24000, "loss": 0.383363276720047, "mixture_probability": 0.5, "actual_mixture": 0.4375, "gradient_norm": 4.662604808807373, "pid": 4089419, "elapsed_this_session_seconds": 5476.300672896206, "steps_this_session": 10740, "phase": "training", "gpu": "6"}
{"step": 10760, "total": 24000, "loss": 0.3762827441096306, "mixture_probability": 0.5, "actual_mixture": 0.609375, "gradient_norm": 3.720128059387207, "pid": 4089419, "elapsed_this_session_seconds": 5484.54434182588, "steps_this_session": 10760, "phase": "training", "gpu": "6"}
{"step": 10780, "total": 24000, "loss": 0.38559144362807274, "mixture_probability": 0.5, "actual_mixture": 0.421875, "gradient_norm": 4.115694999694824, "pid": 4089419, "elapsed_this_session_seconds": 5491.961706125177, "steps_this_session": 10780, "phase": "training", "gpu": "6"}
{"step": 10800, "total": 24000, "loss": 0.3198935352265835, "mixture_probability": 0.5, "actual_mixture": 0.609375, "gradient_norm": 3.17030930519104, "pid": 4089419, "elapsed_this_session_seconds": 5499.567970134318, "steps_this_session": 10800, "phase": "training", "gpu": "6"}
{"step": 10820, "total": 24000, "loss": 0.2904710918664932, "mixture_probability": 0.5, "actual_mixture": 0.359375, "gradient_norm": 3.53554368019104, "pid": 4089419, "elapsed_this_session_seconds": 5507.016212751158, "steps_this_session": 10820, "phase": "training", "gpu": "6"}
{"step": 10840, "total": 24000, "loss": 0.4240790829062462, "mixture_probability": 0.5, "actual_mixture": 0.640625, "gradient_norm": 3.646503448486328, "pid": 4089419, "elapsed_this_session_seconds": 5514.369058753364, "steps_this_session": 10840, "phase": "training", "gpu": "6"}
{"step": 10860, "total": 24000, "loss": 0.2543139159679413, "mixture_probability": 0.5, "actual_mixture": 0.375, "gradient_norm": 3.335947275161743, "pid": 4089419, "elapsed_this_session_seconds": 5521.721144225448, "steps_this_session": 10860, "phase": "training", "gpu": "6"}
{"step": 10880, "total": 24000, "loss": 0.35306037217378616, "mixture_probability": 0.5, "actual_mixture": 0.546875, "gradient_norm": 4.0106425285339355, "pid": 4089419, "elapsed_this_session_seconds": 5535.943881805986, "steps_this_session": 10880, "phase": "training", "gpu": "6"}
{"step": 10900, "total": 24000, "loss": 0.3001226522028446, "mixture_probability": 0.5, "actual_mixture": 0.46875, "gradient_norm": 4.364461421966553, "pid": 4089419, "elapsed_this_session_seconds": 5557.557393348776, "steps_this_session": 10900, "phase": "training", "gpu": "6"}
{"step": 10920, "total": 24000, "loss": 0.39533938467502594, "mixture_probability": 0.5, "actual_mixture": 0.453125, "gradient_norm": 3.837453603744507, "pid": 4089419, "elapsed_this_session_seconds": 5576.0967848477885, "steps_this_session": 10920, "phase": "training", "gpu": "6"}
{"step": 10940, "total": 24000, "loss": 0.3601803667843342, "mixture_probability": 0.5, "actual_mixture": 0.53125, "gradient_norm": 3.500361204147339, "pid": 4089419, "elapsed_this_session_seconds": 5590.808063033968, "steps_this_session": 10940, "phase": "training", "gpu": "6"}
{"step": 10960, "total": 24000, "loss": 0.37479661777615547, "mixture_probability": 0.5, "actual_mixture": 0.421875, "gradient_norm": 4.060155868530273, "pid": 4089419, "elapsed_this_session_seconds": 5595.919755904935, "steps_this_session": 10960, "phase": "training", "gpu": "6"}
{"step": 10980, "total": 24000, "loss": 0.3883431702852249, "mixture_probability": 0.5, "actual_mixture": 0.53125, "gradient_norm": 4.028358459472656, "pid": 4089419, "elapsed_this_session_seconds": 5604.506708051078, "steps_this_session": 10980, "phase": "training", "gpu": "6"}
{"step": 11000, "total": 24000, "loss": 0.26492996513843536, "mixture_probability": 0.5, "actual_mixture": 0.546875, "gradient_norm": 3.175002098083496, "pid": 4089419, "elapsed_this_session_seconds": 5614.0008677095175, "steps_this_session": 11000, "phase": "training", "gpu": "6"}
{"step": 11020, "total": 24000, "loss": 0.47034843266010284, "mixture_probability": 0.5, "actual_mixture": 0.453125, "gradient_norm": 4.207494735717773, "pid": 4089419, "elapsed_this_session_seconds": 5623.330437302589, "steps_this_session": 11020, "phase": "training", "gpu": "6"}
{"step": 11040, "total": 24000, "loss": 0.29901639372110367, "mixture_probability": 0.5, "actual_mixture": 0.46875, "gradient_norm": 3.8275132179260254, "pid": 4089419, "elapsed_this_session_seconds": 5631.516562291421, "steps_this_session": 11040, "phase": "training", "gpu": "6"}
{"step": 11060, "total": 24000, "loss": 0.2755761817097664, "mixture_probability": 0.5, "actual_mixture": 0.546875, "gradient_norm": 3.479421377182007, "pid": 4089419, "elapsed_this_session_seconds": 5639.260044877417, "steps_this_session": 11060, "phase": "training", "gpu": "6"}
{"step": 11080, "total": 24000, "loss": 0.26532580330967903, "mixture_probability": 0.5, "actual_mixture": 0.421875, "gradient_norm": 3.894840717315674, "pid": 4089419, "elapsed_this_session_seconds": 5648.414016817696, "steps_this_session": 11080, "phase": "training", "gpu": "6"}
{"step": 11100, "total": 24000, "loss": 0.41319313645362854, "mixture_probability": 0.5, "actual_mixture": 0.59375, "gradient_norm": 3.677321672439575, "pid": 4089419, "elapsed_this_session_seconds": 5657.515867372975, "steps_this_session": 11100, "phase": "training", "gpu": "6"}
{"step": 11120, "total": 24000, "loss": 0.3333164229989052, "mixture_probability": 0.5, "actual_mixture": 0.5625, "gradient_norm": 3.0851564407348633, "pid": 4089419, "elapsed_this_session_seconds": 5667.305181926116, "steps_this_session": 11120, "phase": "training", "gpu": "6"}
{"step": 11140, "total": 24000, "loss": 0.4689178317785263, "mixture_probability": 0.5, "actual_mixture": 0.5625, "gradient_norm": 4.679295063018799, "pid": 4089419, "elapsed_this_session_seconds": 5673.742467856966, "steps_this_session": 11140, "phase": "training", "gpu": "6"}
{"step": 11160, "total": 24000, "loss": 0.3754380941390991, "mixture_probability": 0.5, "actual_mixture": 0.5, "gradient_norm": 4.035767078399658, "pid": 4089419, "elapsed_this_session_seconds": 5682.137544481084, "steps_this_session": 11160, "phase": "training", "gpu": "6"}
{"step": 11180, "total": 24000, "loss": 0.25339630991220474, "mixture_probability": 0.5, "actual_mixture": 0.53125, "gradient_norm": 2.876943588256836, "pid": 4089419, "elapsed_this_session_seconds": 5690.825830747373, "steps_this_session": 11180, "phase": "training", "gpu": "6"}
{"step": 11200, "total": 24000, "loss": 0.38862015306949615, "mixture_probability": 0.5, "actual_mixture": 0.46875, "gradient_norm": 3.6075241565704346, "pid": 4089419, "elapsed_this_session_seconds": 5699.520557712764, "steps_this_session": 11200, "phase": "training", "gpu": "6"}
{"step": 11220, "total": 24000, "loss": 0.3215116858482361, "mixture_probability": 0.5, "actual_mixture": 0.484375, "gradient_norm": 3.542309522628784, "pid": 4089419, "elapsed_this_session_seconds": 5708.779208122753, "steps_this_session": 11220, "phase": "training", "gpu": "6"}
{"step": 11240, "total": 24000, "loss": 0.24748166278004646, "mixture_probability": 0.5, "actual_mixture": 0.4375, "gradient_norm": 2.745826244354248, "pid": 4089419, "elapsed_this_session_seconds": 5714.278475494124, "steps_this_session": 11240, "phase": "training", "gpu": "6"}
{"step": 11260, "total": 24000, "loss": 0.3744683191180229, "mixture_probability": 0.5, "actual_mixture": 0.4375, "gradient_norm": 3.9567952156066895, "pid": 4089419, "elapsed_this_session_seconds": 5722.798933761194, "steps_this_session": 11260, "phase": "training", "gpu": "6"}
{"step": 11280, "total": 24000, "loss": 0.33318420499563217, "mixture_probability": 0.5, "actual_mixture": 0.609375, "gradient_norm": 3.4732344150543213, "pid": 4089419, "elapsed_this_session_seconds": 5730.333715770394, "steps_this_session": 11280, "phase": "training", "gpu": "6"}
{"step": 11300, "total": 24000, "loss": 0.3224426619708538, "mixture_probability": 0.5, "actual_mixture": 0.546875, "gradient_norm": 4.090518951416016, "pid": 4089419, "elapsed_this_session_seconds": 5737.679268112406, "steps_this_session": 11300, "phase": "training", "gpu": "6"}
{"step": 11320, "total": 24000, "loss": 0.2672017477452755, "mixture_probability": 0.5, "actual_mixture": 0.421875, "gradient_norm": 3.111406087875366, "pid": 4089419, "elapsed_this_session_seconds": 5745.743359239772, "steps_this_session": 11320, "phase": "training", "gpu": "6"}
{"step": 11340, "total": 24000, "loss": 0.2697373032569885, "mixture_probability": 0.5, "actual_mixture": 0.46875, "gradient_norm": 3.169567108154297, "pid": 4089419, "elapsed_this_session_seconds": 5753.113876339048, "steps_this_session": 11340, "phase": "training", "gpu": "6"}
{"step": 11360, "total": 24000, "loss": 0.33303020894527435, "mixture_probability": 0.5, "actual_mixture": 0.5, "gradient_norm": 3.2124109268188477, "pid": 4089419, "elapsed_this_session_seconds": 5760.506102629006, "steps_this_session": 11360, "phase": "training", "gpu": "6"}
{"step": 11380, "total": 24000, "loss": 0.2647229917347431, "mixture_probability": 0.5, "actual_mixture": 0.484375, "gradient_norm": 3.546069860458374, "pid": 4089419, "elapsed_this_session_seconds": 5767.933556381613, "steps_this_session": 11380, "phase": "training", "gpu": "6"}
{"step": 11400, "total": 24000, "loss": 0.30861541628837585, "mixture_probability": 0.5, "actual_mixture": 0.46875, "gradient_norm": 3.7945923805236816, "pid": 4089419, "elapsed_this_session_seconds": 5775.357240428217, "steps_this_session": 11400, "phase": "training", "gpu": "6"}
{"step": 11420, "total": 24000, "loss": 0.4573039710521698, "mixture_probability": 0.5, "actual_mixture": 0.703125, "gradient_norm": 3.541522741317749, "pid": 4089419, "elapsed_this_session_seconds": 5782.897297571413, "steps_this_session": 11420, "phase": "training", "gpu": "6"}
{"step": 11440, "total": 24000, "loss": 0.39296553283929825, "mixture_probability": 0.5, "actual_mixture": 0.5625, "gradient_norm": 4.364146709442139, "pid": 4089419, "elapsed_this_session_seconds": 5790.390296713449, "steps_this_session": 11440, "phase": "training", "gpu": "6"}
{"step": 11460, "total": 24000, "loss": 0.4566628001630306, "mixture_probability": 0.5, "actual_mixture": 0.484375, "gradient_norm": 4.086501598358154, "pid": 4089419, "elapsed_this_session_seconds": 5812.646999195218, "steps_this_session": 11460, "phase": "training", "gpu": "6"}
{"step": 11480, "total": 24000, "loss": 0.3428619056940079, "mixture_probability": 0.5, "actual_mixture": 0.46875, "gradient_norm": 3.1936075687408447, "pid": 4089419, "elapsed_this_session_seconds": 5832.880550753325, "steps_this_session": 11480, "phase": "training", "gpu": "6"}
{"step": 11500, "total": 24000, "loss": 0.2362031564116478, "mixture_probability": 0.5, "actual_mixture": 0.515625, "gradient_norm": 2.59256649017334, "pid": 4089419, "elapsed_this_session_seconds": 5843.171419142745, "steps_this_session": 11500, "phase": "training", "gpu": "6"}
{"step": 11520, "total": 24000, "loss": 0.34664496034383774, "mixture_probability": 0.5, "actual_mixture": 0.546875, "gradient_norm": 3.434443950653076, "pid": 4089419, "elapsed_this_session_seconds": 5849.725056203082, "steps_this_session": 11520, "phase": "training", "gpu": "6"}
{"step": 11540, "total": 24000, "loss": 0.2958471179008484, "mixture_probability": 0.5, "actual_mixture": 0.546875, "gradient_norm": 3.5703516006469727, "pid": 4089419, "elapsed_this_session_seconds": 5858.566724197008, "steps_this_session": 11540, "phase": "training", "gpu": "6"}
{"step": 11560, "total": 24000, "loss": 0.280365027487278, "mixture_probability": 0.5, "actual_mixture": 0.578125, "gradient_norm": 3.0013539791107178, "pid": 4089419, "elapsed_this_session_seconds": 5867.719681786373, "steps_this_session": 11560, "phase": "training", "gpu": "6"}
{"step": 11580, "total": 24000, "loss": 0.3048649877309799, "mixture_probability": 0.5, "actual_mixture": 0.4375, "gradient_norm": 3.445540189743042, "pid": 4089419, "elapsed_this_session_seconds": 5877.437319486402, "steps_this_session": 11580, "phase": "training", "gpu": "6"}
{"step": 11600, "total": 24000, "loss": 0.3148134872317314, "mixture_probability": 0.5, "actual_mixture": 0.609375, "gradient_norm": 3.2053275108337402, "pid": 4089419, "elapsed_this_session_seconds": 5883.646001987159, "steps_this_session": 11600, "phase": "training", "gpu": "6"}
{"step": 11620, "total": 24000, "loss": 0.3789016976952553, "mixture_probability": 0.5, "actual_mixture": 0.390625, "gradient_norm": 4.024109840393066, "pid": 4089419, "elapsed_this_session_seconds": 5892.34863860812, "steps_this_session": 11620, "phase": "training", "gpu": "6"}
{"step": 11640, "total": 24000, "loss": 0.3335201069712639, "mixture_probability": 0.5, "actual_mixture": 0.484375, "gradient_norm": 3.364964723587036, "pid": 4089419, "elapsed_this_session_seconds": 5901.419266312383, "steps_this_session": 11640, "phase": "training", "gpu": "6"}
{"step": 11660, "total": 24000, "loss": 0.3021116629242897, "mixture_probability": 0.5, "actual_mixture": 0.546875, "gradient_norm": 3.3243513107299805, "pid": 4089419, "elapsed_this_session_seconds": 5910.339590337127, "steps_this_session": 11660, "phase": "training", "gpu": "6"}
{"step": 11680, "total": 24000, "loss": 0.3663499280810356, "mixture_probability": 0.5, "actual_mixture": 0.578125, "gradient_norm": 3.14241623878479, "pid": 4089419, "elapsed_this_session_seconds": 5919.050187707879, "steps_this_session": 11680, "phase": "training", "gpu": "6"}
{"step": 11700, "total": 24000, "loss": 0.24887730181217194, "mixture_probability": 0.5, "actual_mixture": 0.4375, "gradient_norm": 2.4987030029296875, "pid": 4089419, "elapsed_this_session_seconds": 5925.058023636229, "steps_this_session": 11700, "phase": "training", "gpu": "6"}
{"step": 11720, "total": 24000, "loss": 0.29953740909695625, "mixture_probability": 0.5, "actual_mixture": 0.53125, "gradient_norm": 2.8613481521606445, "pid": 4089419, "elapsed_this_session_seconds": 5933.928267775103, "steps_this_session": 11720, "phase": "training", "gpu": "6"}
{"step": 11740, "total": 24000, "loss": 0.3667276054620743, "mixture_probability": 0.5, "actual_mixture": 0.578125, "gradient_norm": 4.682101249694824, "pid": 4089419, "elapsed_this_session_seconds": 5942.553321128711, "steps_this_session": 11740, "phase": "training", "gpu": "6"}
{"step": 11760, "total": 24000, "loss": 0.61616151034832, "mixture_probability": 0.5, "actual_mixture": 0.5625, "gradient_norm": 3.8919968605041504, "pid": 4089419, "elapsed_this_session_seconds": 5951.371043412946, "steps_this_session": 11760, "phase": "training", "gpu": "6"}
{"step": 11780, "total": 24000, "loss": 0.4085180163383484, "mixture_probability": 0.5, "actual_mixture": 0.5, "gradient_norm": 4.116547584533691, "pid": 4089419, "elapsed_this_session_seconds": 5959.176560663618, "steps_this_session": 11780, "phase": "training", "gpu": "6"}
{"step": 11800, "total": 24000, "loss": 0.32326120883226395, "mixture_probability": 0.5, "actual_mixture": 0.53125, "gradient_norm": 3.4565796852111816, "pid": 4089419, "elapsed_this_session_seconds": 5966.601409346797, "steps_this_session": 11800, "phase": "training", "gpu": "6"}
{"step": 11820, "total": 24000, "loss": 0.3380158618092537, "mixture_probability": 0.5, "actual_mixture": 0.4375, "gradient_norm": 3.3032164573669434, "pid": 4089419, "elapsed_this_session_seconds": 5975.262267840095, "steps_this_session": 11820, "phase": "training", "gpu": "6"}
{"step": 11840, "total": 24000, "loss": 0.29406844079494476, "mixture_probability": 0.5, "actual_mixture": 0.515625, "gradient_norm": 3.4111015796661377, "pid": 4089419, "elapsed_this_session_seconds": 5984.133484048769, "steps_this_session": 11840, "phase": "training", "gpu": "6"}
{"step": 11860, "total": 24000, "loss": 0.36333122849464417, "mixture_probability": 0.5, "actual_mixture": 0.5625, "gradient_norm": 3.679626941680908, "pid": 4089419, "elapsed_this_session_seconds": 5993.053769396618, "steps_this_session": 11860, "phase": "training", "gpu": "6"}
{"step": 11880, "total": 24000, "loss": 0.2782333791255951, "mixture_probability": 0.5, "actual_mixture": 0.546875, "gradient_norm": 3.197718381881714, "pid": 4089419, "elapsed_this_session_seconds": 6001.025448400527, "steps_this_session": 11880, "phase": "training", "gpu": "6"}
{"step": 11900, "total": 24000, "loss": 0.29198338463902473, "mixture_probability": 0.5, "actual_mixture": 0.390625, "gradient_norm": 2.9918580055236816, "pid": 4089419, "elapsed_this_session_seconds": 6008.53443676047, "steps_this_session": 11900, "phase": "training", "gpu": "6"}
{"step": 11920, "total": 24000, "loss": 0.33616290986537933, "mixture_probability": 0.5, "actual_mixture": 0.453125, "gradient_norm": 3.8181827068328857, "pid": 4089419, "elapsed_this_session_seconds": 6016.094766882248, "steps_this_session": 11920, "phase": "training", "gpu": "6"}
{"step": 11940, "total": 24000, "loss": 0.3317347541451454, "mixture_probability": 0.5, "actual_mixture": 0.46875, "gradient_norm": 3.2898476123809814, "pid": 4089419, "elapsed_this_session_seconds": 6023.675473664887, "steps_this_session": 11940, "phase": "training", "gpu": "6"}
{"step": 11960, "total": 24000, "loss": 0.33959121629595757, "mixture_probability": 0.5, "actual_mixture": 0.515625, "gradient_norm": 3.637885808944702, "pid": 4089419, "elapsed_this_session_seconds": 6031.274024398066, "steps_this_session": 11960, "phase": "training", "gpu": "6"}
{"step": 11980, "total": 24000, "loss": 0.3001745902001858, "mixture_probability": 0.5, "actual_mixture": 0.46875, "gradient_norm": 3.127110481262207, "pid": 4089419, "elapsed_this_session_seconds": 6039.295141778886, "steps_this_session": 11980, "phase": "training", "gpu": "6"}
{"step": 12000, "total": 24000, "loss": 0.22658977657556534, "mixture_probability": 0.5, "actual_mixture": 0.5, "gradient_norm": 2.7072913646698, "pid": 4089419, "elapsed_this_session_seconds": 6046.993970730342, "steps_this_session": 12000, "phase": "training", "gpu": "6"}
{"step": 12020, "total": 24000, "loss": 0.2800145521759987, "mixture_probability": 0.5, "actual_mixture": 0.40625, "gradient_norm": 3.127638101577759, "pid": 4089419, "elapsed_this_session_seconds": 6153.2208387879655, "steps_this_session": 12020, "phase": "training", "gpu": "6"}
{"step": 12040, "total": 24000, "loss": 0.4008035957813263, "mixture_probability": 0.5, "actual_mixture": 0.46875, "gradient_norm": 3.846494674682617, "pid": 4089419, "elapsed_this_session_seconds": 6160.781888325699, "steps_this_session": 12040, "phase": "training", "gpu": "6"}
{"step": 12060, "total": 24000, "loss": 0.34858013689517975, "mixture_probability": 0.5, "actual_mixture": 0.546875, "gradient_norm": 3.3556058406829834, "pid": 4089419, "elapsed_this_session_seconds": 6168.140054500662, "steps_this_session": 12060, "phase": "training", "gpu": "6"}
{"step": 12080, "total": 24000, "loss": 0.40318189933896065, "mixture_probability": 0.5, "actual_mixture": 0.515625, "gradient_norm": 3.686030626296997, "pid": 4089419, "elapsed_this_session_seconds": 6175.345988356508, "steps_this_session": 12080, "phase": "training", "gpu": "6"}
{"step": 12100, "total": 24000, "loss": 0.37758803367614746, "mixture_probability": 0.5, "actual_mixture": 0.5, "gradient_norm": 3.5388286113739014, "pid": 4089419, "elapsed_this_session_seconds": 6182.436976626515, "steps_this_session": 12100, "phase": "training", "gpu": "6"}
{"step": 12120, "total": 24000, "loss": 0.2962348572909832, "mixture_probability": 0.5, "actual_mixture": 0.515625, "gradient_norm": 3.430500030517578, "pid": 4089419, "elapsed_this_session_seconds": 6189.586448321119, "steps_this_session": 12120, "phase": "training", "gpu": "6"}
{"step": 12140, "total": 24000, "loss": 0.23126862943172455, "mixture_probability": 0.5, "actual_mixture": 0.53125, "gradient_norm": 2.9635331630706787, "pid": 4089419, "elapsed_this_session_seconds": 6197.220774977468, "steps_this_session": 12140, "phase": "training", "gpu": "6"}
{"step": 12160, "total": 24000, "loss": 0.34170785173773766, "mixture_probability": 0.5, "actual_mixture": 0.546875, "gradient_norm": 3.3979504108428955, "pid": 4089419, "elapsed_this_session_seconds": 6204.529405834153, "steps_this_session": 12160, "phase": "training", "gpu": "6"}
{"step": 12180, "total": 24000, "loss": 0.26637784019112587, "mixture_probability": 0.5, "actual_mixture": 0.59375, "gradient_norm": 2.956874370574951, "pid": 4089419, "elapsed_this_session_seconds": 6211.644572786987, "steps_this_session": 12180, "phase": "training", "gpu": "6"}
{"step": 12200, "total": 24000, "loss": 0.32192620262503624, "mixture_probability": 0.5, "actual_mixture": 0.5, "gradient_norm": 3.2196872234344482, "pid": 4089419, "elapsed_this_session_seconds": 6218.758937103674, "steps_this_session": 12200, "phase": "training", "gpu": "6"}
{"step": 12220, "total": 24000, "loss": 0.38278481736779213, "mixture_probability": 0.5, "actual_mixture": 0.46875, "gradient_norm": 3.070694923400879, "pid": 4089419, "elapsed_this_session_seconds": 6225.891653589904, "steps_this_session": 12220, "phase": "training", "gpu": "6"}
{"step": 12240, "total": 24000, "loss": 0.33934933692216873, "mixture_probability": 0.5, "actual_mixture": 0.5, "gradient_norm": 4.2892165184021, "pid": 4089419, "elapsed_this_session_seconds": 6233.4535434367135, "steps_this_session": 12240, "phase": "training", "gpu": "6"}
{"step": 12260, "total": 24000, "loss": 0.3327844589948654, "mixture_probability": 0.5, "actual_mixture": 0.46875, "gradient_norm": 3.4321446418762207, "pid": 4089419, "elapsed_this_session_seconds": 6240.5372273800895, "steps_this_session": 12260, "phase": "training", "gpu": "6"}
{"step": 12280, "total": 24000, "loss": 0.271806538105011, "mixture_probability": 0.5, "actual_mixture": 0.5, "gradient_norm": 3.2746949195861816, "pid": 4089419, "elapsed_this_session_seconds": 6247.635225795209, "steps_this_session": 12280, "phase": "training", "gpu": "6"}
{"step": 12300, "total": 24000, "loss": 0.2842656262218952, "mixture_probability": 0.5, "actual_mixture": 0.484375, "gradient_norm": 3.10959792137146, "pid": 4089419, "elapsed_this_session_seconds": 6254.790452038869, "steps_this_session": 12300, "phase": "training", "gpu": "6"}
{"step": 12320, "total": 24000, "loss": 0.28811848163604736, "mixture_probability": 0.5, "actual_mixture": 0.515625, "gradient_norm": 2.9531633853912354, "pid": 4089419, "elapsed_this_session_seconds": 6262.227175838314, "steps_this_session": 12320, "phase": "training", "gpu": "6"}
{"step": 12340, "total": 24000, "loss": 0.28874175250530243, "mixture_probability": 0.5, "actual_mixture": 0.46875, "gradient_norm": 3.102125406265259, "pid": 4089419, "elapsed_this_session_seconds": 6270.5310529042035, "steps_this_session": 12340, "phase": "training", "gpu": "6"}
{"step": 12360, "total": 24000, "loss": 0.41629526764154434, "mixture_probability": 0.5, "actual_mixture": 0.53125, "gradient_norm": 4.740907669067383, "pid": 4089419, "elapsed_this_session_seconds": 6278.067688134499, "steps_this_session": 12360, "phase": "training", "gpu": "6"}
{"step": 12380, "total": 24000, "loss": 0.31636063754558563, "mixture_probability": 0.5, "actual_mixture": 0.390625, "gradient_norm": 3.4121739864349365, "pid": 4089419, "elapsed_this_session_seconds": 6285.585383923724, "steps_this_session": 12380, "phase": "training", "gpu": "6"}
{"step": 12400, "total": 24000, "loss": 0.2724904678761959, "mixture_probability": 0.5, "actual_mixture": 0.640625, "gradient_norm": 3.030238389968872, "pid": 4089419, "elapsed_this_session_seconds": 6293.137087799609, "steps_this_session": 12400, "phase": "training", "gpu": "6"}
{"step": 12420, "total": 24000, "loss": 0.30459628999233246, "mixture_probability": 0.5, "actual_mixture": 0.484375, "gradient_norm": 3.0750813484191895, "pid": 4089419, "elapsed_this_session_seconds": 6300.649122576229, "steps_this_session": 12420, "phase": "training", "gpu": "6"}
{"step": 12440, "total": 24000, "loss": 0.39026162028312683, "mixture_probability": 0.5, "actual_mixture": 0.515625, "gradient_norm": 3.2412362098693848, "pid": 4089419, "elapsed_this_session_seconds": 6307.984321925789, "steps_this_session": 12440, "phase": "training", "gpu": "6"}
{"step": 12460, "total": 24000, "loss": 0.2851557321846485, "mixture_probability": 0.5, "actual_mixture": 0.5, "gradient_norm": 3.3238770961761475, "pid": 4089419, "elapsed_this_session_seconds": 6315.220680097118, "steps_this_session": 12460, "phase": "training", "gpu": "6"}
{"step": 12480, "total": 24000, "loss": 0.3507728688418865, "mixture_probability": 0.5, "actual_mixture": 0.5625, "gradient_norm": 3.2388930320739746, "pid": 4089419, "elapsed_this_session_seconds": 6333.521980485879, "steps_this_session": 12480, "phase": "training", "gpu": "6"}
{"step": 12500, "total": 24000, "loss": 0.363213948905468, "mixture_probability": 0.5, "actual_mixture": 0.53125, "gradient_norm": 3.3319032192230225, "pid": 4089419, "elapsed_this_session_seconds": 6353.475021896884, "steps_this_session": 12500, "phase": "training", "gpu": "6"}
{"step": 12520, "total": 24000, "loss": 0.2599158100783825, "mixture_probability": 0.5, "actual_mixture": 0.453125, "gradient_norm": 3.0577008724212646, "pid": 4089419, "elapsed_this_session_seconds": 6358.69611741323, "steps_this_session": 12520, "phase": "training", "gpu": "6"}
{"step": 12540, "total": 24000, "loss": 0.3777846172451973, "mixture_probability": 0.5, "actual_mixture": 0.609375, "gradient_norm": 3.926492691040039, "pid": 4089419, "elapsed_this_session_seconds": 6365.728935879655, "steps_this_session": 12540, "phase": "training", "gpu": "6"}
{"step": 12560, "total": 24000, "loss": 0.3085067607462406, "mixture_probability": 0.5, "actual_mixture": 0.53125, "gradient_norm": 3.2851169109344482, "pid": 4089419, "elapsed_this_session_seconds": 6373.953517446294, "steps_this_session": 12560, "phase": "training", "gpu": "6"}
{"step": 12580, "total": 24000, "loss": 0.32889509201049805, "mixture_probability": 0.5, "actual_mixture": 0.484375, "gradient_norm": 3.8322503566741943, "pid": 4089419, "elapsed_this_session_seconds": 6383.223139269277, "steps_this_session": 12580, "phase": "training", "gpu": "6"}
{"step": 12600, "total": 24000, "loss": 0.3545701131224632, "mixture_probability": 0.5, "actual_mixture": 0.515625, "gradient_norm": 3.60795259475708, "pid": 4089419, "elapsed_this_session_seconds": 6393.337852510624, "steps_this_session": 12600, "phase": "training", "gpu": "6"}
{"step": 12620, "total": 24000, "loss": 0.25091374665498734, "mixture_probability": 0.5, "actual_mixture": 0.484375, "gradient_norm": 2.6261634826660156, "pid": 4089419, "elapsed_this_session_seconds": 6398.83428540919, "steps_this_session": 12620, "phase": "training", "gpu": "6"}
{"step": 12640, "total": 24000, "loss": 0.3516467809677124, "mixture_probability": 0.5, "actual_mixture": 0.4375, "gradient_norm": 3.6091067790985107, "pid": 4089419, "elapsed_this_session_seconds": 6407.654706699774, "steps_this_session": 12640, "phase": "training", "gpu": "6"}
{"step": 12660, "total": 24000, "loss": 0.37872231751680374, "mixture_probability": 0.5, "actual_mixture": 0.546875, "gradient_norm": 3.8853137493133545, "pid": 4089419, "elapsed_this_session_seconds": 6416.366750720888, "steps_this_session": 12660, "phase": "training", "gpu": "6"}
{"step": 12680, "total": 24000, "loss": 0.41688620299100876, "mixture_probability": 0.5, "actual_mixture": 0.484375, "gradient_norm": 5.051225185394287, "pid": 4089419, "elapsed_this_session_seconds": 6425.819803334773, "steps_this_session": 12680, "phase": "training", "gpu": "6"}
{"step": 12700, "total": 24000, "loss": 0.4706614688038826, "mixture_probability": 0.5, "actual_mixture": 0.5625, "gradient_norm": 3.8140790462493896, "pid": 4089419, "elapsed_this_session_seconds": 6431.037097405642, "steps_this_session": 12700, "phase": "training", "gpu": "6"}
{"step": 12720, "total": 24000, "loss": 0.5987607687711716, "mixture_probability": 0.5, "actual_mixture": 0.515625, "gradient_norm": 4.734960079193115, "pid": 4089419, "elapsed_this_session_seconds": 6439.732677124441, "steps_this_session": 12720, "phase": "training", "gpu": "6"}
{"step": 12740, "total": 24000, "loss": 0.23663311824202538, "mixture_probability": 0.5, "actual_mixture": 0.546875, "gradient_norm": 2.904331922531128, "pid": 4089419, "elapsed_this_session_seconds": 6448.3546108826995, "steps_this_session": 12740, "phase": "training", "gpu": "6"}
{"step": 12760, "total": 24000, "loss": 0.21744204312562943, "mixture_probability": 0.5, "actual_mixture": 0.34375, "gradient_norm": 4.666976451873779, "pid": 4089419, "elapsed_this_session_seconds": 6456.982209725305, "steps_this_session": 12760, "phase": "training", "gpu": "6"}
{"step": 12780, "total": 24000, "loss": 0.2715604119002819, "mixture_probability": 0.5, "actual_mixture": 0.5625, "gradient_norm": 3.034583806991577, "pid": 4089419, "elapsed_this_session_seconds": 6465.683476211503, "steps_this_session": 12780, "phase": "training", "gpu": "6"}
{"step": 12800, "total": 24000, "loss": 0.2744709923863411, "mixture_probability": 0.5, "actual_mixture": 0.390625, "gradient_norm": 2.8042805194854736, "pid": 4089419, "elapsed_this_session_seconds": 6474.178246016614, "steps_this_session": 12800, "phase": "training", "gpu": "6"}
{"step": 12820, "total": 24000, "loss": 0.33246590942144394, "mixture_probability": 0.5, "actual_mixture": 0.46875, "gradient_norm": 3.111182451248169, "pid": 4089419, "elapsed_this_session_seconds": 6486.364145577885, "steps_this_session": 12820, "phase": "training", "gpu": "6"}
{"step": 12840, "total": 24000, "loss": 0.3140421621501446, "mixture_probability": 0.5, "actual_mixture": 0.546875, "gradient_norm": 3.1219048500061035, "pid": 4089419, "elapsed_this_session_seconds": 6509.230822131969, "steps_this_session": 12840, "phase": "training", "gpu": "6"}
{"step": 12860, "total": 24000, "loss": 0.29789330065250397, "mixture_probability": 0.5, "actual_mixture": 0.515625, "gradient_norm": 3.6075491905212402, "pid": 4089419, "elapsed_this_session_seconds": 6518.837520084344, "steps_this_session": 12860, "phase": "training", "gpu": "6"}
{"step": 12880, "total": 24000, "loss": 0.28607580065727234, "mixture_probability": 0.5, "actual_mixture": 0.484375, "gradient_norm": 3.336458444595337, "pid": 4089419, "elapsed_this_session_seconds": 6526.794599925168, "steps_this_session": 12880, "phase": "training", "gpu": "6"}
{"step": 12900, "total": 24000, "loss": 0.3932259529829025, "mixture_probability": 0.5, "actual_mixture": 0.546875, "gradient_norm": 3.448530435562134, "pid": 4089419, "elapsed_this_session_seconds": 6536.685458366759, "steps_this_session": 12900, "phase": "training", "gpu": "6"}
{"step": 12920, "total": 24000, "loss": 0.3254857398569584, "mixture_probability": 0.5, "actual_mixture": 0.34375, "gradient_norm": 3.5451409816741943, "pid": 4089419, "elapsed_this_session_seconds": 6548.043227487244, "steps_this_session": 12920, "phase": "training", "gpu": "6"}
{"step": 12940, "total": 24000, "loss": 0.3222348988056183, "mixture_probability": 0.5, "actual_mixture": 0.421875, "gradient_norm": 3.756786584854126, "pid": 4089419, "elapsed_this_session_seconds": 6554.9325472014025, "steps_this_session": 12940, "phase": "training", "gpu": "6"}
{"step": 12960, "total": 24000, "loss": 0.42614516615867615, "mixture_probability": 0.5, "actual_mixture": 0.53125, "gradient_norm": 3.7074975967407227, "pid": 4089419, "elapsed_this_session_seconds": 6565.323095352389, "steps_this_session": 12960, "phase": "training", "gpu": "6"}
{"step": 12980, "total": 24000, "loss": 0.2923545688390732, "mixture_probability": 0.5, "actual_mixture": 0.5625, "gradient_norm": 3.1007792949676514, "pid": 4089419, "elapsed_this_session_seconds": 6574.00413975399, "steps_this_session": 12980, "phase": "training", "gpu": "6"}
{"step": 13000, "total": 24000, "loss": 0.29827920347452164, "mixture_probability": 0.5, "actual_mixture": 0.609375, "gradient_norm": 2.685349941253662, "pid": 4089419, "elapsed_this_session_seconds": 6582.728195439093, "steps_this_session": 13000, "phase": "training", "gpu": "6"}
{"step": 13020, "total": 24000, "loss": 0.4244178757071495, "mixture_probability": 0.5, "actual_mixture": 0.578125, "gradient_norm": 4.614603519439697, "pid": 4089419, "elapsed_this_session_seconds": 6592.527545879595, "steps_this_session": 13020, "phase": "training", "gpu": "6"}
{"step": 13040, "total": 24000, "loss": 0.3977726697921753, "mixture_probability": 0.5, "actual_mixture": 0.578125, "gradient_norm": 3.1797940731048584, "pid": 4089419, "elapsed_this_session_seconds": 6602.799242102541, "steps_this_session": 13040, "phase": "training", "gpu": "6"}
{"step": 13060, "total": 24000, "loss": 0.32351185381412506, "mixture_probability": 0.5, "actual_mixture": 0.484375, "gradient_norm": 3.120159387588501, "pid": 4089419, "elapsed_this_session_seconds": 6612.71725418698, "steps_this_session": 13060, "phase": "training", "gpu": "6"}
{"step": 13080, "total": 24000, "loss": 0.3638613522052765, "mixture_probability": 0.5, "actual_mixture": 0.484375, "gradient_norm": 4.056822299957275, "pid": 4089419, "elapsed_this_session_seconds": 6622.663828189485, "steps_this_session": 13080, "phase": "training", "gpu": "6"}
{"step": 13100, "total": 24000, "loss": 0.29139236733317375, "mixture_probability": 0.5, "actual_mixture": 0.421875, "gradient_norm": 3.2705507278442383, "pid": 4089419, "elapsed_this_session_seconds": 6632.504009213299, "steps_this_session": 13100, "phase": "training", "gpu": "6"}
{"step": 13120, "total": 24000, "loss": 0.2628553658723831, "mixture_probability": 0.5, "actual_mixture": 0.484375, "gradient_norm": 2.885655164718628, "pid": 4089419, "elapsed_this_session_seconds": 6642.112662488595, "steps_this_session": 13120, "phase": "training", "gpu": "6"}
{"step": 13140, "total": 24000, "loss": 0.30974406003952026, "mixture_probability": 0.5, "actual_mixture": 0.421875, "gradient_norm": 3.285388708114624, "pid": 4089419, "elapsed_this_session_seconds": 6651.420576819219, "steps_this_session": 13140, "phase": "training", "gpu": "6"}
{"step": 13160, "total": 24000, "loss": 0.2630818821489811, "mixture_probability": 0.5, "actual_mixture": 0.5, "gradient_norm": 3.002066135406494, "pid": 4089419, "elapsed_this_session_seconds": 6660.768165497109, "steps_this_session": 13160, "phase": "training", "gpu": "6"}
{"step": 13180, "total": 24000, "loss": 0.3138842470943928, "mixture_probability": 0.5, "actual_mixture": 0.484375, "gradient_norm": 3.4766948223114014, "pid": 4089419, "elapsed_this_session_seconds": 6669.923358744942, "steps_this_session": 13180, "phase": "training", "gpu": "6"}
{"step": 13200, "total": 24000, "loss": 0.3446633666753769, "mixture_probability": 0.5, "actual_mixture": 0.53125, "gradient_norm": 3.8930153846740723, "pid": 4089419, "elapsed_this_session_seconds": 6682.127017175779, "steps_this_session": 13200, "phase": "training", "gpu": "6"}
{"step": 13220, "total": 24000, "loss": 0.32877231389284134, "mixture_probability": 0.5, "actual_mixture": 0.578125, "gradient_norm": 3.211378812789917, "pid": 4089419, "elapsed_this_session_seconds": 6707.729391421191, "steps_this_session": 13220, "phase": "training", "gpu": "6"}
{"step": 13240, "total": 24000, "loss": 0.23380005918443203, "mixture_probability": 0.5, "actual_mixture": 0.484375, "gradient_norm": 2.4026193618774414, "pid": 4089419, "elapsed_this_session_seconds": 6728.532081026584, "steps_this_session": 13240, "phase": "training", "gpu": "6"}
{"step": 13260, "total": 24000, "loss": 0.3576435185968876, "mixture_probability": 0.5, "actual_mixture": 0.375, "gradient_norm": 3.4246163368225098, "pid": 4089419, "elapsed_this_session_seconds": 6740.447840579785, "steps_this_session": 13260, "phase": "training", "gpu": "6"}
{"step": 13280, "total": 24000, "loss": 0.3671346604824066, "mixture_probability": 0.5, "actual_mixture": 0.53125, "gradient_norm": 4.481803894042969, "pid": 4089419, "elapsed_this_session_seconds": 6747.365684051998, "steps_this_session": 13280, "phase": "training", "gpu": "6"}
{"step": 13300, "total": 24000, "loss": 0.16809404641389847, "mixture_probability": 0.5, "actual_mixture": 0.375, "gradient_norm": 2.575723648071289, "pid": 4089419, "elapsed_this_session_seconds": 6758.665738821961, "steps_this_session": 13300, "phase": "training", "gpu": "6"}
{"step": 13320, "total": 24000, "loss": 0.23548313230276108, "mixture_probability": 0.5, "actual_mixture": 0.328125, "gradient_norm": 3.21268892288208, "pid": 4089419, "elapsed_this_session_seconds": 6768.024323693477, "steps_this_session": 13320, "phase": "training", "gpu": "6"}
{"step": 13340, "total": 24000, "loss": 0.3378830999135971, "mixture_probability": 0.5, "actual_mixture": 0.578125, "gradient_norm": 2.9258267879486084, "pid": 4089419, "elapsed_this_session_seconds": 6777.961080403067, "steps_this_session": 13340, "phase": "training", "gpu": "6"}
{"step": 13360, "total": 24000, "loss": 0.3583916500210762, "mixture_probability": 0.5, "actual_mixture": 0.5, "gradient_norm": 3.814704656600952, "pid": 4089419, "elapsed_this_session_seconds": 6788.784803743474, "steps_this_session": 13360, "phase": "training", "gpu": "6"}
{"step": 13380, "total": 24000, "loss": 0.2915467098355293, "mixture_probability": 0.5, "actual_mixture": 0.515625, "gradient_norm": 3.1873300075531006, "pid": 4089419, "elapsed_this_session_seconds": 6796.645191415213, "steps_this_session": 13380, "phase": "training", "gpu": "6"}
{"step": 13400, "total": 24000, "loss": 0.271531879901886, "mixture_probability": 0.5, "actual_mixture": 0.484375, "gradient_norm": 3.3434126377105713, "pid": 4089419, "elapsed_this_session_seconds": 6807.190079442225, "steps_this_session": 13400, "phase": "training", "gpu": "6"}
{"step": 13420, "total": 24000, "loss": 0.2889245077967644, "mixture_probability": 0.5, "actual_mixture": 0.515625, "gradient_norm": 2.9376132488250732, "pid": 4089419, "elapsed_this_session_seconds": 6817.775860961527, "steps_this_session": 13420, "phase": "training", "gpu": "6"}
{"step": 13440, "total": 24000, "loss": 0.26133308559656143, "mixture_probability": 0.5, "actual_mixture": 0.46875, "gradient_norm": 3.6222126483917236, "pid": 4089419, "elapsed_this_session_seconds": 6828.20271199476, "steps_this_session": 13440, "phase": "training", "gpu": "6"}
{"step": 13460, "total": 24000, "loss": 0.40690337121486664, "mixture_probability": 0.5, "actual_mixture": 0.578125, "gradient_norm": 3.6516036987304688, "pid": 4089419, "elapsed_this_session_seconds": 6838.132683455013, "steps_this_session": 13460, "phase": "training", "gpu": "6"}
{"step": 13480, "total": 24000, "loss": 0.27028005570173264, "mixture_probability": 0.5, "actual_mixture": 0.5625, "gradient_norm": 2.9004838466644287, "pid": 4089419, "elapsed_this_session_seconds": 6849.209136911668, "steps_this_session": 13480, "phase": "training", "gpu": "6"}
{"step": 13500, "total": 24000, "loss": 0.2993476465344429, "mixture_probability": 0.5, "actual_mixture": 0.625, "gradient_norm": 3.390101194381714, "pid": 4089419, "elapsed_this_session_seconds": 6874.952151245438, "steps_this_session": 13500, "phase": "training", "gpu": "6"}
{"step": 13520, "total": 24000, "loss": 0.3788745477795601, "mixture_probability": 0.5, "actual_mixture": 0.59375, "gradient_norm": 3.4520041942596436, "pid": 4089419, "elapsed_this_session_seconds": 6896.863765026443, "steps_this_session": 13520, "phase": "training", "gpu": "6"}
{"step": 13540, "total": 24000, "loss": 0.2567324638366699, "mixture_probability": 0.5, "actual_mixture": 0.546875, "gradient_norm": 3.0489635467529297, "pid": 4089419, "elapsed_this_session_seconds": 6908.3133169217035, "steps_this_session": 13540, "phase": "training", "gpu": "6"}
{"step": 13560, "total": 24000, "loss": 0.3801147788763046, "mixture_probability": 0.5, "actual_mixture": 0.484375, "gradient_norm": 4.505917072296143, "pid": 4089419, "elapsed_this_session_seconds": 6915.787437324412, "steps_this_session": 13560, "phase": "training", "gpu": "6"}
{"step": 13580, "total": 24000, "loss": 0.30729924887418747, "mixture_probability": 0.5, "actual_mixture": 0.515625, "gradient_norm": 3.309128999710083, "pid": 4089419, "elapsed_this_session_seconds": 6925.5179037656635, "steps_this_session": 13580, "phase": "training", "gpu": "6"}
{"step": 13600, "total": 24000, "loss": 0.3526771366596222, "mixture_probability": 0.5, "actual_mixture": 0.515625, "gradient_norm": 4.014610767364502, "pid": 4089419, "elapsed_this_session_seconds": 6936.258997835219, "steps_this_session": 13600, "phase": "training", "gpu": "6"}
{"step": 13620, "total": 24000, "loss": 0.39261188730597496, "mixture_probability": 0.5, "actual_mixture": 0.5625, "gradient_norm": 3.328267812728882, "pid": 4089419, "elapsed_this_session_seconds": 6942.816573726013, "steps_this_session": 13620, "phase": "training", "gpu": "6"}
{"step": 13640, "total": 24000, "loss": 0.3044271357357502, "mixture_probability": 0.5, "actual_mixture": 0.4375, "gradient_norm": 3.0838871002197266, "pid": 4089419, "elapsed_this_session_seconds": 6952.288212398067, "steps_this_session": 13640, "phase": "training", "gpu": "6"}
{"step": 13660, "total": 24000, "loss": 0.2983737289905548, "mixture_probability": 0.5, "actual_mixture": 0.53125, "gradient_norm": 3.0409622192382812, "pid": 4089419, "elapsed_this_session_seconds": 6961.219463904388, "steps_this_session": 13660, "phase": "training", "gpu": "6"}
{"step": 13680, "total": 24000, "loss": 0.3193494938313961, "mixture_probability": 0.5, "actual_mixture": 0.515625, "gradient_norm": 3.2231500148773193, "pid": 4089419, "elapsed_this_session_seconds": 6970.835540195927, "steps_this_session": 13680, "phase": "training", "gpu": "6"}
{"step": 13700, "total": 24000, "loss": 0.3715856671333313, "mixture_probability": 0.5, "actual_mixture": 0.484375, "gradient_norm": 4.16998291015625, "pid": 4089419, "elapsed_this_session_seconds": 6976.37259465456, "steps_this_session": 13700, "phase": "training", "gpu": "6"}
{"step": 13720, "total": 24000, "loss": 0.3009357824921608, "mixture_probability": 0.5, "actual_mixture": 0.546875, "gradient_norm": 3.3004202842712402, "pid": 4089419, "elapsed_this_session_seconds": 6985.195023002103, "steps_this_session": 13720, "phase": "training", "gpu": "6"}
{"step": 13740, "total": 24000, "loss": 0.25650815665721893, "mixture_probability": 0.5, "actual_mixture": 0.546875, "gradient_norm": 3.556011199951172, "pid": 4089419, "elapsed_this_session_seconds": 6994.035339641385, "steps_this_session": 13740, "phase": "training", "gpu": "6"}
{"step": 13760, "total": 24000, "loss": 0.24981503561139107, "mixture_probability": 0.5, "actual_mixture": 0.484375, "gradient_norm": 2.913372278213501, "pid": 4089419, "elapsed_this_session_seconds": 7003.318931161426, "steps_this_session": 13760, "phase": "training", "gpu": "6"}
{"step": 13780, "total": 24000, "loss": 0.3892226740717888, "mixture_probability": 0.5, "actual_mixture": 0.53125, "gradient_norm": 4.886058807373047, "pid": 4089419, "elapsed_this_session_seconds": 7008.620619663969, "steps_this_session": 13780, "phase": "training", "gpu": "6"}
{"step": 13800, "total": 24000, "loss": 0.3382055535912514, "mixture_probability": 0.5, "actual_mixture": 0.59375, "gradient_norm": 3.4224586486816406, "pid": 4089419, "elapsed_this_session_seconds": 7017.325600145385, "steps_this_session": 13800, "phase": "training", "gpu": "6"}
{"step": 13820, "total": 24000, "loss": 0.3012470081448555, "mixture_probability": 0.5, "actual_mixture": 0.5625, "gradient_norm": 3.4825170040130615, "pid": 4089419, "elapsed_this_session_seconds": 7026.020124683157, "steps_this_session": 13820, "phase": "training", "gpu": "6"}
{"step": 13840, "total": 24000, "loss": 0.4813294932246208, "mixture_probability": 0.5, "actual_mixture": 0.46875, "gradient_norm": 4.109059810638428, "pid": 4089419, "elapsed_this_session_seconds": 7034.278012480587, "steps_this_session": 13840, "phase": "training", "gpu": "6"}
{"step": 13860, "total": 24000, "loss": 0.34357117116451263, "mixture_probability": 0.5, "actual_mixture": 0.484375, "gradient_norm": 4.189805030822754, "pid": 4089419, "elapsed_this_session_seconds": 7042.89941176679, "steps_this_session": 13860, "phase": "training", "gpu": "6"}
{"step": 13880, "total": 24000, "loss": 0.23786525800824165, "mixture_probability": 0.5, "actual_mixture": 0.46875, "gradient_norm": 2.765094041824341, "pid": 4089419, "elapsed_this_session_seconds": 7050.589133921079, "steps_this_session": 13880, "phase": "training", "gpu": "6"}
{"step": 13900, "total": 24000, "loss": 0.33141887933015823, "mixture_probability": 0.5, "actual_mixture": 0.515625, "gradient_norm": 3.0218288898468018, "pid": 4089419, "elapsed_this_session_seconds": 7057.873745621182, "steps_this_session": 13900, "phase": "training", "gpu": "6"}
{"step": 13920, "total": 24000, "loss": 0.2947663366794586, "mixture_probability": 0.5, "actual_mixture": 0.53125, "gradient_norm": 2.6620326042175293, "pid": 4089419, "elapsed_this_session_seconds": 7079.323818130419, "steps_this_session": 13920, "phase": "training", "gpu": "6"}
{"step": 13940, "total": 24000, "loss": 0.23569439724087715, "mixture_probability": 0.5, "actual_mixture": 0.40625, "gradient_norm": 3.085433006286621, "pid": 4089419, "elapsed_this_session_seconds": 7091.0632602786645, "steps_this_session": 13940, "phase": "training", "gpu": "6"}
{"step": 13960, "total": 24000, "loss": 0.2987437769770622, "mixture_probability": 0.5, "actual_mixture": 0.515625, "gradient_norm": 2.9013960361480713, "pid": 4089419, "elapsed_this_session_seconds": 7096.942129404284, "steps_this_session": 13960, "phase": "training", "gpu": "6"}
{"step": 13980, "total": 24000, "loss": 0.3291589394211769, "mixture_probability": 0.5, "actual_mixture": 0.4375, "gradient_norm": 2.9120612144470215, "pid": 4089419, "elapsed_this_session_seconds": 7104.905514841899, "steps_this_session": 13980, "phase": "training", "gpu": "6"}
{"step": 14000, "total": 24000, "loss": 0.2301030419766903, "mixture_probability": 0.5, "actual_mixture": 0.4375, "gradient_norm": 2.5192019939422607, "pid": 4089419, "elapsed_this_session_seconds": 7114.289038083516, "steps_this_session": 14000, "phase": "training", "gpu": "6"}
{"step": 14020, "total": 24000, "loss": 0.27815011143684387, "mixture_probability": 0.5, "actual_mixture": 0.40625, "gradient_norm": 2.930387496948242, "pid": 4089419, "elapsed_this_session_seconds": 7227.888861193322, "steps_this_session": 14020, "phase": "training", "gpu": "6"}
{"step": 14040, "total": 24000, "loss": 0.26483989506959915, "mixture_probability": 0.5, "actual_mixture": 0.453125, "gradient_norm": 2.6305489540100098, "pid": 4089419, "elapsed_this_session_seconds": 7236.1520955571905, "steps_this_session": 14040, "phase": "training", "gpu": "6"}
{"step": 14060, "total": 24000, "loss": 0.29458338394761086, "mixture_probability": 0.5, "actual_mixture": 0.40625, "gradient_norm": 3.2466750144958496, "pid": 4089419, "elapsed_this_session_seconds": 7244.659115603194, "steps_this_session": 14060, "phase": "training", "gpu": "6"}
{"step": 14080, "total": 24000, "loss": 0.40517040342092514, "mixture_probability": 0.5, "actual_mixture": 0.453125, "gradient_norm": 3.7831578254699707, "pid": 4089419, "elapsed_this_session_seconds": 7252.114323941991, "steps_this_session": 14080, "phase": "training", "gpu": "6"}
{"step": 14100, "total": 24000, "loss": 0.3418487422168255, "mixture_probability": 0.5, "actual_mixture": 0.453125, "gradient_norm": 3.5849997997283936, "pid": 4089419, "elapsed_this_session_seconds": 7259.550672413781, "steps_this_session": 14100, "phase": "training", "gpu": "6"}
{"step": 14120, "total": 24000, "loss": 0.2920782342553139, "mixture_probability": 0.5, "actual_mixture": 0.4375, "gradient_norm": 3.5896482467651367, "pid": 4089419, "elapsed_this_session_seconds": 7266.968912287615, "steps_this_session": 14120, "phase": "training", "gpu": "6"}
{"step": 14140, "total": 24000, "loss": 0.2247760109603405, "mixture_probability": 0.5, "actual_mixture": 0.390625, "gradient_norm": 2.883054256439209, "pid": 4089419, "elapsed_this_session_seconds": 7274.475146368146, "steps_this_session": 14140, "phase": "training", "gpu": "6"}
{"step": 14160, "total": 24000, "loss": 0.26586785912513733, "mixture_probability": 0.5, "actual_mixture": 0.46875, "gradient_norm": 7.15706729888916, "pid": 4089419, "elapsed_this_session_seconds": 7282.241341165267, "steps_this_session": 14160, "phase": "training", "gpu": "6"}
{"step": 14180, "total": 24000, "loss": 0.3900154232978821, "mixture_probability": 0.5, "actual_mixture": 0.5625, "gradient_norm": 3.846961259841919, "pid": 4089419, "elapsed_this_session_seconds": 7289.858296704479, "steps_this_session": 14180, "phase": "training", "gpu": "6"}
{"step": 14200, "total": 24000, "loss": 0.33979640901088715, "mixture_probability": 0.5, "actual_mixture": 0.53125, "gradient_norm": 3.471139907836914, "pid": 4089419, "elapsed_this_session_seconds": 7297.399052301422, "steps_this_session": 14200, "phase": "training", "gpu": "6"}
{"step": 14220, "total": 24000, "loss": 0.32530999183654785, "mixture_probability": 0.5, "actual_mixture": 0.5625, "gradient_norm": 3.2393674850463867, "pid": 4089419, "elapsed_this_session_seconds": 7304.927840307355, "steps_this_session": 14220, "phase": "training", "gpu": "6"}
{"step": 14240, "total": 24000, "loss": 0.31154314056038857, "mixture_probability": 0.5, "actual_mixture": 0.53125, "gradient_norm": 3.657534122467041, "pid": 4089419, "elapsed_this_session_seconds": 7312.373706567101, "steps_this_session": 14240, "phase": "training", "gpu": "6"}
{"step": 14260, "total": 24000, "loss": 0.3149336576461792, "mixture_probability": 0.5, "actual_mixture": 0.46875, "gradient_norm": 2.8771541118621826, "pid": 4089419, "elapsed_this_session_seconds": 7319.851761136204, "steps_this_session": 14260, "phase": "training", "gpu": "6"}
{"step": 14280, "total": 24000, "loss": 0.2672503590583801, "mixture_probability": 0.5, "actual_mixture": 0.5, "gradient_norm": 3.034311056137085, "pid": 4089419, "elapsed_this_session_seconds": 7327.800203801133, "steps_this_session": 14280, "phase": "training", "gpu": "6"}
{"step": 14300, "total": 24000, "loss": 0.40935950726270676, "mixture_probability": 0.5, "actual_mixture": 0.578125, "gradient_norm": 3.755040168762207, "pid": 4089419, "elapsed_this_session_seconds": 7335.313177824952, "steps_this_session": 14300, "phase": "training", "gpu": "6"}
{"step": 14320, "total": 24000, "loss": 0.22260029055178165, "mixture_probability": 0.5, "actual_mixture": 0.421875, "gradient_norm": 2.755572557449341, "pid": 4089419, "elapsed_this_session_seconds": 7342.902626114897, "steps_this_session": 14320, "phase": "training", "gpu": "6"}
{"step": 14340, "total": 24000, "loss": 0.330783486366272, "mixture_probability": 0.5, "actual_mixture": 0.515625, "gradient_norm": 3.299348831176758, "pid": 4089419, "elapsed_this_session_seconds": 7350.277492150664, "steps_this_session": 14340, "phase": "training", "gpu": "6"}
{"step": 14360, "total": 24000, "loss": 0.24809326231479645, "mixture_probability": 0.5, "actual_mixture": 0.359375, "gradient_norm": 3.1960372924804688, "pid": 4089419, "elapsed_this_session_seconds": 7357.663772379048, "steps_this_session": 14360, "phase": "training", "gpu": "6"}
{"step": 14380, "total": 24000, "loss": 0.2794187627732754, "mixture_probability": 0.5, "actual_mixture": 0.484375, "gradient_norm": 3.049961805343628, "pid": 4089419, "elapsed_this_session_seconds": 7365.415095753968, "steps_this_session": 14380, "phase": "training", "gpu": "6"}
{"step": 14400, "total": 24000, "loss": 0.39520226046442986, "mixture_probability": 0.5, "actual_mixture": 0.53125, "gradient_norm": 3.396040678024292, "pid": 4089419, "elapsed_this_session_seconds": 7372.5751483486965, "steps_this_session": 14400, "phase": "training", "gpu": "6"}
{"step": 14420, "total": 24000, "loss": 0.2025529257953167, "mixture_probability": 0.5, "actual_mixture": 0.46875, "gradient_norm": 2.5032029151916504, "pid": 4089419, "elapsed_this_session_seconds": 7379.8184446282685, "steps_this_session": 14420, "phase": "training", "gpu": "6"}
{"step": 14440, "total": 24000, "loss": 0.3349980339407921, "mixture_probability": 0.5, "actual_mixture": 0.40625, "gradient_norm": 3.6341583728790283, "pid": 4089419, "elapsed_this_session_seconds": 7387.071416051127, "steps_this_session": 14440, "phase": "training", "gpu": "6"}
{"step": 14460, "total": 24000, "loss": 0.2894921079277992, "mixture_probability": 0.5, "actual_mixture": 0.578125, "gradient_norm": 3.331608533859253, "pid": 4089419, "elapsed_this_session_seconds": 7394.334887752309, "steps_this_session": 14460, "phase": "training", "gpu": "6"}
{"step": 14480, "total": 24000, "loss": 0.2798880860209465, "mixture_probability": 0.5, "actual_mixture": 0.484375, "gradient_norm": 2.612281322479248, "pid": 4089419, "elapsed_this_session_seconds": 7401.79540379066, "steps_this_session": 14480, "phase": "training", "gpu": "6"}
{"step": 14500, "total": 24000, "loss": 0.3196737468242645, "mixture_probability": 0.5, "actual_mixture": 0.5625, "gradient_norm": 4.250769138336182, "pid": 4089419, "elapsed_this_session_seconds": 7409.1956287631765, "steps_this_session": 14500, "phase": "training", "gpu": "6"}
{"step": 14520, "total": 24000, "loss": 0.22112774476408958, "mixture_probability": 0.5, "actual_mixture": 0.46875, "gradient_norm": 2.4486401081085205, "pid": 4089419, "elapsed_this_session_seconds": 7416.785256351344, "steps_this_session": 14520, "phase": "training", "gpu": "6"}
{"step": 14540, "total": 24000, "loss": 0.3544365167617798, "mixture_probability": 0.5, "actual_mixture": 0.46875, "gradient_norm": 3.4658117294311523, "pid": 4089419, "elapsed_this_session_seconds": 7424.037102165632, "steps_this_session": 14540, "phase": "training", "gpu": "6"}
{"step": 14560, "total": 24000, "loss": 0.23552457243204117, "mixture_probability": 0.5, "actual_mixture": 0.5, "gradient_norm": 2.851168394088745, "pid": 4089419, "elapsed_this_session_seconds": 7431.26334260311, "steps_this_session": 14560, "phase": "training", "gpu": "6"}
{"step": 14580, "total": 24000, "loss": 0.2668163701891899, "mixture_probability": 0.5, "actual_mixture": 0.546875, "gradient_norm": 2.898545980453491, "pid": 4089419, "elapsed_this_session_seconds": 7438.375702766702, "steps_this_session": 14580, "phase": "training", "gpu": "6"}
{"step": 14600, "total": 24000, "loss": 0.317280538380146, "mixture_probability": 0.5, "actual_mixture": 0.59375, "gradient_norm": 2.7511093616485596, "pid": 4089419, "elapsed_this_session_seconds": 7445.503487011418, "steps_this_session": 14600, "phase": "training", "gpu": "6"}
{"step": 14620, "total": 24000, "loss": 0.23551977053284645, "mixture_probability": 0.5, "actual_mixture": 0.53125, "gradient_norm": 2.7957651615142822, "pid": 4089419, "elapsed_this_session_seconds": 7452.753585141152, "steps_this_session": 14620, "phase": "training", "gpu": "6"}
{"step": 14640, "total": 24000, "loss": 0.2752059996128082, "mixture_probability": 0.5, "actual_mixture": 0.453125, "gradient_norm": 2.9262583255767822, "pid": 4089419, "elapsed_this_session_seconds": 7460.327537642792, "steps_this_session": 14640, "phase": "training", "gpu": "6"}
{"step": 14660, "total": 24000, "loss": 0.3027052879333496, "mixture_probability": 0.5, "actual_mixture": 0.4375, "gradient_norm": 3.414989709854126, "pid": 4089419, "elapsed_this_session_seconds": 7467.41924633272, "steps_this_session": 14660, "phase": "training", "gpu": "6"}
{"step": 14680, "total": 24000, "loss": 0.26972946897149086, "mixture_probability": 0.5, "actual_mixture": 0.421875, "gradient_norm": 2.7596545219421387, "pid": 4089419, "elapsed_this_session_seconds": 7474.563361991197, "steps_this_session": 14680, "phase": "training", "gpu": "6"}
{"step": 14700, "total": 24000, "loss": 0.32686495780944824, "mixture_probability": 0.5, "actual_mixture": 0.5625, "gradient_norm": 3.0078232288360596, "pid": 4089419, "elapsed_this_session_seconds": 7481.752712692134, "steps_this_session": 14700, "phase": "training", "gpu": "6"}
{"step": 14720, "total": 24000, "loss": 0.31813598424196243, "mixture_probability": 0.5, "actual_mixture": 0.46875, "gradient_norm": 3.61745023727417, "pid": 4089419, "elapsed_this_session_seconds": 7488.978116753511, "steps_this_session": 14720, "phase": "training", "gpu": "6"}
{"step": 14740, "total": 24000, "loss": 0.224334217607975, "mixture_probability": 0.5, "actual_mixture": 0.484375, "gradient_norm": 2.9113123416900635, "pid": 4089419, "elapsed_this_session_seconds": 7496.769374497235, "steps_this_session": 14740, "phase": "training", "gpu": "6"}
{"step": 14760, "total": 24000, "loss": 0.37073226273059845, "mixture_probability": 0.5, "actual_mixture": 0.484375, "gradient_norm": 3.3814213275909424, "pid": 4089419, "elapsed_this_session_seconds": 7503.938168859109, "steps_this_session": 14760, "phase": "training", "gpu": "6"}
{"step": 14780, "total": 24000, "loss": 0.3176630921661854, "mixture_probability": 0.5, "actual_mixture": 0.515625, "gradient_norm": 2.711555242538452, "pid": 4089419, "elapsed_this_session_seconds": 7511.085814283229, "steps_this_session": 14780, "phase": "training", "gpu": "6"}
{"step": 14800, "total": 24000, "loss": 0.2761887088418007, "mixture_probability": 0.5, "actual_mixture": 0.390625, "gradient_norm": 3.357640266418457, "pid": 4089419, "elapsed_this_session_seconds": 7518.2035199813545, "steps_this_session": 14800, "phase": "training", "gpu": "6"}
{"step": 14820, "total": 24000, "loss": 0.34019650891423225, "mixture_probability": 0.5, "actual_mixture": 0.515625, "gradient_norm": 3.6265926361083984, "pid": 4089419, "elapsed_this_session_seconds": 7525.351429039612, "steps_this_session": 14820, "phase": "training", "gpu": "6"}
{"step": 14840, "total": 24000, "loss": 0.2715841010212898, "mixture_probability": 0.5, "actual_mixture": 0.5625, "gradient_norm": 3.242269515991211, "pid": 4089419, "elapsed_this_session_seconds": 7532.534315474331, "steps_this_session": 14840, "phase": "training", "gpu": "6"}
{"step": 14860, "total": 24000, "loss": 0.4280560463666916, "mixture_probability": 0.5, "actual_mixture": 0.46875, "gradient_norm": 4.90267276763916, "pid": 4089419, "elapsed_this_session_seconds": 7539.671636243351, "steps_this_session": 14860, "phase": "training", "gpu": "6"}
{"step": 14880, "total": 24000, "loss": 0.35958201065659523, "mixture_probability": 0.5, "actual_mixture": 0.515625, "gradient_norm": 3.8152875900268555, "pid": 4089419, "elapsed_this_session_seconds": 7546.749548184685, "steps_this_session": 14880, "phase": "training", "gpu": "6"}
{"step": 14900, "total": 24000, "loss": 0.3246198184788227, "mixture_probability": 0.5, "actual_mixture": 0.5625, "gradient_norm": 3.4774580001831055, "pid": 4089419, "elapsed_this_session_seconds": 7555.273339343257, "steps_this_session": 14900, "phase": "training", "gpu": "6"}
{"step": 14920, "total": 24000, "loss": 0.37471001222729683, "mixture_probability": 0.5, "actual_mixture": 0.625, "gradient_norm": 3.321406364440918, "pid": 4089419, "elapsed_this_session_seconds": 7576.421372794546, "steps_this_session": 14920, "phase": "training", "gpu": "6"}
{"step": 14940, "total": 24000, "loss": 0.28342317789793015, "mixture_probability": 0.5, "actual_mixture": 0.40625, "gradient_norm": 2.8358154296875, "pid": 4089419, "elapsed_this_session_seconds": 7590.273101286031, "steps_this_session": 14940, "phase": "training", "gpu": "6"}
{"step": 14960, "total": 24000, "loss": 0.25473808124661446, "mixture_probability": 0.5, "actual_mixture": 0.46875, "gradient_norm": 2.531416416168213, "pid": 4089419, "elapsed_this_session_seconds": 7595.651652444154, "steps_this_session": 14960, "phase": "training", "gpu": "6"}
{"step": 14980, "total": 24000, "loss": 0.29717694222927094, "mixture_probability": 0.5, "actual_mixture": 0.421875, "gradient_norm": 3.3721632957458496, "pid": 4089419, "elapsed_this_session_seconds": 7603.267239284702, "steps_this_session": 14980, "phase": "training", "gpu": "6"}
{"step": 15000, "total": 24000, "loss": 0.21609735116362572, "mixture_probability": 0.5, "actual_mixture": 0.515625, "gradient_norm": 2.947608232498169, "pid": 4089419, "elapsed_this_session_seconds": 7612.032857253216, "steps_this_session": 15000, "phase": "training", "gpu": "6"}
{"step": 15020, "total": 24000, "loss": 0.2703361473977566, "mixture_probability": 0.5, "actual_mixture": 0.515625, "gradient_norm": 2.781167507171631, "pid": 4089419, "elapsed_this_session_seconds": 7620.6694028181955, "steps_this_session": 15020, "phase": "training", "gpu": "6"}
{"step": 15040, "total": 24000, "loss": 0.29705437645316124, "mixture_probability": 0.5, "actual_mixture": 0.4375, "gradient_norm": 3.14428448677063, "pid": 4089419, "elapsed_this_session_seconds": 7629.105414355174, "steps_this_session": 15040, "phase": "training", "gpu": "6"}
{"step": 15060, "total": 24000, "loss": 0.36909208446741104, "mixture_probability": 0.5, "actual_mixture": 0.546875, "gradient_norm": 4.005738735198975, "pid": 4089419, "elapsed_this_session_seconds": 7637.190824779682, "steps_this_session": 15060, "phase": "training", "gpu": "6"}
{"step": 15080, "total": 24000, "loss": 0.27072734385728836, "mixture_probability": 0.5, "actual_mixture": 0.453125, "gradient_norm": 2.7460083961486816, "pid": 4089419, "elapsed_this_session_seconds": 7643.811510951258, "steps_this_session": 15080, "phase": "training", "gpu": "6"}
{"step": 15100, "total": 24000, "loss": 0.31565576791763306, "mixture_probability": 0.5, "actual_mixture": 0.453125, "gradient_norm": 3.3195955753326416, "pid": 4089419, "elapsed_this_session_seconds": 7652.074404804967, "steps_this_session": 15100, "phase": "training", "gpu": "6"}
{"step": 15120, "total": 24000, "loss": 0.30209729075431824, "mixture_probability": 0.5, "actual_mixture": 0.578125, "gradient_norm": 3.5074069499969482, "pid": 4089419, "elapsed_this_session_seconds": 7660.251502171159, "steps_this_session": 15120, "phase": "training", "gpu": "6"}
{"step": 15140, "total": 24000, "loss": 0.24265924468636513, "mixture_probability": 0.5, "actual_mixture": 0.46875, "gradient_norm": 2.569502115249634, "pid": 4089419, "elapsed_this_session_seconds": 7668.207820684649, "steps_this_session": 15140, "phase": "training", "gpu": "6"}
{"step": 15160, "total": 24000, "loss": 0.24707168713212013, "mixture_probability": 0.5, "actual_mixture": 0.53125, "gradient_norm": 2.9816670417785645, "pid": 4089419, "elapsed_this_session_seconds": 7675.631381378509, "steps_this_session": 15160, "phase": "training", "gpu": "6"}
{"step": 15180, "total": 24000, "loss": 0.2679210677742958, "mixture_probability": 0.5, "actual_mixture": 0.4375, "gradient_norm": 3.105626344680786, "pid": 4089419, "elapsed_this_session_seconds": 7681.785141323693, "steps_this_session": 15180, "phase": "training", "gpu": "6"}
{"step": 15200, "total": 24000, "loss": 0.3210206553339958, "mixture_probability": 0.5, "actual_mixture": 0.59375, "gradient_norm": 2.8626585006713867, "pid": 4089419, "elapsed_this_session_seconds": 7689.646889774129, "steps_this_session": 15200, "phase": "training", "gpu": "6"}
{"step": 15220, "total": 24000, "loss": 0.29660578072071075, "mixture_probability": 0.5, "actual_mixture": 0.515625, "gradient_norm": 2.857832670211792, "pid": 4089419, "elapsed_this_session_seconds": 7697.49858602602, "steps_this_session": 15220, "phase": "training", "gpu": "6"}
{"step": 15240, "total": 24000, "loss": 0.25731246918439865, "mixture_probability": 0.5, "actual_mixture": 0.46875, "gradient_norm": 4.116799831390381, "pid": 4089419, "elapsed_this_session_seconds": 7705.3104043202475, "steps_this_session": 15240, "phase": "training", "gpu": "6"}
{"step": 15260, "total": 24000, "loss": 0.2313370257616043, "mixture_probability": 0.5, "actual_mixture": 0.40625, "gradient_norm": 2.9280028343200684, "pid": 4089419, "elapsed_this_session_seconds": 7713.244526358321, "steps_this_session": 15260, "phase": "training", "gpu": "6"}
{"step": 15280, "total": 24000, "loss": 0.3474009111523628, "mixture_probability": 0.5, "actual_mixture": 0.53125, "gradient_norm": 3.955437421798706, "pid": 4089419, "elapsed_this_session_seconds": 7720.953447287902, "steps_this_session": 15280, "phase": "training", "gpu": "6"}
{"step": 15300, "total": 24000, "loss": 0.21349935606122017, "mixture_probability": 0.5, "actual_mixture": 0.546875, "gradient_norm": 2.2853610515594482, "pid": 4089419, "elapsed_this_session_seconds": 7728.794866884127, "steps_this_session": 15300, "phase": "training", "gpu": "6"}
{"step": 15320, "total": 24000, "loss": 0.27046218886971474, "mixture_probability": 0.5, "actual_mixture": 0.578125, "gradient_norm": 3.6633853912353516, "pid": 4089419, "elapsed_this_session_seconds": 7736.479818006977, "steps_this_session": 15320, "phase": "training", "gpu": "6"}
{"step": 15340, "total": 24000, "loss": 0.2438727356493473, "mixture_probability": 0.5, "actual_mixture": 0.421875, "gradient_norm": 2.9171526432037354, "pid": 4089419, "elapsed_this_session_seconds": 7753.13556024991, "steps_this_session": 15340, "phase": "training", "gpu": "6"}
{"step": 15360, "total": 24000, "loss": 0.3650447726249695, "mixture_probability": 0.5, "actual_mixture": 0.5625, "gradient_norm": 3.1455729007720947, "pid": 4089419, "elapsed_this_session_seconds": 7774.408531604335, "steps_this_session": 15360, "phase": "training", "gpu": "6"}
{"step": 15380, "total": 24000, "loss": 0.3464881628751755, "mixture_probability": 0.5, "actual_mixture": 0.515625, "gradient_norm": 5.0947184562683105, "pid": 4089419, "elapsed_this_session_seconds": 7792.328835839406, "steps_this_session": 15380, "phase": "training", "gpu": "6"}
{"step": 15400, "total": 24000, "loss": 0.28430376946926117, "mixture_probability": 0.5, "actual_mixture": 0.515625, "gradient_norm": 2.9435293674468994, "pid": 4089419, "elapsed_this_session_seconds": 7796.795532464981, "steps_this_session": 15400, "phase": "training", "gpu": "6"}
{"step": 15420, "total": 24000, "loss": 0.20603899285197258, "mixture_probability": 0.5, "actual_mixture": 0.5, "gradient_norm": 2.3916380405426025, "pid": 4089419, "elapsed_this_session_seconds": 7804.5896557495, "steps_this_session": 15420, "phase": "training", "gpu": "6"}
{"step": 15440, "total": 24000, "loss": 0.31392600387334824, "mixture_probability": 0.5, "actual_mixture": 0.53125, "gradient_norm": 3.6671106815338135, "pid": 4089419, "elapsed_this_session_seconds": 7812.996441328898, "steps_this_session": 15440, "phase": "training", "gpu": "6"}
{"step": 15460, "total": 24000, "loss": 0.27438047155737877, "mixture_probability": 0.5, "actual_mixture": 0.4375, "gradient_norm": 3.5700740814208984, "pid": 4089419, "elapsed_this_session_seconds": 7821.179727830924, "steps_this_session": 15460, "phase": "training", "gpu": "6"}
{"step": 15480, "total": 24000, "loss": 0.26857389509677887, "mixture_probability": 0.5, "actual_mixture": 0.421875, "gradient_norm": 2.8711979389190674, "pid": 4089419, "elapsed_this_session_seconds": 7829.352768527344, "steps_this_session": 15480, "phase": "training", "gpu": "6"}
{"step": 15500, "total": 24000, "loss": 0.24185942858457565, "mixture_probability": 0.5, "actual_mixture": 0.328125, "gradient_norm": 2.8786380290985107, "pid": 4089419, "elapsed_this_session_seconds": 7837.880211382173, "steps_this_session": 15500, "phase": "training", "gpu": "6"}
{"step": 15520, "total": 24000, "loss": 0.23561511933803558, "mixture_probability": 0.5, "actual_mixture": 0.5, "gradient_norm": 2.9180567264556885, "pid": 4089419, "elapsed_this_session_seconds": 7843.583512936719, "steps_this_session": 15520, "phase": "training", "gpu": "6"}
{"step": 15540, "total": 24000, "loss": 0.2943585366010666, "mixture_probability": 0.5, "actual_mixture": 0.390625, "gradient_norm": 2.697044610977173, "pid": 4089419, "elapsed_this_session_seconds": 7851.590704509988, "steps_this_session": 15540, "phase": "training", "gpu": "6"}
{"step": 15560, "total": 24000, "loss": 0.24037592485547066, "mixture_probability": 0.5, "actual_mixture": 0.53125, "gradient_norm": 2.7673938274383545, "pid": 4089419, "elapsed_this_session_seconds": 7859.550094460137, "steps_this_session": 15560, "phase": "training", "gpu": "6"}
{"step": 15580, "total": 24000, "loss": 0.24938181042671204, "mixture_probability": 0.5, "actual_mixture": 0.453125, "gradient_norm": 2.4339189529418945, "pid": 4089419, "elapsed_this_session_seconds": 7867.975504068658, "steps_this_session": 15580, "phase": "training", "gpu": "6"}
{"step": 15600, "total": 24000, "loss": 0.3420446813106537, "mixture_probability": 0.5, "actual_mixture": 0.515625, "gradient_norm": 3.861753225326538, "pid": 4089419, "elapsed_this_session_seconds": 7873.192274980247, "steps_this_session": 15600, "phase": "training", "gpu": "6"}
{"step": 15620, "total": 24000, "loss": 0.2751065045595169, "mixture_probability": 0.5, "actual_mixture": 0.484375, "gradient_norm": 2.713243007659912, "pid": 4089419, "elapsed_this_session_seconds": 7881.015521609224, "steps_this_session": 15620, "phase": "training", "gpu": "6"}
{"step": 15640, "total": 24000, "loss": 0.22471755370497704, "mixture_probability": 0.5, "actual_mixture": 0.5, "gradient_norm": 2.975646734237671, "pid": 4089419, "elapsed_this_session_seconds": 7889.000848884694, "steps_this_session": 15640, "phase": "training", "gpu": "6"}
{"step": 15660, "total": 24000, "loss": 0.2454085573554039, "mixture_probability": 0.5, "actual_mixture": 0.515625, "gradient_norm": 2.7702243328094482, "pid": 4089419, "elapsed_this_session_seconds": 7896.776584669948, "steps_this_session": 15660, "phase": "training", "gpu": "6"}
{"step": 15680, "total": 24000, "loss": 0.5111986771225929, "mixture_probability": 0.5, "actual_mixture": 0.484375, "gradient_norm": 7.485929489135742, "pid": 4089419, "elapsed_this_session_seconds": 7904.570136381313, "steps_this_session": 15680, "phase": "training", "gpu": "6"}
{"step": 15700, "total": 24000, "loss": 0.22582470625638962, "mixture_probability": 0.5, "actual_mixture": 0.4375, "gradient_norm": 2.5159528255462646, "pid": 4089419, "elapsed_this_session_seconds": 7912.06007617712, "steps_this_session": 15700, "phase": "training", "gpu": "6"}
{"step": 15720, "total": 24000, "loss": 0.3295262008905411, "mixture_probability": 0.5, "actual_mixture": 0.484375, "gradient_norm": 3.1400983333587646, "pid": 4089419, "elapsed_this_session_seconds": 7919.5073371343315, "steps_this_session": 15720, "phase": "training", "gpu": "6"}
{"step": 15740, "total": 24000, "loss": 0.2384469248354435, "mixture_probability": 0.5, "actual_mixture": 0.453125, "gradient_norm": 2.915329694747925, "pid": 4089419, "elapsed_this_session_seconds": 7927.435393650085, "steps_this_session": 15740, "phase": "training", "gpu": "6"}
{"step": 15760, "total": 24000, "loss": 0.23072950541973114, "mixture_probability": 0.5, "actual_mixture": 0.46875, "gradient_norm": 2.725616455078125, "pid": 4089419, "elapsed_this_session_seconds": 7935.352637324482, "steps_this_session": 15760, "phase": "training", "gpu": "6"}
{"step": 15780, "total": 24000, "loss": 0.3015590161085129, "mixture_probability": 0.5, "actual_mixture": 0.46875, "gradient_norm": 3.0467727184295654, "pid": 4089419, "elapsed_this_session_seconds": 7943.155952401459, "steps_this_session": 15780, "phase": "training", "gpu": "6"}
{"step": 15800, "total": 24000, "loss": 0.4506031721830368, "mixture_probability": 0.5, "actual_mixture": 0.5625, "gradient_norm": 3.921499013900757, "pid": 4089419, "elapsed_this_session_seconds": 7951.005815017037, "steps_this_session": 15800, "phase": "training", "gpu": "6"}
{"step": 15820, "total": 24000, "loss": 0.3128872513771057, "mixture_probability": 0.5, "actual_mixture": 0.46875, "gradient_norm": 3.333691120147705, "pid": 4089419, "elapsed_this_session_seconds": 7958.874760819599, "steps_this_session": 15820, "phase": "training", "gpu": "6"}
{"step": 15840, "total": 24000, "loss": 0.25389132648706436, "mixture_probability": 0.5, "actual_mixture": 0.546875, "gradient_norm": 2.59196400642395, "pid": 4089419, "elapsed_this_session_seconds": 7966.846285613254, "steps_this_session": 15840, "phase": "training", "gpu": "6"}
{"step": 15860, "total": 24000, "loss": 0.43524083867669106, "mixture_probability": 0.5, "actual_mixture": 0.375, "gradient_norm": 5.090297222137451, "pid": 4089419, "elapsed_this_session_seconds": 7974.538057899103, "steps_this_session": 15860, "phase": "training", "gpu": "6"}
{"step": 15880, "total": 24000, "loss": 0.2863070145249367, "mixture_probability": 0.5, "actual_mixture": 0.359375, "gradient_norm": 2.8823108673095703, "pid": 4089419, "elapsed_this_session_seconds": 7982.3491465887055, "steps_this_session": 15880, "phase": "training", "gpu": "6"}
{"step": 15900, "total": 24000, "loss": 0.23821993172168732, "mixture_probability": 0.5, "actual_mixture": 0.5, "gradient_norm": 2.6588616371154785, "pid": 4089419, "elapsed_this_session_seconds": 7990.305584396236, "steps_this_session": 15900, "phase": "training", "gpu": "6"}
{"step": 15920, "total": 24000, "loss": 0.25832829624414444, "mixture_probability": 0.5, "actual_mixture": 0.4375, "gradient_norm": 2.7247326374053955, "pid": 4089419, "elapsed_this_session_seconds": 8012.776581581682, "steps_this_session": 15920, "phase": "training", "gpu": "6"}
{"step": 15940, "total": 24000, "loss": 0.375023752450943, "mixture_probability": 0.5, "actual_mixture": 0.515625, "gradient_norm": 3.567828893661499, "pid": 4089419, "elapsed_this_session_seconds": 8034.1698400862515, "steps_this_session": 15940, "phase": "training", "gpu": "6"}
{"step": 15960, "total": 24000, "loss": 0.25413401424884796, "mixture_probability": 0.5, "actual_mixture": 0.546875, "gradient_norm": 2.809190511703491, "pid": 4089419, "elapsed_this_session_seconds": 8055.435506373644, "steps_this_session": 15960, "phase": "training", "gpu": "6"}
{"step": 15980, "total": 24000, "loss": 0.22040370851755142, "mixture_probability": 0.5, "actual_mixture": 0.515625, "gradient_norm": 2.9074971675872803, "pid": 4089419, "elapsed_this_session_seconds": 8076.674973236397, "steps_this_session": 15980, "phase": "training", "gpu": "6"}
{"step": 16000, "total": 24000, "loss": 0.2384667657315731, "mixture_probability": 0.5, "actual_mixture": 0.46875, "gradient_norm": 2.583299398422241, "pid": 4089419, "elapsed_this_session_seconds": 8098.218038452789, "steps_this_session": 16000, "phase": "training", "gpu": "6"}
{"step": 16020, "total": 24000, "loss": 0.3521629050374031, "mixture_probability": 0.5, "actual_mixture": 0.515625, "gradient_norm": 3.732698440551758, "pid": 4089419, "elapsed_this_session_seconds": 8419.64243106544, "steps_this_session": 16020, "phase": "training", "gpu": "6"}
{"step": 16040, "total": 24000, "loss": 0.2388615682721138, "mixture_probability": 0.5, "actual_mixture": 0.53125, "gradient_norm": 2.335515022277832, "pid": 4089419, "elapsed_this_session_seconds": 8439.730768750422, "steps_this_session": 16040, "phase": "training", "gpu": "6"}
{"step": 16060, "total": 24000, "loss": 0.2580477073788643, "mixture_probability": 0.5, "actual_mixture": 0.5625, "gradient_norm": 2.9890575408935547, "pid": 4089419, "elapsed_this_session_seconds": 8460.047334375791, "steps_this_session": 16060, "phase": "training", "gpu": "6"}
{"step": 16080, "total": 24000, "loss": 0.3033595681190491, "mixture_probability": 0.5, "actual_mixture": 0.453125, "gradient_norm": 3.2331974506378174, "pid": 4089419, "elapsed_this_session_seconds": 8480.183479273692, "steps_this_session": 16080, "phase": "training", "gpu": "6"}
{"step": 16100, "total": 24000, "loss": 0.3407836854457855, "mixture_probability": 0.5, "actual_mixture": 0.59375, "gradient_norm": 3.243671178817749, "pid": 4089419, "elapsed_this_session_seconds": 8500.732726167887, "steps_this_session": 16100, "phase": "training", "gpu": "6"}
{"step": 16120, "total": 24000, "loss": 0.3665650188922882, "mixture_probability": 0.5, "actual_mixture": 0.53125, "gradient_norm": 4.349465370178223, "pid": 4089419, "elapsed_this_session_seconds": 8520.867237323895, "steps_this_session": 16120, "phase": "training", "gpu": "6"}
{"step": 16140, "total": 24000, "loss": 0.31992997229099274, "mixture_probability": 0.5, "actual_mixture": 0.53125, "gradient_norm": 3.6107351779937744, "pid": 4089419, "elapsed_this_session_seconds": 8541.324242324568, "steps_this_session": 16140, "phase": "training", "gpu": "6"}
{"step": 16160, "total": 24000, "loss": 0.19628074392676353, "mixture_probability": 0.5, "actual_mixture": 0.421875, "gradient_norm": 2.1368305683135986, "pid": 4089419, "elapsed_this_session_seconds": 8561.150627028197, "steps_this_session": 16160, "phase": "training", "gpu": "6"}
{"step": 16180, "total": 24000, "loss": 0.27051229774951935, "mixture_probability": 0.5, "actual_mixture": 0.515625, "gradient_norm": 2.5075418949127197, "pid": 4089419, "elapsed_this_session_seconds": 8580.880240248516, "steps_this_session": 16180, "phase": "training", "gpu": "6"}
{"step": 16200, "total": 24000, "loss": 0.2982974201440811, "mixture_probability": 0.5, "actual_mixture": 0.5, "gradient_norm": 3.3088314533233643, "pid": 4089419, "elapsed_this_session_seconds": 8598.414839797653, "steps_this_session": 16200, "phase": "training", "gpu": "6"}
{"step": 16220, "total": 24000, "loss": 0.2591675631701946, "mixture_probability": 0.5, "actual_mixture": 0.515625, "gradient_norm": 2.5228731632232666, "pid": 4089419, "elapsed_this_session_seconds": 8603.097542013973, "steps_this_session": 16220, "phase": "training", "gpu": "6"}
{"step": 16240, "total": 24000, "loss": 0.37212422490119934, "mixture_probability": 0.5, "actual_mixture": 0.46875, "gradient_norm": 4.295542240142822, "pid": 4089419, "elapsed_this_session_seconds": 8610.719998938963, "steps_this_session": 16240, "phase": "training", "gpu": "6"}
{"step": 16260, "total": 24000, "loss": 0.27290475741028786, "mixture_probability": 0.5, "actual_mixture": 0.453125, "gradient_norm": 3.1164329051971436, "pid": 4089419, "elapsed_this_session_seconds": 8619.42056577187, "steps_this_session": 16260, "phase": "training", "gpu": "6"}
{"step": 16280, "total": 24000, "loss": 0.27902601659297943, "mixture_probability": 0.5, "actual_mixture": 0.46875, "gradient_norm": 3.491358757019043, "pid": 4089419, "elapsed_this_session_seconds": 8628.727023870684, "steps_this_session": 16280, "phase": "training", "gpu": "6"}
{"step": 16300, "total": 24000, "loss": 0.2786357030272484, "mixture_probability": 0.5, "actual_mixture": 0.46875, "gradient_norm": 2.834071397781372, "pid": 4089419, "elapsed_this_session_seconds": 8634.853378208354, "steps_this_session": 16300, "phase": "training", "gpu": "6"}
{"step": 16320, "total": 24000, "loss": 0.3323918953537941, "mixture_probability": 0.5, "actual_mixture": 0.5625, "gradient_norm": 3.511286735534668, "pid": 4089419, "elapsed_this_session_seconds": 8643.877130565234, "steps_this_session": 16320, "phase": "training", "gpu": "6"}
{"step": 16340, "total": 24000, "loss": 0.3125831224024296, "mixture_probability": 0.5, "actual_mixture": 0.453125, "gradient_norm": 3.2589213848114014, "pid": 4089419, "elapsed_this_session_seconds": 8652.642624800093, "steps_this_session": 16340, "phase": "training", "gpu": "6"}
{"step": 16360, "total": 24000, "loss": 0.3046219199895859, "mixture_probability": 0.5, "actual_mixture": 0.578125, "gradient_norm": 3.112708330154419, "pid": 4089419, "elapsed_this_session_seconds": 8661.413502431475, "steps_this_session": 16360, "phase": "training", "gpu": "6"}
{"step": 16380, "total": 24000, "loss": 0.3261685147881508, "mixture_probability": 0.5, "actual_mixture": 0.640625, "gradient_norm": 3.6590826511383057, "pid": 4089419, "elapsed_this_session_seconds": 8670.145205296576, "steps_this_session": 16380, "phase": "training", "gpu": "6"}
{"step": 16400, "total": 24000, "loss": 0.3271918185055256, "mixture_probability": 0.5, "actual_mixture": 0.375, "gradient_norm": 3.7675373554229736, "pid": 4089419, "elapsed_this_session_seconds": 8678.659008787014, "steps_this_session": 16400, "phase": "training", "gpu": "6"}
{"step": 16420, "total": 24000, "loss": 0.25472602993249893, "mixture_probability": 0.5, "actual_mixture": 0.546875, "gradient_norm": 2.8716719150543213, "pid": 4089419, "elapsed_this_session_seconds": 8687.086259956472, "steps_this_session": 16420, "phase": "training", "gpu": "6"}
{"step": 16440, "total": 24000, "loss": 0.3288687877357006, "mixture_probability": 0.5, "actual_mixture": 0.609375, "gradient_norm": 2.96846079826355, "pid": 4089419, "elapsed_this_session_seconds": 8705.196268582717, "steps_this_session": 16440, "phase": "training", "gpu": "6"}
{"step": 16460, "total": 24000, "loss": 0.3217295855283737, "mixture_probability": 0.5, "actual_mixture": 0.421875, "gradient_norm": 3.4620766639709473, "pid": 4089419, "elapsed_this_session_seconds": 8727.424317545258, "steps_this_session": 16460, "phase": "training", "gpu": "6"}
{"step": 16480, "total": 24000, "loss": 0.3237634114921093, "mixture_probability": 0.5, "actual_mixture": 0.5, "gradient_norm": 3.2012929916381836, "pid": 4089419, "elapsed_this_session_seconds": 8746.712934209034, "steps_this_session": 16480, "phase": "training", "gpu": "6"}
{"step": 16500, "total": 24000, "loss": 0.2289213426411152, "mixture_probability": 0.5, "actual_mixture": 0.53125, "gradient_norm": 2.768277406692505, "pid": 4089419, "elapsed_this_session_seconds": 8752.006947621703, "steps_this_session": 16500, "phase": "training", "gpu": "6"}
{"step": 16520, "total": 24000, "loss": 0.3735358938574791, "mixture_probability": 0.5, "actual_mixture": 0.484375, "gradient_norm": 4.028550624847412, "pid": 4089419, "elapsed_this_session_seconds": 8760.060166887939, "steps_this_session": 16520, "phase": "training", "gpu": "6"}
{"step": 16540, "total": 24000, "loss": 0.22170362621545792, "mixture_probability": 0.5, "actual_mixture": 0.53125, "gradient_norm": 3.396824836730957, "pid": 4089419, "elapsed_this_session_seconds": 8768.71109005902, "steps_this_session": 16540, "phase": "training", "gpu": "6"}
{"step": 16560, "total": 24000, "loss": 0.2551097497344017, "mixture_probability": 0.5, "actual_mixture": 0.578125, "gradient_norm": 3.342160224914551, "pid": 4089419, "elapsed_this_session_seconds": 8776.824481513351, "steps_this_session": 16560, "phase": "training", "gpu": "6"}
{"step": 16580, "total": 24000, "loss": 0.2317616082727909, "mixture_probability": 0.5, "actual_mixture": 0.484375, "gradient_norm": 2.505549192428589, "pid": 4089419, "elapsed_this_session_seconds": 8784.74578784313, "steps_this_session": 16580, "phase": "training", "gpu": "6"}
{"step": 16600, "total": 24000, "loss": 0.27415739744901657, "mixture_probability": 0.5, "actual_mixture": 0.421875, "gradient_norm": 3.9717535972595215, "pid": 4089419, "elapsed_this_session_seconds": 8791.476495336741, "steps_this_session": 16600, "phase": "training", "gpu": "6"}
{"step": 16620, "total": 24000, "loss": 0.4536351878196001, "mixture_probability": 0.5, "actual_mixture": 0.46875, "gradient_norm": 4.061413288116455, "pid": 4089419, "elapsed_this_session_seconds": 8800.42462492641, "steps_this_session": 16620, "phase": "training", "gpu": "6"}
{"step": 16640, "total": 24000, "loss": 0.38389794528484344, "mixture_probability": 0.5, "actual_mixture": 0.53125, "gradient_norm": 3.591458320617676, "pid": 4089419, "elapsed_this_session_seconds": 8809.443290512078, "steps_this_session": 16640, "phase": "training", "gpu": "6"}
{"step": 16660, "total": 24000, "loss": 0.33179188519716263, "mixture_probability": 0.5, "actual_mixture": 0.46875, "gradient_norm": 3.0239782333374023, "pid": 4089419, "elapsed_this_session_seconds": 8818.236208962277, "steps_this_session": 16660, "phase": "training", "gpu": "6"}
{"step": 16680, "total": 24000, "loss": 0.21662380918860435, "mixture_probability": 0.5, "actual_mixture": 0.515625, "gradient_norm": 3.009025812149048, "pid": 4089419, "elapsed_this_session_seconds": 8825.939306484535, "steps_this_session": 16680, "phase": "training", "gpu": "6"}
{"step": 16700, "total": 24000, "loss": 0.36140846461057663, "mixture_probability": 0.5, "actual_mixture": 0.578125, "gradient_norm": 3.4149913787841797, "pid": 4089419, "elapsed_this_session_seconds": 8833.270486084744, "steps_this_session": 16700, "phase": "training", "gpu": "6"}
{"step": 16720, "total": 24000, "loss": 0.33713556826114655, "mixture_probability": 0.5, "actual_mixture": 0.46875, "gradient_norm": 3.894785165786743, "pid": 4089419, "elapsed_this_session_seconds": 8841.9903413672, "steps_this_session": 16720, "phase": "training", "gpu": "6"}
{"step": 16740, "total": 24000, "loss": 0.2910442501306534, "mixture_probability": 0.5, "actual_mixture": 0.59375, "gradient_norm": 2.828773021697998, "pid": 4089419, "elapsed_this_session_seconds": 8850.702756877989, "steps_this_session": 16740, "phase": "training", "gpu": "6"}
{"step": 16760, "total": 24000, "loss": 0.25301964208483696, "mixture_probability": 0.5, "actual_mixture": 0.390625, "gradient_norm": 2.6301257610321045, "pid": 4089419, "elapsed_this_session_seconds": 8859.229514789768, "steps_this_session": 16760, "phase": "training", "gpu": "6"}
{"step": 16780, "total": 24000, "loss": 0.24461237341165543, "mixture_probability": 0.5, "actual_mixture": 0.40625, "gradient_norm": 2.7266714572906494, "pid": 4089419, "elapsed_this_session_seconds": 8865.81926739309, "steps_this_session": 16780, "phase": "training", "gpu": "6"}
{"step": 16800, "total": 24000, "loss": 0.24420245364308357, "mixture_probability": 0.5, "actual_mixture": 0.453125, "gradient_norm": 2.390184164047241, "pid": 4089419, "elapsed_this_session_seconds": 8873.444096604362, "steps_this_session": 16800, "phase": "training", "gpu": "6"}
{"step": 16820, "total": 24000, "loss": 0.26403023302555084, "mixture_probability": 0.5, "actual_mixture": 0.53125, "gradient_norm": 2.485990524291992, "pid": 4089419, "elapsed_this_session_seconds": 8882.06116689369, "steps_this_session": 16820, "phase": "training", "gpu": "6"}
{"step": 16840, "total": 24000, "loss": 0.2916008308529854, "mixture_probability": 0.5, "actual_mixture": 0.5625, "gradient_norm": 2.7767539024353027, "pid": 4089419, "elapsed_this_session_seconds": 8890.02513379138, "steps_this_session": 16840, "phase": "training", "gpu": "6"}
{"step": 16860, "total": 24000, "loss": 0.36143796890974045, "mixture_probability": 0.5, "actual_mixture": 0.59375, "gradient_norm": 3.6363422870635986, "pid": 4089419, "elapsed_this_session_seconds": 8897.305679316632, "steps_this_session": 16860, "phase": "training", "gpu": "6"}
{"step": 16880, "total": 24000, "loss": 0.17453407868742943, "mixture_probability": 0.5, "actual_mixture": 0.5, "gradient_norm": 2.3967061042785645, "pid": 4089419, "elapsed_this_session_seconds": 8903.97134542279, "steps_this_session": 16880, "phase": "training", "gpu": "6"}
{"step": 16900, "total": 24000, "loss": 0.2237594611942768, "mixture_probability": 0.5, "actual_mixture": 0.4375, "gradient_norm": 2.6764461994171143, "pid": 4089419, "elapsed_this_session_seconds": 8912.256020965055, "steps_this_session": 16900, "phase": "training", "gpu": "6"}
{"step": 16920, "total": 24000, "loss": 0.3164832144975662, "mixture_probability": 0.5, "actual_mixture": 0.359375, "gradient_norm": 3.430967092514038, "pid": 4089419, "elapsed_this_session_seconds": 8920.67298234161, "steps_this_session": 16920, "phase": "training", "gpu": "6"}
{"step": 16940, "total": 24000, "loss": 0.24818570166826248, "mixture_probability": 0.5, "actual_mixture": 0.484375, "gradient_norm": 3.0458226203918457, "pid": 4089419, "elapsed_this_session_seconds": 8928.98526089359, "steps_this_session": 16940, "phase": "training", "gpu": "6"}
{"step": 16960, "total": 24000, "loss": 0.3798326253890991, "mixture_probability": 0.5, "actual_mixture": 0.390625, "gradient_norm": 3.8327317237854004, "pid": 4089419, "elapsed_this_session_seconds": 8937.23509603925, "steps_this_session": 16960, "phase": "training", "gpu": "6"}
{"step": 16980, "total": 24000, "loss": 0.2104101162403822, "mixture_probability": 0.5, "actual_mixture": 0.5625, "gradient_norm": 2.8461124897003174, "pid": 4089419, "elapsed_this_session_seconds": 8945.526301596314, "steps_this_session": 16980, "phase": "training", "gpu": "6"}
{"step": 17000, "total": 24000, "loss": 0.22725983709096909, "mixture_probability": 0.5, "actual_mixture": 0.484375, "gradient_norm": 2.563263416290283, "pid": 4089419, "elapsed_this_session_seconds": 8960.77364323195, "steps_this_session": 17000, "phase": "training", "gpu": "6"}
{"step": 17020, "total": 24000, "loss": 0.3212703913450241, "mixture_probability": 0.5, "actual_mixture": 0.53125, "gradient_norm": 3.3561344146728516, "pid": 4089419, "elapsed_this_session_seconds": 8982.754298734479, "steps_this_session": 17020, "phase": "training", "gpu": "6"}
{"step": 17040, "total": 24000, "loss": 0.26303742080926895, "mixture_probability": 0.5, "actual_mixture": 0.484375, "gradient_norm": 3.1377005577087402, "pid": 4089419, "elapsed_this_session_seconds": 8994.059907230549, "steps_this_session": 17040, "phase": "training", "gpu": "6"}
{"step": 17060, "total": 24000, "loss": 0.25117869302630424, "mixture_probability": 0.5, "actual_mixture": 0.546875, "gradient_norm": 2.6816964149475098, "pid": 4089419, "elapsed_this_session_seconds": 9001.43567837216, "steps_this_session": 17060, "phase": "training", "gpu": "6"}
{"step": 17080, "total": 24000, "loss": 0.22486936673521996, "mixture_probability": 0.5, "actual_mixture": 0.5, "gradient_norm": 2.445864677429199, "pid": 4089419, "elapsed_this_session_seconds": 9011.369984539226, "steps_this_session": 17080, "phase": "training", "gpu": "6"}
{"step": 17100, "total": 24000, "loss": 0.28358201682567596, "mixture_probability": 0.5, "actual_mixture": 0.515625, "gradient_norm": 3.1465444564819336, "pid": 4089419, "elapsed_this_session_seconds": 9021.798792659305, "steps_this_session": 17100, "phase": "training", "gpu": "6"}
{"step": 17120, "total": 24000, "loss": 0.3203190416097641, "mixture_probability": 0.5, "actual_mixture": 0.5, "gradient_norm": 3.497303009033203, "pid": 4089419, "elapsed_this_session_seconds": 9028.536688310094, "steps_this_session": 17120, "phase": "training", "gpu": "6"}
{"step": 17140, "total": 24000, "loss": 0.22182102501392365, "mixture_probability": 0.5, "actual_mixture": 0.453125, "gradient_norm": 3.3764233589172363, "pid": 4089419, "elapsed_this_session_seconds": 9037.692070998251, "steps_this_session": 17140, "phase": "training", "gpu": "6"}
{"step": 17160, "total": 24000, "loss": 0.2379152998328209, "mixture_probability": 0.5, "actual_mixture": 0.4375, "gradient_norm": 2.4650158882141113, "pid": 4089419, "elapsed_this_session_seconds": 9047.293564163148, "steps_this_session": 17160, "phase": "training", "gpu": "6"}
{"step": 17180, "total": 24000, "loss": 0.2330230511724949, "mixture_probability": 0.5, "actual_mixture": 0.578125, "gradient_norm": 2.684993028640747, "pid": 4089419, "elapsed_this_session_seconds": 9056.884226915427, "steps_this_session": 17180, "phase": "training", "gpu": "6"}
{"step": 17200, "total": 24000, "loss": 0.20736046880483627, "mixture_probability": 0.5, "actual_mixture": 0.40625, "gradient_norm": 2.609628200531006, "pid": 4089419, "elapsed_this_session_seconds": 9061.743021419272, "steps_this_session": 17200, "phase": "training", "gpu": "6"}
{"step": 17220, "total": 24000, "loss": 0.24833350256085396, "mixture_probability": 0.5, "actual_mixture": 0.546875, "gradient_norm": 2.419649600982666, "pid": 4089419, "elapsed_this_session_seconds": 9069.921221924946, "steps_this_session": 17220, "phase": "training", "gpu": "6"}
{"step": 17240, "total": 24000, "loss": 0.30629463866353035, "mixture_probability": 0.5, "actual_mixture": 0.671875, "gradient_norm": 2.874197244644165, "pid": 4089419, "elapsed_this_session_seconds": 9078.195888855495, "steps_this_session": 17240, "phase": "training", "gpu": "6"}
{"step": 17260, "total": 24000, "loss": 0.20870692282915115, "mixture_probability": 0.5, "actual_mixture": 0.53125, "gradient_norm": 2.407240390777588, "pid": 4089419, "elapsed_this_session_seconds": 9086.504939022474, "steps_this_session": 17260, "phase": "training", "gpu": "6"}
{"step": 17280, "total": 24000, "loss": 0.23696447163820267, "mixture_probability": 0.5, "actual_mixture": 0.5, "gradient_norm": 2.627854585647583, "pid": 4089419, "elapsed_this_session_seconds": 9095.529438149184, "steps_this_session": 17280, "phase": "training", "gpu": "6"}
{"step": 17300, "total": 24000, "loss": 0.3568773940205574, "mixture_probability": 0.5, "actual_mixture": 0.5625, "gradient_norm": 3.7219772338867188, "pid": 4089419, "elapsed_this_session_seconds": 9100.368274182081, "steps_this_session": 17300, "phase": "training", "gpu": "6"}
{"step": 17320, "total": 24000, "loss": 0.3442566879093647, "mixture_probability": 0.5, "actual_mixture": 0.59375, "gradient_norm": 3.4623348712921143, "pid": 4089419, "elapsed_this_session_seconds": 9108.608640284277, "steps_this_session": 17320, "phase": "training", "gpu": "6"}
{"step": 17340, "total": 24000, "loss": 0.2769629620015621, "mixture_probability": 0.5, "actual_mixture": 0.53125, "gradient_norm": 3.2111704349517822, "pid": 4089419, "elapsed_this_session_seconds": 9116.434358015656, "steps_this_session": 17340, "phase": "training", "gpu": "6"}
{"step": 17360, "total": 24000, "loss": 0.41238728165626526, "mixture_probability": 0.5, "actual_mixture": 0.46875, "gradient_norm": 6.745453834533691, "pid": 4089419, "elapsed_this_session_seconds": 9124.23012013454, "steps_this_session": 17360, "phase": "training", "gpu": "6"}
{"step": 17380, "total": 24000, "loss": 0.2660812921822071, "mixture_probability": 0.5, "actual_mixture": 0.5, "gradient_norm": 2.815622329711914, "pid": 4089419, "elapsed_this_session_seconds": 9132.78878718149, "steps_this_session": 17380, "phase": "training", "gpu": "6"}
{"step": 17400, "total": 24000, "loss": 0.37395029515028, "mixture_probability": 0.5, "actual_mixture": 0.59375, "gradient_norm": 3.2835235595703125, "pid": 4089419, "elapsed_this_session_seconds": 9138.654342895374, "steps_this_session": 17400, "phase": "training", "gpu": "6"}
{"step": 17420, "total": 24000, "loss": 0.4104933850467205, "mixture_probability": 0.5, "actual_mixture": 0.515625, "gradient_norm": 4.30673360824585, "pid": 4089419, "elapsed_this_session_seconds": 9146.155440506525, "steps_this_session": 17420, "phase": "training", "gpu": "6"}
{"step": 17440, "total": 24000, "loss": 0.29512736201286316, "mixture_probability": 0.5, "actual_mixture": 0.421875, "gradient_norm": 2.669747829437256, "pid": 4089419, "elapsed_this_session_seconds": 9154.705558312126, "steps_this_session": 17440, "phase": "training", "gpu": "6"}
{"step": 17460, "total": 24000, "loss": 0.18607401475310326, "mixture_probability": 0.5, "actual_mixture": 0.328125, "gradient_norm": 2.3434362411499023, "pid": 4089419, "elapsed_this_session_seconds": 9163.117950278334, "steps_this_session": 17460, "phase": "training", "gpu": "6"}
{"step": 17480, "total": 24000, "loss": 0.26826542988419533, "mixture_probability": 0.5, "actual_mixture": 0.578125, "gradient_norm": 2.6196300983428955, "pid": 4089419, "elapsed_this_session_seconds": 9170.258456184529, "steps_this_session": 17480, "phase": "training", "gpu": "6"}
{"step": 17500, "total": 24000, "loss": 0.29076922684907913, "mixture_probability": 0.5, "actual_mixture": 0.515625, "gradient_norm": 2.795459270477295, "pid": 4089419, "elapsed_this_session_seconds": 9177.35975045152, "steps_this_session": 17500, "phase": "training", "gpu": "6"}
{"step": 17520, "total": 24000, "loss": 0.3029877208173275, "mixture_probability": 0.5, "actual_mixture": 0.453125, "gradient_norm": 3.1481082439422607, "pid": 4089419, "elapsed_this_session_seconds": 9185.716044452973, "steps_this_session": 17520, "phase": "training", "gpu": "6"}
{"step": 17540, "total": 24000, "loss": 0.24811386317014694, "mixture_probability": 0.5, "actual_mixture": 0.484375, "gradient_norm": 2.7421884536743164, "pid": 4089419, "elapsed_this_session_seconds": 9193.909252489917, "steps_this_session": 17540, "phase": "training", "gpu": "6"}
{"step": 17560, "total": 24000, "loss": 0.2911522686481476, "mixture_probability": 0.5, "actual_mixture": 0.453125, "gradient_norm": 2.979076385498047, "pid": 4089419, "elapsed_this_session_seconds": 9202.341059686616, "steps_this_session": 17560, "phase": "training", "gpu": "6"}
{"step": 17580, "total": 24000, "loss": 0.2533947788178921, "mixture_probability": 0.5, "actual_mixture": 0.546875, "gradient_norm": 2.809413433074951, "pid": 4089419, "elapsed_this_session_seconds": 9210.760136356577, "steps_this_session": 17580, "phase": "training", "gpu": "6"}
{"step": 17600, "total": 24000, "loss": 0.2657853662967682, "mixture_probability": 0.5, "actual_mixture": 0.609375, "gradient_norm": 2.9239683151245117, "pid": 4089419, "elapsed_this_session_seconds": 9219.172707776539, "steps_this_session": 17600, "phase": "training", "gpu": "6"}
{"step": 17620, "total": 24000, "loss": 0.3600801154971123, "mixture_probability": 0.5, "actual_mixture": 0.640625, "gradient_norm": 3.460659980773926, "pid": 4089419, "elapsed_this_session_seconds": 9237.799053131603, "steps_this_session": 17620, "phase": "training", "gpu": "6"}
{"step": 17640, "total": 24000, "loss": 0.2720467150211334, "mixture_probability": 0.5, "actual_mixture": 0.546875, "gradient_norm": 2.842165470123291, "pid": 4089419, "elapsed_this_session_seconds": 9260.164001127705, "steps_this_session": 17640, "phase": "training", "gpu": "6"}
{"step": 17660, "total": 24000, "loss": 0.3136161342263222, "mixture_probability": 0.5, "actual_mixture": 0.53125, "gradient_norm": 2.9612181186676025, "pid": 4089419, "elapsed_this_session_seconds": 9280.979452473111, "steps_this_session": 17660, "phase": "training", "gpu": "6"}
{"step": 17680, "total": 24000, "loss": 0.3340941369533539, "mixture_probability": 0.5, "actual_mixture": 0.5, "gradient_norm": 3.44642972946167, "pid": 4089419, "elapsed_this_session_seconds": 9290.408866362646, "steps_this_session": 17680, "phase": "training", "gpu": "6"}
{"step": 17700, "total": 24000, "loss": 0.24871216714382172, "mixture_probability": 0.5, "actual_mixture": 0.40625, "gradient_norm": 2.805799722671509, "pid": 4089419, "elapsed_this_session_seconds": 9298.325706503354, "steps_this_session": 17700, "phase": "training", "gpu": "6"}
{"step": 17720, "total": 24000, "loss": 0.2850531116127968, "mixture_probability": 0.5, "actual_mixture": 0.546875, "gradient_norm": 2.9464480876922607, "pid": 4089419, "elapsed_this_session_seconds": 9308.622356140055, "steps_this_session": 17720, "phase": "training", "gpu": "6"}
{"step": 17740, "total": 24000, "loss": 0.3812658116221428, "mixture_probability": 0.5, "actual_mixture": 0.59375, "gradient_norm": 3.589940071105957, "pid": 4089419, "elapsed_this_session_seconds": 9319.568596027792, "steps_this_session": 17740, "phase": "training", "gpu": "6"}
{"step": 17760, "total": 24000, "loss": 0.2307174727320671, "mixture_probability": 0.5, "actual_mixture": 0.53125, "gradient_norm": 3.0128307342529297, "pid": 4089419, "elapsed_this_session_seconds": 9326.5675036069, "steps_this_session": 17760, "phase": "training", "gpu": "6"}
{"step": 17780, "total": 24000, "loss": 0.25348832458257675, "mixture_probability": 0.5, "actual_mixture": 0.484375, "gradient_norm": 3.5499484539031982, "pid": 4089419, "elapsed_this_session_seconds": 9336.303328717127, "steps_this_session": 17780, "phase": "training", "gpu": "6"}
{"step": 17800, "total": 24000, "loss": 0.2531517222523689, "mixture_probability": 0.5, "actual_mixture": 0.4375, "gradient_norm": 2.7512807846069336, "pid": 4089419, "elapsed_this_session_seconds": 9346.653334989212, "steps_this_session": 17800, "phase": "training", "gpu": "6"}
{"step": 17820, "total": 24000, "loss": 0.21470529213547707, "mixture_probability": 0.5, "actual_mixture": 0.421875, "gradient_norm": 2.483682632446289, "pid": 4089419, "elapsed_this_session_seconds": 9354.992713073269, "steps_this_session": 17820, "phase": "training", "gpu": "6"}
{"step": 17840, "total": 24000, "loss": 0.2840075194835663, "mixture_probability": 0.5, "actual_mixture": 0.546875, "gradient_norm": 2.773921012878418, "pid": 4089419, "elapsed_this_session_seconds": 9363.276301429607, "steps_this_session": 17840, "phase": "training", "gpu": "6"}
{"step": 17860, "total": 24000, "loss": 0.24527553468942642, "mixture_probability": 0.5, "actual_mixture": 0.515625, "gradient_norm": 2.47208833694458, "pid": 4089419, "elapsed_this_session_seconds": 9373.289329835214, "steps_this_session": 17860, "phase": "training", "gpu": "6"}
{"step": 17880, "total": 24000, "loss": 0.2159135900437832, "mixture_probability": 0.5, "actual_mixture": 0.46875, "gradient_norm": 2.731774091720581, "pid": 4089419, "elapsed_this_session_seconds": 9381.45546813216, "steps_this_session": 17880, "phase": "training", "gpu": "6"}
{"step": 17900, "total": 24000, "loss": 0.269081212580204, "mixture_probability": 0.5, "actual_mixture": 0.46875, "gradient_norm": 2.7939600944519043, "pid": 4089419, "elapsed_this_session_seconds": 9389.399822026491, "steps_this_session": 17900, "phase": "training", "gpu": "6"}
{"step": 17920, "total": 24000, "loss": 0.31807899475097656, "mixture_probability": 0.5, "actual_mixture": 0.4375, "gradient_norm": 2.985596179962158, "pid": 4089419, "elapsed_this_session_seconds": 9398.538985254243, "steps_this_session": 17920, "phase": "training", "gpu": "6"}
{"step": 17940, "total": 24000, "loss": 0.35793672502040863, "mixture_probability": 0.5, "actual_mixture": 0.546875, "gradient_norm": 4.117621898651123, "pid": 4089419, "elapsed_this_session_seconds": 9407.675751253963, "steps_this_session": 17940, "phase": "training", "gpu": "6"}
{"step": 17960, "total": 24000, "loss": 0.26132136955857277, "mixture_probability": 0.5, "actual_mixture": 0.46875, "gradient_norm": 2.891730546951294, "pid": 4089419, "elapsed_this_session_seconds": 9416.401307819411, "steps_this_session": 17960, "phase": "training", "gpu": "6"}
{"step": 17980, "total": 24000, "loss": 0.2922220043838024, "mixture_probability": 0.5, "actual_mixture": 0.546875, "gradient_norm": 3.2813351154327393, "pid": 4089419, "elapsed_this_session_seconds": 9424.752767083235, "steps_this_session": 17980, "phase": "training", "gpu": "6"}
{"step": 18000, "total": 24000, "loss": 0.16876337304711342, "mixture_probability": 0.5, "actual_mixture": 0.390625, "gradient_norm": 2.377516269683838, "pid": 4089419, "elapsed_this_session_seconds": 9432.948808122426, "steps_this_session": 18000, "phase": "training", "gpu": "6"}
{"step": 18020, "total": 24000, "loss": 0.2485816702246666, "mixture_probability": 0.5, "actual_mixture": 0.59375, "gradient_norm": 2.5058212280273438, "pid": 4089419, "elapsed_this_session_seconds": 9570.318496502005, "steps_this_session": 18020, "phase": "training", "gpu": "6"}
{"step": 18040, "total": 24000, "loss": 0.3291979283094406, "mixture_probability": 0.5, "actual_mixture": 0.5, "gradient_norm": 3.71392560005188, "pid": 4089419, "elapsed_this_session_seconds": 9578.622755529359, "steps_this_session": 18040, "phase": "training", "gpu": "6"}
{"step": 18060, "total": 24000, "loss": 0.36062072962522507, "mixture_probability": 0.5, "actual_mixture": 0.59375, "gradient_norm": 3.3419604301452637, "pid": 4089419, "elapsed_this_session_seconds": 9586.684563794173, "steps_this_session": 18060, "phase": "training", "gpu": "6"}
{"step": 18080, "total": 24000, "loss": 0.24116429314017296, "mixture_probability": 0.5, "actual_mixture": 0.5, "gradient_norm": 2.695566415786743, "pid": 4089419, "elapsed_this_session_seconds": 9596.0196122583, "steps_this_session": 18080, "phase": "training", "gpu": "6"}
{"step": 18100, "total": 24000, "loss": 0.25877633318305016, "mixture_probability": 0.5, "actual_mixture": 0.546875, "gradient_norm": 2.8518903255462646, "pid": 4089419, "elapsed_this_session_seconds": 9605.090226617642, "steps_this_session": 18100, "phase": "training", "gpu": "6"}
{"step": 18120, "total": 24000, "loss": 0.42507345601916313, "mixture_probability": 0.5, "actual_mixture": 0.515625, "gradient_norm": 4.014347076416016, "pid": 4089419, "elapsed_this_session_seconds": 9612.128244290128, "steps_this_session": 18120, "phase": "training", "gpu": "6"}
{"step": 18140, "total": 24000, "loss": 0.24697372876107693, "mixture_probability": 0.5, "actual_mixture": 0.46875, "gradient_norm": 2.885620594024658, "pid": 4089419, "elapsed_this_session_seconds": 9620.582435571589, "steps_this_session": 18140, "phase": "training", "gpu": "6"}
{"step": 18160, "total": 24000, "loss": 0.24826175719499588, "mixture_probability": 0.5, "actual_mixture": 0.46875, "gradient_norm": 2.9192724227905273, "pid": 4089419, "elapsed_this_session_seconds": 9629.433008207008, "steps_this_session": 18160, "phase": "training", "gpu": "6"}
{"step": 18180, "total": 24000, "loss": 0.2695581987500191, "mixture_probability": 0.5, "actual_mixture": 0.546875, "gradient_norm": 2.9101741313934326, "pid": 4089419, "elapsed_this_session_seconds": 9639.319040525705, "steps_this_session": 18180, "phase": "training", "gpu": "6"}
{"step": 18200, "total": 24000, "loss": 0.25549449399113655, "mixture_probability": 0.5, "actual_mixture": 0.515625, "gradient_norm": 2.864619493484497, "pid": 4089419, "elapsed_this_session_seconds": 9645.946260357276, "steps_this_session": 18200, "phase": "training", "gpu": "6"}
{"step": 18220, "total": 24000, "loss": 0.30579228326678276, "mixture_probability": 0.5, "actual_mixture": 0.515625, "gradient_norm": 3.3746020793914795, "pid": 4089419, "elapsed_this_session_seconds": 9654.34894474689, "steps_this_session": 18220, "phase": "training", "gpu": "6"}
{"step": 18240, "total": 24000, "loss": 0.2761775851249695, "mixture_probability": 0.5, "actual_mixture": 0.65625, "gradient_norm": 2.7723283767700195, "pid": 4089419, "elapsed_this_session_seconds": 9663.347330641933, "steps_this_session": 18240, "phase": "training", "gpu": "6"}
{"step": 18260, "total": 24000, "loss": 0.31053274869918823, "mixture_probability": 0.5, "actual_mixture": 0.609375, "gradient_norm": 3.736736297607422, "pid": 4089419, "elapsed_this_session_seconds": 9671.0928056743, "steps_this_session": 18260, "phase": "training", "gpu": "6"}
{"step": 18280, "total": 24000, "loss": 0.23741980642080307, "mixture_probability": 0.5, "actual_mixture": 0.4375, "gradient_norm": 3.13659930229187, "pid": 4089419, "elapsed_this_session_seconds": 9678.547252868302, "steps_this_session": 18280, "phase": "training", "gpu": "6"}
{"step": 18300, "total": 24000, "loss": 0.2774108424782753, "mixture_probability": 0.5, "actual_mixture": 0.515625, "gradient_norm": 2.9496095180511475, "pid": 4089419, "elapsed_this_session_seconds": 9687.806254331954, "steps_this_session": 18300, "phase": "training", "gpu": "6"}
{"step": 18320, "total": 24000, "loss": 0.3284626603126526, "mixture_probability": 0.5, "actual_mixture": 0.484375, "gradient_norm": 3.0284504890441895, "pid": 4089419, "elapsed_this_session_seconds": 9696.28095505014, "steps_this_session": 18320, "phase": "training", "gpu": "6"}
{"step": 18340, "total": 24000, "loss": 0.21696124970912933, "mixture_probability": 0.5, "actual_mixture": 0.375, "gradient_norm": 3.0698060989379883, "pid": 4089419, "elapsed_this_session_seconds": 9704.920380060561, "steps_this_session": 18340, "phase": "training", "gpu": "6"}
{"step": 18360, "total": 24000, "loss": 0.31342078000307083, "mixture_probability": 0.5, "actual_mixture": 0.578125, "gradient_norm": 2.955805540084839, "pid": 4089419, "elapsed_this_session_seconds": 9713.700734388083, "steps_this_session": 18360, "phase": "training", "gpu": "6"}
{"step": 18380, "total": 24000, "loss": 0.3264549635350704, "mixture_probability": 0.5, "actual_mixture": 0.53125, "gradient_norm": 2.9957497119903564, "pid": 4089419, "elapsed_this_session_seconds": 9722.569821122102, "steps_this_session": 18380, "phase": "training", "gpu": "6"}
{"step": 18400, "total": 24000, "loss": 0.27562785521149635, "mixture_probability": 0.5, "actual_mixture": 0.484375, "gradient_norm": 2.949723720550537, "pid": 4089419, "elapsed_this_session_seconds": 9745.013605286367, "steps_this_session": 18400, "phase": "training", "gpu": "6"}
{"step": 18420, "total": 24000, "loss": 0.2974645495414734, "mixture_probability": 0.5, "actual_mixture": 0.609375, "gradient_norm": 3.72859787940979, "pid": 4089419, "elapsed_this_session_seconds": 9767.39492605161, "steps_this_session": 18420, "phase": "training", "gpu": "6"}
{"step": 18440, "total": 24000, "loss": 0.2381957210600376, "mixture_probability": 0.5, "actual_mixture": 0.546875, "gradient_norm": 2.4130630493164062, "pid": 4089419, "elapsed_this_session_seconds": 9774.779990101233, "steps_this_session": 18440, "phase": "training", "gpu": "6"}
{"step": 18460, "total": 24000, "loss": 0.24793275445699692, "mixture_probability": 0.5, "actual_mixture": 0.515625, "gradient_norm": 2.6583826541900635, "pid": 4089419, "elapsed_this_session_seconds": 9784.25346808508, "steps_this_session": 18460, "phase": "training", "gpu": "6"}
{"step": 18480, "total": 24000, "loss": 0.23461011052131653, "mixture_probability": 0.5, "actual_mixture": 0.484375, "gradient_norm": 2.726907730102539, "pid": 4089419, "elapsed_this_session_seconds": 9795.434489313513, "steps_this_session": 18480, "phase": "training", "gpu": "6"}
{"step": 18500, "total": 24000, "loss": 0.29275941476225853, "mixture_probability": 0.5, "actual_mixture": 0.5, "gradient_norm": 3.1776366233825684, "pid": 4089419, "elapsed_this_session_seconds": 9802.378702241927, "steps_this_session": 18500, "phase": "training", "gpu": "6"}
{"step": 18520, "total": 24000, "loss": 0.299277625977993, "mixture_probability": 0.5, "actual_mixture": 0.5, "gradient_norm": 2.749558210372925, "pid": 4089419, "elapsed_this_session_seconds": 9812.695820621215, "steps_this_session": 18520, "phase": "training", "gpu": "6"}
{"step": 18540, "total": 24000, "loss": 0.250137384980917, "mixture_probability": 0.5, "actual_mixture": 0.546875, "gradient_norm": 2.704965829849243, "pid": 4089419, "elapsed_this_session_seconds": 9823.485306697898, "steps_this_session": 18540, "phase": "training", "gpu": "6"}
{"step": 18560, "total": 24000, "loss": 0.2668621130287647, "mixture_probability": 0.5, "actual_mixture": 0.515625, "gradient_norm": 3.0187313556671143, "pid": 4089419, "elapsed_this_session_seconds": 9829.787436957471, "steps_this_session": 18560, "phase": "training", "gpu": "6"}
{"step": 18580, "total": 24000, "loss": 0.2281445376574993, "mixture_probability": 0.5, "actual_mixture": 0.421875, "gradient_norm": 2.50434947013855, "pid": 4089419, "elapsed_this_session_seconds": 9839.876722741872, "steps_this_session": 18580, "phase": "training", "gpu": "6"}
{"step": 18600, "total": 24000, "loss": 0.2272297777235508, "mixture_probability": 0.5, "actual_mixture": 0.484375, "gradient_norm": 2.1789541244506836, "pid": 4089419, "elapsed_this_session_seconds": 9849.585642163642, "steps_this_session": 18600, "phase": "training", "gpu": "6"}
{"step": 18620, "total": 24000, "loss": 0.3077826127409935, "mixture_probability": 0.5, "actual_mixture": 0.640625, "gradient_norm": 2.9808874130249023, "pid": 4089419, "elapsed_this_session_seconds": 9855.68951601535, "steps_this_session": 18620, "phase": "training", "gpu": "6"}
{"step": 18640, "total": 24000, "loss": 0.22121861577033997, "mixture_probability": 0.5, "actual_mixture": 0.4375, "gradient_norm": 2.7104108333587646, "pid": 4089419, "elapsed_this_session_seconds": 9864.60729076434, "steps_this_session": 18640, "phase": "training", "gpu": "6"}
{"step": 18660, "total": 24000, "loss": 0.20679458230733871, "mixture_probability": 0.5, "actual_mixture": 0.59375, "gradient_norm": 2.7793614864349365, "pid": 4089419, "elapsed_this_session_seconds": 9873.24551474955, "steps_this_session": 18660, "phase": "training", "gpu": "6"}
{"step": 18680, "total": 24000, "loss": 0.23222169280052185, "mixture_probability": 0.5, "actual_mixture": 0.46875, "gradient_norm": 2.492917537689209, "pid": 4089419, "elapsed_this_session_seconds": 9882.304059948772, "steps_this_session": 18680, "phase": "training", "gpu": "6"}
{"step": 18700, "total": 24000, "loss": 0.2857646383345127, "mixture_probability": 0.5, "actual_mixture": 0.484375, "gradient_norm": 3.0797789096832275, "pid": 4089419, "elapsed_this_session_seconds": 9888.065576730296, "steps_this_session": 18700, "phase": "training", "gpu": "6"}
{"step": 18720, "total": 24000, "loss": 0.36956343054771423, "mixture_probability": 0.5, "actual_mixture": 0.546875, "gradient_norm": 3.38981032371521, "pid": 4089419, "elapsed_this_session_seconds": 9896.105495329946, "steps_this_session": 18720, "phase": "training", "gpu": "6"}
{"step": 18740, "total": 24000, "loss": 0.3031933754682541, "mixture_probability": 0.5, "actual_mixture": 0.5, "gradient_norm": 3.0401856899261475, "pid": 4089419, "elapsed_this_session_seconds": 9904.317028371617, "steps_this_session": 18740, "phase": "training", "gpu": "6"}
{"step": 18760, "total": 24000, "loss": 0.30047986283898354, "mixture_probability": 0.5, "actual_mixture": 0.59375, "gradient_norm": 3.1580605506896973, "pid": 4089419, "elapsed_this_session_seconds": 9912.66373452358, "steps_this_session": 18760, "phase": "training", "gpu": "6"}
{"step": 18780, "total": 24000, "loss": 0.33037807792425156, "mixture_probability": 0.5, "actual_mixture": 0.53125, "gradient_norm": 3.9969608783721924, "pid": 4089419, "elapsed_this_session_seconds": 9921.663406662643, "steps_this_session": 18780, "phase": "training", "gpu": "6"}
{"step": 18800, "total": 24000, "loss": 0.27929362282156944, "mixture_probability": 0.5, "actual_mixture": 0.46875, "gradient_norm": 3.191854953765869, "pid": 4089419, "elapsed_this_session_seconds": 9926.859405889176, "steps_this_session": 18800, "phase": "training", "gpu": "6"}
{"step": 18820, "total": 24000, "loss": 0.2323474884033203, "mixture_probability": 0.5, "actual_mixture": 0.515625, "gradient_norm": 2.423631429672241, "pid": 4089419, "elapsed_this_session_seconds": 9935.2581468774, "steps_this_session": 18820, "phase": "training", "gpu": "6"}
{"step": 18840, "total": 24000, "loss": 0.30323316529393196, "mixture_probability": 0.5, "actual_mixture": 0.375, "gradient_norm": 4.133301258087158, "pid": 4089419, "elapsed_this_session_seconds": 9943.479906640016, "steps_this_session": 18840, "phase": "training", "gpu": "6"}
{"step": 18860, "total": 24000, "loss": 0.2543718069791794, "mixture_probability": 0.5, "actual_mixture": 0.421875, "gradient_norm": 2.705066204071045, "pid": 4089419, "elapsed_this_session_seconds": 9951.832652582787, "steps_this_session": 18860, "phase": "training", "gpu": "6"}
{"step": 18880, "total": 24000, "loss": 0.2084152214229107, "mixture_probability": 0.5, "actual_mixture": 0.5625, "gradient_norm": 2.3678133487701416, "pid": 4089419, "elapsed_this_session_seconds": 9960.903089947999, "steps_this_session": 18880, "phase": "training", "gpu": "6"}
{"step": 18900, "total": 24000, "loss": 0.22691795974969864, "mixture_probability": 0.5, "actual_mixture": 0.40625, "gradient_norm": 2.6027305126190186, "pid": 4089419, "elapsed_this_session_seconds": 9965.912820101716, "steps_this_session": 18900, "phase": "training", "gpu": "6"}
{"step": 18920, "total": 24000, "loss": 0.25487640872597694, "mixture_probability": 0.5, "actual_mixture": 0.5, "gradient_norm": 3.7030086517333984, "pid": 4089419, "elapsed_this_session_seconds": 9973.733645533212, "steps_this_session": 18920, "phase": "training", "gpu": "6"}
{"step": 18940, "total": 24000, "loss": 0.3495195433497429, "mixture_probability": 0.5, "actual_mixture": 0.59375, "gradient_norm": 3.2994956970214844, "pid": 4089419, "elapsed_this_session_seconds": 9982.004520411603, "steps_this_session": 18940, "phase": "training", "gpu": "6"}
{"step": 18960, "total": 24000, "loss": 0.25251537933945656, "mixture_probability": 0.5, "actual_mixture": 0.46875, "gradient_norm": 2.787249803543091, "pid": 4089419, "elapsed_this_session_seconds": 9990.06933557801, "steps_this_session": 18960, "phase": "training", "gpu": "6"}
{"step": 18980, "total": 24000, "loss": 0.3428949788212776, "mixture_probability": 0.5, "actual_mixture": 0.5, "gradient_norm": 3.45991587638855, "pid": 4089419, "elapsed_this_session_seconds": 9996.506153907627, "steps_this_session": 18980, "phase": "training", "gpu": "6"}
{"step": 19000, "total": 24000, "loss": 0.3647257313132286, "mixture_probability": 0.5, "actual_mixture": 0.625, "gradient_norm": 3.093461513519287, "pid": 4089419, "elapsed_this_session_seconds": 10003.208267508075, "steps_this_session": 19000, "phase": "training", "gpu": "6"}
{"step": 19020, "total": 24000, "loss": 0.2604058235883713, "mixture_probability": 0.5, "actual_mixture": 0.375, "gradient_norm": 2.9320712089538574, "pid": 4089419, "elapsed_this_session_seconds": 10010.96112514846, "steps_this_session": 19020, "phase": "training", "gpu": "6"}
{"step": 19040, "total": 24000, "loss": 0.2572818547487259, "mixture_probability": 0.5, "actual_mixture": 0.390625, "gradient_norm": 3.178126573562622, "pid": 4089419, "elapsed_this_session_seconds": 10018.76972941123, "steps_this_session": 19040, "phase": "training", "gpu": "6"}
{"step": 19060, "total": 24000, "loss": 0.22839748486876488, "mixture_probability": 0.5, "actual_mixture": 0.453125, "gradient_norm": 2.545642852783203, "pid": 4089419, "elapsed_this_session_seconds": 10026.723510527052, "steps_this_session": 19060, "phase": "training", "gpu": "6"}
{"step": 19080, "total": 24000, "loss": 0.3420015797019005, "mixture_probability": 0.5, "actual_mixture": 0.5, "gradient_norm": 3.3088419437408447, "pid": 4089419, "elapsed_this_session_seconds": 10034.715659569018, "steps_this_session": 19080, "phase": "training", "gpu": "6"}
{"step": 19100, "total": 24000, "loss": 0.36855030059814453, "mixture_probability": 0.5, "actual_mixture": 0.453125, "gradient_norm": 3.8048036098480225, "pid": 4089419, "elapsed_this_session_seconds": 10042.537737838924, "steps_this_session": 19100, "phase": "training", "gpu": "6"}
{"step": 19120, "total": 24000, "loss": 0.311729971319437, "mixture_probability": 0.5, "actual_mixture": 0.53125, "gradient_norm": 3.199772357940674, "pid": 4089419, "elapsed_this_session_seconds": 10050.637386218645, "steps_this_session": 19120, "phase": "training", "gpu": "6"}
{"step": 19140, "total": 24000, "loss": 0.25093112140893936, "mixture_probability": 0.5, "actual_mixture": 0.546875, "gradient_norm": 2.6802282333374023, "pid": 4089419, "elapsed_this_session_seconds": 10059.106039161794, "steps_this_session": 19140, "phase": "training", "gpu": "6"}
{"step": 19160, "total": 24000, "loss": 0.24044803529977798, "mixture_probability": 0.5, "actual_mixture": 0.515625, "gradient_norm": 2.851435422897339, "pid": 4089419, "elapsed_this_session_seconds": 10067.35844456125, "steps_this_session": 19160, "phase": "training", "gpu": "6"}
{"step": 19180, "total": 24000, "loss": 0.27691134437918663, "mixture_probability": 0.5, "actual_mixture": 0.453125, "gradient_norm": 2.764362335205078, "pid": 4089419, "elapsed_this_session_seconds": 10075.399577527307, "steps_this_session": 19180, "phase": "training", "gpu": "6"}
{"step": 19200, "total": 24000, "loss": 0.23866868391633034, "mixture_probability": 0.5, "actual_mixture": 0.5625, "gradient_norm": 2.7777421474456787, "pid": 4089419, "elapsed_this_session_seconds": 10083.868340770714, "steps_this_session": 19200, "phase": "training", "gpu": "6"}
{"step": 19220, "total": 24000, "loss": 0.2358306646347046, "mixture_probability": 0.5, "actual_mixture": 0.46875, "gradient_norm": 2.523865222930908, "pid": 4089419, "elapsed_this_session_seconds": 10092.034991687164, "steps_this_session": 19220, "phase": "training", "gpu": "6"}
{"step": 19240, "total": 24000, "loss": 0.2516864389181137, "mixture_probability": 0.5, "actual_mixture": 0.578125, "gradient_norm": 2.670966386795044, "pid": 4089419, "elapsed_this_session_seconds": 10104.084782766178, "steps_this_session": 19240, "phase": "training", "gpu": "6"}
{"step": 19260, "total": 24000, "loss": 0.34253986924886703, "mixture_probability": 0.5, "actual_mixture": 0.53125, "gradient_norm": 4.1503119468688965, "pid": 4089419, "elapsed_this_session_seconds": 10127.760378434323, "steps_this_session": 19260, "phase": "training", "gpu": "6"}
{"step": 19280, "total": 24000, "loss": 0.32897358387708664, "mixture_probability": 0.5, "actual_mixture": 0.640625, "gradient_norm": 2.987867593765259, "pid": 4089419, "elapsed_this_session_seconds": 10148.763828639872, "steps_this_session": 19280, "phase": "training", "gpu": "6"}
{"step": 19300, "total": 24000, "loss": 0.3152797520160675, "mixture_probability": 0.5, "actual_mixture": 0.515625, "gradient_norm": 3.1998119354248047, "pid": 4089419, "elapsed_this_session_seconds": 10162.528392501175, "steps_this_session": 19300, "phase": "training", "gpu": "6"}
{"step": 19320, "total": 24000, "loss": 0.26362843438982964, "mixture_probability": 0.5, "actual_mixture": 0.59375, "gradient_norm": 2.613945722579956, "pid": 4089419, "elapsed_this_session_seconds": 10169.13244228717, "steps_this_session": 19320, "phase": "training", "gpu": "6"}
{"step": 19340, "total": 24000, "loss": 0.21194276958703995, "mixture_probability": 0.5, "actual_mixture": 0.484375, "gradient_norm": 2.639662027359009, "pid": 4089419, "elapsed_this_session_seconds": 10180.543530474417, "steps_this_session": 19340, "phase": "training", "gpu": "6"}
{"step": 19360, "total": 24000, "loss": 0.23255690559744835, "mixture_probability": 0.5, "actual_mixture": 0.53125, "gradient_norm": 2.9774160385131836, "pid": 4089419, "elapsed_this_session_seconds": 10190.345360090025, "steps_this_session": 19360, "phase": "training", "gpu": "6"}
{"step": 19380, "total": 24000, "loss": 0.24193858727812767, "mixture_probability": 0.5, "actual_mixture": 0.546875, "gradient_norm": 2.6323351860046387, "pid": 4089419, "elapsed_this_session_seconds": 10201.91621834319, "steps_this_session": 19380, "phase": "training", "gpu": "6"}
{"step": 19400, "total": 24000, "loss": 0.2906840778887272, "mixture_probability": 0.5, "actual_mixture": 0.578125, "gradient_norm": 3.443617343902588, "pid": 4089419, "elapsed_this_session_seconds": 10214.157744837925, "steps_this_session": 19400, "phase": "training", "gpu": "6"}
{"step": 19420, "total": 24000, "loss": 0.3510112278163433, "mixture_probability": 0.5, "actual_mixture": 0.484375, "gradient_norm": 3.2363269329071045, "pid": 4089419, "elapsed_this_session_seconds": 10222.269533152692, "steps_this_session": 19420, "phase": "training", "gpu": "6"}
{"step": 19440, "total": 24000, "loss": 0.31418604403734207, "mixture_probability": 0.5, "actual_mixture": 0.5625, "gradient_norm": 3.5402252674102783, "pid": 4089419, "elapsed_this_session_seconds": 10233.8568939697, "steps_this_session": 19440, "phase": "training", "gpu": "6"}
{"step": 19460, "total": 24000, "loss": 0.28141776472330093, "mixture_probability": 0.5, "actual_mixture": 0.421875, "gradient_norm": 3.441009759902954, "pid": 4089419, "elapsed_this_session_seconds": 10243.226407019421, "steps_this_session": 19460, "phase": "training", "gpu": "6"}
{"step": 19480, "total": 24000, "loss": 0.3125854656100273, "mixture_probability": 0.5, "actual_mixture": 0.609375, "gradient_norm": 3.353350877761841, "pid": 4089419, "elapsed_this_session_seconds": 10251.696420437656, "steps_this_session": 19480, "phase": "training", "gpu": "6"}
{"step": 19500, "total": 24000, "loss": 0.40454474836587906, "mixture_probability": 0.5, "actual_mixture": 0.40625, "gradient_norm": 3.8839876651763916, "pid": 4089419, "elapsed_this_session_seconds": 10261.840083231218, "steps_this_session": 19500, "phase": "training", "gpu": "6"}
{"step": 19520, "total": 24000, "loss": 0.20280851796269417, "mixture_probability": 0.5, "actual_mixture": 0.484375, "gradient_norm": 2.401797294616699, "pid": 4089419, "elapsed_this_session_seconds": 10270.762628069147, "steps_this_session": 19520, "phase": "training", "gpu": "6"}
{"step": 19540, "total": 24000, "loss": 0.2687828503549099, "mixture_probability": 0.5, "actual_mixture": 0.546875, "gradient_norm": 3.2767860889434814, "pid": 4089419, "elapsed_this_session_seconds": 10279.43293530494, "steps_this_session": 19540, "phase": "training", "gpu": "6"}
{"step": 19560, "total": 24000, "loss": 0.2230786830186844, "mixture_probability": 0.5, "actual_mixture": 0.625, "gradient_norm": 2.705125093460083, "pid": 4089419, "elapsed_this_session_seconds": 10289.827810471877, "steps_this_session": 19560, "phase": "training", "gpu": "6"}
{"step": 19580, "total": 24000, "loss": 0.3121885247528553, "mixture_probability": 0.5, "actual_mixture": 0.5625, "gradient_norm": 3.3627469539642334, "pid": 4089419, "elapsed_this_session_seconds": 10296.11397983227, "steps_this_session": 19580, "phase": "training", "gpu": "6"}
{"step": 19600, "total": 24000, "loss": 0.3369533531367779, "mixture_probability": 0.5, "actual_mixture": 0.546875, "gradient_norm": 3.7547554969787598, "pid": 4089419, "elapsed_this_session_seconds": 10306.349756565876, "steps_this_session": 19600, "phase": "training", "gpu": "6"}
{"step": 19620, "total": 24000, "loss": 0.180917177349329, "mixture_probability": 0.5, "actual_mixture": 0.5, "gradient_norm": 2.622039556503296, "pid": 4089419, "elapsed_this_session_seconds": 10316.605763560161, "steps_this_session": 19620, "phase": "training", "gpu": "6"}
{"step": 19640, "total": 24000, "loss": 0.32998738810420036, "mixture_probability": 0.5, "actual_mixture": 0.5625, "gradient_norm": 3.035780429840088, "pid": 4089419, "elapsed_this_session_seconds": 10326.009978662245, "steps_this_session": 19640, "phase": "training", "gpu": "6"}
{"step": 19660, "total": 24000, "loss": 0.2867363281548023, "mixture_probability": 0.5, "actual_mixture": 0.453125, "gradient_norm": 3.0272583961486816, "pid": 4089419, "elapsed_this_session_seconds": 10336.42523024045, "steps_this_session": 19660, "phase": "training", "gpu": "6"}
{"step": 19680, "total": 24000, "loss": 0.2832241505384445, "mixture_probability": 0.5, "actual_mixture": 0.484375, "gradient_norm": 3.1249451637268066, "pid": 4089419, "elapsed_this_session_seconds": 10351.770670468919, "steps_this_session": 19680, "phase": "training", "gpu": "6"}
{"step": 19700, "total": 24000, "loss": 0.22139593586325645, "mixture_probability": 0.5, "actual_mixture": 0.4375, "gradient_norm": 2.389427423477173, "pid": 4089419, "elapsed_this_session_seconds": 10379.245617069304, "steps_this_session": 19700, "phase": "training", "gpu": "6"}
{"step": 19720, "total": 24000, "loss": 0.16906581819057465, "mixture_probability": 0.5, "actual_mixture": 0.515625, "gradient_norm": 1.9967890977859497, "pid": 4089419, "elapsed_this_session_seconds": 10402.60044941213, "steps_this_session": 19720, "phase": "training", "gpu": "6"}
{"step": 19740, "total": 24000, "loss": 0.2059343308210373, "mixture_probability": 0.5, "actual_mixture": 0.59375, "gradient_norm": 2.3395683765411377, "pid": 4089419, "elapsed_this_session_seconds": 10425.657668976113, "steps_this_session": 19740, "phase": "training", "gpu": "6"}
{"step": 19760, "total": 24000, "loss": 0.30460384488105774, "mixture_probability": 0.5, "actual_mixture": 0.546875, "gradient_norm": 3.5487682819366455, "pid": 4089419, "elapsed_this_session_seconds": 10442.557172815315, "steps_this_session": 19760, "phase": "training", "gpu": "6"}
{"step": 19780, "total": 24000, "loss": 0.23321866989135742, "mixture_probability": 0.5, "actual_mixture": 0.40625, "gradient_norm": 2.3955228328704834, "pid": 4089419, "elapsed_this_session_seconds": 10448.766613121144, "steps_this_session": 19780, "phase": "training", "gpu": "6"}
{"step": 19800, "total": 24000, "loss": 0.2806408777832985, "mixture_probability": 0.5, "actual_mixture": 0.5625, "gradient_norm": 3.048967123031616, "pid": 4089419, "elapsed_this_session_seconds": 10457.653027801774, "steps_this_session": 19800, "phase": "training", "gpu": "6"}
{"step": 19820, "total": 24000, "loss": 0.1994307078421116, "mixture_probability": 0.5, "actual_mixture": 0.4375, "gradient_norm": 2.6658458709716797, "pid": 4089419, "elapsed_this_session_seconds": 10467.029837076552, "steps_this_session": 19820, "phase": "training", "gpu": "6"}
{"step": 19840, "total": 24000, "loss": 0.3499145433306694, "mixture_probability": 0.5, "actual_mixture": 0.546875, "gradient_norm": 3.11704421043396, "pid": 4089419, "elapsed_this_session_seconds": 10472.384014570154, "steps_this_session": 19840, "phase": "training", "gpu": "6"}
{"step": 19860, "total": 24000, "loss": 0.3254617415368557, "mixture_probability": 0.5, "actual_mixture": 0.546875, "gradient_norm": 3.4193851947784424, "pid": 4089419, "elapsed_this_session_seconds": 10481.189948865213, "steps_this_session": 19860, "phase": "training", "gpu": "6"}
{"step": 19880, "total": 24000, "loss": 0.2130257561802864, "mixture_probability": 0.5, "actual_mixture": 0.421875, "gradient_norm": 2.9484927654266357, "pid": 4089419, "elapsed_this_session_seconds": 10489.46738459263, "steps_this_session": 19880, "phase": "training", "gpu": "6"}
{"step": 19900, "total": 24000, "loss": 0.29304397851228714, "mixture_probability": 0.5, "actual_mixture": 0.484375, "gradient_norm": 2.930328607559204, "pid": 4089419, "elapsed_this_session_seconds": 10498.10628200043, "steps_this_session": 19900, "phase": "training", "gpu": "6"}
{"step": 19920, "total": 24000, "loss": 0.2591244541108608, "mixture_probability": 0.5, "actual_mixture": 0.53125, "gradient_norm": 2.6780569553375244, "pid": 4089419, "elapsed_this_session_seconds": 10506.650445855223, "steps_this_session": 19920, "phase": "training", "gpu": "6"}
{"step": 19940, "total": 24000, "loss": 0.20322345942258835, "mixture_probability": 0.5, "actual_mixture": 0.40625, "gradient_norm": 2.7933297157287598, "pid": 4089419, "elapsed_this_session_seconds": 10515.198317473754, "steps_this_session": 19940, "phase": "training", "gpu": "6"}
{"step": 19960, "total": 24000, "loss": 0.2659033574163914, "mixture_probability": 0.5, "actual_mixture": 0.5625, "gradient_norm": 2.7152490615844727, "pid": 4089419, "elapsed_this_session_seconds": 10525.462701823562, "steps_this_session": 19960, "phase": "training", "gpu": "6"}
{"step": 19980, "total": 24000, "loss": 0.2455640695989132, "mixture_probability": 0.5, "actual_mixture": 0.375, "gradient_norm": 2.8285818099975586, "pid": 4089419, "elapsed_this_session_seconds": 10551.851062277332, "steps_this_session": 19980, "phase": "training", "gpu": "6"}
{"step": 20000, "total": 24000, "loss": 0.2176424004137516, "mixture_probability": 0.5, "actual_mixture": 0.484375, "gradient_norm": 2.3153645992279053, "pid": 4089419, "elapsed_this_session_seconds": 10574.908834723756, "steps_this_session": 20000, "phase": "training", "gpu": "6"}
{"step": 20020, "total": 24000, "loss": 0.19058508053421974, "mixture_probability": 0.5, "actual_mixture": 0.40625, "gradient_norm": 2.1092891693115234, "pid": 4089419, "elapsed_this_session_seconds": 10703.801764771342, "steps_this_session": 20020, "phase": "training", "gpu": "6"}
{"step": 20040, "total": 24000, "loss": 0.314955223351717, "mixture_probability": 0.5, "actual_mixture": 0.5, "gradient_norm": 3.1436171531677246, "pid": 4089419, "elapsed_this_session_seconds": 10711.673034033738, "steps_this_session": 20040, "phase": "training", "gpu": "6"}
{"step": 20060, "total": 24000, "loss": 0.24925225228071213, "mixture_probability": 0.5, "actual_mixture": 0.5, "gradient_norm": 2.618790864944458, "pid": 4089419, "elapsed_this_session_seconds": 10720.484610738233, "steps_this_session": 20060, "phase": "training", "gpu": "6"}
{"step": 20080, "total": 24000, "loss": 0.19620772078633308, "mixture_probability": 0.5, "actual_mixture": 0.421875, "gradient_norm": 2.4086525440216064, "pid": 4089419, "elapsed_this_session_seconds": 10728.82260490302, "steps_this_session": 20080, "phase": "training", "gpu": "6"}
{"step": 20100, "total": 24000, "loss": 0.28207600861787796, "mixture_probability": 0.5, "actual_mixture": 0.578125, "gradient_norm": 3.129389762878418, "pid": 4089419, "elapsed_this_session_seconds": 10738.212196360342, "steps_this_session": 20100, "phase": "training", "gpu": "6"}
{"step": 20120, "total": 24000, "loss": 0.24509594962000847, "mixture_probability": 0.5, "actual_mixture": 0.578125, "gradient_norm": 2.6559135913848877, "pid": 4089419, "elapsed_this_session_seconds": 10743.484371631406, "steps_this_session": 20120, "phase": "training", "gpu": "6"}
{"step": 20140, "total": 24000, "loss": 0.23076367750763893, "mixture_probability": 0.5, "actual_mixture": 0.5, "gradient_norm": 2.5307424068450928, "pid": 4089419, "elapsed_this_session_seconds": 10752.010932882316, "steps_this_session": 20140, "phase": "training", "gpu": "6"}
{"step": 20160, "total": 24000, "loss": 0.29385488852858543, "mixture_probability": 0.5, "actual_mixture": 0.53125, "gradient_norm": 2.883603096008301, "pid": 4089419, "elapsed_this_session_seconds": 10760.459646155126, "steps_this_session": 20160, "phase": "training", "gpu": "6"}
{"step": 20180, "total": 24000, "loss": 0.1521611176431179, "mixture_probability": 0.5, "actual_mixture": 0.484375, "gradient_norm": 2.0909149646759033, "pid": 4089419, "elapsed_this_session_seconds": 10768.872257212177, "steps_this_session": 20180, "phase": "training", "gpu": "6"}
{"step": 20200, "total": 24000, "loss": 0.21147506311535835, "mixture_probability": 0.5, "actual_mixture": 0.5625, "gradient_norm": 2.483238935470581, "pid": 4089419, "elapsed_this_session_seconds": 10778.10446148552, "steps_this_session": 20200, "phase": "training", "gpu": "6"}
{"step": 20220, "total": 24000, "loss": 0.3652219623327255, "mixture_probability": 0.5, "actual_mixture": 0.5625, "gradient_norm": 3.315716505050659, "pid": 4089419, "elapsed_this_session_seconds": 10783.173781299032, "steps_this_session": 20220, "phase": "training", "gpu": "6"}
{"step": 20240, "total": 24000, "loss": 0.2665465921163559, "mixture_probability": 0.5, "actual_mixture": 0.53125, "gradient_norm": 2.9469175338745117, "pid": 4089419, "elapsed_this_session_seconds": 10791.828014926054, "steps_this_session": 20240, "phase": "training", "gpu": "6"}
{"step": 20260, "total": 24000, "loss": 0.2177184410393238, "mixture_probability": 0.5, "actual_mixture": 0.390625, "gradient_norm": 2.2956628799438477, "pid": 4089419, "elapsed_this_session_seconds": 10800.219502800144, "steps_this_session": 20260, "phase": "training", "gpu": "6"}
{"step": 20280, "total": 24000, "loss": 0.2866438627243042, "mixture_probability": 0.5, "actual_mixture": 0.484375, "gradient_norm": 2.982435703277588, "pid": 4089419, "elapsed_this_session_seconds": 10808.341466126963, "steps_this_session": 20280, "phase": "training", "gpu": "6"}
{"step": 20300, "total": 24000, "loss": 0.34451790899038315, "mixture_probability": 0.5, "actual_mixture": 0.515625, "gradient_norm": 4.325660705566406, "pid": 4089419, "elapsed_this_session_seconds": 10817.309770271182, "steps_this_session": 20300, "phase": "training", "gpu": "6"}
{"step": 20320, "total": 24000, "loss": 0.25500356033444405, "mixture_probability": 0.5, "actual_mixture": 0.4375, "gradient_norm": 3.0579473972320557, "pid": 4089419, "elapsed_this_session_seconds": 10822.559357266873, "steps_this_session": 20320, "phase": "training", "gpu": "6"}
{"step": 20340, "total": 24000, "loss": 0.32271189987659454, "mixture_probability": 0.5, "actual_mixture": 0.5625, "gradient_norm": 4.062439441680908, "pid": 4089419, "elapsed_this_session_seconds": 10831.066888245754, "steps_this_session": 20340, "phase": "training", "gpu": "6"}
{"step": 20360, "total": 24000, "loss": 0.17768221721053123, "mixture_probability": 0.5, "actual_mixture": 0.421875, "gradient_norm": 2.221259117126465, "pid": 4089419, "elapsed_this_session_seconds": 10839.245560430922, "steps_this_session": 20360, "phase": "training", "gpu": "6"}
{"step": 20380, "total": 24000, "loss": 0.3261990323662758, "mixture_probability": 0.5, "actual_mixture": 0.46875, "gradient_norm": 2.8035688400268555, "pid": 4089419, "elapsed_this_session_seconds": 10847.513689639047, "steps_this_session": 20380, "phase": "training", "gpu": "6"}
{"step": 20400, "total": 24000, "loss": 0.23122737556695938, "mixture_probability": 0.5, "actual_mixture": 0.5, "gradient_norm": 2.4154980182647705, "pid": 4089419, "elapsed_this_session_seconds": 10856.05000887625, "steps_this_session": 20400, "phase": "training", "gpu": "6"}
{"step": 20420, "total": 24000, "loss": 0.41646045446395874, "mixture_probability": 0.5, "actual_mixture": 0.53125, "gradient_norm": 4.282613754272461, "pid": 4089419, "elapsed_this_session_seconds": 10861.087557905354, "steps_this_session": 20420, "phase": "training", "gpu": "6"}
{"step": 20440, "total": 24000, "loss": 0.21172546595335007, "mixture_probability": 0.5, "actual_mixture": 0.53125, "gradient_norm": 2.6646180152893066, "pid": 4089419, "elapsed_this_session_seconds": 10868.962928955443, "steps_this_session": 20440, "phase": "training", "gpu": "6"}
{"step": 20460, "total": 24000, "loss": 0.23477353155612946, "mixture_probability": 0.5, "actual_mixture": 0.4375, "gradient_norm": 2.5559539794921875, "pid": 4089419, "elapsed_this_session_seconds": 10877.060428209603, "steps_this_session": 20460, "phase": "training", "gpu": "6"}
{"step": 20480, "total": 24000, "loss": 0.2578674405813217, "mixture_probability": 0.5, "actual_mixture": 0.421875, "gradient_norm": 2.822855234146118, "pid": 4089419, "elapsed_this_session_seconds": 10884.851166460663, "steps_this_session": 20480, "phase": "training", "gpu": "6"}
{"step": 20500, "total": 24000, "loss": 0.24096575006842613, "mixture_probability": 0.5, "actual_mixture": 0.53125, "gradient_norm": 2.439173698425293, "pid": 4089419, "elapsed_this_session_seconds": 10893.073953644373, "steps_this_session": 20500, "phase": "training", "gpu": "6"}
{"step": 20520, "total": 24000, "loss": 0.253872636705637, "mixture_probability": 0.5, "actual_mixture": 0.46875, "gradient_norm": 2.680018663406372, "pid": 4089419, "elapsed_this_session_seconds": 10899.08108923398, "steps_this_session": 20520, "phase": "training", "gpu": "6"}
{"step": 20540, "total": 24000, "loss": 0.2363680563867092, "mixture_probability": 0.5, "actual_mixture": 0.484375, "gradient_norm": 2.6665401458740234, "pid": 4089419, "elapsed_this_session_seconds": 10906.090170596726, "steps_this_session": 20540, "phase": "training", "gpu": "6"}
{"step": 20560, "total": 24000, "loss": 0.20267801359295845, "mixture_probability": 0.5, "actual_mixture": 0.453125, "gradient_norm": 2.3494277000427246, "pid": 4089419, "elapsed_this_session_seconds": 10913.322812356055, "steps_this_session": 20560, "phase": "training", "gpu": "6"}
{"step": 20580, "total": 24000, "loss": 0.2812920846045017, "mixture_probability": 0.5, "actual_mixture": 0.546875, "gradient_norm": 2.8300881385803223, "pid": 4089419, "elapsed_this_session_seconds": 10920.458882891573, "steps_this_session": 20580, "phase": "training", "gpu": "6"}
{"step": 20600, "total": 24000, "loss": 0.407728835940361, "mixture_probability": 0.5, "actual_mixture": 0.578125, "gradient_norm": 4.164751052856445, "pid": 4089419, "elapsed_this_session_seconds": 10927.57256477978, "steps_this_session": 20600, "phase": "training", "gpu": "6"}
{"step": 20620, "total": 24000, "loss": 0.28904353082180023, "mixture_probability": 0.5, "actual_mixture": 0.578125, "gradient_norm": 2.911559581756592, "pid": 4089419, "elapsed_this_session_seconds": 10935.448932945728, "steps_this_session": 20620, "phase": "training", "gpu": "6"}
{"step": 20640, "total": 24000, "loss": 0.1941121481359005, "mixture_probability": 0.5, "actual_mixture": 0.4375, "gradient_norm": 2.154940366744995, "pid": 4089419, "elapsed_this_session_seconds": 10942.653738967143, "steps_this_session": 20640, "phase": "training", "gpu": "6"}
{"step": 20660, "total": 24000, "loss": 0.3306410573422909, "mixture_probability": 0.5, "actual_mixture": 0.53125, "gradient_norm": 3.1055071353912354, "pid": 4089419, "elapsed_this_session_seconds": 10949.888579315506, "steps_this_session": 20660, "phase": "training", "gpu": "6"}
{"step": 20680, "total": 24000, "loss": 0.2642756514251232, "mixture_probability": 0.5, "actual_mixture": 0.5, "gradient_norm": 2.9939258098602295, "pid": 4089419, "elapsed_this_session_seconds": 10957.124988739379, "steps_this_session": 20680, "phase": "training", "gpu": "6"}
{"step": 20700, "total": 24000, "loss": 0.1908629760146141, "mixture_probability": 0.5, "actual_mixture": 0.484375, "gradient_norm": 2.400803327560425, "pid": 4089419, "elapsed_this_session_seconds": 10964.408374850638, "steps_this_session": 20700, "phase": "training", "gpu": "6"}
{"step": 20720, "total": 24000, "loss": 0.26366356760263443, "mixture_probability": 0.5, "actual_mixture": 0.46875, "gradient_norm": 2.6333351135253906, "pid": 4089419, "elapsed_this_session_seconds": 10971.974358880892, "steps_this_session": 20720, "phase": "training", "gpu": "6"}
{"step": 20740, "total": 24000, "loss": 0.32953671738505363, "mixture_probability": 0.5, "actual_mixture": 0.40625, "gradient_norm": 3.5480470657348633, "pid": 4089419, "elapsed_this_session_seconds": 10979.398614596575, "steps_this_session": 20740, "phase": "training", "gpu": "6"}
{"step": 20760, "total": 24000, "loss": 0.20340565592050552, "mixture_probability": 0.5, "actual_mixture": 0.375, "gradient_norm": 2.2429935932159424, "pid": 4089419, "elapsed_this_session_seconds": 10986.679965807125, "steps_this_session": 20760, "phase": "training", "gpu": "6"}
{"step": 20780, "total": 24000, "loss": 0.2645752280950546, "mixture_probability": 0.5, "actual_mixture": 0.484375, "gradient_norm": 2.8730616569519043, "pid": 4089419, "elapsed_this_session_seconds": 10993.996732190251, "steps_this_session": 20780, "phase": "training", "gpu": "6"}
{"step": 20800, "total": 24000, "loss": 0.18960971385240555, "mixture_probability": 0.5, "actual_mixture": 0.421875, "gradient_norm": 2.022629737854004, "pid": 4089419, "elapsed_this_session_seconds": 11001.288830009289, "steps_this_session": 20800, "phase": "training", "gpu": "6"}
{"step": 20820, "total": 24000, "loss": 0.4062609523534775, "mixture_probability": 0.5, "actual_mixture": 0.59375, "gradient_norm": 3.7481918334960938, "pid": 4089419, "elapsed_this_session_seconds": 11008.562671070918, "steps_this_session": 20820, "phase": "training", "gpu": "6"}
{"step": 20840, "total": 24000, "loss": 0.26056787744164467, "mixture_probability": 0.5, "actual_mixture": 0.609375, "gradient_norm": 3.7159416675567627, "pid": 4089419, "elapsed_this_session_seconds": 11016.467401511036, "steps_this_session": 20840, "phase": "training", "gpu": "6"}
{"step": 20860, "total": 24000, "loss": 0.24979368597269058, "mixture_probability": 0.5, "actual_mixture": 0.484375, "gradient_norm": 2.7037694454193115, "pid": 4089419, "elapsed_this_session_seconds": 11023.730277257971, "steps_this_session": 20860, "phase": "training", "gpu": "6"}
{"step": 20880, "total": 24000, "loss": 0.3154011331498623, "mixture_probability": 0.5, "actual_mixture": 0.625, "gradient_norm": 3.139338970184326, "pid": 4089419, "elapsed_this_session_seconds": 11031.048653051257, "steps_this_session": 20880, "phase": "training", "gpu": "6"}
{"step": 20900, "total": 24000, "loss": 0.3125605583190918, "mixture_probability": 0.5, "actual_mixture": 0.4375, "gradient_norm": 3.1513659954071045, "pid": 4089419, "elapsed_this_session_seconds": 11038.391447352245, "steps_this_session": 20900, "phase": "training", "gpu": "6"}
{"step": 20920, "total": 24000, "loss": 0.13873920775949955, "mixture_probability": 0.5, "actual_mixture": 0.40625, "gradient_norm": 1.892741084098816, "pid": 4089419, "elapsed_this_session_seconds": 11046.387678191997, "steps_this_session": 20920, "phase": "training", "gpu": "6"}
{"step": 20940, "total": 24000, "loss": 0.27603936195373535, "mixture_probability": 0.5, "actual_mixture": 0.4375, "gradient_norm": 3.094794273376465, "pid": 4089419, "elapsed_this_session_seconds": 11053.834572928958, "steps_this_session": 20940, "phase": "training", "gpu": "6"}
{"step": 20960, "total": 24000, "loss": 0.2994992062449455, "mixture_probability": 0.5, "actual_mixture": 0.484375, "gradient_norm": 3.193204879760742, "pid": 4089419, "elapsed_this_session_seconds": 11061.165211188607, "steps_this_session": 20960, "phase": "training", "gpu": "6"}
{"step": 20980, "total": 24000, "loss": 0.2571735419332981, "mixture_probability": 0.5, "actual_mixture": 0.40625, "gradient_norm": 2.9524524211883545, "pid": 4089419, "elapsed_this_session_seconds": 11068.49660952203, "steps_this_session": 20980, "phase": "training", "gpu": "6"}
{"step": 21000, "total": 24000, "loss": 0.2553410083055496, "mixture_probability": 0.5, "actual_mixture": 0.53125, "gradient_norm": 2.368295192718506, "pid": 4089419, "elapsed_this_session_seconds": 11075.780875529163, "steps_this_session": 21000, "phase": "training", "gpu": "6"}
{"step": 21020, "total": 24000, "loss": 0.2892705351114273, "mixture_probability": 0.5, "actual_mixture": 0.53125, "gradient_norm": 3.107128143310547, "pid": 4089419, "elapsed_this_session_seconds": 11083.109280102886, "steps_this_session": 21020, "phase": "training", "gpu": "6"}
{"step": 21040, "total": 24000, "loss": 0.24549463391304016, "mixture_probability": 0.5, "actual_mixture": 0.546875, "gradient_norm": 2.3875629901885986, "pid": 4089419, "elapsed_this_session_seconds": 11090.486010370776, "steps_this_session": 21040, "phase": "training", "gpu": "6"}
{"step": 21060, "total": 24000, "loss": 0.20340744405984879, "mixture_probability": 0.5, "actual_mixture": 0.46875, "gradient_norm": 2.263852119445801, "pid": 4089419, "elapsed_this_session_seconds": 11098.082639116794, "steps_this_session": 21060, "phase": "training", "gpu": "6"}
{"step": 21080, "total": 24000, "loss": 0.23436104133725166, "mixture_probability": 0.5, "actual_mixture": 0.46875, "gradient_norm": 2.7021965980529785, "pid": 4089419, "elapsed_this_session_seconds": 11121.477534708567, "steps_this_session": 21080, "phase": "training", "gpu": "6"}
{"step": 21100, "total": 24000, "loss": 0.2253599613904953, "mixture_probability": 0.5, "actual_mixture": 0.46875, "gradient_norm": 2.895500659942627, "pid": 4089419, "elapsed_this_session_seconds": 11140.715115105733, "steps_this_session": 21100, "phase": "training", "gpu": "6"}
{"step": 21120, "total": 24000, "loss": 0.3081291913986206, "mixture_probability": 0.5, "actual_mixture": 0.5625, "gradient_norm": 3.4718456268310547, "pid": 4089419, "elapsed_this_session_seconds": 11155.34044369217, "steps_this_session": 21120, "phase": "training", "gpu": "6"}
{"step": 21140, "total": 24000, "loss": 0.2663990557193756, "mixture_probability": 0.5, "actual_mixture": 0.546875, "gradient_norm": 2.6278088092803955, "pid": 4089419, "elapsed_this_session_seconds": 11160.373417470604, "steps_this_session": 21140, "phase": "training", "gpu": "6"}
{"step": 21160, "total": 24000, "loss": 0.23797550797462463, "mixture_probability": 0.5, "actual_mixture": 0.5, "gradient_norm": 2.847627878189087, "pid": 4089419, "elapsed_this_session_seconds": 11168.853967092, "steps_this_session": 21160, "phase": "training", "gpu": "6"}
{"step": 21180, "total": 24000, "loss": 0.2280464470386505, "mixture_probability": 0.5, "actual_mixture": 0.53125, "gradient_norm": 2.6407103538513184, "pid": 4089419, "elapsed_this_session_seconds": 11178.213922305964, "steps_this_session": 21180, "phase": "training", "gpu": "6"}
{"step": 21200, "total": 24000, "loss": 0.2951577454805374, "mixture_probability": 0.5, "actual_mixture": 0.53125, "gradient_norm": 3.0026590824127197, "pid": 4089419, "elapsed_this_session_seconds": 11187.556535109878, "steps_this_session": 21200, "phase": "training", "gpu": "6"}
{"step": 21220, "total": 24000, "loss": 0.29464802891016006, "mixture_probability": 0.5, "actual_mixture": 0.5625, "gradient_norm": 3.4953861236572266, "pid": 4089419, "elapsed_this_session_seconds": 11195.662804576568, "steps_this_session": 21220, "phase": "training", "gpu": "6"}
{"step": 21240, "total": 24000, "loss": 0.22400040924549103, "mixture_probability": 0.5, "actual_mixture": 0.453125, "gradient_norm": 2.548971652984619, "pid": 4089419, "elapsed_this_session_seconds": 11203.520934320055, "steps_this_session": 21240, "phase": "training", "gpu": "6"}
{"step": 21260, "total": 24000, "loss": 0.30854395031929016, "mixture_probability": 0.5, "actual_mixture": 0.4375, "gradient_norm": 3.1514158248901367, "pid": 4089419, "elapsed_this_session_seconds": 11212.558937116526, "steps_this_session": 21260, "phase": "training", "gpu": "6"}
{"step": 21280, "total": 24000, "loss": 0.2935210317373276, "mixture_probability": 0.5, "actual_mixture": 0.546875, "gradient_norm": 2.736459255218506, "pid": 4089419, "elapsed_this_session_seconds": 11221.631507420912, "steps_this_session": 21280, "phase": "training", "gpu": "6"}
{"step": 21300, "total": 24000, "loss": 0.22809605672955513, "mixture_probability": 0.5, "actual_mixture": 0.453125, "gradient_norm": 2.85756254196167, "pid": 4089419, "elapsed_this_session_seconds": 11228.829393993132, "steps_this_session": 21300, "phase": "training", "gpu": "6"}
{"step": 21320, "total": 24000, "loss": 0.2041255533695221, "mixture_probability": 0.5, "actual_mixture": 0.375, "gradient_norm": 2.324857711791992, "pid": 4089419, "elapsed_this_session_seconds": 11236.59580303356, "steps_this_session": 21320, "phase": "training", "gpu": "6"}
{"step": 21340, "total": 24000, "loss": 0.2959321141242981, "mixture_probability": 0.5, "actual_mixture": 0.53125, "gradient_norm": 3.0943539142608643, "pid": 4089419, "elapsed_this_session_seconds": 11245.515346364118, "steps_this_session": 21340, "phase": "training", "gpu": "6"}
{"step": 21360, "total": 24000, "loss": 0.242169801145792, "mixture_probability": 0.5, "actual_mixture": 0.515625, "gradient_norm": 2.7519853115081787, "pid": 4089419, "elapsed_this_session_seconds": 11254.406090063043, "steps_this_session": 21360, "phase": "training", "gpu": "6"}
{"step": 21380, "total": 24000, "loss": 0.2028014436364174, "mixture_probability": 0.5, "actual_mixture": 0.421875, "gradient_norm": 2.2095935344696045, "pid": 4089419, "elapsed_this_session_seconds": 11263.214076867327, "steps_this_session": 21380, "phase": "training", "gpu": "6"}
{"step": 21400, "total": 24000, "loss": 0.19756172597408295, "mixture_probability": 0.5, "actual_mixture": 0.40625, "gradient_norm": 2.30283784866333, "pid": 4089419, "elapsed_this_session_seconds": 11271.989696218632, "steps_this_session": 21400, "phase": "training", "gpu": "6"}
{"step": 21420, "total": 24000, "loss": 0.282558873295784, "mixture_probability": 0.5, "actual_mixture": 0.5, "gradient_norm": 3.048600673675537, "pid": 4089419, "elapsed_this_session_seconds": 11280.701733842492, "steps_this_session": 21420, "phase": "training", "gpu": "6"}
{"step": 21440, "total": 24000, "loss": 0.19443610310554504, "mixture_probability": 0.5, "actual_mixture": 0.546875, "gradient_norm": 2.3798813819885254, "pid": 4089419, "elapsed_this_session_seconds": 11303.98437466938, "steps_this_session": 21440, "phase": "training", "gpu": "6"}
{"step": 21460, "total": 24000, "loss": 0.24779228493571281, "mixture_probability": 0.5, "actual_mixture": 0.5, "gradient_norm": 2.6108336448669434, "pid": 4089419, "elapsed_this_session_seconds": 11322.660933234729, "steps_this_session": 21460, "phase": "training", "gpu": "6"}
{"step": 21480, "total": 24000, "loss": 0.26683875173330307, "mixture_probability": 0.5, "actual_mixture": 0.46875, "gradient_norm": 2.9788994789123535, "pid": 4089419, "elapsed_this_session_seconds": 11328.472616838291, "steps_this_session": 21480, "phase": "training", "gpu": "6"}
{"step": 21500, "total": 24000, "loss": 0.23573202267289162, "mixture_probability": 0.5, "actual_mixture": 0.53125, "gradient_norm": 2.5326313972473145, "pid": 4089419, "elapsed_this_session_seconds": 11337.042496060953, "steps_this_session": 21500, "phase": "training", "gpu": "6"}
{"step": 21520, "total": 24000, "loss": 0.3212641403079033, "mixture_probability": 0.5, "actual_mixture": 0.5625, "gradient_norm": 2.9097561836242676, "pid": 4089419, "elapsed_this_session_seconds": 11346.060223901644, "steps_this_session": 21520, "phase": "training", "gpu": "6"}
{"step": 21540, "total": 24000, "loss": 0.26957812532782555, "mixture_probability": 0.5, "actual_mixture": 0.40625, "gradient_norm": 3.139782190322876, "pid": 4089419, "elapsed_this_session_seconds": 11355.240286670625, "steps_this_session": 21540, "phase": "training", "gpu": "6"}
{"step": 21560, "total": 24000, "loss": 0.2033754326403141, "mixture_probability": 0.5, "actual_mixture": 0.40625, "gradient_norm": 2.164900779724121, "pid": 4089419, "elapsed_this_session_seconds": 11360.791190135293, "steps_this_session": 21560, "phase": "training", "gpu": "6"}
{"step": 21580, "total": 24000, "loss": 0.29042692482471466, "mixture_probability": 0.5, "actual_mixture": 0.53125, "gradient_norm": 2.906395435333252, "pid": 4089419, "elapsed_this_session_seconds": 11370.789807686582, "steps_this_session": 21580, "phase": "training", "gpu": "6"}
{"step": 21600, "total": 24000, "loss": 0.2514294534921646, "mixture_probability": 0.5, "actual_mixture": 0.5625, "gradient_norm": 3.0525307655334473, "pid": 4089419, "elapsed_this_session_seconds": 11381.01397681702, "steps_this_session": 21600, "phase": "training", "gpu": "6"}
{"step": 21620, "total": 24000, "loss": 0.2294105961918831, "mixture_probability": 0.5, "actual_mixture": 0.4375, "gradient_norm": 2.8514440059661865, "pid": 4089419, "elapsed_this_session_seconds": 11390.039520992897, "steps_this_session": 21620, "phase": "training", "gpu": "6"}
{"step": 21640, "total": 24000, "loss": 0.29276635125279427, "mixture_probability": 0.5, "actual_mixture": 0.46875, "gradient_norm": 2.776519298553467, "pid": 4089419, "elapsed_this_session_seconds": 11397.843376980163, "steps_this_session": 21640, "phase": "training", "gpu": "6"}
{"step": 21660, "total": 24000, "loss": 0.2695966847240925, "mixture_probability": 0.5, "actual_mixture": 0.546875, "gradient_norm": 2.6372578144073486, "pid": 4089419, "elapsed_this_session_seconds": 11407.743894911371, "steps_this_session": 21660, "phase": "training", "gpu": "6"}
{"step": 21680, "total": 24000, "loss": 0.23343505710363388, "mixture_probability": 0.5, "actual_mixture": 0.59375, "gradient_norm": 2.582681894302368, "pid": 4089419, "elapsed_this_session_seconds": 11417.596289305016, "steps_this_session": 21680, "phase": "training", "gpu": "6"}
{"step": 21700, "total": 24000, "loss": 0.24069620668888092, "mixture_probability": 0.5, "actual_mixture": 0.5625, "gradient_norm": 2.4814395904541016, "pid": 4089419, "elapsed_this_session_seconds": 11424.757694243453, "steps_this_session": 21700, "phase": "training", "gpu": "6"}
{"step": 21720, "total": 24000, "loss": 0.3097825385630131, "mixture_probability": 0.5, "actual_mixture": 0.5, "gradient_norm": 3.043410062789917, "pid": 4089419, "elapsed_this_session_seconds": 11433.848980771378, "steps_this_session": 21720, "phase": "training", "gpu": "6"}
{"step": 21740, "total": 24000, "loss": 0.2348102368414402, "mixture_probability": 0.5, "actual_mixture": 0.453125, "gradient_norm": 3.0945868492126465, "pid": 4089419, "elapsed_this_session_seconds": 11443.370229734108, "steps_this_session": 21740, "phase": "training", "gpu": "6"}
{"step": 21760, "total": 24000, "loss": 0.22011135891079903, "mixture_probability": 0.5, "actual_mixture": 0.515625, "gradient_norm": 2.6226680278778076, "pid": 4089419, "elapsed_this_session_seconds": 11453.418345347047, "steps_this_session": 21760, "phase": "training", "gpu": "6"}
{"step": 21780, "total": 24000, "loss": 0.22915084660053253, "mixture_probability": 0.5, "actual_mixture": 0.5625, "gradient_norm": 2.5265650749206543, "pid": 4089419, "elapsed_this_session_seconds": 11459.355017778464, "steps_this_session": 21780, "phase": "training", "gpu": "6"}
{"step": 21800, "total": 24000, "loss": 0.35733236372470856, "mixture_probability": 0.5, "actual_mixture": 0.59375, "gradient_norm": 3.8076303005218506, "pid": 4089419, "elapsed_this_session_seconds": 11468.892007285729, "steps_this_session": 21800, "phase": "training", "gpu": "6"}
{"step": 21820, "total": 24000, "loss": 0.26199420541524887, "mixture_probability": 0.5, "actual_mixture": 0.484375, "gradient_norm": 2.825160503387451, "pid": 4089419, "elapsed_this_session_seconds": 11478.422096203081, "steps_this_session": 21820, "phase": "training", "gpu": "6"}
{"step": 21840, "total": 24000, "loss": 0.28124016150832176, "mixture_probability": 0.5, "actual_mixture": 0.515625, "gradient_norm": 3.050691604614258, "pid": 4089419, "elapsed_this_session_seconds": 11487.59564180579, "steps_this_session": 21840, "phase": "training", "gpu": "6"}
{"step": 21860, "total": 24000, "loss": 0.2763616293668747, "mixture_probability": 0.5, "actual_mixture": 0.46875, "gradient_norm": 3.4295449256896973, "pid": 4089419, "elapsed_this_session_seconds": 11494.029978259467, "steps_this_session": 21860, "phase": "training", "gpu": "6"}
{"step": 21880, "total": 24000, "loss": 0.3029267191886902, "mixture_probability": 0.5, "actual_mixture": 0.53125, "gradient_norm": 3.2603092193603516, "pid": 4089419, "elapsed_this_session_seconds": 11503.053404965438, "steps_this_session": 21880, "phase": "training", "gpu": "6"}
{"step": 21900, "total": 24000, "loss": 0.22562258318066597, "mixture_probability": 0.5, "actual_mixture": 0.484375, "gradient_norm": 2.7013955116271973, "pid": 4089419, "elapsed_this_session_seconds": 11512.325223983265, "steps_this_session": 21900, "phase": "training", "gpu": "6"}
{"step": 21920, "total": 24000, "loss": 0.2556186318397522, "mixture_probability": 0.5, "actual_mixture": 0.5, "gradient_norm": 2.5852015018463135, "pid": 4089419, "elapsed_this_session_seconds": 11521.160882932134, "steps_this_session": 21920, "phase": "training", "gpu": "6"}
{"step": 21940, "total": 24000, "loss": 0.24706031382083893, "mixture_probability": 0.5, "actual_mixture": 0.59375, "gradient_norm": 2.619982957839966, "pid": 4089419, "elapsed_this_session_seconds": 11527.367733577266, "steps_this_session": 21940, "phase": "training", "gpu": "6"}
{"step": 21960, "total": 24000, "loss": 0.37298693507909775, "mixture_probability": 0.5, "actual_mixture": 0.5, "gradient_norm": 5.371728420257568, "pid": 4089419, "elapsed_this_session_seconds": 11535.303135487251, "steps_this_session": 21960, "phase": "training", "gpu": "6"}
{"step": 21980, "total": 24000, "loss": 0.3001920096576214, "mixture_probability": 0.5, "actual_mixture": 0.515625, "gradient_norm": 3.055420160293579, "pid": 4089419, "elapsed_this_session_seconds": 11543.005750740878, "steps_this_session": 21980, "phase": "training", "gpu": "6"}
{"step": 22000, "total": 24000, "loss": 0.275921955704689, "mixture_probability": 0.5, "actual_mixture": 0.4375, "gradient_norm": 2.801179885864258, "pid": 4089419, "elapsed_this_session_seconds": 11550.994042260572, "steps_this_session": 22000, "phase": "training", "gpu": "6"}
{"step": 22020, "total": 24000, "loss": 0.2177717350423336, "mixture_probability": 0.5, "actual_mixture": 0.59375, "gradient_norm": 2.4771904945373535, "pid": 4089419, "elapsed_this_session_seconds": 11718.385830739513, "steps_this_session": 22020, "phase": "training", "gpu": "6"}
{"step": 22040, "total": 24000, "loss": 0.2570282742381096, "mixture_probability": 0.5, "actual_mixture": 0.5, "gradient_norm": 2.881990432739258, "pid": 4089419, "elapsed_this_session_seconds": 11726.30848864559, "steps_this_session": 22040, "phase": "training", "gpu": "6"}
{"step": 22060, "total": 24000, "loss": 0.24493339657783508, "mixture_probability": 0.5, "actual_mixture": 0.609375, "gradient_norm": 2.550250291824341, "pid": 4089419, "elapsed_this_session_seconds": 11735.65907545574, "steps_this_session": 22060, "phase": "training", "gpu": "6"}
{"step": 22080, "total": 24000, "loss": 0.22559062764048576, "mixture_probability": 0.5, "actual_mixture": 0.390625, "gradient_norm": 3.039402723312378, "pid": 4089419, "elapsed_this_session_seconds": 11745.645295964554, "steps_this_session": 22080, "phase": "training", "gpu": "6"}
{"step": 22100, "total": 24000, "loss": 0.2996028698980808, "mixture_probability": 0.5, "actual_mixture": 0.5625, "gradient_norm": 2.8804640769958496, "pid": 4089419, "elapsed_this_session_seconds": 11751.259360762313, "steps_this_session": 22100, "phase": "training", "gpu": "6"}
{"step": 22120, "total": 24000, "loss": 0.21107232943177223, "mixture_probability": 0.5, "actual_mixture": 0.515625, "gradient_norm": 2.3568167686462402, "pid": 4089419, "elapsed_this_session_seconds": 11759.845652187243, "steps_this_session": 22120, "phase": "training", "gpu": "6"}
{"step": 22140, "total": 24000, "loss": 0.20200826600193977, "mixture_probability": 0.5, "actual_mixture": 0.359375, "gradient_norm": 2.2830700874328613, "pid": 4089419, "elapsed_this_session_seconds": 11768.43333703652, "steps_this_session": 22140, "phase": "training", "gpu": "6"}
{"step": 22160, "total": 24000, "loss": 0.22214404121041298, "mixture_probability": 0.5, "actual_mixture": 0.5625, "gradient_norm": 2.360964059829712, "pid": 4089419, "elapsed_this_session_seconds": 11776.897271446884, "steps_this_session": 22160, "phase": "training", "gpu": "6"}
{"step": 22180, "total": 24000, "loss": 0.19377006217837334, "mixture_probability": 0.5, "actual_mixture": 0.4375, "gradient_norm": 2.132965087890625, "pid": 4089419, "elapsed_this_session_seconds": 11785.344227019697, "steps_this_session": 22180, "phase": "training", "gpu": "6"}
{"step": 22200, "total": 24000, "loss": 0.35194170102477074, "mixture_probability": 0.5, "actual_mixture": 0.59375, "gradient_norm": 3.375678062438965, "pid": 4089419, "elapsed_this_session_seconds": 11792.869504589587, "steps_this_session": 22200, "phase": "training", "gpu": "6"}
{"step": 22220, "total": 24000, "loss": 0.24550454318523407, "mixture_probability": 0.5, "actual_mixture": 0.515625, "gradient_norm": 2.9855904579162598, "pid": 4089419, "elapsed_this_session_seconds": 11800.062013708986, "steps_this_session": 22220, "phase": "training", "gpu": "6"}
{"step": 22240, "total": 24000, "loss": 0.3094625733792782, "mixture_probability": 0.5, "actual_mixture": 0.46875, "gradient_norm": 3.612468719482422, "pid": 4089419, "elapsed_this_session_seconds": 11808.275705132633, "steps_this_session": 22240, "phase": "training", "gpu": "6"}
{"step": 22260, "total": 24000, "loss": 0.21039354801177979, "mixture_probability": 0.5, "actual_mixture": 0.640625, "gradient_norm": 2.123203754425049, "pid": 4089419, "elapsed_this_session_seconds": 11816.598167084157, "steps_this_session": 22260, "phase": "training", "gpu": "6"}
{"step": 22280, "total": 24000, "loss": 0.24783428758382797, "mixture_probability": 0.5, "actual_mixture": 0.515625, "gradient_norm": 2.662278652191162, "pid": 4089419, "elapsed_this_session_seconds": 11824.80211713817, "steps_this_session": 22280, "phase": "training", "gpu": "6"}
{"step": 22300, "total": 24000, "loss": 0.25766022503376007, "mixture_probability": 0.5, "actual_mixture": 0.53125, "gradient_norm": 2.78489351272583, "pid": 4089419, "elapsed_this_session_seconds": 11833.926660324447, "steps_this_session": 22300, "phase": "training", "gpu": "6"}
{"step": 22320, "total": 24000, "loss": 0.27160976082086563, "mixture_probability": 0.5, "actual_mixture": 0.484375, "gradient_norm": 2.612051248550415, "pid": 4089419, "elapsed_this_session_seconds": 11839.42248100508, "steps_this_session": 22320, "phase": "training", "gpu": "6"}
{"step": 22340, "total": 24000, "loss": 0.2071667294949293, "mixture_probability": 0.5, "actual_mixture": 0.421875, "gradient_norm": 2.0484657287597656, "pid": 4089419, "elapsed_this_session_seconds": 11847.57226561848, "steps_this_session": 22340, "phase": "training", "gpu": "6"}
{"step": 22360, "total": 24000, "loss": 0.3337558023631573, "mixture_probability": 0.5, "actual_mixture": 0.53125, "gradient_norm": 3.2257895469665527, "pid": 4089419, "elapsed_this_session_seconds": 11855.698151688091, "steps_this_session": 22360, "phase": "training", "gpu": "6"}
{"step": 22380, "total": 24000, "loss": 0.3242989331483841, "mixture_probability": 0.5, "actual_mixture": 0.546875, "gradient_norm": 3.5569355487823486, "pid": 4089419, "elapsed_this_session_seconds": 11863.850299234502, "steps_this_session": 22380, "phase": "training", "gpu": "6"}
{"step": 22400, "total": 24000, "loss": 0.2727801948785782, "mixture_probability": 0.5, "actual_mixture": 0.421875, "gradient_norm": 3.127950668334961, "pid": 4089419, "elapsed_this_session_seconds": 11872.00592033565, "steps_this_session": 22400, "phase": "training", "gpu": "6"}
{"step": 22420, "total": 24000, "loss": 0.3732556626200676, "mixture_probability": 0.5, "actual_mixture": 0.59375, "gradient_norm": 3.535008430480957, "pid": 4089419, "elapsed_this_session_seconds": 11879.468035272323, "steps_this_session": 22420, "phase": "training", "gpu": "6"}
{"step": 22440, "total": 24000, "loss": 0.22725364565849304, "mixture_probability": 0.5, "actual_mixture": 0.59375, "gradient_norm": 2.3795218467712402, "pid": 4089419, "elapsed_this_session_seconds": 11885.864750664681, "steps_this_session": 22440, "phase": "training", "gpu": "6"}
{"step": 22460, "total": 24000, "loss": 0.20733800530433655, "mixture_probability": 0.5, "actual_mixture": 0.421875, "gradient_norm": 2.408822774887085, "pid": 4089419, "elapsed_this_session_seconds": 11893.788815937936, "steps_this_session": 22460, "phase": "training", "gpu": "6"}
{"step": 22480, "total": 24000, "loss": 0.19638438522815704, "mixture_probability": 0.5, "actual_mixture": 0.46875, "gradient_norm": 2.3648486137390137, "pid": 4089419, "elapsed_this_session_seconds": 11901.895193211734, "steps_this_session": 22480, "phase": "training", "gpu": "6"}
{"step": 22500, "total": 24000, "loss": 0.21213716641068459, "mixture_probability": 0.5, "actual_mixture": 0.5, "gradient_norm": 2.4809343814849854, "pid": 4089419, "elapsed_this_session_seconds": 11910.028807862662, "steps_this_session": 22500, "phase": "training", "gpu": "6"}
{"step": 22520, "total": 24000, "loss": 0.22353405505418777, "mixture_probability": 0.5, "actual_mixture": 0.484375, "gradient_norm": 2.691469430923462, "pid": 4089419, "elapsed_this_session_seconds": 11917.954075030051, "steps_this_session": 22520, "phase": "training", "gpu": "6"}
{"step": 22540, "total": 24000, "loss": 0.25373998656868935, "mixture_probability": 0.5, "actual_mixture": 0.484375, "gradient_norm": 2.7740554809570312, "pid": 4089419, "elapsed_this_session_seconds": 11924.633130366914, "steps_this_session": 22540, "phase": "training", "gpu": "6"}
{"step": 22560, "total": 24000, "loss": 0.2850208207964897, "mixture_probability": 0.5, "actual_mixture": 0.515625, "gradient_norm": 3.155686378479004, "pid": 4089419, "elapsed_this_session_seconds": 11931.74169347249, "steps_this_session": 22560, "phase": "training", "gpu": "6"}
{"step": 22580, "total": 24000, "loss": 0.2516775205731392, "mixture_probability": 0.5, "actual_mixture": 0.5625, "gradient_norm": 2.789646625518799, "pid": 4089419, "elapsed_this_session_seconds": 11939.642287488095, "steps_this_session": 22580, "phase": "training", "gpu": "6"}
{"step": 22600, "total": 24000, "loss": 0.20151584967970848, "mixture_probability": 0.5, "actual_mixture": 0.546875, "gradient_norm": 2.5098464488983154, "pid": 4089419, "elapsed_this_session_seconds": 11947.477709039114, "steps_this_session": 22600, "phase": "training", "gpu": "6"}
{"step": 22620, "total": 24000, "loss": 0.21388136968016624, "mixture_probability": 0.5, "actual_mixture": 0.40625, "gradient_norm": 2.6472792625427246, "pid": 4089419, "elapsed_this_session_seconds": 11955.034596795216, "steps_this_session": 22620, "phase": "training", "gpu": "6"}
{"step": 22640, "total": 24000, "loss": 0.3472116068005562, "mixture_probability": 0.5, "actual_mixture": 0.515625, "gradient_norm": 3.736579179763794, "pid": 4089419, "elapsed_this_session_seconds": 11962.82507325057, "steps_this_session": 22640, "phase": "training", "gpu": "6"}
{"step": 22660, "total": 24000, "loss": 0.2367524541914463, "mixture_probability": 0.5, "actual_mixture": 0.5, "gradient_norm": 3.2828922271728516, "pid": 4089419, "elapsed_this_session_seconds": 11969.240568251349, "steps_this_session": 22660, "phase": "training", "gpu": "6"}
{"step": 22680, "total": 24000, "loss": 0.22199442237615585, "mixture_probability": 0.5, "actual_mixture": 0.546875, "gradient_norm": 2.2993226051330566, "pid": 4089419, "elapsed_this_session_seconds": 11976.138833664358, "steps_this_session": 22680, "phase": "training", "gpu": "6"}
{"step": 22700, "total": 24000, "loss": 0.2680729553103447, "mixture_probability": 0.5, "actual_mixture": 0.453125, "gradient_norm": 2.871389627456665, "pid": 4089419, "elapsed_this_session_seconds": 11983.858120881021, "steps_this_session": 22700, "phase": "training", "gpu": "6"}
{"step": 22720, "total": 24000, "loss": 0.22648390382528305, "mixture_probability": 0.5, "actual_mixture": 0.421875, "gradient_norm": 2.4987244606018066, "pid": 4089419, "elapsed_this_session_seconds": 11991.565317642875, "steps_this_session": 22720, "phase": "training", "gpu": "6"}
{"step": 22740, "total": 24000, "loss": 0.2641256973147392, "mixture_probability": 0.5, "actual_mixture": 0.578125, "gradient_norm": 2.5073976516723633, "pid": 4089419, "elapsed_this_session_seconds": 11999.04600570444, "steps_this_session": 22740, "phase": "training", "gpu": "6"}
{"step": 22760, "total": 24000, "loss": 0.3373491857200861, "mixture_probability": 0.5, "actual_mixture": 0.484375, "gradient_norm": 3.014511823654175, "pid": 4089419, "elapsed_this_session_seconds": 12006.02948724851, "steps_this_session": 22760, "phase": "training", "gpu": "6"}
{"step": 22780, "total": 24000, "loss": 0.39976298809051514, "mixture_probability": 0.5, "actual_mixture": 0.5625, "gradient_norm": 3.9573376178741455, "pid": 4089419, "elapsed_this_session_seconds": 12013.711064489558, "steps_this_session": 22780, "phase": "training", "gpu": "6"}
{"step": 22800, "total": 24000, "loss": 0.22468307986855507, "mixture_probability": 0.5, "actual_mixture": 0.453125, "gradient_norm": 2.5865564346313477, "pid": 4089419, "elapsed_this_session_seconds": 12020.72666175291, "steps_this_session": 22800, "phase": "training", "gpu": "6"}
{"step": 22820, "total": 24000, "loss": 0.24502510577440262, "mixture_probability": 0.5, "actual_mixture": 0.40625, "gradient_norm": 2.7059454917907715, "pid": 4089419, "elapsed_this_session_seconds": 12027.654884167947, "steps_this_session": 22820, "phase": "training", "gpu": "6"}
{"step": 22840, "total": 24000, "loss": 0.34346920251846313, "mixture_probability": 0.5, "actual_mixture": 0.5, "gradient_norm": 3.2454023361206055, "pid": 4089419, "elapsed_this_session_seconds": 12034.529142953455, "steps_this_session": 22840, "phase": "training", "gpu": "6"}
{"step": 22860, "total": 24000, "loss": 0.2429346926510334, "mixture_probability": 0.5, "actual_mixture": 0.515625, "gradient_norm": 2.5603408813476562, "pid": 4089419, "elapsed_this_session_seconds": 12041.417883884162, "steps_this_session": 22860, "phase": "training", "gpu": "6"}
{"step": 22880, "total": 24000, "loss": 0.25140663236379623, "mixture_probability": 0.5, "actual_mixture": 0.515625, "gradient_norm": 3.128711223602295, "pid": 4089419, "elapsed_this_session_seconds": 12048.493999188766, "steps_this_session": 22880, "phase": "training", "gpu": "6"}
{"step": 22900, "total": 24000, "loss": 0.2325141653418541, "mixture_probability": 0.5, "actual_mixture": 0.46875, "gradient_norm": 2.4686343669891357, "pid": 4089419, "elapsed_this_session_seconds": 12055.951291911304, "steps_this_session": 22900, "phase": "training", "gpu": "6"}
{"step": 22920, "total": 24000, "loss": 0.30420391261577606, "mixture_probability": 0.5, "actual_mixture": 0.46875, "gradient_norm": 3.046813726425171, "pid": 4089419, "elapsed_this_session_seconds": 12063.147912430577, "steps_this_session": 22920, "phase": "training", "gpu": "6"}
{"step": 22940, "total": 24000, "loss": 0.2376043051481247, "mixture_probability": 0.5, "actual_mixture": 0.578125, "gradient_norm": 2.4143238067626953, "pid": 4089419, "elapsed_this_session_seconds": 12070.300346157514, "steps_this_session": 22940, "phase": "training", "gpu": "6"}
{"step": 22960, "total": 24000, "loss": 0.23124168813228607, "mixture_probability": 0.5, "actual_mixture": 0.578125, "gradient_norm": 2.6234097480773926, "pid": 4089419, "elapsed_this_session_seconds": 12077.446900065988, "steps_this_session": 22960, "phase": "training", "gpu": "6"}
{"step": 22980, "total": 24000, "loss": 0.21820173785090446, "mixture_probability": 0.5, "actual_mixture": 0.46875, "gradient_norm": 2.4564034938812256, "pid": 4089419, "elapsed_this_session_seconds": 12084.571318005212, "steps_this_session": 22980, "phase": "training", "gpu": "6"}
{"step": 23000, "total": 24000, "loss": 0.22803487069904804, "mixture_probability": 0.5, "actual_mixture": 0.40625, "gradient_norm": 2.744128465652466, "pid": 4089419, "elapsed_this_session_seconds": 12091.698357753456, "steps_this_session": 23000, "phase": "training", "gpu": "6"}
{"step": 23020, "total": 24000, "loss": 0.2267964705824852, "mixture_probability": 0.5, "actual_mixture": 0.453125, "gradient_norm": 2.9453258514404297, "pid": 4089419, "elapsed_this_session_seconds": 12099.262899349444, "steps_this_session": 23020, "phase": "training", "gpu": "6"}
{"step": 23040, "total": 24000, "loss": 0.24057234823703766, "mixture_probability": 0.5, "actual_mixture": 0.546875, "gradient_norm": 2.6552083492279053, "pid": 4089419, "elapsed_this_session_seconds": 12106.525423574261, "steps_this_session": 23040, "phase": "training", "gpu": "6"}
{"step": 23060, "total": 24000, "loss": 0.27391747385263443, "mixture_probability": 0.5, "actual_mixture": 0.484375, "gradient_norm": 2.8866095542907715, "pid": 4089419, "elapsed_this_session_seconds": 12113.703716835938, "steps_this_session": 23060, "phase": "training", "gpu": "6"}
{"step": 23080, "total": 24000, "loss": 0.22576040029525757, "mixture_probability": 0.5, "actual_mixture": 0.515625, "gradient_norm": 2.80381441116333, "pid": 4089419, "elapsed_this_session_seconds": 12120.827247899957, "steps_this_session": 23080, "phase": "training", "gpu": "6"}
{"step": 23100, "total": 24000, "loss": 0.2627776153385639, "mixture_probability": 0.5, "actual_mixture": 0.5, "gradient_norm": 3.0147671699523926, "pid": 4089419, "elapsed_this_session_seconds": 12128.137650446035, "steps_this_session": 23100, "phase": "training", "gpu": "6"}
{"step": 23120, "total": 24000, "loss": 0.2477213218808174, "mixture_probability": 0.5, "actual_mixture": 0.546875, "gradient_norm": 2.622225284576416, "pid": 4089419, "elapsed_this_session_seconds": 12135.97807693854, "steps_this_session": 23120, "phase": "training", "gpu": "6"}
{"step": 23140, "total": 24000, "loss": 0.3045967072248459, "mixture_probability": 0.5, "actual_mixture": 0.40625, "gradient_norm": 3.0372447967529297, "pid": 4089419, "elapsed_this_session_seconds": 12143.465282222256, "steps_this_session": 23140, "phase": "training", "gpu": "6"}
{"step": 23160, "total": 24000, "loss": 0.24806061387062073, "mixture_probability": 0.5, "actual_mixture": 0.4375, "gradient_norm": 2.721132278442383, "pid": 4089419, "elapsed_this_session_seconds": 12150.984474250115, "steps_this_session": 23160, "phase": "training", "gpu": "6"}
{"step": 23180, "total": 24000, "loss": 0.3363170363008976, "mixture_probability": 0.5, "actual_mixture": 0.53125, "gradient_norm": 3.1688554286956787, "pid": 4089419, "elapsed_this_session_seconds": 12158.53707698267, "steps_this_session": 23180, "phase": "training", "gpu": "6"}
{"step": 23200, "total": 24000, "loss": 0.1859714575111866, "mixture_probability": 0.5, "actual_mixture": 0.4375, "gradient_norm": 2.574880361557007, "pid": 4089419, "elapsed_this_session_seconds": 12166.19549846556, "steps_this_session": 23200, "phase": "training", "gpu": "6"}
{"step": 23220, "total": 24000, "loss": 0.3292437344789505, "mixture_probability": 0.5, "actual_mixture": 0.5625, "gradient_norm": 4.0958123207092285, "pid": 4089419, "elapsed_this_session_seconds": 12173.741211510263, "steps_this_session": 23220, "phase": "training", "gpu": "6"}
{"step": 23240, "total": 24000, "loss": 0.25646190345287323, "mixture_probability": 0.5, "actual_mixture": 0.484375, "gradient_norm": 2.7831032276153564, "pid": 4089419, "elapsed_this_session_seconds": 12181.429182295687, "steps_this_session": 23240, "phase": "training", "gpu": "6"}
{"step": 23260, "total": 24000, "loss": 0.2772350385785103, "mixture_probability": 0.5, "actual_mixture": 0.53125, "gradient_norm": 2.828925132751465, "pid": 4089419, "elapsed_this_session_seconds": 12189.091991721652, "steps_this_session": 23260, "phase": "training", "gpu": "6"}
{"step": 23280, "total": 24000, "loss": 0.3082850445061922, "mixture_probability": 0.5, "actual_mixture": 0.53125, "gradient_norm": 3.063208818435669, "pid": 4089419, "elapsed_this_session_seconds": 12196.40635732375, "steps_this_session": 23280, "phase": "training", "gpu": "6"}
{"step": 23300, "total": 24000, "loss": 0.8819053880870342, "mixture_probability": 0.5, "actual_mixture": 0.359375, "gradient_norm": 3.9873931407928467, "pid": 4089419, "elapsed_this_session_seconds": 12203.432656645775, "steps_this_session": 23300, "phase": "training", "gpu": "6"}
{"step": 23320, "total": 24000, "loss": 0.2680041678249836, "mixture_probability": 0.5, "actual_mixture": 0.5, "gradient_norm": 3.1750364303588867, "pid": 4089419, "elapsed_this_session_seconds": 12210.437520286068, "steps_this_session": 23320, "phase": "training", "gpu": "6"}
{"step": 23340, "total": 24000, "loss": 0.2203800156712532, "mixture_probability": 0.5, "actual_mixture": 0.484375, "gradient_norm": 2.8335087299346924, "pid": 4089419, "elapsed_this_session_seconds": 12217.722330651246, "steps_this_session": 23340, "phase": "training", "gpu": "6"}
{"step": 23360, "total": 24000, "loss": 0.40918779373168945, "mixture_probability": 0.5, "actual_mixture": 0.5, "gradient_norm": 3.8262526988983154, "pid": 4089419, "elapsed_this_session_seconds": 12224.876356515102, "steps_this_session": 23360, "phase": "training", "gpu": "6"}
{"step": 23380, "total": 24000, "loss": 0.24806006625294685, "mixture_probability": 0.5, "actual_mixture": 0.453125, "gradient_norm": 2.7362046241760254, "pid": 4089419, "elapsed_this_session_seconds": 12232.039182572626, "steps_this_session": 23380, "phase": "training", "gpu": "6"}
{"step": 23400, "total": 24000, "loss": 0.225928146392107, "mixture_probability": 0.5, "actual_mixture": 0.53125, "gradient_norm": 2.8737406730651855, "pid": 4089419, "elapsed_this_session_seconds": 12239.319766352884, "steps_this_session": 23400, "phase": "training", "gpu": "6"}
{"step": 23420, "total": 24000, "loss": 0.18567945063114166, "mixture_probability": 0.5, "actual_mixture": 0.4375, "gradient_norm": 2.1926069259643555, "pid": 4089419, "elapsed_this_session_seconds": 12246.689486851916, "steps_this_session": 23420, "phase": "training", "gpu": "6"}
{"step": 23440, "total": 24000, "loss": 0.20746229961514473, "mixture_probability": 0.5, "actual_mixture": 0.375, "gradient_norm": 2.240323781967163, "pid": 4089419, "elapsed_this_session_seconds": 12254.136070136912, "steps_this_session": 23440, "phase": "training", "gpu": "6"}
{"step": 23460, "total": 24000, "loss": 0.2893656864762306, "mixture_probability": 0.5, "actual_mixture": 0.53125, "gradient_norm": 3.4019837379455566, "pid": 4089419, "elapsed_this_session_seconds": 12261.580160378478, "steps_this_session": 23460, "phase": "training", "gpu": "6"}
{"step": 23480, "total": 24000, "loss": 0.24659576639533043, "mixture_probability": 0.5, "actual_mixture": 0.484375, "gradient_norm": 3.140552520751953, "pid": 4089419, "elapsed_this_session_seconds": 12268.969479727559, "steps_this_session": 23480, "phase": "training", "gpu": "6"}
{"step": 23500, "total": 24000, "loss": 0.2522278353571892, "mixture_probability": 0.5, "actual_mixture": 0.5, "gradient_norm": 2.602325677871704, "pid": 4089419, "elapsed_this_session_seconds": 12276.410035062581, "steps_this_session": 23500, "phase": "training", "gpu": "6"}
{"step": 23520, "total": 24000, "loss": 0.21904180198907852, "mixture_probability": 0.5, "actual_mixture": 0.515625, "gradient_norm": 2.240605115890503, "pid": 4089419, "elapsed_this_session_seconds": 12283.846618406475, "steps_this_session": 23520, "phase": "training", "gpu": "6"}
{"step": 23540, "total": 24000, "loss": 0.37563101947307587, "mixture_probability": 0.5, "actual_mixture": 0.484375, "gradient_norm": 3.530675172805786, "pid": 4089419, "elapsed_this_session_seconds": 12291.242749067023, "steps_this_session": 23540, "phase": "training", "gpu": "6"}
{"step": 23560, "total": 24000, "loss": 0.2076941765844822, "mixture_probability": 0.5, "actual_mixture": 0.328125, "gradient_norm": 2.5847527980804443, "pid": 4089419, "elapsed_this_session_seconds": 12298.658986571245, "steps_this_session": 23560, "phase": "training", "gpu": "6"}
{"step": 23580, "total": 24000, "loss": 0.31643088161945343, "mixture_probability": 0.5, "actual_mixture": 0.546875, "gradient_norm": 2.5811331272125244, "pid": 4089419, "elapsed_this_session_seconds": 12306.117958896793, "steps_this_session": 23580, "phase": "training", "gpu": "6"}
{"step": 23600, "total": 24000, "loss": 0.2360108569264412, "mixture_probability": 0.5, "actual_mixture": 0.453125, "gradient_norm": 2.734980344772339, "pid": 4089419, "elapsed_this_session_seconds": 12319.817624850199, "steps_this_session": 23600, "phase": "training", "gpu": "6"}
{"step": 23620, "total": 24000, "loss": 0.1986101120710373, "mixture_probability": 0.5, "actual_mixture": 0.5, "gradient_norm": 2.610661029815674, "pid": 4089419, "elapsed_this_session_seconds": 12343.843330825679, "steps_this_session": 23620, "phase": "training", "gpu": "6"}
{"step": 23640, "total": 24000, "loss": 0.1874910704791546, "mixture_probability": 0.5, "actual_mixture": 0.59375, "gradient_norm": 2.5018107891082764, "pid": 4089419, "elapsed_this_session_seconds": 12365.054907158017, "steps_this_session": 23640, "phase": "training", "gpu": "6"}
{"step": 23660, "total": 24000, "loss": 0.31904470175504684, "mixture_probability": 0.5, "actual_mixture": 0.609375, "gradient_norm": 3.530773878097534, "pid": 4089419, "elapsed_this_session_seconds": 12386.35660456866, "steps_this_session": 23660, "phase": "training", "gpu": "6"}
{"step": 23680, "total": 24000, "loss": 0.2937092185020447, "mixture_probability": 0.5, "actual_mixture": 0.515625, "gradient_norm": 2.8488752841949463, "pid": 4089419, "elapsed_this_session_seconds": 12407.742908613756, "steps_this_session": 23680, "phase": "training", "gpu": "6"}
{"step": 23700, "total": 24000, "loss": 0.27894170209765434, "mixture_probability": 0.5, "actual_mixture": 0.515625, "gradient_norm": 3.1299309730529785, "pid": 4089419, "elapsed_this_session_seconds": 12413.306193564087, "steps_this_session": 23700, "phase": "training", "gpu": "6"}
{"step": 23720, "total": 24000, "loss": 0.23823986947536469, "mixture_probability": 0.5, "actual_mixture": 0.578125, "gradient_norm": 2.4230096340179443, "pid": 4089419, "elapsed_this_session_seconds": 12420.339856222272, "steps_this_session": 23720, "phase": "training", "gpu": "6"}
{"step": 23740, "total": 24000, "loss": 0.2056690901517868, "mixture_probability": 0.5, "actual_mixture": 0.4375, "gradient_norm": 2.265183687210083, "pid": 4089419, "elapsed_this_session_seconds": 12430.331422521733, "steps_this_session": 23740, "phase": "training", "gpu": "6"}
{"step": 23760, "total": 24000, "loss": 0.21487462148070335, "mixture_probability": 0.5, "actual_mixture": 0.5, "gradient_norm": 2.3385708332061768, "pid": 4089419, "elapsed_this_session_seconds": 12441.006449378096, "steps_this_session": 23760, "phase": "training", "gpu": "6"}
{"step": 23780, "total": 24000, "loss": 0.18005654215812683, "mixture_probability": 0.5, "actual_mixture": 0.4375, "gradient_norm": 2.3135616779327393, "pid": 4089419, "elapsed_this_session_seconds": 12456.031090950593, "steps_this_session": 23780, "phase": "training", "gpu": "6"}
{"step": 23800, "total": 24000, "loss": 0.24335794895887375, "mixture_probability": 0.5, "actual_mixture": 0.4375, "gradient_norm": 2.8688852787017822, "pid": 4089419, "elapsed_this_session_seconds": 12466.392742336728, "steps_this_session": 23800, "phase": "training", "gpu": "6"}
{"step": 23820, "total": 24000, "loss": 0.27569495886564255, "mixture_probability": 0.5, "actual_mixture": 0.515625, "gradient_norm": 2.9096555709838867, "pid": 4089419, "elapsed_this_session_seconds": 12478.7450728463, "steps_this_session": 23820, "phase": "training", "gpu": "6"}
{"step": 23840, "total": 24000, "loss": 0.30162569135427475, "mixture_probability": 0.5, "actual_mixture": 0.5625, "gradient_norm": 3.0904643535614014, "pid": 4089419, "elapsed_this_session_seconds": 12491.448749110103, "steps_this_session": 23840, "phase": "training", "gpu": "6"}
{"step": 23860, "total": 24000, "loss": 0.1897820048034191, "mixture_probability": 0.5, "actual_mixture": 0.578125, "gradient_norm": 2.2706897258758545, "pid": 4089419, "elapsed_this_session_seconds": 12501.5784808537, "steps_this_session": 23860, "phase": "training", "gpu": "6"}
{"step": 23880, "total": 24000, "loss": 0.2075091488659382, "mixture_probability": 0.5, "actual_mixture": 0.453125, "gradient_norm": 2.5551092624664307, "pid": 4089419, "elapsed_this_session_seconds": 12515.070425977, "steps_this_session": 23880, "phase": "training", "gpu": "6"}
{"step": 23900, "total": 24000, "loss": 0.2990446388721466, "mixture_probability": 0.5, "actual_mixture": 0.515625, "gradient_norm": 2.7678580284118652, "pid": 4089419, "elapsed_this_session_seconds": 12523.037534636445, "steps_this_session": 23900, "phase": "training", "gpu": "6"}
{"step": 23920, "total": 24000, "loss": 0.23615317791700363, "mixture_probability": 0.5, "actual_mixture": 0.5625, "gradient_norm": 2.76741623878479, "pid": 4089419, "elapsed_this_session_seconds": 12535.240949126892, "steps_this_session": 23920, "phase": "training", "gpu": "6"}
{"step": 23940, "total": 24000, "loss": 0.20736918225884438, "mixture_probability": 0.5, "actual_mixture": 0.578125, "gradient_norm": 2.542633056640625, "pid": 4089419, "elapsed_this_session_seconds": 12546.058231068775, "steps_this_session": 23940, "phase": "training", "gpu": "6"}
{"step": 23960, "total": 24000, "loss": 0.25020376592874527, "mixture_probability": 0.5, "actual_mixture": 0.546875, "gradient_norm": 3.6622538566589355, "pid": 4089419, "elapsed_this_session_seconds": 12555.988703547046, "steps_this_session": 23960, "phase": "training", "gpu": "6"}
{"step": 23980, "total": 24000, "loss": 0.30888719484210014, "mixture_probability": 0.5, "actual_mixture": 0.515625, "gradient_norm": 2.6527953147888184, "pid": 4089419, "elapsed_this_session_seconds": 12567.717490855604, "steps_this_session": 23980, "phase": "training", "gpu": "6"}
{"step": 24000, "total": 24000, "loss": 0.2617751657962799, "mixture_probability": 0.5, "actual_mixture": 0.59375, "gradient_norm": 2.6380138397216797, "pid": 4089419, "elapsed_this_session_seconds": 12575.371313303709, "steps_this_session": 24000, "phase": "training", "gpu": "6"}
